schemeCode,schemeName,amc,planType,option,schemeAum,schemeAumAsOf,schemeAumSource,schemeAumStatus,amcTotalAum,amcTotalAumAsOf,amcTotalAumSource,amcTotalAumStatus,nav,navDate
135759,Axis Children's Fund - Regular Plan - Growth Option,AXIS_MF,REGULAR,GROWTH,,,,SOURCE_UNAVAILABLE,295420,2026-09-30,AMFI Official Average AUM Disclosure Q2 FY2026-27,VERIFIED,25.245,2026-10-01
135766,Axis Children's Fund - Regular Plan - Growth Option,AXIS_MF,REGULAR,GROWTH,,,,SOURCE_UNAVAILABLE,295420,2026-09-30,AMFI Official Average AUM Disclosure Q2 FY2026-27,VERIFIED,25.2419,2026-10-01
108273,Aditya Birla Sun Life Banking & PSU Debt Fund - Regular Plan - GROWTH,ADITYA_BIRLA_SU_MF,REGULAR,GROWTH,,,,SOURCE_UNAVAILABLE,362480,2026-09-30,AMFI Official Average AUM Disclosure Q2 FY2026-27,VERIFIED,387.4508,2026-10-01
129006,Franklin India Banking & PSU Debt Fund - Regular Plan - Growth,FRANKLIN_TEMPLE_MF,REGULAR,GROWTH,720.5,2026-09-30,Franklin Templeton AMC Factsheet - September 2026,VERIFIED,98200,2026-09-30,AMFI Official Average AUM Disclosure Q2 FY2026-27,VERIFIED,24.1622,2026-10-01
128628,HDFC Banking and PSU Debt Fund - Regular Plan - Growth Option,HDFC_MF,REGULAR,GROWTH,,,,SOURCE_UNAVAILABLE,745890.75,2026-09-30,AMFI Official Average AUM Disclosure Q2 FY2026-27,VERIFIED,24.3281,2026-10-01
148535,ITI Banking & PSU Debt Fund - Regular Plan - Growth Option,ITI_MF,REGULAR,GROWTH,,,,SOURCE_UNAVAILABLE,8900,2026-09-30,AMFI Official Average AUM Disclosure Q2 FY2026-27,VERIFIED,13.776,2026-10-01
123690,Kotak Banking and PSU Debt Fund - Regular Plan - Growth,KOTAK_MAHINDRA_MF,REGULAR,GROWTH,,,,SOURCE_UNAVAILABLE,435670,2026-09-30,AMFI Official Average AUM Disclosure Q2 FY2026-27,VERIFIED,69.5092,2026-10-01
103178,Aditya Birla Sun Life Corporate Bond Fund - Regular Plan - GROWTH,ADITYA_BIRLA_SU_MF,REGULAR,GROWTH,,,,SOURCE_UNAVAILABLE,362480,2026-09-30,AMFI Official Average AUM Disclosure Q2 FY2026-27,VERIFIED,119.1478,2026-10-01
135914,BANDHAN Corporate Bond Fund - Regular Plan - Growth,BANDHAN_MF,REGULAR,GROWTH,,,,SOURCE_UNAVAILABLE,155800,2026-09-30,AMFI Official Average AUM Disclosure Q2 FY2026-27,VERIFIED,20.5223,2026-10-01
144644,DSP Corporate Bond Fund - Regular Plan - Growth,DSP_MF,REGULAR,GROWTH,,,,SOURCE_UNAVAILABLE,165320,2026-09-30,AMFI Official Average AUM Disclosure Q2 FY2026-27,VERIFIED,17.1762,2026-10-01
113070,HDFC Corporate Bond Fund - Regular Plan - Growth Option,HDFC_MF,REGULAR,GROWTH,31240.75,2026-09-30,HDFC AMC Monthly Factsheet - September 2026,VERIFIED,745890.75,2026-09-30,AMFI Official Average AUM Disclosure Q2 FY2026-27,VERIFIED,34.2666,2026-10-01
111987,ICICI Prudential Corporate Bond Fund - Regular Plan - Growth,ICICI_PRUDENTIA_MF,REGULAR,GROWTH,,,,SOURCE_UNAVAILABLE,785230.5,2026-09-30,AMFI Official Average AUM Disclosure Q2 FY2026-27,VERIFIED,31.8894,2026-10-01
100856,Nippon India Corporate Bond Fund - Regular Plan - Growth Option,NIPPON_INDIA_MF,REGULAR,GROWTH,,,,SOURCE_UNAVAILABLE,525140.2,2026-09-30,AMFI Official Average AUM Disclosure Q2 FY2026-27,VERIFIED,63.7455,2026-10-01
138318,PGIM India Corporate Bond Fund - Regular Plan - Regular Growth,PGIM_INDIA_MF,REGULAR,GROWTH,,,,SOURCE_UNAVAILABLE,27800,2026-09-30,AMFI Official Average AUM Disclosure Q2 FY2026-27,VERIFIED,45.4369,2026-10-01
146207,SBI Corporate Bond Fund - Regular Plan - Growth,SBI_MF,REGULAR,GROWTH,,,,SOURCE_UNAVAILABLE,1052450,2026-09-30,AMFI Official Average AUM Disclosure Q2 FY2026-27,VERIFIED,16.4311,2026-10-01
100789,Sundaram Corporate Bond Fund - Regular Plan - GROWTH,SUNDARAM_MF,REGULAR,GROWTH,,,,SOURCE_UNAVAILABLE,72400,2026-09-30,AMFI Official Average AUM Disclosure Q2 FY2026-27,VERIFIED,42.5472,2026-10-01
149351,Tata Corporate Bond Fund - Regular Plan - Growth Option,TATA_MF,REGULAR,GROWTH,,,,SOURCE_UNAVAILABLE,175400,2026-09-30,AMFI Official Average AUM Disclosure Q2 FY2026-27,VERIFIED,13.0692,2026-10-01
151322,TRUSTMF CORPORATE BOND FUND - Regular Plan - Growth,TRUST_MF,REGULAR,GROWTH,,,,SOURCE_UNAVAILABLE,4200,2026-09-30,AMFI Official Average AUM Disclosure Q2 FY2026-27,VERIFIED,1258.4355,2026-10-01
143239,Union Corporate Bond Fund - Regular Plan - Growth Option,UNION_MF,REGULAR,GROWTH,,,,SOURCE_UNAVAILABLE,16800,2026-09-30,AMFI Official Average AUM Disclosure Q2 FY2026-27,VERIFIED,16.0663,2026-10-01
134383,Aditya Birla Sun Life Credit Risk Fund - Regular Plan - GROWTH,ADITYA_BIRLA_SU_MF,REGULAR,GROWTH,,,,SOURCE_UNAVAILABLE,362480,2026-09-30,AMFI Official Average AUM Disclosure Q2 FY2026-27,VERIFIED,25.4343,2026-10-01
140609,BANDHAN CREDIT RISK FUND - Regular Plan - Growth,BANDHAN_MF,REGULAR,GROWTH,,,,SOURCE_UNAVAILABLE,155800,2026-09-30,AMFI Official Average AUM Disclosure Q2 FY2026-27,VERIFIED,17.3535,2026-10-01
133867,BANK OF INDIA CREDIT RISK FUND - Regular Plan - Growth,BANK_OF_INDIA_MF,REGULAR,GROWTH,,,,SOURCE_UNAVAILABLE,11200,2026-09-30,AMFI Official Average AUM Disclosure Q2 FY2026-27,VERIFIED,14.4915,2026-10-01
101837,DSP Credit Risk Fund - Regular Plan - Growth,DSP_MF,REGULAR,GROWTH,,,,SOURCE_UNAVAILABLE,165320,2026-09-30,AMFI Official Average AUM Disclosure Q2 FY2026-27,VERIFIED,55.2156,2026-10-01
114239,ICICI Prudential Credit Risk Fund - Regular Plan - Growth,ICICI_PRUDENTIA_MF,REGULAR,GROWTH,,,,SOURCE_UNAVAILABLE,785230.5,2026-09-30,AMFI Official Average AUM Disclosure Q2 FY2026-27,VERIFIED,34.8184,2026-10-01
117716,Kotak Credit Risk Fund - Regular Plan - Growth,KOTAK_MAHINDRA_MF,REGULAR,GROWTH,,,,SOURCE_UNAVAILABLE,435670,2026-09-30,AMFI Official Average AUM Disclosure Q2 FY2026-27,VERIFIED,31.8774,2026-10-01
112938,Nippon India Credit Risk Fund (Existing Number of Segregated Portfolios - 1) - Regular Plan - Growth option,NIPPON_INDIA_MF,REGULAR,GROWTH,,,,SOURCE_UNAVAILABLE,525140.2,2026-09-30,AMFI Official Average AUM Disclosure Q2 FY2026-27,VERIFIED,38.1592,2026-10-01
148094,Nippon India Credit Risk Fund (Existing Number of Segregated Portfolios - 1) - Regular Plan - Growth Option,NIPPON_INDIA_MF,REGULAR,GROWTH,,,,SOURCE_UNAVAILABLE,525140.2,2026-09-30,AMFI Official Average AUM Disclosure Q2 FY2026-27,VERIFIED,0.5036,2022-01-27
102505,SBI CREDIT RISK FUND - Regular Plan - Growth,SBI_MF,REGULAR,GROWTH,,,,SOURCE_UNAVAILABLE,1052450,2026-09-30,AMFI Official Average AUM Disclosure Q2 FY2026-27,VERIFIED,49.741,2026-10-01
141061,Quantum Dynamic Term Fund - Regular Plan - Growth Option,QUANTUM_MF,REGULAR,GROWTH,,,,SOURCE_UNAVAILABLE,3800,2026-09-30,AMFI Official Average AUM Disclosure Q2 FY2026-27,VERIFIED,22.1281,2026-10-01
101909,Tata Dynamic Bond Fund - Regular Plan - Growth Option,TATA_MF,REGULAR,GROWTH,,,,SOURCE_UNAVAILABLE,175400,2026-09-30,AMFI Official Average AUM Disclosure Q2 FY2026-27,VERIFIED,34.9217,2022-09-23
153211,Bajaj Finserv Gilt Fund - Regular Plan - Growth,BAJAJ_FINSERV_MF,REGULAR,GROWTH,,,,SOURCE_UNAVAILABLE,19400,2026-09-30,AMFI Official Average AUM Disclosure Q2 FY2026-27,VERIFIED,1059.6256,2026-10-01
111525,Bandhan Gilt   Fund - Regular Plan - Growth,BANDHAN_MF,REGULAR,GROWTH,,,,SOURCE_UNAVAILABLE,155800,2026-09-30,AMFI Official Average AUM Disclosure Q2 FY2026-27,VERIFIED,37.5049,2026-10-01
100084,DSP Gilt Fund - Regular Plan - Growth,DSP_MF,REGULAR,GROWTH,,,,SOURCE_UNAVAILABLE,165320,2026-09-30,AMFI Official Average AUM Disclosure Q2 FY2026-27,VERIFIED,98.1402,2026-10-01
101083,HDFC Gilt Fund - Regular Plan - Growth Option,HDFC_MF,REGULAR,GROWTH,,,,SOURCE_UNAVAILABLE,745890.75,2026-09-30,AMFI Official Average AUM Disclosure Q2 FY2026-27,VERIFIED,56.7413,2026-10-01
101084,HDFC Gilt Fund - Regular Plan - Growth Option,HDFC_MF,REGULAR,GROWTH,,,,SOURCE_UNAVAILABLE,745890.75,2026-09-30,AMFI Official Average AUM Disclosure Q2 FY2026-27,VERIFIED,12.0718,2026-10-01
100369,ICICI Prudential Gilt Fund - Regular Plan - Growth,ICICI_PRUDENTIA_MF,REGULAR,GROWTH,,,,SOURCE_UNAVAILABLE,785230.5,2026-09-30,AMFI Official Average AUM Disclosure Q2 FY2026-27,VERIFIED,106.7752,2026-10-01
100281,Kotak Gilt Fund - Regular Plan - Investment Provident Fund and Trust-Growth,KOTAK_MAHINDRA_MF,REGULAR,GROWTH,,,,SOURCE_UNAVAILABLE,435670,2026-09-30,AMFI Official Average AUM Disclosure Q2 FY2026-27,VERIFIED,98.6669,2026-10-01
100265,Kotak Gilt Fund - Regular Plan - Growth,KOTAK_MAHINDRA_MF,REGULAR,GROWTH,,,,SOURCE_UNAVAILABLE,435670,2026-09-30,AMFI Official Average AUM Disclosure Q2 FY2026-27,VERIFIED,96.4419,2026-10-01
109720,Nippon India Gilt Fund - Regular Plan - Growth Option,NIPPON_INDIA_MF,REGULAR,GROWTH,,,,SOURCE_UNAVAILABLE,525140.2,2026-09-30,AMFI Official Average AUM Disclosure Q2 FY2026-27,VERIFIED,38.8156,2026-10-01
138470,PGIM India Gilt Fund - Regular Plan - Regular Growth,PGIM_INDIA_MF,REGULAR,GROWTH,,,,SOURCE_UNAVAILABLE,27800,2026-09-30,AMFI Official Average AUM Disclosure Q2 FY2026-27,VERIFIED,30.452,2026-10-01
151230,quant Gilt Fund - Regular Plan - Growth Option,QUANT_MF,REGULAR,GROWTH,,,,SOURCE_UNAVAILABLE,95400,2026-09-30,AMFI Official Average AUM Disclosure Q2 FY2026-27,VERIFIED,12.0401,2026-10-01
101934,SBI GILT FUND - Regular Plan - Growth,SBI_MF,REGULAR,GROWTH,,,,SOURCE_UNAVAILABLE,1052450,2026-09-30,AMFI Official Average AUM Disclosure Q2 FY2026-27,VERIFIED,40.9127,2026-10-01
101932,SBI GILT FUND - Regular Plan - Growth,SBI_MF,REGULAR,GROWTH,,,,SOURCE_UNAVAILABLE,1052450,2026-09-30,AMFI Official Average AUM Disclosure Q2 FY2026-27,VERIFIED,43.7987,2026-10-01
101001,SBI GILT FUND - Regular Plan - Growth,SBI_MF,REGULAR,GROWTH,,,,SOURCE_UNAVAILABLE,1052450,2026-09-30,AMFI Official Average AUM Disclosure Q2 FY2026-27,VERIFIED,68.2088,2026-10-01
150405,Union Gilt Fund - Regular Plan - Growth Option,UNION_MF,REGULAR,GROWTH,,,,SOURCE_UNAVAILABLE,16800,2026-09-30,AMFI Official Average AUM Disclosure Q2 FY2026-27,VERIFIED,12.1112,2026-10-01
100047,Aditya Birla Sun Life Liquid Fund - Regular Plan - GROWTH,ADITYA_BIRLA_SU_MF,REGULAR,GROWTH,,,,SOURCE_UNAVAILABLE,362480,2026-09-30,AMFI Official Average AUM Disclosure Q2 FY2026-27,VERIFIED,454.5123,2026-10-04
151837,Bajaj Finserv Liquid Fund - Regular Plan - Growth,BAJAJ_FINSERV_MF,REGULAR,GROWTH,,,,SOURCE_UNAVAILABLE,19400,2026-09-30,AMFI Official Average AUM Disclosure Q2 FY2026-27,VERIFIED,1237.2971,2026-10-04
108690,BANDHAN LIQUID Fund - Regular Plan - Growth,BANDHAN_MF,REGULAR,GROWTH,,,,SOURCE_UNAVAILABLE,155800,2026-09-30,AMFI Official Average AUM Disclosure Q2 FY2026-27,VERIFIED,3402.8124,2026-10-04
109254,BANK OF INDIA LIQUID FUND - Regular Plan - Growth,BANK_OF_INDIA_MF,REGULAR,GROWTH,,,,SOURCE_UNAVAILABLE,11200,2026-09-30,AMFI Official Average AUM Disclosure Q2 FY2026-27,VERIFIED,3250.0869,2026-10-04
154010,Capitalmind Liquid Fund - Regular Plan - Growth,CAPITALMIND_MF,REGULAR,GROWTH,,,,SOURCE_UNAVAILABLE,1200,2026-09-30,AMFI Official Average AUM Disclosure Q2 FY2026-27,VERIFIED,1055.2145,2026-10-04
140182,Edelweiss Liquid Fund - Regular Plan - Growth,EDELWEISS_MF,REGULAR,GROWTH,,,,SOURCE_UNAVAILABLE,138200,2026-09-30,AMFI Official Average AUM Disclosure Q2 FY2026-27,VERIFIED,3608.5756,2026-10-04
100538,Franklin India Liquid Fund - Regular Plan - Growth,FRANKLIN_TEMPLE_MF,REGULAR,GROWTH,,,,SOURCE_UNAVAILABLE,98200,2026-09-30,AMFI Official Average AUM Disclosure Q2 FY2026-27,VERIFIED,6336.9034,2026-10-04
139891,Franklin India Liquid Fund - Regular Plan - Unclaimed Redemption Investor Education Plan - Growth,FRANKLIN_TEMPLE_MF,REGULAR,GROWTH,,,,SOURCE_UNAVAILABLE,98200,2026-09-30,AMFI Official Average AUM Disclosure Q2 FY2026-27,VERIFIED,10,2026-10-01
139889,Franklin India Liquid Fund - Regular Plan - Unclaimed Redemption Plan - Growth,FRANKLIN_TEMPLE_MF,REGULAR,GROWTH,,,,SOURCE_UNAVAILABLE,98200,2026-09-30,AMFI Official Average AUM Disclosure Q2 FY2026-27,VERIFIED,18.082,2026-10-01
100868,HDFC Liquid Fund - Regular Plan - Growth Option,HDFC_MF,REGULAR,GROWTH,,,,SOURCE_UNAVAILABLE,745890.75,2026-09-30,AMFI Official Average AUM Disclosure Q2 FY2026-27,VERIFIED,5531.7426,2026-10-04
103340,ICICI Prudential Liquid Fund - - Regular Plan - Growth,ICICI_PRUDENTIA_MF,REGULAR,GROWTH,,,,SOURCE_UNAVAILABLE,785230.5,2026-09-30,AMFI Official Average AUM Disclosure Q2 FY2026-27,VERIFIED,417.2688,2026-10-04
147153,ITI Liquid Fund - Regular Plan - Growth Option,ITI_MF,REGULAR,GROWTH,,,,SOURCE_UNAVAILABLE,8900,2026-09-30,AMFI Official Average AUM Disclosure Q2 FY2026-27,VERIFIED,1463.794,2026-10-04
101185,LIC MF Liquid Fund - Regular Plan - Growth,LIC_MF,REGULAR,GROWTH,,,,SOURCE_UNAVAILABLE,34200,2026-09-30,AMFI Official Average AUM Disclosure Q2 FY2026-27,VERIFIED,5096.3645,2026-10-04
112636,Navi Liquid Fund - Regular Plan - Growth Option,NAVI_MF,REGULAR,GROWTH,,,,SOURCE_UNAVAILABLE,6500,2026-09-30,AMFI Official Average AUM Disclosure Q2 FY2026-27,VERIFIED,30.4243,2026-10-01
100837,Nippon India Liquid Fund - Regular Plan - Retail Plan - Growth Option,NIPPON_INDIA_MF,REGULAR,GROWTH,,,,SOURCE_UNAVAILABLE,525140.2,2026-09-30,AMFI Official Average AUM Disclosure Q2 FY2026-27,VERIFIED,6096.3422,2026-10-04
100851,Nippon India Liquid Fund - Regular Plan - Growth Option,NIPPON_INDIA_MF,REGULAR,GROWTH,,,,SOURCE_UNAVAILABLE,525140.2,2026-09-30,AMFI Official Average AUM Disclosure Q2 FY2026-27,VERIFIED,6881.3349,2026-10-04
138288,PGIM India Liquid Fund - Regular Plan - Regular Growth,PGIM_INDIA_MF,REGULAR,GROWTH,,,,SOURCE_UNAVAILABLE,27800,2026-09-30,AMFI Official Average AUM Disclosure Q2 FY2026-27,VERIFIED,367.1481,2026-10-04
143260,Parag Parikh Liquid Fund - Regular Plan - Growth,PPFAS_MF,REGULAR,GROWTH,,,,SOURCE_UNAVAILABLE,85600,2026-09-30,AMFI Official Average AUM Disclosure Q2 FY2026-27,VERIFIED,1563.034,2026-10-04
103225,Quant Liquid Fund - Regular Plan - Growth Option,QUANT_MF,REGULAR,GROWTH,,,,SOURCE_UNAVAILABLE,95400,2026-09-30,AMFI Official Average AUM Disclosure Q2 FY2026-27,VERIFIED,44.2932,2026-10-01
141066,Quantum Liquid Fund - Regular Plan - Growth Option,QUANTUM_MF,REGULAR,GROWTH,,,,SOURCE_UNAVAILABLE,3800,2026-09-30,AMFI Official Average AUM Disclosure Q2 FY2026-27,VERIFIED,37.5445,2026-10-01
105274,SBI LIQUID FUND - Regular Plan - Growth,SBI_MF,REGULAR,GROWTH,,,,SOURCE_UNAVAILABLE,1052450,2026-09-30,AMFI Official Average AUM Disclosure Q2 FY2026-27,VERIFIED,4447.34,2026-10-04
105280,SBI LIQUID FUND - Regular Plan - Growth,SBI_MF,REGULAR,GROWTH,,,,SOURCE_UNAVAILABLE,1052450,2026-09-30,AMFI Official Average AUM Disclosure Q2 FY2026-27,VERIFIED,4405.6876,2026-10-04
149661,Sundaram Liquid Fund (Formerly Known as Principal Cash Management Fund) - Regular Plan - GROWTH,SUNDARAM_MF,REGULAR,GROWTH,,,,SOURCE_UNAVAILABLE,72400,2026-09-30,AMFI Official Average AUM Disclosure Q2 FY2026-27,VERIFIED,2485.4213,2026-10-04
102672,Tata Liquid Fund - Regular Plan - Growth Option,TATA_MF,REGULAR,GROWTH,,,,SOURCE_UNAVAILABLE,175400,2026-09-30,AMFI Official Average AUM Disclosure Q2 FY2026-27,VERIFIED,4440.3371,2026-10-04
153888,The Wealth Company Liquid Fund - Regular Plan - Growth,THE_WEALTH_MF,REGULAR,GROWTH,,,,SOURCE_UNAVAILABLE,1900,2026-09-30,AMFI Official Average AUM Disclosure Q2 FY2026-27,VERIFIED,1062.9585,2026-10-04
148833,TRUSTMF Liquid Fund - Regular Plan - Growth,TRUST_MF,REGULAR,GROWTH,,,,SOURCE_UNAVAILABLE,4200,2026-09-30,AMFI Official Average AUM Disclosure Q2 FY2026-27,VERIFIED,1368.4822,2026-10-04
153571,UNIFI LIQUID FUND - Regular Plan - GROWTH,UNIFI_MF,REGULAR,GROWTH,,,,SOURCE_UNAVAILABLE,1100,2026-09-30,AMFI Official Average AUM Disclosure Q2 FY2026-27,VERIFIED,1077.6732,2026-10-04
115398,Union Liquid Fund - Regular Plan - Growth Option,UNION_MF,REGULAR,GROWTH,,,,SOURCE_UNAVAILABLE,16800,2026-09-30,AMFI Official Average AUM Disclosure Q2 FY2026-27,VERIFIED,2713.4299,2026-10-04
128009,Kotak Medium Term Fund - Regular Plan - Growth,KOTAK_MAHINDRA_MF,REGULAR,GROWTH,,,,SOURCE_UNAVAILABLE,435670,2026-09-30,AMFI Official Average AUM Disclosure Q2 FY2026-27,VERIFIED,24.4628,2026-10-01
111715,BANK OF INDIA CONSERVATIVE HYBRID FUND - Regular Plan - Growth,BANK_OF_INDIA_MF,REGULAR,GROWTH,,,,SOURCE_UNAVAILABLE,11200,2026-09-30,AMFI Official Average AUM Disclosure Q2 FY2026-27,VERIFIED,36.1891,2026-10-01
111712,BANK OF INDIA CONSERVATIVE HYBRID FUND - Regular Plan - Growth,BANK_OF_INDIA_MF,REGULAR,GROWTH,,,,SOURCE_UNAVAILABLE,11200,2026-09-30,AMFI Official Average AUM Disclosure Q2 FY2026-27,VERIFIED,34.8086,2026-10-01
100418,Tata Income Fund - Regular Plan - Growth Option,TATA_MF,REGULAR,GROWTH,,,,SOURCE_UNAVAILABLE,175400,2026-09-30,AMFI Official Average AUM Disclosure Q2 FY2026-27,VERIFIED,66.614,2026-10-01
108756,Bandhan Money Market  Fund - Regular Plan - Growth,BANDHAN_MF,REGULAR,GROWTH,,,,SOURCE_UNAVAILABLE,155800,2026-09-30,AMFI Official Average AUM Disclosure Q2 FY2026-27,VERIFIED,43.6282,2026-10-01
153293,Bank of India Money Market Fund - Regular Plan - Growth,BANK_OF_INDIA_MF,REGULAR,GROWTH,,,,SOURCE_UNAVAILABLE,11200,2026-09-30,AMFI Official Average AUM Disclosure Q2 FY2026-27,VERIFIED,11.1362,2026-10-01
140229,Edelweiss Money Market Fund - Regular Plan - Growth,EDELWEISS_MF,REGULAR,GROWTH,,,,SOURCE_UNAVAILABLE,138200,2026-09-30,AMFI Official Average AUM Disclosure Q2 FY2026-27,VERIFIED,30.6067,2026-10-01
101357,Franklin India Money Market Fund - Regular Plan - Growth,FRANKLIN_TEMPLE_MF,REGULAR,GROWTH,,,,SOURCE_UNAVAILABLE,98200,2026-09-30,AMFI Official Average AUM Disclosure Q2 FY2026-27,VERIFIED,54.3305,2026-10-01
101993,HDFC Money Market Fund - Regular Plan - Growth Option,HDFC_MF,REGULAR,GROWTH,,,,SOURCE_UNAVAILABLE,745890.75,2026-09-30,AMFI Official Average AUM Disclosure Q2 FY2026-27,VERIFIED,6186.9557,2026-10-01
103633,ICICI Prudential Money Market Fund - Cash Option - Regular Plan - Growth,ICICI_PRUDENTIA_MF,REGULAR,GROWTH,,,,SOURCE_UNAVAILABLE,785230.5,2026-09-30,AMFI Official Average AUM Disclosure Q2 FY2026-27,VERIFIED,410.8655,2026-10-01
150393,LIC MF Money Market Fund - Regular Plan - Growth,LIC_MF,REGULAR,GROWTH,,,,SOURCE_UNAVAILABLE,34200,2026-09-30,AMFI Official Average AUM Disclosure Q2 FY2026-27,VERIFIED,1286.6569,2026-10-01
103048,Nippon India Money Market Fund - Regular Plan - Growth Option,NIPPON_INDIA_MF,REGULAR,GROWTH,,,,SOURCE_UNAVAILABLE,525140.2,2026-09-30,AMFI Official Average AUM Disclosure Q2 FY2026-27,VERIFIED,4493.3359,2026-10-01
148159,PGIM India Money Market Fund - Regular Plan - Regular Growth,PGIM_INDIA_MF,REGULAR,GROWTH,,,,SOURCE_UNAVAILABLE,27800,2026-09-30,AMFI Official Average AUM Disclosure Q2 FY2026-27,VERIFIED,1431.9047,2026-10-01
145042,Sundaram Money Market Fund - Regular Plan - GROWTH,SUNDARAM_MF,REGULAR,GROWTH,,,,SOURCE_UNAVAILABLE,72400,2026-09-30,AMFI Official Average AUM Disclosure Q2 FY2026-27,VERIFIED,16.2259,2026-10-01
101847,Tata Money Market Fund - Regular Plan - Growth Option,TATA_MF,REGULAR,GROWTH,,,,SOURCE_UNAVAILABLE,175400,2026-09-30,AMFI Official Average AUM Disclosure Q2 FY2026-27,VERIFIED,5112.9202,2026-10-01
150511,TRUSTMF Money Market Fund - Regular Plan - Growth,TRUST_MF,REGULAR,GROWTH,,,,SOURCE_UNAVAILABLE,4200,2026-09-30,AMFI Official Average AUM Disclosure Q2 FY2026-27,VERIFIED,1315.4756,2026-10-01
149116,Union Money Market Fund - Regular Plan - Growth Option,UNION_MF,REGULAR,GROWTH,,,,SOURCE_UNAVAILABLE,16800,2026-09-30,AMFI Official Average AUM Disclosure Q2 FY2026-27,VERIFIED,1326.4111,2026-10-01
112077,UTI - Money Market Fund - Regular Plan - Growth,UTI_MF,REGULAR,GROWTH,,,,SOURCE_UNAVAILABLE,312500,2026-09-30,AMFI Official Average AUM Disclosure Q2 FY2026-27,VERIFIED,3341.2711,2026-10-01
100723,UTI - Money Market Fund - Regular Plan - Discontinued Growth,UTI_MF,REGULAR,GROWTH,,,,SOURCE_UNAVAILABLE,312500,2026-09-30,AMFI Official Average AUM Disclosure Q2 FY2026-27,VERIFIED,7720.8138,2026-10-01
145481,ADITYA BIRLA SUN LIFE OVERNIGHT FUND - Regular Plan - GROWTH,ADITYA_BIRLA_SU_MF,REGULAR,GROWTH,,,,SOURCE_UNAVAILABLE,362480,2026-09-30,AMFI Official Average AUM Disclosure Q2 FY2026-27,VERIFIED,1481.418,2026-10-04
151851,Bajaj Finserv Overnight Fund - Regular Plan - Growth,BAJAJ_FINSERV_MF,REGULAR,GROWTH,,,,SOURCE_UNAVAILABLE,19400,2026-09-30,AMFI Official Average AUM Disclosure Q2 FY2026-27,VERIFIED,1211.2247,2026-10-04
146187,BANDHAN Overnight Fund - Regular Plan - Growth,BANDHAN_MF,REGULAR,GROWTH,,,,SOURCE_UNAVAILABLE,155800,2026-09-30,AMFI Official Average AUM Disclosure Q2 FY2026-27,VERIFIED,1462.0087,2026-10-04
147936,BANK OF INDIA OVERNIGHT FUND - Regular Plan - Growth,BANK_OF_INDIA_MF,REGULAR,GROWTH,,,,SOURCE_UNAVAILABLE,11200,2026-09-30,AMFI Official Average AUM Disclosure Q2 FY2026-27,VERIFIED,1402.09,2026-10-04
146061,DSP Overnight Fund - Regular Plan - Growth,DSP_MF,REGULAR,GROWTH,,,,SOURCE_UNAVAILABLE,165320,2026-09-30,AMFI Official Average AUM Disclosure Q2 FY2026-27,VERIFIED,1471.5267,2026-10-04
147569,Edelweiss Overnight Fund - Regular Plan - Growth,EDELWEISS_MF,REGULAR,GROWTH,,,,SOURCE_UNAVAILABLE,138200,2026-09-30,AMFI Official Average AUM Disclosure Q2 FY2026-27,VERIFIED,1424.1851,2026-10-04
147213,Franklin India Overnight Fund - Regular Plan - Growth,FRANKLIN_TEMPLE_MF,REGULAR,GROWTH,,,,SOURCE_UNAVAILABLE,98200,2026-09-30,AMFI Official Average AUM Disclosure Q2 FY2026-27,VERIFIED,1436.9856,2026-10-04
101996,HDFC Overnight Fund - Regular Plan - Growth Option,HDFC_MF,REGULAR,GROWTH,,,,SOURCE_UNAVAILABLE,745890.75,2026-09-30,AMFI Official Average AUM Disclosure Q2 FY2026-27,VERIFIED,4052.8912,2026-10-04
145535,ICICI Prudential Overnight Fund - Regular Plan - Growth,ICICI_PRUDENTIA_MF,REGULAR,GROWTH,,,,SOURCE_UNAVAILABLE,785230.5,2026-09-30,AMFI Official Average AUM Disclosure Q2 FY2026-27,VERIFIED,1479.8604,2026-10-04
147714,ITI Overnight Fund - Regular Plan - Growth Option,ITI_MF,REGULAR,GROWTH,,,,SOURCE_UNAVAILABLE,8900,2026-09-30,AMFI Official Average AUM Disclosure Q2 FY2026-27,VERIFIED,1387.484,2026-10-04
146142,Kotak Overnight Fund - Regular Plan - Growth,KOTAK_MAHINDRA_MF,REGULAR,GROWTH,,,,SOURCE_UNAVAILABLE,435670,2026-09-30,AMFI Official Average AUM Disclosure Q2 FY2026-27,VERIFIED,1464.3594,2026-10-04
147519,LIC MF Overnight Fund - Regular Plan - Growth,LIC_MF,REGULAR,GROWTH,,,,SOURCE_UNAVAILABLE,34200,2026-09-30,AMFI Official Average AUM Disclosure Q2 FY2026-27,VERIFIED,1420.6859,2026-10-04
147565,Mahindra Manulife Overnight Fund - Regular Plan - Growth,MAHINDRA_MANULI_MF,REGULAR,GROWTH,,,,SOURCE_UNAVAILABLE,24600,2026-09-30,AMFI Official Average AUM Disclosure Q2 FY2026-27,VERIFIED,1420.102,2026-10-04
145811,Nippon India Overnight Fund - Regular Plan - Growth Option,NIPPON_INDIA_MF,REGULAR,GROWTH,,,,SOURCE_UNAVAILABLE,525140.2,2026-09-30,AMFI Official Average AUM Disclosure Q2 FY2026-27,VERIFIED,147.4433,2026-10-04
147600,PGIM India Overnight Fund - Regular Plan - Regular Growth,PGIM_INDIA_MF,REGULAR,GROWTH,,,,SOURCE_UNAVAILABLE,27800,2026-09-30,AMFI Official Average AUM Disclosure Q2 FY2026-27,VERIFIED,1417.7434,2026-10-04
151195,quant Overnight Fund - Regular Plan - Growth Option,QUANT_MF,REGULAR,GROWTH,,,,SOURCE_UNAVAILABLE,95400,2026-09-30,AMFI Official Average AUM Disclosure Q2 FY2026-27,VERIFIED,12.5689,2026-10-01
150632,Samco Overnight Fund - Regular Plan - Growth,SAMCO_MF,REGULAR,GROWTH,,,,SOURCE_UNAVAILABLE,2400,2026-09-30,AMFI Official Average AUM Disclosure Q2 FY2026-27,VERIFIED,1250.0141,2026-10-04
101206,SBI OVERNIGHT FUND - Regular Plan - Growth,SBI_MF,REGULAR,GROWTH,,,,SOURCE_UNAVAILABLE,1052450,2026-09-30,AMFI Official Average AUM Disclosure Q2 FY2026-27,VERIFIED,4432.4949,2026-10-04
146959,Sundaram Overnight Fund - Regular Plan - GROWTH,SUNDARAM_MF,REGULAR,GROWTH,,,,SOURCE_UNAVAILABLE,72400,2026-09-30,AMFI Official Average AUM Disclosure Q2 FY2026-27,VERIFIED,1457.2206,2026-10-04
146977,Tata Overnight Fund - Regular Plan - Growth Option,TATA_MF,REGULAR,GROWTH,,,,SOURCE_UNAVAILABLE,175400,2026-09-30,AMFI Official Average AUM Disclosure Q2 FY2026-27,VERIFIED,1446.8958,2026-10-04
149795,TRUSTMF Overnight Fund - Regular Plan - Growth,TRUST_MF,REGULAR,GROWTH,,,,SOURCE_UNAVAILABLE,4200,2026-09-30,AMFI Official Average AUM Disclosure Q2 FY2026-27,VERIFIED,1303.2753,2026-10-04
146997,Union Overnight Fund - Regular Plan - Growth Option,UNION_MF,REGULAR,GROWTH,,,,SOURCE_UNAVAILABLE,16800,2026-09-30,AMFI Official Average AUM Disclosure Q2 FY2026-27,VERIFIED,1444.2713,2026-10-04
100814,UTI - Overnight Fund - Regular Plan - Growth,UTI_MF,REGULAR,GROWTH,,,,SOURCE_UNAVAILABLE,312500,2026-09-30,AMFI Official Average AUM Disclosure Q2 FY2026-27,VERIFIED,3740.4904,2026-10-04
101844,Aditya Birla Sun Life Short Term Fund - Regular Plan - GROWTH,ADITYA_BIRLA_SU_MF,REGULAR,GROWTH,,,,SOURCE_UNAVAILABLE,362480,2026-09-30,AMFI Official Average AUM Disclosure Q2 FY2026-27,VERIFIED,50.6699,2026-10-01
101304,DSP Short Term Fund - Regular Plan - Growth,DSP_MF,REGULAR,GROWTH,,,,SOURCE_UNAVAILABLE,165320,2026-09-30,AMFI Official Average AUM Disclosure Q2 FY2026-27,VERIFIED,49.289,2026-10-01
101758,ICICI Prudential Short Term Fund - Regular Plan - Growth,ICICI_PRUDENTIA_MF,REGULAR,GROWTH,,,,SOURCE_UNAVAILABLE,785230.5,2026-09-30,AMFI Official Average AUM Disclosure Q2 FY2026-27,VERIFIED,64.3771,2026-10-01
145040,HDFC Ultra Short Term Fund - Regular Plan - Growth Option,HDFC_MF,REGULAR,GROWTH,,,,SOURCE_UNAVAILABLE,745890.75,2026-09-30,AMFI Official Average AUM Disclosure Q2 FY2026-27,VERIFIED,16.3243,2026-10-01
115092,ICICI Prudential Ultra Short term Fund - Regular Plan - Growth,ICICI_PRUDENTIA_MF,REGULAR,GROWTH,,,,SOURCE_UNAVAILABLE,785230.5,2026-09-30,AMFI Official Average AUM Disclosure Q2 FY2026-27,VERIFIED,29.9167,2026-10-01
124233,Motilal Oswal Ultra Short Term Fund - Regular Plan - Growth,MOTILAL_OSWAL_MF,REGULAR,GROWTH,,,,SOURCE_UNAVAILABLE,82100,2026-09-30,AMFI Official Average AUM Disclosure Q2 FY2026-27,VERIFIED,17.572,2026-10-01
146070,Tata Ultra Short Term Fund - Regular Plan - Growth Option,TATA_MF,REGULAR,GROWTH,,,,SOURCE_UNAVAILABLE,175400,2026-09-30,AMFI Official Average AUM Disclosure Q2 FY2026-27,VERIFIED,15.2617,2026-10-01
103040,Kotak Contra Fund - Regular Plan - Growth,KOTAK_MAHINDRA_MF,REGULAR,GROWTH,,,,SOURCE_UNAVAILABLE,435670,2026-09-30,AMFI Official Average AUM Disclosure Q2 FY2026-27,VERIFIED,145.02,2026-10-01
154338,Motilal Oswal Contra Fund - Regular Plan - Growth,MOTILAL_OSWAL_MF,REGULAR,GROWTH,,,,SOURCE_UNAVAILABLE,82100,2026-09-30,AMFI Official Average AUM Disclosure Q2 FY2026-27,VERIFIED,10.192,2026-10-01
102414,SBI CONTRA FUND - Regular Plan - Growth,SBI_MF,REGULAR,GROWTH,,,,SOURCE_UNAVAILABLE,1052450,2026-09-30,AMFI Official Average AUM Disclosure Q2 FY2026-27,VERIFIED,357.7018,2026-10-01
107745,Aditya Birla Sun Life ELSS Tax Saver Fund - Regular Plan - GROWTH,ADITYA_BIRLA_SU_MF,REGULAR,GROWTH,,,,SOURCE_UNAVAILABLE,362480,2026-09-30,AMFI Official Average AUM Disclosure Q2 FY2026-27,VERIFIED,57.92,2026-10-01
150156,Baroda BNP Paribas ELSS Tax Saver Fund - Regular Plan - Growth Option,BARODA_BNP_PARI_MF,REGULAR,GROWTH,,,,SOURCE_UNAVAILABLE,42500,2026-09-30,AMFI Official Average AUM Disclosure Q2 FY2026-27,VERIFIED,94.2285,2026-10-01
100526,Franklin India ELSS Tax Saver Fund - Regular Plan - Growth,FRANKLIN_TEMPLE_MF,REGULAR,GROWTH,,,,SOURCE_UNAVAILABLE,98200,2026-09-30,AMFI Official Average AUM Disclosure Q2 FY2026-27,VERIFIED,1343.6091,2026-10-01
147544,ITI ELSS Tax Saver Fund - Regular Plan - Growth Option,ITI_MF,REGULAR,GROWTH,,,,SOURCE_UNAVAILABLE,8900,2026-09-30,AMFI Official Average AUM Disclosure Q2 FY2026-27,VERIFIED,24.218,2026-10-01
103339,Kotak ELSS Tax Saver Fund - Regular Plan - Growth,KOTAK_MAHINDRA_MF,REGULAR,GROWTH,,,,SOURCE_UNAVAILABLE,435670,2026-09-30,AMFI Official Average AUM Disclosure Q2 FY2026-27,VERIFIED,112.245,2026-10-01
133385,Motilal Oswal ELSS Tax Saver Fund - Regular Plan - Growth,MOTILAL_OSWAL_MF,REGULAR,GROWTH,,,,SOURCE_UNAVAILABLE,82100,2026-09-30,AMFI Official Average AUM Disclosure Q2 FY2026-27,VERIFIED,54.6566,2026-10-01
151472,NAVI ELSS TAX SAVER NIFTY50 INDEX FUND - Regular Plan - GROWTH,NAVI_MF,REGULAR,GROWTH,,,,SOURCE_UNAVAILABLE,6500,2026-09-30,AMFI Official Average AUM Disclosure Q2 FY2026-27,VERIFIED,13.203,2026-10-01
135598,PGIM India ELSS Tax Saver Fund - Regular Plan - Regular Growth,PGIM_INDIA_MF,REGULAR,GROWTH,,,,SOURCE_UNAVAILABLE,27800,2026-09-30,AMFI Official Average AUM Disclosure Q2 FY2026-27,VERIFIED,33.14,2026-10-01
147482,Parag Parikh ELSS Tax Saver Fund - Regular Plan - Growth,PPFAS_MF,REGULAR,GROWTH,,,,SOURCE_UNAVAILABLE,85600,2026-09-30,AMFI Official Average AUM Disclosure Q2 FY2026-27,VERIFIED,27.9405,2026-10-01
100175,Quant ELSS Tax Saver Fund - Regular Plan - Growth Option,QUANT_MF,REGULAR,GROWTH,,,,SOURCE_UNAVAILABLE,95400,2026-09-30,AMFI Official Average AUM Disclosure Q2 FY2026-27,VERIFIED,395.7693,2026-10-01
141070,Quantum ELSS Tax Saver Fund - Regular Plan - Growth Option,QUANTUM_MF,REGULAR,GROWTH,,,,SOURCE_UNAVAILABLE,3800,2026-09-30,AMFI Official Average AUM Disclosure Q2 FY2026-27,VERIFIED,110.47,2026-10-01
150839,Samco ELSS Tax Saver Fund - Regular Plan - Growth,SAMCO_MF,REGULAR,GROWTH,,,,SOURCE_UNAVAILABLE,2400,2026-09-30,AMFI Official Average AUM Disclosure Q2 FY2026-27,VERIFIED,12.88,2026-10-01
105628,SBI ELSS Tax Saver Fund - Regular Plan - Growth,SBI_MF,REGULAR,GROWTH,31734.62,2026-09-30,SBI AMC Monthly Factsheet - September 2026,VERIFIED,1052450,2026-09-30,AMFI Official Average AUM Disclosure Q2 FY2026-27,VERIFIED,404.8756,2026-10-01
145820,Shriram ELSS Tax Saver Fund - Regular Plan - Growth,SHRIRAM_MF,REGULAR,GROWTH,,,,SOURCE_UNAVAILABLE,950,2026-09-30,AMFI Official Average AUM Disclosure Q2 FY2026-27,VERIFIED,19.5035,2026-10-01
149569,Sundaram ELSS Tax Saver Fund - Regular Plan - GROWTH,SUNDARAM_MF,REGULAR,GROWTH,,,,SOURCE_UNAVAILABLE,72400,2026-09-30,AMFI Official Average AUM Disclosure Q2 FY2026-27,VERIFIED,467.0855,2026-10-01
100480,Taurus ELSS Tax Saver Fund - Regular Plan - Growth,TAURUS_MF,REGULAR,GROWTH,,,,SOURCE_UNAVAILABLE,820,2026-09-30,AMFI Official Average AUM Disclosure Q2 FY2026-27,VERIFIED,179.41,2026-10-01
116051,Union ELSS Tax Saver Fund (Formerly Union Tax Saver (ELSS) Fund - Regular Plan - Growth Option,UNION_MF,REGULAR,GROWTH,,,,SOURCE_UNAVAILABLE,16800,2026-09-30,AMFI Official Average AUM Disclosure Q2 FY2026-27,VERIFIED,62.79,2026-10-01
100821,UTI ELSS Tax Saver Fund - Regular Plan - Growth,UTI_MF,REGULAR,GROWTH,,,,SOURCE_UNAVAILABLE,312500,2026-09-30,AMFI Official Average AUM Disclosure Q2 FY2026-27,VERIFIED,189.1394,2026-10-01
154041,Abakkus Flexi Cap Fund - Regular Plan - Growth,ABAKKUS_MF,REGULAR,GROWTH,,,,SOURCE_UNAVAILABLE,4800,2026-09-30,AMFI Official Average AUM Disclosure Q2 FY2026-27,VERIFIED,10.634,2026-10-01
103166,Aditya Birla Sun Life Flexi Cap Fund - Regular Plan - GROWTH,ADITYA_BIRLA_SU_MF,REGULAR,GROWTH,,,,SOURCE_UNAVAILABLE,362480,2026-09-30,AMFI Official Average AUM Disclosure Q2 FY2026-27,VERIFIED,1863.58,2026-10-01
151898,Bajaj Finserv Flexi Cap Fund - Regular Plan - Growth,BAJAJ_FINSERV_MF,REGULAR,GROWTH,,,,SOURCE_UNAVAILABLE,19400,2026-09-30,AMFI Official Average AUM Disclosure Q2 FY2026-27,VERIFIED,14.943,2026-10-01
108594,BANDHAN Flexi Cap Fund - Regular Plan - Growth,BANDHAN_MF,REGULAR,GROWTH,,,,SOURCE_UNAVAILABLE,155800,2026-09-30,AMFI Official Average AUM Disclosure Q2 FY2026-27,VERIFIED,199.348,2026-10-01
148405,BANK OF INDIA FLEXI CAP FUND - Regular Plan - Growth,BANK_OF_INDIA_MF,REGULAR,GROWTH,,,,SOURCE_UNAVAILABLE,11200,2026-09-30,AMFI Official Average AUM Disclosure Q2 FY2026-27,VERIFIED,37.56,2026-10-01
150385,Baroda BNP Paribas Flexi Cap Fund - Regular Plan - Growth Option,BARODA_BNP_PARI_MF,REGULAR,GROWTH,,,,SOURCE_UNAVAILABLE,42500,2026-09-30,AMFI Official Average AUM Disclosure Q2 FY2026-27,VERIFIED,15.1198,2026-10-01
153739,Capitalmind Flexi Cap Fund - Regular Plan - Growth,CAPITALMIND_MF,REGULAR,GROWTH,,,,SOURCE_UNAVAILABLE,1200,2026-09-30,AMFI Official Average AUM Disclosure Q2 FY2026-27,VERIFIED,9.8525,2026-10-01
105875,DSP Flexi Cap Fund - Regular Plan - Growth,DSP_MF,REGULAR,GROWTH,,,,SOURCE_UNAVAILABLE,165320,2026-09-30,AMFI Official Average AUM Disclosure Q2 FY2026-27,VERIFIED,97.83,2026-10-01
140355,Edelweiss Flexi Cap Fund - Regular Plan - Growth,EDELWEISS_MF,REGULAR,GROWTH,,,,SOURCE_UNAVAILABLE,138200,2026-09-30,AMFI Official Average AUM Disclosure Q2 FY2026-27,VERIFIED,36.653,2026-10-01
100520,Franklin India Flexi Cap Fund - Regular Plan - Growth,FRANKLIN_TEMPLE_MF,REGULAR,GROWTH,,,,SOURCE_UNAVAILABLE,98200,2026-09-30,AMFI Official Average AUM Disclosure Q2 FY2026-27,VERIFIED,1500.9898,2026-10-01
101762,HDFC Flexi Cap Fund - Regular Plan - Growth Option,HDFC_MF,REGULAR,GROWTH,64250.8,2026-09-30,HDFC AMC Monthly Factsheet - September 2026,VERIFIED,745890.75,2026-09-30,AMFI Official Average AUM Disclosure Q2 FY2026-27,VERIFIED,1951.419,2026-10-01
151377,ITI Flexi Cap Fund - Regular Plan - Growth Option,ITI_MF,REGULAR,GROWTH,,,,SOURCE_UNAVAILABLE,8900,2026-09-30,AMFI Official Average AUM Disclosure Q2 FY2026-27,VERIFIED,19.3276,2026-10-01
100313,LIC MF Flexi Cap Fund - Regular Plan - Growth,LIC_MF,REGULAR,GROWTH,,,,SOURCE_UNAVAILABLE,34200,2026-09-30,AMFI Official Average AUM Disclosure Q2 FY2026-27,VERIFIED,99.9593,2026-10-01
129048,Motilal Oswal Flexi Cap Fund - Regular Plan - Growth,MOTILAL_OSWAL_MF,REGULAR,GROWTH,,,,SOURCE_UNAVAILABLE,82100,2026-09-30,AMFI Official Average AUM Disclosure Q2 FY2026-27,VERIFIED,61.0411,2026-10-01
143787,Navi Flexi Cap Fund - Regular Plan - Growth,NAVI_MF,REGULAR,GROWTH,,,,SOURCE_UNAVAILABLE,6500,2026-09-30,AMFI Official Average AUM Disclosure Q2 FY2026-27,VERIFIED,23.987,2026-10-01
149089,Nippon India Flexi Cap Fund - Regular Plan - Growth Option,NIPPON_INDIA_MF,REGULAR,GROWTH,,,,SOURCE_UNAVAILABLE,525140.2,2026-09-30,AMFI Official Average AUM Disclosure Q2 FY2026-27,VERIFIED,15.8198,2026-10-01
154226,Old Bridge Flexi Cap Fund - Regular Plan - Regular Growth,OLD_BRIDGE_MF,REGULAR,GROWTH,,,,SOURCE_UNAVAILABLE,2100,2026-09-30,AMFI Official Average AUM Disclosure Q2 FY2026-27,VERIFIED,10.79,2026-10-01
133836,PGIM India Flexi Cap Fund - Regular Plan - Regular Growth,PGIM_INDIA_MF,REGULAR,GROWTH,,,,SOURCE_UNAVAILABLE,27800,2026-09-30,AMFI Official Average AUM Disclosure Q2 FY2026-27,VERIFIED,35.31,2026-10-01
122640,Parag Parikh Flexi Cap Fund - Regular Plan - Growth,PPFAS_MF,REGULAR,GROWTH,74520,2026-09-30,PPFAS AMC Monthly Factsheet - September 2026,VERIFIED,85600,2026-09-30,AMFI Official Average AUM Disclosure Q2 FY2026-27,VERIFIED,80.3771,2026-10-01
109830,Quant Flexi Cap Fund - Regular Plan - Growth Option,QUANT_MF,REGULAR,GROWTH,,,,SOURCE_UNAVAILABLE,95400,2026-09-30,AMFI Official Average AUM Disclosure Q2 FY2026-27,VERIFIED,103.6337,2026-10-01
149449,Samco Flexi Cap Fund - Regular Plan - Growth,SAMCO_MF,REGULAR,GROWTH,,,,SOURCE_UNAVAILABLE,2400,2026-09-30,AMFI Official Average AUM Disclosure Q2 FY2026-27,VERIFIED,9.23,2026-10-01
103215,SBI FLEXICAP FUND - Regular Plan - Growth,SBI_MF,REGULAR,GROWTH,,,,SOURCE_UNAVAILABLE,1052450,2026-09-30,AMFI Official Average AUM Disclosure Q2 FY2026-27,VERIFIED,103.9092,2026-10-01
144902,Shriram Flexi Cap Fund - Regular Plan - Growth,SHRIRAM_MF,REGULAR,GROWTH,,,,SOURCE_UNAVAILABLE,950,2026-09-30,AMFI Official Average AUM Disclosure Q2 FY2026-27,VERIFIED,18.5412,2026-10-01
150568,Sundaram Flexicap Fund - Regular Plan - GROWTH,SUNDARAM_MF,REGULAR,GROWTH,,,,SOURCE_UNAVAILABLE,72400,2026-09-30,AMFI Official Average AUM Disclosure Q2 FY2026-27,VERIFIED,13.5194,2026-10-01
144548,Tata Flexi Cap Fund - Regular Plan - Growth Option,TATA_MF,REGULAR,GROWTH,,,,SOURCE_UNAVAILABLE,175400,2026-09-30,AMFI Official Average AUM Disclosure Q2 FY2026-27,VERIFIED,22.2415,2026-10-01
100476,Taurus Flexi Cap Fund - Regular Plan - Growth,TAURUS_MF,REGULAR,GROWTH,,,,SOURCE_UNAVAILABLE,820,2026-09-30,AMFI Official Average AUM Disclosure Q2 FY2026-27,VERIFIED,239.29,2026-10-01
153870,The Wealth Company Flexi Cap Fund - Regular Plan - Growth,THE_WEALTH_MF,REGULAR,GROWTH,,,,SOURCE_UNAVAILABLE,1900,2026-09-30,AMFI Official Average AUM Disclosure Q2 FY2026-27,VERIFIED,9.3945,2026-10-01
152582,TRUSTMF Flexi Cap Fund - Regular Plan - Growth,TRUST_MF,REGULAR,GROWTH,,,,SOURCE_UNAVAILABLE,4200,2026-09-30,AMFI Official Average AUM Disclosure Q2 FY2026-27,VERIFIED,11.84,2026-10-01
153542,UNIFI FLEXI CAP FUND - Regular Plan - GROWTH,UNIFI_MF,REGULAR,GROWTH,,,,SOURCE_UNAVAILABLE,1100,2026-09-30,AMFI Official Average AUM Disclosure Q2 FY2026-27,VERIFIED,10.3039,2026-10-01
115270,Union Flexi Cap Fund - Regular Plan - Growth Option,UNION_MF,REGULAR,GROWTH,,,,SOURCE_UNAVAILABLE,16800,2026-09-30,AMFI Official Average AUM Disclosure Q2 FY2026-27,VERIFIED,50.24,2026-10-01
100669,UTI - Flexi Cap Fund. - Regular Plan - Growth,UTI_MF,REGULAR,GROWTH,,,,SOURCE_UNAVAILABLE,312500,2026-09-30,AMFI Official Average AUM Disclosure Q2 FY2026-27,VERIFIED,308.6281,2026-10-01
103309,Aditya Birla Sun Life Focused Fund - Regular Plan - GROWTH,ADITYA_BIRLA_SU_MF,REGULAR,GROWTH,,,,SOURCE_UNAVAILABLE,362480,2026-09-30,AMFI Official Average AUM Disclosure Q2 FY2026-27,VERIFIED,138.9421,2026-10-01
108592,Bandhan Focused Fund - Regular Plan - Growth,BANDHAN_MF,REGULAR,GROWTH,,,,SOURCE_UNAVAILABLE,155800,2026-09-30,AMFI Official Average AUM Disclosure Q2 FY2026-27,VERIFIED,87.843,2026-10-01
150263,Baroda BNP Paribas Focused Fund - Regular Plan - Growth Option,BARODA_BNP_PARI_MF,REGULAR,GROWTH,,,,SOURCE_UNAVAILABLE,42500,2026-09-30,AMFI Official Average AUM Disclosure Q2 FY2026-27,VERIFIED,19.7455,2026-10-01
112901,DSP Focused Fund - Regular Plan - Growth,DSP_MF,REGULAR,GROWTH,,,,SOURCE_UNAVAILABLE,165320,2026-09-30,AMFI Official Average AUM Disclosure Q2 FY2026-27,VERIFIED,52.663,2026-10-01
150382,Edelweiss Focused Fund - Regular Plan - Growth,EDELWEISS_MF,REGULAR,GROWTH,,,,SOURCE_UNAVAILABLE,138200,2026-09-30,AMFI Official Average AUM Disclosure Q2 FY2026-27,VERIFIED,15.516,2026-10-01
105817,Franklin India Focused Equity Fund - Regular Plan - Growth,FRANKLIN_TEMPLE_MF,REGULAR,GROWTH,,,,SOURCE_UNAVAILABLE,98200,2026-09-30,AMFI Official Average AUM Disclosure Q2 FY2026-27,VERIFIED,93.4669,2026-10-01
102760,HDFC Focused Fund - Regular Plan - Growth Option,HDFC_MF,REGULAR,GROWTH,,,,SOURCE_UNAVAILABLE,745890.75,2026-09-30,AMFI Official Average AUM Disclosure Q2 FY2026-27,VERIFIED,222.203,2026-10-01
151778,ITI Focused Fund - Regular Plan - Growth Option,ITI_MF,REGULAR,GROWTH,,,,SOURCE_UNAVAILABLE,8900,2026-09-30,AMFI Official Average AUM Disclosure Q2 FY2026-27,VERIFIED,15.6221,2026-10-01
147477,Kotak Focused Fund - Regular Plan - Growth Option,KOTAK_MAHINDRA_MF,REGULAR,GROWTH,,,,SOURCE_UNAVAILABLE,435670,2026-09-30,AMFI Official Average AUM Disclosure Q2 FY2026-27,VERIFIED,25.676,2026-10-01
152009,LIC MF Focused Fund - Regular Plan - Growth,LIC_MF,REGULAR,GROWTH,,,,SOURCE_UNAVAILABLE,34200,2026-09-30,AMFI Official Average AUM Disclosure Q2 FY2026-27,VERIFIED,21.4524,2026-10-01
122387,Motilal Oswal Focused Fund - Regular Plan - Growth,MOTILAL_OSWAL_MF,REGULAR,GROWTH,,,,SOURCE_UNAVAILABLE,82100,2026-09-30,AMFI Official Average AUM Disclosure Q2 FY2026-27,VERIFIED,52.4413,2026-10-01
104637,Nippon India Focused Fund - Regular Plan - Growth Option,NIPPON_INDIA_MF,REGULAR,GROWTH,,,,SOURCE_UNAVAILABLE,525140.2,2026-09-30,AMFI Official Average AUM Disclosure Q2 FY2026-27,VERIFIED,115.4615,2026-10-01
152361,Old Bridge Focused Fund - Regular Plan - Regular Growth,OLD_BRIDGE_MF,REGULAR,GROWTH,,,,SOURCE_UNAVAILABLE,2100,2026-09-30,AMFI Official Average AUM Disclosure Q2 FY2026-27,VERIFIED,13.11,2026-10-01
109275,Quant Focused Fund - Regular Plan - Growth Option,QUANT_MF,REGULAR,GROWTH,,,,SOURCE_UNAVAILABLE,95400,2026-09-30,AMFI Official Average AUM Disclosure Q2 FY2026-27,VERIFIED,89.3508,2026-10-01
102756,SBI FOCUSED FUND - Regular Plan - Growth,SBI_MF,REGULAR,GROWTH,,,,SOURCE_UNAVAILABLE,1052450,2026-09-30,AMFI Official Average AUM Disclosure Q2 FY2026-27,VERIFIED,383.2878,2026-10-01
149532,Sundaram Focused Fund (Formerly Known as Principal Focused Multicap Fund) - Regular Plan - GROWTH,SUNDARAM_MF,REGULAR,GROWTH,,,,SOURCE_UNAVAILABLE,72400,2026-09-30,AMFI Official Average AUM Disclosure Q2 FY2026-27,VERIFIED,158.9973,2026-10-01
147760,Tata Focused Fund - Regular Plan - Growth Option,TATA_MF,REGULAR,GROWTH,,,,SOURCE_UNAVAILABLE,175400,2026-09-30,AMFI Official Average AUM Disclosure Q2 FY2026-27,VERIFIED,21.3654,2026-10-01
147490,Union Focused Fund - Regular Plan - Growth Option,UNION_MF,REGULAR,GROWTH,,,,SOURCE_UNAVAILABLE,16800,2026-09-30,AMFI Official Average AUM Disclosure Q2 FY2026-27,VERIFIED,26.33,2026-10-01
154478,Abakkus Large & Mid Cap Fund - Regular Plan - Growth,ABAKKUS_MF,REGULAR,GROWTH,,,,SOURCE_UNAVAILABLE,4800,2026-09-30,AMFI Official Average AUM Disclosure Q2 FY2026-27,VERIFIED,9.352,2026-10-01
100033,Aditya Birla Sun Life Large & Mid Cap Fund - Regular Plan - GROWTH,ADITYA_BIRLA_SU_MF,REGULAR,GROWTH,7820.4,2026-09-30,ABSL AMC Monthly Factsheet - September 2026,VERIFIED,362480,2026-09-30,AMFI Official Average AUM Disclosure Q2 FY2026-27,VERIFIED,904.74,2026-10-01
108596,Bandhan Large & Mid Cap Fund - Regular Plan - Growth,BANDHAN_MF,REGULAR,GROWTH,,,,SOURCE_UNAVAILABLE,155800,2026-09-30,AMFI Official Average AUM Disclosure Q2 FY2026-27,VERIFIED,134.701,2026-10-01
110599,BANK OF INDIA LARGE & MID CAP FUND - Regular Plan - Growth,BANK_OF_INDIA_MF,REGULAR,GROWTH,,,,SOURCE_UNAVAILABLE,11200,2026-09-30,AMFI Official Average AUM Disclosure Q2 FY2026-27,VERIFIED,97.83,2026-10-01
110603,BANK OF INDIA LARGE & MID CAP FUND - Regular Plan - Growth,BANK_OF_INDIA_MF,REGULAR,GROWTH,,,,SOURCE_UNAVAILABLE,11200,2026-09-30,AMFI Official Average AUM Disclosure Q2 FY2026-27,VERIFIED,88.22,2026-10-01
148471,Baroda BNP Paribas Large and Mid Cap fund - Regular Plan - Growth Option,BARODA_BNP_PARI_MF,REGULAR,GROWTH,,,,SOURCE_UNAVAILABLE,42500,2026-09-30,AMFI Official Average AUM Disclosure Q2 FY2026-27,VERIFIED,26.1498,2026-10-01
103819,DSP Large & Mid Cap Fund - Regular Plan - Growth,DSP_MF,REGULAR,GROWTH,,,,SOURCE_UNAVAILABLE,165320,2026-09-30,AMFI Official Average AUM Disclosure Q2 FY2026-27,VERIFIED,580.611,2026-10-01
140172,Edelweiss Large & Mid Cap Fund - Regular Plan - Growth,EDELWEISS_MF,REGULAR,GROWTH,,,,SOURCE_UNAVAILABLE,138200,2026-09-30,AMFI Official Average AUM Disclosure Q2 FY2026-27,VERIFIED,85.23,2026-10-01
102883,Franklin India Large & Mid Cap Fund - Regular Plan - Growth,FRANKLIN_TEMPLE_MF,REGULAR,GROWTH,,,,SOURCE_UNAVAILABLE,98200,2026-09-30,AMFI Official Average AUM Disclosure Q2 FY2026-27,VERIFIED,178.7447,2026-10-01
100349,ICICI Prudential Large & Mid Cap Fund - Regular Plan - Growth,ICICI_PRUDENTIA_MF,REGULAR,GROWTH,,,,SOURCE_UNAVAILABLE,785230.5,2026-09-30,AMFI Official Average AUM Disclosure Q2 FY2026-27,VERIFIED,970.51,2026-10-01
152824,ITI Large & Mid Cap Fund - Regular Plan - Growth Option,ITI_MF,REGULAR,GROWTH,,,,SOURCE_UNAVAILABLE,8900,2026-09-30,AMFI Official Average AUM Disclosure Q2 FY2026-27,VERIFIED,9.6186,2026-10-01
133711,LIC MF Large & Mid Cap Fund - Regular Plan - Growth,LIC_MF,REGULAR,GROWTH,,,,SOURCE_UNAVAILABLE,34200,2026-09-30,AMFI Official Average AUM Disclosure Q2 FY2026-27,VERIFIED,36.6794,2026-10-01
147701,Motilal Oswal Large and Midcap Fund - Regular Plan - Growth,MOTILAL_OSWAL_MF,REGULAR,GROWTH,,,,SOURCE_UNAVAILABLE,82100,2026-09-30,AMFI Official Average AUM Disclosure Q2 FY2026-27,VERIFIED,35.7569,2026-10-01
135678,Navi Large & Midcap Fund - Regular Plan - Growth,NAVI_MF,REGULAR,GROWTH,,,,SOURCE_UNAVAILABLE,6500,2026-09-30,AMFI Official Average AUM Disclosure Q2 FY2026-27,VERIFIED,34.4858,2026-10-01
100380,Nippon India Vision Large & Mid Cap Fund - Regular Plan - GROWTH Option,NIPPON_INDIA_MF,REGULAR,GROWTH,,,,SOURCE_UNAVAILABLE,525140.2,2026-09-30,AMFI Official Average AUM Disclosure Q2 FY2026-27,VERIFIED,1406.8991,2026-10-01
152383,PGIM India Large and Midcap Fund - Regular Plan - Regular Growth,PGIM_INDIA_MF,REGULAR,GROWTH,,,,SOURCE_UNAVAILABLE,27800,2026-09-30,AMFI Official Average AUM Disclosure Q2 FY2026-27,VERIFIED,12.03,2026-10-01
104513,Quant Large & Mid Cap Fund - Regular Plan - Growth Option,QUANT_MF,REGULAR,GROWTH,,,,SOURCE_UNAVAILABLE,95400,2026-09-30,AMFI Official Average AUM Disclosure Q2 FY2026-27,VERIFIED,119.2766,2026-10-01
153533,Samco Large & Mid Cap Fund - Regular Plan - Growth,SAMCO_MF,REGULAR,GROWTH,,,,SOURCE_UNAVAILABLE,2400,2026-09-30,AMFI Official Average AUM Disclosure Q2 FY2026-27,VERIFIED,8.59,2026-10-01
103024,SBI LARGE & MIDCAP FUND - Regular Plan - Growth,SBI_MF,REGULAR,GROWTH,,,,SOURCE_UNAVAILABLE,1052450,2026-09-30,AMFI Official Average AUM Disclosure Q2 FY2026-27,VERIFIED,610.3645,2026-10-01
105001,Sundaram Large and Midcap Fund - Regular Plan - GROWTH,SUNDARAM_MF,REGULAR,GROWTH,,,,SOURCE_UNAVAILABLE,72400,2026-09-30,AMFI Official Average AUM Disclosure Q2 FY2026-27,VERIFIED,88.0185,2026-10-01
101824,Tata Large & Mid Cap Fund - Regular Plan - Growth Option,TATA_MF,REGULAR,GROWTH,,,,SOURCE_UNAVAILABLE,175400,2026-09-30,AMFI Official Average AUM Disclosure Q2 FY2026-27,VERIFIED,468.7789,2026-10-01
154382,The Wealth Company Large & Mid Cap Fund - Regular Plan - Growth,THE_WEALTH_MF,REGULAR,GROWTH,,,,SOURCE_UNAVAILABLE,1900,2026-09-30,AMFI Official Average AUM Disclosure Q2 FY2026-27,VERIFIED,9.7264,2026-10-01
147748,Union Large & Midcap Fund - Regular Plan - Growth Option,UNION_MF,REGULAR,GROWTH,,,,SOURCE_UNAVAILABLE,16800,2026-09-30,AMFI Official Average AUM Disclosure Q2 FY2026-27,VERIFIED,26.08,2026-10-01
100664,UTI Large & Mid Cap Fund - Regular Plan - Growth,UTI_MF,REGULAR,GROWTH,,,,SOURCE_UNAVAILABLE,312500,2026-09-30,AMFI Official Average AUM Disclosure Q2 FY2026-27,VERIFIED,174.7353,2026-10-01
103174,Aditya Birla Sun Life Large Cap Fund - Regular Plan - GROWTH,ADITYA_BIRLA_SU_MF,REGULAR,GROWTH,,,,SOURCE_UNAVAILABLE,362480,2026-09-30,AMFI Official Average AUM Disclosure Q2 FY2026-27,VERIFIED,488.33,2026-10-01
152780,BAJAJ FINSERV LARGE CAP FUND - Regular Plan - Growth,BAJAJ_FINSERV_MF,REGULAR,GROWTH,,,,SOURCE_UNAVAILABLE,19400,2026-09-30,AMFI Official Average AUM Disclosure Q2 FY2026-27,VERIFIED,9.55,2026-10-01
108799,BANDHAN LARGE CAP FUND - Regular Plan - Growth,BANDHAN_MF,REGULAR,GROWTH,,,,SOURCE_UNAVAILABLE,155800,2026-09-30,AMFI Official Average AUM Disclosure Q2 FY2026-27,VERIFIED,73.956,2026-10-01
148982,BANK OF INDIA LARGE CAP FUND - Regular Plan - Growth,BANK_OF_INDIA_MF,REGULAR,GROWTH,,,,SOURCE_UNAVAILABLE,11200,2026-09-30,AMFI Official Average AUM Disclosure Q2 FY2026-27,VERIFIED,16.04,2026-10-01
150185,BARODA BNP PARIBAS LARGE CAP FUND - Regular Plan - Growth Option,BARODA_BNP_PARI_MF,REGULAR,GROWTH,,,,SOURCE_UNAVAILABLE,42500,2026-09-30,AMFI Official Average AUM Disclosure Q2 FY2026-27,VERIFIED,208.4106,2026-10-01
101635,DSP Large Cap Fund - Regular Plan - Growth,DSP_MF,REGULAR,GROWTH,,,,SOURCE_UNAVAILABLE,165320,2026-09-30,AMFI Official Average AUM Disclosure Q2 FY2026-27,VERIFIED,429.425,2026-10-01
111940,Edelweiss Large Cap Fund - Regular Plan - Growth,EDELWEISS_MF,REGULAR,GROWTH,,,,SOURCE_UNAVAILABLE,138200,2026-09-30,AMFI Official Average AUM Disclosure Q2 FY2026-27,VERIFIED,79.14,2026-10-01
100471,Franklin India Large Cap Fund - Regular Plan - Growth,FRANKLIN_TEMPLE_MF,REGULAR,GROWTH,,,,SOURCE_UNAVAILABLE,98200,2026-09-30,AMFI Official Average AUM Disclosure Q2 FY2026-27,VERIFIED,951.3238,2026-10-01
102000,HDFC Large Cap Fund - Regular Plan - Growth Option,HDFC_MF,REGULAR,GROWTH,,,,SOURCE_UNAVAILABLE,745890.75,2026-09-30,AMFI Official Average AUM Disclosure Q2 FY2026-27,VERIFIED,1057.664,2026-10-01
108466,ICICI Prudential Large Cap Fund - Regular Plan - Growth,ICICI_PRU_MF,REGULAR,GROWTH,62450,2026-09-30,ICICI Pru AMC Monthly Factsheet - September 2026,VERIFIED,785230.5,2026-09-30,AMFI Official Average AUM Disclosure Q2 FY2026-27,VERIFIED,101.6,2026-10-01
148351,ITI Large Cap Fund - Regular Plan - Growth Option,ITI_MF,REGULAR,GROWTH,,,,SOURCE_UNAVAILABLE,8900,2026-09-30,AMFI Official Average AUM Disclosure Q2 FY2026-27,VERIFIED,16.6603,2026-10-01
114458,Kotak Large Cap Fund - Regular Plan - Growth,KOTAK_MAHINDRA_MF,REGULAR,GROWTH,,,,SOURCE_UNAVAILABLE,435670,2026-09-30,AMFI Official Average AUM Disclosure Q2 FY2026-27,VERIFIED,530.768,2026-10-01
106871,LIC MF Large Cap Fund - Regular Plan - Growth,LIC_MF,REGULAR,GROWTH,,,,SOURCE_UNAVAILABLE,34200,2026-09-30,AMFI Official Average AUM Disclosure Q2 FY2026-27,VERIFIED,50.7993,2026-10-01
106235,Nippon India Large Cap Fund - Regular Plan - Growth Option,NIPPON_INDIA_MF,REGULAR,GROWTH,,,,SOURCE_UNAVAILABLE,525140.2,2026-09-30,AMFI Official Average AUM Disclosure Q2 FY2026-27,VERIFIED,84.2553,2026-10-01
138308,PGIM India Large Cap Fund - Regular Plan - Regular Growth,PGIM_INDIA_MF,REGULAR,GROWTH,,,,SOURCE_UNAVAILABLE,27800,2026-09-30,AMFI Official Average AUM Disclosure Q2 FY2026-27,VERIFIED,313.56,2026-10-01
154154,Parag Parikh Large Cap Fund - Regular Plan - Growth,PPFAS_MF,REGULAR,GROWTH,,,,SOURCE_UNAVAILABLE,85600,2026-09-30,AMFI Official Average AUM Disclosure Q2 FY2026-27,VERIFIED,9.0027,2026-10-01
150441,quant Large Cap Fund - Regular Plan - Growth Option,QUANT_MF,REGULAR,GROWTH,,,,SOURCE_UNAVAILABLE,95400,2026-09-30,AMFI Official Average AUM Disclosure Q2 FY2026-27,VERIFIED,15.1837,2026-10-01
153238,Samco Large Cap Fund - Regular Plan - Growth,SAMCO_MF,REGULAR,GROWTH,,,,SOURCE_UNAVAILABLE,2400,2026-09-30,AMFI Official Average AUM Disclosure Q2 FY2026-27,VERIFIED,8.58,2026-10-01
103504,SBI Large Cap Fund - Regular Plan - Growth,SBI_MF,REGULAR,GROWTH,,,,SOURCE_UNAVAILABLE,1052450,2026-09-30,AMFI Official Average AUM Disclosure Q2 FY2026-27,VERIFIED,88.5849,2026-10-01
148504,Sundaram Large Cap Fund ( Formerly Know as Sundaram Blue Chip Fund) - Regular Plan - GROWTH,SUNDARAM_MF,REGULAR,GROWTH,,,,SOURCE_UNAVAILABLE,72400,2026-09-30,AMFI Official Average AUM Disclosure Q2 FY2026-27,VERIFIED,19.7129,2026-10-01
100475,Tata Large Cap Fund - Regular Plan - Growth Option,TATA_MF,REGULAR,GROWTH,,,,SOURCE_UNAVAILABLE,175400,2026-09-30,AMFI Official Average AUM Disclosure Q2 FY2026-27,VERIFIED,473.8135,2026-10-01
101209,Taurus Large Cap Fund - Regular Plan - Growth,TAURUS_MF,REGULAR,GROWTH,,,,SOURCE_UNAVAILABLE,820,2026-09-30,AMFI Official Average AUM Disclosure Q2 FY2026-27,VERIFIED,165.04,2026-10-01
141247,Union Largecap Fund - Regular Plan - Growth Option,UNION_MF,REGULAR,GROWTH,,,,SOURCE_UNAVAILABLE,16800,2026-09-30,AMFI Official Average AUM Disclosure Q2 FY2026-27,VERIFIED,21.73,2026-10-01
100651,UTI - Large Cap Fund - Regular Plan - Growth,UTI_MF,REGULAR,GROWTH,,,,SOURCE_UNAVAILABLE,312500,2026-09-30,AMFI Official Average AUM Disclosure Q2 FY2026-27,VERIFIED,249.7122,2026-10-01
101592,Aditya Birla Sun Life Midcap Fund - Regular Plan - GROWTH,ADITYA_BIRLA_SU_MF,REGULAR,GROWTH,,,,SOURCE_UNAVAILABLE,362480,2026-09-30,AMFI Official Average AUM Disclosure Q2 FY2026-27,VERIFIED,804.54,2026-10-01
114564,Axis Midcap Fund - Regular Plan - Growth Option,AXIS_MF,REGULAR,GROWTH,29480.3,2026-09-30,Axis AMC Monthly Factsheet - September 2026,VERIFIED,295420,2026-09-30,AMFI Official Average AUM Disclosure Q2 FY2026-27,VERIFIED,116.25,2026-10-01
150209,Baroda BNP Paribas Mid Cap Fund - Regular Plan - Growth Option,BARODA_BNP_PARI_MF,REGULAR,GROWTH,,,,SOURCE_UNAVAILABLE,42500,2026-09-30,AMFI Official Average AUM Disclosure Q2 FY2026-27,VERIFIED,105.1933,2026-10-01
104481,DSP Midcap Fund - Regular Plan - Growth,DSP_MF,REGULAR,GROWTH,,,,SOURCE_UNAVAILABLE,165320,2026-09-30,AMFI Official Average AUM Disclosure Q2 FY2026-27,VERIFIED,146.068,2026-10-01
140225,Edelweiss Mid Cap Fund - Regular Plan - Growth,EDELWEISS_MF,REGULAR,GROWTH,,,,SOURCE_UNAVAILABLE,138200,2026-09-30,AMFI Official Average AUM Disclosure Q2 FY2026-27,VERIFIED,102.822,2026-10-01
100473,Franklin India Mid Cap Fund - Regular Plan - Growth,FRANKLIN_TEMPLE_MF,REGULAR,GROWTH,,,,SOURCE_UNAVAILABLE,98200,2026-09-30,AMFI Official Average AUM Disclosure Q2 FY2026-27,VERIFIED,2645.147,2026-10-01
105758,HDFC Mid Cap Fund - Regular Plan - Growth Option,HDFC_MF,REGULAR,GROWTH,,,,SOURCE_UNAVAILABLE,745890.75,2026-09-30,AMFI Official Average AUM Disclosure Q2 FY2026-27,VERIFIED,197.82,2026-10-01
148732,ITI Mid Cap Fund - Regular Plan - Growth Option,ITI_MF,REGULAR,GROWTH,,,,SOURCE_UNAVAILABLE,8900,2026-09-30,AMFI Official Average AUM Disclosure Q2 FY2026-27,VERIFIED,21.993,2026-10-01
152001,LIC MF Mid Cap Fund - Regular Plan - Growth,LIC_MF,REGULAR,GROWTH,,,,SOURCE_UNAVAILABLE,34200,2026-09-30,AMFI Official Average AUM Disclosure Q2 FY2026-27,VERIFIED,29.463,2026-10-01
100377,Nippon India Growth Mid Cap Fund - Regular Plan - Growth Option,NIPPON_INDIA_MF,REGULAR,GROWTH,,,,SOURCE_UNAVAILABLE,525140.2,2026-09-30,AMFI Official Average AUM Disclosure Q2 FY2026-27,VERIFIED,4273.6026,2026-10-01
125305,PGIM India Midcap Fund - Regular Plan - Regular Growth,PGIM_INDIA_MF,REGULAR,GROWTH,,,,SOURCE_UNAVAILABLE,27800,2026-09-30,AMFI Official Average AUM Disclosure Q2 FY2026-27,VERIFIED,63.09,2026-10-01
101065,Quant Mid Cap Fund - Regular Plan - Growth Option,QUANT_MF,REGULAR,GROWTH,,,,SOURCE_UNAVAILABLE,95400,2026-09-30,AMFI Official Average AUM Disclosure Q2 FY2026-27,VERIFIED,210.9715,2026-10-01
154115,Samco Mid Cap Fund - Regular Plan - Growth,SAMCO_MF,REGULAR,GROWTH,,,,SOURCE_UNAVAILABLE,2400,2026-09-30,AMFI Official Average AUM Disclosure Q2 FY2026-27,VERIFIED,9.51,2026-10-01
102941,SBI MIDCAP FUND - Regular Plan - Growth,SBI_MF,REGULAR,GROWTH,,,,SOURCE_UNAVAILABLE,1052450,2026-09-30,AMFI Official Average AUM Disclosure Q2 FY2026-27,VERIFIED,229.865,2026-10-01
101539,Sundaram Mid Cap Fund - Regular Plan - GROWTH,SUNDARAM_MF,REGULAR,GROWTH,,,,SOURCE_UNAVAILABLE,72400,2026-09-30,AMFI Official Average AUM Disclosure Q2 FY2026-27,VERIFIED,1400.3048,2026-10-01
102328,Tata Mid Cap Fund - Regular Plan - Growth Option,TATA_MF,REGULAR,GROWTH,,,,SOURCE_UNAVAILABLE,175400,2026-09-30,AMFI Official Average AUM Disclosure Q2 FY2026-27,VERIFIED,434.8022,2026-10-01
100477,Taurus Mid Cap Fund - Regular Plan - Growth,TAURUS_MF,REGULAR,GROWTH,,,,SOURCE_UNAVAILABLE,820,2026-09-30,AMFI Official Average AUM Disclosure Q2 FY2026-27,VERIFIED,126.67,2026-10-01
154211,TRUSTMF MID CAP FUND - Regular Plan - Growth,TRUST_MF,REGULAR,GROWTH,,,,SOURCE_UNAVAILABLE,4200,2026-09-30,AMFI Official Average AUM Disclosure Q2 FY2026-27,VERIFIED,11.51,2026-10-01
148071,Union Midcap Fund - Regular Plan - Growth Option,UNION_MF,REGULAR,GROWTH,,,,SOURCE_UNAVAILABLE,16800,2026-09-30,AMFI Official Average AUM Disclosure Q2 FY2026-27,VERIFIED,49.91,2026-10-01
102394,UTI - Mid Cap Fund - Regular Plan - Growth,UTI_MF,REGULAR,GROWTH,,,,SOURCE_UNAVAILABLE,312500,2026-09-30,AMFI Official Average AUM Disclosure Q2 FY2026-27,VERIFIED,297.294,2026-10-01
148918,Aditya Birla Sun Life Multi-Cap Fund - Regular Plan - GROWTH,ADITYA_BIRLA_SU_MF,REGULAR,GROWTH,,,,SOURCE_UNAVAILABLE,362480,2026-09-30,AMFI Official Average AUM Disclosure Q2 FY2026-27,VERIFIED,20.51,2026-10-01
153307,Bajaj Finserv Multi Cap Fund - Regular Plan - Growth,BAJAJ_FINSERV_MF,REGULAR,GROWTH,,,,SOURCE_UNAVAILABLE,19400,2026-09-30,AMFI Official Average AUM Disclosure Q2 FY2026-27,VERIFIED,11.779,2026-10-01
149305,BANDHAN MULTI CAP FUND - Regular Plan - Growth,BANDHAN_MF,REGULAR,GROWTH,,,,SOURCE_UNAVAILABLE,155800,2026-09-30,AMFI Official Average AUM Disclosure Q2 FY2026-27,VERIFIED,16.712,2026-10-01
151445,BANK OF INDIA MULTI CAP FUND - Regular Plan - Growth,BANK_OF_INDIA_MF,REGULAR,GROWTH,,,,SOURCE_UNAVAILABLE,11200,2026-09-30,AMFI Official Average AUM Disclosure Q2 FY2026-27,VERIFIED,19.19,2026-10-01
102020,Baroda BNP Paribas Multi Cap Fund - Regular Plan - Growth Option,BARODA_BNP_PARI_MF,REGULAR,GROWTH,,,,SOURCE_UNAVAILABLE,42500,2026-09-30,AMFI Official Average AUM Disclosure Q2 FY2026-27,VERIFIED,280.5727,2026-10-01
152095,Edelweiss Multi Cap Fund - Regular Plan - Growth,EDELWEISS_MF,REGULAR,GROWTH,,,,SOURCE_UNAVAILABLE,138200,2026-09-30,AMFI Official Average AUM Disclosure Q2 FY2026-27,VERIFIED,14.9707,2026-10-01
152738,Franklin India Multi Cap Fund - Regular Plan - Growth,FRANKLIN_TEMPLE_MF,REGULAR,GROWTH,,,,SOURCE_UNAVAILABLE,98200,2026-09-30,AMFI Official Average AUM Disclosure Q2 FY2026-27,VERIFIED,10.6403,2026-10-01
149366,HDFC Multi Cap Fund - Regular Plan - Growth Option,HDFC_MF,REGULAR,GROWTH,,,,SOURCE_UNAVAILABLE,745890.75,2026-09-30,AMFI Official Average AUM Disclosure Q2 FY2026-27,VERIFIED,17.774,2026-10-01
147184,ITI Multi Cap Fund - Regular Plan - Growth Option,ITI_MF,REGULAR,GROWTH,,,,SOURCE_UNAVAILABLE,8900,2026-09-30,AMFI Official Average AUM Disclosure Q2 FY2026-27,VERIFIED,25.4401,2026-10-01
150661,LIC MF Multi Cap Fund - Regular Plan - Growth,LIC_MF,REGULAR,GROWTH,,,,SOURCE_UNAVAILABLE,34200,2026-09-30,AMFI Official Average AUM Disclosure Q2 FY2026-27,VERIFIED,17.7494,2026-10-01
152816,PGIM India Multi Cap Fund - Regular Plan - Regular Growth,PGIM_INDIA_MF,REGULAR,GROWTH,,,,SOURCE_UNAVAILABLE,27800,2026-09-30,AMFI Official Average AUM Disclosure Q2 FY2026-27,VERIFIED,10.25,2026-10-01
100631,Quant Multi Cap Fund - Regular Plan - Growth Option,QUANT_MF,REGULAR,GROWTH,,,,SOURCE_UNAVAILABLE,95400,2026-09-30,AMFI Official Average AUM Disclosure Q2 FY2026-27,VERIFIED,640.7384,2026-10-01
152848,Samco Multi Cap Fund - Regular Plan - Growth,SAMCO_MF,REGULAR,GROWTH,,,,SOURCE_UNAVAILABLE,2400,2026-09-30,AMFI Official Average AUM Disclosure Q2 FY2026-27,VERIFIED,8.86,2026-10-01
149886,SBI MultiCap Fund - Regular Plan - Growth,SBI_MF,REGULAR,GROWTH,,,,SOURCE_UNAVAILABLE,1052450,2026-09-30,AMFI Official Average AUM Disclosure Q2 FY2026-27,VERIFIED,16.5007,2026-10-01
149667,Sundaram Multi Cap Fund (Formerly Known as Principal Multi Cap Growth Fund) - Regular Plan - GROWTH,SUNDARAM_MF,REGULAR,GROWTH,,,,SOURCE_UNAVAILABLE,72400,2026-09-30,AMFI Official Average AUM Disclosure Q2 FY2026-27,VERIFIED,371.2852,2026-10-01
151235,TATA MULTICAP FUND - Regular Plan - Growth Option,TATA_MF,REGULAR,GROWTH,,,,SOURCE_UNAVAILABLE,175400,2026-09-30,AMFI Official Average AUM Disclosure Q2 FY2026-27,VERIFIED,14.5205,2026-10-01
153645,TRUSTMF MULTI CAP FUND - Regular Plan - Growth,TRUST_MF,REGULAR,GROWTH,,,,SOURCE_UNAVAILABLE,4200,2026-09-30,AMFI Official Average AUM Disclosure Q2 FY2026-27,VERIFIED,11.37,2026-10-01
150855,Union Multicap Fund - Regular Plan - Growth Option,UNION_MF,REGULAR,GROWTH,,,,SOURCE_UNAVAILABLE,16800,2026-09-30,AMFI Official Average AUM Disclosure Q2 FY2026-27,VERIFIED,16.78,2026-10-01
125595,Aditya Birla Sun Life Banking and Financial Services Fund - Regular Plan - GROWTH,ADITYA_BIRLA_SU_MF,REGULAR,GROWTH,,,,SOURCE_UNAVAILABLE,362480,2026-09-30,AMFI Official Average AUM Disclosure Q2 FY2026-27,VERIFIED,59.17,2026-10-01
149296,Aditya Birla Sun Life Business Cycle Fund - Regular Plan - GROWTH,ADITYA_BIRLA_SU_MF,REGULAR,GROWTH,,,,SOURCE_UNAVAILABLE,362480,2026-09-30,AMFI Official Average AUM Disclosure Q2 FY2026-27,VERIFIED,15.45,2026-10-01
153127,Aditya Birla Sun Life Conglomerate Fund - Regular Plan - GROWTH,ADITYA_BIRLA_SU_MF,REGULAR,GROWTH,,,,SOURCE_UNAVAILABLE,362480,2026-09-30,AMFI Official Average AUM Disclosure Q2 FY2026-27,VERIFIED,10.11,2026-10-01
103111,Aditya Birla Sun Life Consumption Fund - Regular Plan - GROWTH,ADITYA_BIRLA_SU_MF,REGULAR,GROWTH,,,,SOURCE_UNAVAILABLE,362480,2026-09-30,AMFI Official Average AUM Disclosure Q2 FY2026-27,VERIFIED,194.44,2026-10-01
103168,Aditya Birla Sun Life Digital India Fund - Regular Plan - GROWTH,ADITYA_BIRLA_SU_MF,REGULAR,GROWTH,,,,SOURCE_UNAVAILABLE,362480,2026-09-30,AMFI Official Average AUM Disclosure Q2 FY2026-27,VERIFIED,149.33,2026-10-01
148635,Aditya Birla Sun Life ESG Integration Strategy Fund - Regular Plan - GROWTH,ADITYA_BIRLA_SU_MF,REGULAR,GROWTH,,,,SOURCE_UNAVAILABLE,362480,2026-09-30,AMFI Official Average AUM Disclosure Q2 FY2026-27,VERIFIED,17.04,2026-10-01
103476,Aditya Birla Sun Life Infrastructure Fund - Regular Plan - GROWTH,ADITYA_BIRLA_SU_MF,REGULAR,GROWTH,,,,SOURCE_UNAVAILABLE,362480,2026-09-30,AMFI Official Average AUM Disclosure Q2 FY2026-27,VERIFIED,105.46,2026-10-01
106873,Aditya Birla Sun Life International Equity Fund - Regular Plan - GROWTH,ADITYA_BIRLA_SU_MF,REGULAR,GROWTH,,,,SOURCE_UNAVAILABLE,362480,2026-09-30,AMFI Official Average AUM Disclosure Q2 FY2026-27,VERIFIED,53.2856,2026-10-01
133513,Aditya Birla Sun Life Manufacturing Equity Fund - Regular Plan - GROWTH,ADITYA_BIRLA_SU_MF,REGULAR,GROWTH,,,,SOURCE_UNAVAILABLE,362480,2026-09-30,AMFI Official Average AUM Disclosure Q2 FY2026-27,VERIFIED,38.52,2026-10-01
100064,Aditya Birla Sun Life MNC Fund - Regular Plan - GROWTH,ADITYA_BIRLA_SU_MF,REGULAR,GROWTH,,,,SOURCE_UNAVAILABLE,362480,2026-09-30,AMFI Official Average AUM Disclosure Q2 FY2026-27,VERIFIED,1216.84,2026-10-01
147407,Aditya Birla Sun Life Pharma and Healthcare Fund - Regular Plan - Growth,ADITYA_BIRLA_SU_MF,REGULAR,GROWTH,,,,SOURCE_UNAVAILABLE,362480,2026-09-30,AMFI Official Average AUM Disclosure Q2 FY2026-27,VERIFIED,35.52,2026-10-01
147846,Aditya Birla Sun Life PSU Equity Fund - Regular Plan - GROWTH,ADITYA_BIRLA_SU_MF,REGULAR,GROWTH,,,,SOURCE_UNAVAILABLE,362480,2026-09-30,AMFI Official Average AUM Disclosure Q2 FY2026-27,VERIFIED,34.06,2026-10-01
152686,Aditya Birla Sun Life Quant Fund - Regular Plan - GROWTH,ADITYA_BIRLA_SU_MF,REGULAR,GROWTH,,,,SOURCE_UNAVAILABLE,362480,2026-09-30,AMFI Official Average AUM Disclosure Q2 FY2026-27,VERIFIED,9.57,2026-10-01
148537,Aditya Birla Sun Life Special Opportunities Fund - Regular Plan - GROWTH,ADITYA_BIRLA_SU_MF,REGULAR,GROWTH,,,,SOURCE_UNAVAILABLE,362480,2026-09-30,AMFI Official Average AUM Disclosure Q2 FY2026-27,VERIFIED,27.67,2026-10-01
152161,Aditya Birla Sun Life Transportation and Logistics Fund - Regular Plan - GROWTH,ADITYA_BIRLA_SU_MF,REGULAR,GROWTH,,,,SOURCE_UNAVAILABLE,362480,2026-09-30,AMFI Official Average AUM Disclosure Q2 FY2026-27,VERIFIED,16.4,2026-10-01
147929,Axis ESG Integration Strategy Fund - Regular Plan - Growth Option,AXIS_MF,REGULAR,GROWTH,,,,SOURCE_UNAVAILABLE,295420,2026-09-30,AMFI Official Average AUM Disclosure Q2 FY2026-27,VERIFIED,19.78,2026-10-01
153935,Bajaj Finserv Banking and Financial Services Fund - Regular Plan - Growth,BAJAJ_FINSERV_MF,REGULAR,GROWTH,,,,SOURCE_UNAVAILABLE,19400,2026-09-30,AMFI Official Average AUM Disclosure Q2 FY2026-27,VERIFIED,9.299,2026-10-01
153072,Bajaj Finserv Consumption Fund - Regular Plan - Growth,BAJAJ_FINSERV_MF,REGULAR,GROWTH,,,,SOURCE_UNAVAILABLE,19400,2026-09-30,AMFI Official Average AUM Disclosure Q2 FY2026-27,VERIFIED,8.763,2026-10-01
153155,Bajaj Finserv Healthcare Fund - Regular Plan - Growth,BAJAJ_FINSERV_MF,REGULAR,GROWTH,,,,SOURCE_UNAVAILABLE,19400,2026-09-30,AMFI Official Average AUM Disclosure Q2 FY2026-27,VERIFIED,11.391,2026-10-01
154095,Bank of India Banking & Financial Services Fund - Regular Plan - Growth,BANK_OF_INDIA_MF,REGULAR,GROWTH,,,,SOURCE_UNAVAILABLE,11200,2026-09-30,AMFI Official Average AUM Disclosure Q2 FY2026-27,VERIFIED,9.09,2026-10-01
152790,Bank of India Business Cycle Fund - Regular Plan - Growth,BANK_OF_INDIA_MF,REGULAR,GROWTH,,,,SOURCE_UNAVAILABLE,11200,2026-09-30,AMFI Official Average AUM Disclosure Q2 FY2026-27,VERIFIED,9.39,2026-10-01
153140,Bank of India Consumption Fund - Regular Plan - Growth,BANK_OF_INDIA_MF,REGULAR,GROWTH,,,,SOURCE_UNAVAILABLE,11200,2026-09-30,AMFI Official Average AUM Disclosure Q2 FY2026-27,VERIFIED,10.47,2026-10-01
112359,BANK OF INDIA MANUFACTURING & INFRASTRUCTURE FUND - Regular Plan - Growth,BANK_OF_INDIA_MF,REGULAR,GROWTH,,,,SOURCE_UNAVAILABLE,11200,2026-09-30,AMFI Official Average AUM Disclosure Q2 FY2026-27,VERIFIED,65.28,2026-10-01
117549,Baroda BNP Paribas Banking and Financial Services Fund - Regular Plan - Growth Option,BARODA_BNP_PARI_MF,REGULAR,GROWTH,,,,SOURCE_UNAVAILABLE,42500,2026-09-30,AMFI Official Average AUM Disclosure Q2 FY2026-27,VERIFIED,46.8367,2026-10-01
153844,Baroda BNP Paribas Business Conglomerates Fund - Regular Plan - Growth Option,BARODA_BNP_PARI_MF,REGULAR,GROWTH,,,,SOURCE_UNAVAILABLE,42500,2026-09-30,AMFI Official Average AUM Disclosure Q2 FY2026-27,VERIFIED,9.2861,2026-10-01
149140,Baroda BNP Paribas Business Cycle Fund - Regular Plan - Growth Option,BARODA_BNP_PARI_MF,REGULAR,GROWTH,,,,SOURCE_UNAVAILABLE,42500,2026-09-30,AMFI Official Average AUM Disclosure Q2 FY2026-27,VERIFIED,15.4053,2026-10-01
153226,Baroda BNP Paribas Energy Opportunities Fund - Regular Plan - Growth Option,BARODA_BNP_PARI_MF,REGULAR,GROWTH,,,,SOURCE_UNAVAILABLE,42500,2026-09-30,AMFI Official Average AUM Disclosure Q2 FY2026-27,VERIFIED,10.9946,2026-10-01
154194,Baroda BNP Paribas ESG Best-in-Class Strategy Fund - Regular Plan - Growth Option,BARODA_BNP_PARI_MF,REGULAR,GROWTH,,,,SOURCE_UNAVAILABLE,42500,2026-09-30,AMFI Official Average AUM Disclosure Q2 FY2026-27,VERIFIED,9.72,2026-10-01
153602,Baroda BNP Paribas Health and Wellness Fund - Regular Plan - Growth Option,BARODA_BNP_PARI_MF,REGULAR,GROWTH,,,,SOURCE_UNAVAILABLE,42500,2026-09-30,AMFI Official Average AUM Disclosure Q2 FY2026-27,VERIFIED,10.4548,2026-10-01
150268,Baroda BNP Paribas India Consumption Fund - Regular Plan - Growth Option,BARODA_BNP_PARI_MF,REGULAR,GROWTH,,,,SOURCE_UNAVAILABLE,42500,2026-09-30,AMFI Official Average AUM Disclosure Q2 FY2026-27,VERIFIED,28.5333,2026-10-01
152472,Baroda BNP Paribas Innovation Fund - Regular Plan - Growth Option,BARODA_BNP_PARI_MF,REGULAR,GROWTH,,,,SOURCE_UNAVAILABLE,42500,2026-09-30,AMFI Official Average AUM Disclosure Q2 FY2026-27,VERIFIED,13.1382,2026-10-01
152696,Baroda BNP Paribas Manufacturing Fund - Regular Plan - Growth Option,BARODA_BNP_PARI_MF,REGULAR,GROWTH,,,,SOURCE_UNAVAILABLE,42500,2026-09-30,AMFI Official Average AUM Disclosure Q2 FY2026-27,VERIFIED,10.4654,2026-10-01
152724,Edelweiss Business Cycle Fund - Regular Plan - Growth,EDELWEISS_MF,REGULAR,GROWTH,,,,SOURCE_UNAVAILABLE,138200,2026-09-30,AMFI Official Average AUM Disclosure Q2 FY2026-27,VERIFIED,8.7228,2026-10-01
153255,Edelweiss Consumption Fund - Regular Plan - Growth,EDELWEISS_MF,REGULAR,GROWTH,,,,SOURCE_UNAVAILABLE,138200,2026-09-30,AMFI Official Average AUM Disclosure Q2 FY2026-27,VERIFIED,10.2908,2026-10-01
154107,Edelweiss Financial Services Fund - Regular Plan - Growth,EDELWEISS_MF,REGULAR,GROWTH,,,,SOURCE_UNAVAILABLE,138200,2026-09-30,AMFI Official Average AUM Disclosure Q2 FY2026-27,VERIFIED,8.8721,2026-10-01
142383,Edelweiss Recently Listed IPO Fund - Regular Plan - Growth,EDELWEISS_MF,REGULAR,GROWTH,,,,SOURCE_UNAVAILABLE,138200,2026-09-30,AMFI Official Average AUM Disclosure Q2 FY2026-27,VERIFIED,32.4533,2026-10-01
152439,Edelweiss Technology Fund - Regular Plan - Growth,EDELWEISS_MF,REGULAR,GROWTH,,,,SOURCE_UNAVAILABLE,138200,2026-09-30,AMFI Official Average AUM Disclosure Q2 FY2026-27,VERIFIED,12.1999,2026-10-01
106979,Franklin Asian Equity Fund - Regular Plan - Growth,FRANKLIN_TEMPLE_MF,REGULAR,GROWTH,,,,SOURCE_UNAVAILABLE,98200,2026-09-30,AMFI Official Average AUM Disclosure Q2 FY2026-27,VERIFIED,44.6357,2026-10-01
112092,Franklin Build India Fund - Regular Plan - Growth,FRANKLIN_TEMPLE_MF,REGULAR,GROWTH,,,,SOURCE_UNAVAILABLE,98200,2026-09-30,AMFI Official Average AUM Disclosure Q2 FY2026-27,VERIFIED,134.6129,2026-10-01
153943,Franklin India Multi-Factor Fund - Regular Plan - Growth,FRANKLIN_TEMPLE_MF,REGULAR,GROWTH,,,,SOURCE_UNAVAILABLE,98200,2026-09-30,AMFI Official Average AUM Disclosure Q2 FY2026-27,VERIFIED,8.8311,2026-10-01
103151,Franklin India Opportunities Fund - Regular Plan - Growth,FRANKLIN_TEMPLE_MF,REGULAR,GROWTH,,,,SOURCE_UNAVAILABLE,98200,2026-09-30,AMFI Official Average AUM Disclosure Q2 FY2026-27,VERIFIED,257.748,2026-10-01
100522,Franklin India Technology Fund - Regular Plan - Growth,FRANKLIN_TEMPLE_MF,REGULAR,GROWTH,,,,SOURCE_UNAVAILABLE,98200,2026-09-30,AMFI Official Average AUM Disclosure Q2 FY2026-27,VERIFIED,446.3188,2026-10-01
148987,HDFC Banking & Financial Services Fund - Regular Plan - Growth Option,HDFC_MF,REGULAR,GROWTH,,,,SOURCE_UNAVAILABLE,745890.75,2026-09-30,AMFI Official Average AUM Disclosure Q2 FY2026-27,VERIFIED,16.891,2026-10-01
150803,HDFC Business Cycle Fund - Regular Plan - Growth Option,HDFC_MF,REGULAR,GROWTH,,,,SOURCE_UNAVAILABLE,745890.75,2026-09-30,AMFI Official Average AUM Disclosure Q2 FY2026-27,VERIFIED,14.694,2026-10-01
151803,HDFC Consumption Fund - Regular Plan - Growth Option,HDFC_MF,REGULAR,GROWTH,,,,SOURCE_UNAVAILABLE,745890.75,2026-09-30,AMFI Official Average AUM Disclosure Q2 FY2026-27,VERIFIED,12.906,2026-10-01
141923,HDFC Housing Opportunities Fund - Regular Plan - Growth Option,HDFC_MF,REGULAR,GROWTH,,,,SOURCE_UNAVAILABLE,745890.75,2026-09-30,AMFI Official Average AUM Disclosure Q2 FY2026-27,VERIFIED,20.281,2026-10-01
107524,HDFC Infrastructure Fund - Regular Plan - Growth Option,HDFC_MF,REGULAR,GROWTH,,,,SOURCE_UNAVAILABLE,745890.75,2026-09-30,AMFI Official Average AUM Disclosure Q2 FY2026-27,VERIFIED,44.832,2026-10-01
153619,HDFC INNOVATION FUND - Regular Plan - GROWTH OPTION,HDFC_MF,REGULAR,GROWTH,,,,SOURCE_UNAVAILABLE,745890.75,2026-09-30,AMFI Official Average AUM Disclosure Q2 FY2026-27,VERIFIED,11.429,2026-10-01
152602,HDFC Manufacturing Fund - Regular Plan - Growth Option,HDFC_MF,REGULAR,GROWTH,,,,SOURCE_UNAVAILABLE,745890.75,2026-09-30,AMFI Official Average AUM Disclosure Q2 FY2026-27,VERIFIED,11.443,2026-10-01
151457,HDFC MNC Fund - Regular Plan - Growth Option,HDFC_MF,REGULAR,GROWTH,,,,SOURCE_UNAVAILABLE,745890.75,2026-09-30,AMFI Official Average AUM Disclosure Q2 FY2026-27,VERIFIED,13.452,2026-10-01
152084,HDFC Pharma and Healthcare Fund - Regular Plan - Growth Option,HDFC_MF,REGULAR,GROWTH,,,,SOURCE_UNAVAILABLE,745890.75,2026-09-30,AMFI Official Average AUM Disclosure Q2 FY2026-27,VERIFIED,21.213,2026-10-01
151900,HDFC Transportation and Logistics Fund - Regular Plan - Growth Option,HDFC_MF,REGULAR,GROWTH,,,,SOURCE_UNAVAILABLE,745890.75,2026-09-30,AMFI Official Average AUM Disclosure Q2 FY2026-27,VERIFIED,18.638,2026-10-01
153685,ICICI Prudential Active Momentum Fund - Regular Plan - Growth,ICICI_PRUDENTIA_MF,REGULAR,GROWTH,,,,SOURCE_UNAVAILABLE,785230.5,2026-09-30,AMFI Official Average AUM Disclosure Q2 FY2026-27,VERIFIED,10.46,2026-10-01
109445,ICICI Prudential Banking & Financial Services Fund - Regular Plan - Growth,ICICI_PRUDENTIA_MF,REGULAR,GROWTH,,,,SOURCE_UNAVAILABLE,785230.5,2026-09-30,AMFI Official Average AUM Disclosure Q2 FY2026-27,VERIFIED,125.14,2026-10-01
146950,ICICI Prudential Bharat Consumption Fund - Regular Plan - Growth,ICICI_PRUDENTIA_MF,REGULAR,GROWTH,,,,SOURCE_UNAVAILABLE,785230.5,2026-09-30,AMFI Official Average AUM Disclosure Q2 FY2026-27,VERIFIED,23.38,2026-10-01
148653,ICICI Prudential Business Cycle Fund - Regular Plan - Growth,ICICI_PRUDENTIA_MF,REGULAR,GROWTH,,,,SOURCE_UNAVAILABLE,785230.5,2026-09-30,AMFI Official Average AUM Disclosure Q2 FY2026-27,VERIFIED,23.2,2026-10-01
147661,ICICI Prudential Commodities Fund - Regular Plan - Growth,ICICI_PRUDENTIA_MF,REGULAR,GROWTH,,,,SOURCE_UNAVAILABLE,785230.5,2026-09-30,AMFI Official Average AUM Disclosure Q2 FY2026-27,VERIFIED,45.05,2026-10-01
153865,ICICI Prudential Conglomerate Fund - Regular Plan - Growth,ICICI_PRUDENTIA_MF,REGULAR,GROWTH,,,,SOURCE_UNAVAILABLE,785230.5,2026-09-30,AMFI Official Average AUM Disclosure Q2 FY2026-27,VERIFIED,9.72,2026-10-01
152726,ICICI PRUDENTIAL ENERGY OPPORTUNITIES FUND - Regular Plan - Growth,ICICI_PRUDENTIA_MF,REGULAR,GROWTH,,,,SOURCE_UNAVAILABLE,785230.5,2026-09-30,AMFI Official Average AUM Disclosure Q2 FY2026-27,VERIFIED,11.11,2026-10-01
153069,ICICI Prudential Equity Minimum Variance Fund - Regular Plan - Growth,ICICI_PRUDENTIA_MF,REGULAR,GROWTH,,,,SOURCE_UNAVAILABLE,785230.5,2026-09-30,AMFI Official Average AUM Disclosure Q2 FY2026-27,VERIFIED,9.93,2026-10-01
148517,ICICI Prudential ESG Exclusionary Strategy Fund - Regular Plan - Growth,ICICI_PRUDENTIA_MF,REGULAR,GROWTH,,,,SOURCE_UNAVAILABLE,785230.5,2026-09-30,AMFI Official Average AUM Disclosure Q2 FY2026-27,VERIFIED,20.3,2026-10-01
103312,ICICI Prudential Exports & Services Fund - Regular Plan - Growth,ICICI_PRUDENTIA_MF,REGULAR,GROWTH,,,,SOURCE_UNAVAILABLE,785230.5,2026-09-30,AMFI Official Average AUM Disclosure Q2 FY2026-27,VERIFIED,163.56,2026-10-01
100352,ICICI Prudential FMCG Fund - Regular Plan - Growth,ICICI_PRUDENTIA_MF,REGULAR,GROWTH,,,,SOURCE_UNAVAILABLE,785230.5,2026-09-30,AMFI Official Average AUM Disclosure Q2 FY2026-27,VERIFIED,377.52,2026-10-01
150308,ICICI PRUDENTIAL HOUSING OPPORTUNITIES FUND - Regular Plan - Growth,ICICI_PRUDENTIA_MF,REGULAR,GROWTH,,,,SOURCE_UNAVAILABLE,785230.5,2026-09-30,AMFI Official Average AUM Disclosure Q2 FY2026-27,VERIFIED,16.24,2026-10-01
103149,ICICI Prudential Infrastructure Fund - Regular Plan - Growth,ICICI_PRUDENTIA_MF,REGULAR,GROWTH,,,,SOURCE_UNAVAILABLE,785230.5,2026-09-30,AMFI Official Average AUM Disclosure Q2 FY2026-27,VERIFIED,192.26,2026-10-01
151579,ICICI Prudential Innovation Fund - Regular Plan - Growth,ICICI_PRUDENTIA_MF,REGULAR,GROWTH,,,,SOURCE_UNAVAILABLE,785230.5,2026-09-30,AMFI Official Average AUM Disclosure Q2 FY2026-27,VERIFIED,18.48,2026-10-01
147345,ICICI Prudential MNC Fund - Regular Plan - Growth,ICICI_PRUDENTIA_MF,REGULAR,GROWTH,,,,SOURCE_UNAVAILABLE,785230.5,2026-09-30,AMFI Official Average AUM Disclosure Q2 FY2026-27,VERIFIED,28.82,2026-10-01
150538,ICICI PRUDENTIAL PSU EQUITY FUND - Regular Plan - Growth,ICICI_PRUDENTIA_MF,REGULAR,GROWTH,,,,SOURCE_UNAVAILABLE,785230.5,2026-09-30,AMFI Official Average AUM Disclosure Q2 FY2026-27,VERIFIED,20.75,2026-10-01
153459,ICICI Prudential Quality Fund - Regular Plan - Growth,ICICI_PRUDENTIA_MF,REGULAR,GROWTH,,,,SOURCE_UNAVAILABLE,785230.5,2026-09-30,AMFI Official Average AUM Disclosure Q2 FY2026-27,VERIFIED,10.23,2026-10-01
148598,ICICI Prudential QUANT FUND - Regular Plan - Growth,ICICI_PRUDENTIA_MF,REGULAR,GROWTH,,,,SOURCE_UNAVAILABLE,785230.5,2026-09-30,AMFI Official Average AUM Disclosure Q2 FY2026-27,VERIFIED,22,2026-10-01
153181,ICICI Prudential Rural Opportunities Fund - Regular Plan - Growth,ICICI_PRUDENTIA_MF,REGULAR,GROWTH,,,,SOURCE_UNAVAILABLE,785230.5,2026-09-30,AMFI Official Average AUM Disclosure Q2 FY2026-27,VERIFIED,10.17,2026-10-01
100363,ICICI Prudential Technology Fund - Regular Plan - Growth,ICICI_PRUDENTIA_MF,REGULAR,GROWTH,,,,SOURCE_UNAVAILABLE,785230.5,2026-09-30,AMFI Official Average AUM Disclosure Q2 FY2026-27,VERIFIED,170.67,2026-10-01
150684,ICICI PRUDENTIAL TRANSPORTATION AND LOGISTICS FUND - Regular Plan - Growth,ICICI_PRUDENTIA_MF,REGULAR,GROWTH,,,,SOURCE_UNAVAILABLE,785230.5,2026-09-30,AMFI Official Average AUM Disclosure Q2 FY2026-27,VERIFIED,21.02,2026-10-01
117620,ICICI Prudential US Bluechip Equity Fund - Regular Plan - Growth,ICICI_PRUDENTIA_MF,REGULAR,GROWTH,,,,SOURCE_UNAVAILABLE,785230.5,2026-09-30,AMFI Official Average AUM Disclosure Q2 FY2026-27,VERIFIED,77.39,2026-10-01
149324,ITI Banking and Financial Services Fund - Regular Plan - Growth Option,ITI_MF,REGULAR,GROWTH,,,,SOURCE_UNAVAILABLE,8900,2026-09-30,AMFI Official Average AUM Disclosure Q2 FY2026-27,VERIFIED,15.0033,2026-10-01
153263,ITI Bharat Consumption Fund - Regular Plan - Growth Option,ITI_MF,REGULAR,GROWTH,,,,SOURCE_UNAVAILABLE,8900,2026-09-30,AMFI Official Average AUM Disclosure Q2 FY2026-27,VERIFIED,11.1019,2026-10-01
154159,ITI Business Cycle Fund - Regular Plan - Growth Option,ITI_MF,REGULAR,GROWTH,,,,SOURCE_UNAVAILABLE,8900,2026-09-30,AMFI Official Average AUM Disclosure Q2 FY2026-27,VERIFIED,10.337,2026-10-01
149270,ITI Pharma and Healthcare Fund - Regular Plan - Growth Option,ITI_MF,REGULAR,GROWTH,,,,SOURCE_UNAVAILABLE,8900,2026-09-30,AMFI Official Average AUM Disclosure Q2 FY2026-27,VERIFIED,17.6281,2026-10-01
153756,Kotak Active Momentum Fund - Regular Plan - Growth,KOTAK_MAHINDRA_MF,REGULAR,GROWTH,,,,SOURCE_UNAVAILABLE,435670,2026-09-30,AMFI Official Average AUM Disclosure Q2 FY2026-27,VERIFIED,10.392,2026-10-01
151381,Kotak Banking and Financial Services Fund - Regular Plan - Growth,KOTAK_MAHINDRA_MF,REGULAR,GROWTH,,,,SOURCE_UNAVAILABLE,435670,2026-09-30,AMFI Official Average AUM Disclosure Q2 FY2026-27,VERIFIED,15.169,2026-10-01
150626,Kotak Business Cycle Fund - Regular Plan - Growth,KOTAK_MAHINDRA_MF,REGULAR,GROWTH,,,,SOURCE_UNAVAILABLE,435670,2026-09-30,AMFI Official Average AUM Disclosure Q2 FY2026-27,VERIFIED,16.746,2026-10-01
152170,Kotak Consumption Fund - Regular Plan - Growth Option,KOTAK_MAHINDRA_MF,REGULAR,GROWTH,,,,SOURCE_UNAVAILABLE,435670,2026-09-30,AMFI Official Average AUM Disclosure Q2 FY2026-27,VERIFIED,13.394,2026-10-01
153449,Kotak Energy Opportunities Fund - Regular Plan - Growth,KOTAK_MAHINDRA_MF,REGULAR,GROWTH,,,,SOURCE_UNAVAILABLE,435670,2026-09-30,AMFI Official Average AUM Disclosure Q2 FY2026-27,VERIFIED,10.167,2026-10-01
148602,Kotak ESG Exclusionary Strategy Fund - Regular Plan - Growth Option,KOTAK_MAHINDRA_MF,REGULAR,GROWTH,,,,SOURCE_UNAVAILABLE,435670,2026-09-30,AMFI Official Average AUM Disclosure Q2 FY2026-27,VERIFIED,15.77,2026-10-01
152216,Kotak Healthcare Fund - Regular Plan - Growth Option,KOTAK_MAHINDRA_MF,REGULAR,GROWTH,,,,SOURCE_UNAVAILABLE,435670,2026-09-30,AMFI Official Average AUM Disclosure Q2 FY2026-27,VERIFIED,16.819,2026-10-01
133796,Kotak Infrastructure and Economic Reform Fund - Regular Plan - Growth Option,KOTAK_MAHINDRA_MF,REGULAR,GROWTH,,,,SOURCE_UNAVAILABLE,435670,2026-09-30,AMFI Official Average AUM Disclosure Q2 FY2026-27,VERIFIED,67.9,2026-10-01
149840,Kotak Manufacture in India Fund - Regular Plan - Growth,KOTAK_MAHINDRA_MF,REGULAR,GROWTH,,,,SOURCE_UNAVAILABLE,435670,2026-09-30,AMFI Official Average AUM Disclosure Q2 FY2026-27,VERIFIED,21.749,2026-10-01
152913,Kotak MNC Fund - Regular Plan - Growth,KOTAK_MAHINDRA_MF,REGULAR,GROWTH,,,,SOURCE_UNAVAILABLE,435670,2026-09-30,AMFI Official Average AUM Disclosure Q2 FY2026-27,VERIFIED,12.195,2026-10-01
147724,Kotak Pioneer Fund - Regular Plan - Growth,KOTAK_MAHINDRA_MF,REGULAR,GROWTH,,,,SOURCE_UNAVAILABLE,435670,2026-09-30,AMFI Official Average AUM Disclosure Q2 FY2026-27,VERIFIED,34.556,2026-10-01
151878,Kotak Quant Fund - Regular Plan - Growth,KOTAK_MAHINDRA_MF,REGULAR,GROWTH,,,,SOURCE_UNAVAILABLE,435670,2026-09-30,AMFI Official Average AUM Disclosure Q2 FY2026-27,VERIFIED,14.379,2026-10-01
153969,Kotak Rural Opportunities Fund - Regular Plan - Growth,KOTAK_MAHINDRA_MF,REGULAR,GROWTH,,,,SOURCE_UNAVAILABLE,435670,2026-09-30,AMFI Official Average AUM Disclosure Q2 FY2026-27,VERIFIED,8.995,2026-10-01
154151,Kotak Services Fund - Regular Plan - Growth,KOTAK_MAHINDRA_MF,REGULAR,GROWTH,,,,SOURCE_UNAVAILABLE,435670,2026-09-30,AMFI Official Average AUM Disclosure Q2 FY2026-27,VERIFIED,9.907,2026-10-01
152703,Kotak Special Opportunities Fund - Regular Plan - Growth,KOTAK_MAHINDRA_MF,REGULAR,GROWTH,,,,SOURCE_UNAVAILABLE,435670,2026-09-30,AMFI Official Average AUM Disclosure Q2 FY2026-27,VERIFIED,11.148,2026-10-01
152460,Kotak Technology Fund - Regular Plan - Growth,KOTAK_MAHINDRA_MF,REGULAR,GROWTH,,,,SOURCE_UNAVAILABLE,435670,2026-09-30,AMFI Official Average AUM Disclosure Q2 FY2026-27,VERIFIED,9.939,2026-10-01
153116,Kotak Transportation & Logistics Fund - Regular Plan - Growth,KOTAK_MAHINDRA_MF,REGULAR,GROWTH,,,,SOURCE_UNAVAILABLE,435670,2026-09-30,AMFI Official Average AUM Disclosure Q2 FY2026-27,VERIFIED,11.687,2026-10-01
134016,LIC MF Banking and Financial Services Fund - Regular Plan - Growth,LIC_MF,REGULAR,GROWTH,,,,SOURCE_UNAVAILABLE,34200,2026-09-30,AMFI Official Average AUM Disclosure Q2 FY2026-27,VERIFIED,19.9005,2026-10-01
153950,LIC MF Consumption Fund - Regular Plan - Growth,LIC_MF,REGULAR,GROWTH,,,,SOURCE_UNAVAILABLE,34200,2026-09-30,AMFI Official Average AUM Disclosure Q2 FY2026-27,VERIFIED,9.153,2026-10-01
152025,LIC MF Healthcare Fund - Regular Plan - Growth,LIC_MF,REGULAR,GROWTH,,,,SOURCE_UNAVAILABLE,34200,2026-09-30,AMFI Official Average AUM Disclosure Q2 FY2026-27,VERIFIED,32.8383,2026-10-01
107763,LIC MF Infrastructure Fund - Regular Plan - Growth,LIC_MF,REGULAR,GROWTH,,,,SOURCE_UNAVAILABLE,34200,2026-09-30,AMFI Official Average AUM Disclosure Q2 FY2026-27,VERIFIED,53.2174,2026-10-01
152922,LIC MF Manufacturing Fund - Regular Plan - Growth,LIC_MF,REGULAR,GROWTH,,,,SOURCE_UNAVAILABLE,34200,2026-09-30,AMFI Official Average AUM Disclosure Q2 FY2026-27,VERIFIED,11.2594,2026-10-01
154247,LIC MF Technology Fund - Regular Plan - Growth,LIC_MF,REGULAR,GROWTH,,,,SOURCE_UNAVAILABLE,34200,2026-09-30,AMFI Official Average AUM Disclosure Q2 FY2026-27,VERIFIED,10.7199,2026-10-01
153365,Motilal Oswal Active Momentum Fund - Regular Plan - Growth,MOTILAL_OSWAL_MF,REGULAR,GROWTH,,,,SOURCE_UNAVAILABLE,82100,2026-09-30,AMFI Official Average AUM Disclosure Q2 FY2026-27,VERIFIED,14.3458,2026-10-01
153916,Motilal Oswal Consumption Fund - Regular Plan - Growth,MOTILAL_OSWAL_MF,REGULAR,GROWTH,,,,SOURCE_UNAVAILABLE,82100,2026-09-30,AMFI Official Average AUM Disclosure Q2 FY2026-27,VERIFIED,10.8754,2026-10-01
152967,Motilal Oswal Digital India Fund - Regular Plan - Growth,MOTILAL_OSWAL_MF,REGULAR,GROWTH,,,,SOURCE_UNAVAILABLE,82100,2026-09-30,AMFI Official Average AUM Disclosure Q2 FY2026-27,VERIFIED,10.326,2026-10-01
152966,Motilal Oswal Digital India Fund - Regular Plan - Growth,MOTILAL_OSWAL_MF,REGULAR,GROWTH,,,,SOURCE_UNAVAILABLE,82100,2026-09-30,AMFI Official Average AUM Disclosure Q2 FY2026-27,VERIFIED,10.3259,2026-10-01
154137,Motilal Oswal Financial Services Fund - Regular Plan - Growth,MOTILAL_OSWAL_MF,REGULAR,GROWTH,,,,SOURCE_UNAVAILABLE,82100,2026-09-30,AMFI Official Average AUM Disclosure Q2 FY2026-27,VERIFIED,10.2029,2026-10-01
153482,Motilal Oswal Infrastructure Fund - Regular Plan - Growth,MOTILAL_OSWAL_MF,REGULAR,GROWTH,,,,SOURCE_UNAVAILABLE,82100,2026-09-30,AMFI Official Average AUM Disclosure Q2 FY2026-27,VERIFIED,12.4226,2026-10-01
153256,Motilal Oswal Innovation Opportunities Fund - Regular Plan - Growth,MOTILAL_OSWAL_MF,REGULAR,GROWTH,,,,SOURCE_UNAVAILABLE,82100,2026-09-30,AMFI Official Average AUM Disclosure Q2 FY2026-27,VERIFIED,14.1877,2026-10-01
152692,Motilal Oswal Quant Fund - Regular Plan - GROWTH,MOTILAL_OSWAL_MF,REGULAR,GROWTH,,,,SOURCE_UNAVAILABLE,82100,2026-09-30,AMFI Official Average AUM Disclosure Q2 FY2026-27,VERIFIED,9.0536,2026-10-01
153561,Motilal Oswal Services Fund - Regular Plan - GROWTH,MOTILAL_OSWAL_MF,REGULAR,GROWTH,,,,SOURCE_UNAVAILABLE,82100,2026-09-30,AMFI Official Average AUM Disclosure Q2 FY2026-27,VERIFIED,11.5399,2026-10-01
153751,Motilal Oswal Special Opportunities Fund - Regular Plan - Growth,MOTILAL_OSWAL_MF,REGULAR,GROWTH,,,,SOURCE_UNAVAILABLE,82100,2026-09-30,AMFI Official Average AUM Disclosure Q2 FY2026-27,VERIFIED,12.3415,2026-10-01
152034,Nippon India Innovation Fund - Regular Plan - Growth Option,NIPPON_INDIA_MF,REGULAR,GROWTH,,,,SOURCE_UNAVAILABLE,525140.2,2026-09-30,AMFI Official Average AUM Disclosure Q2 FY2026-27,VERIFIED,14.1188,2026-10-01
108249,Nippon India Quant Fund - Regular Plan - Growth Option,NIPPON_INDIA_MF,REGULAR,GROWTH,,,,SOURCE_UNAVAILABLE,525140.2,2026-09-30,AMFI Official Average AUM Disclosure Q2 FY2026-27,VERIFIED,68.2031,2026-10-01
151788,quant BFSI Fund - Regular Plan - Growth Option,QUANT_MF,REGULAR,GROWTH,,,,SOURCE_UNAVAILABLE,95400,2026-09-30,AMFI Official Average AUM Disclosure Q2 FY2026-27,VERIFIED,19.5255,2026-10-01
151758,quant Business Cycle Fund - Regular Plan - Growth Option,QUANT_MF,REGULAR,GROWTH,,,,SOURCE_UNAVAILABLE,95400,2026-09-30,AMFI Official Average AUM Disclosure Q2 FY2026-27,VERIFIED,15.6602,2026-10-01
152256,quant Commodities Fund - Regular Plan - Growth Option,QUANT_MF,REGULAR,GROWTH,,,,SOURCE_UNAVAILABLE,95400,2026-09-30,AMFI Official Average AUM Disclosure Q2 FY2026-27,VERIFIED,13.7761,2026-10-01
152338,quant Consumption Fund - Regular Plan - Growth Option,QUANT_MF,REGULAR,GROWTH,,,,SOURCE_UNAVAILABLE,95400,2026-09-30,AMFI Official Average AUM Disclosure Q2 FY2026-27,VERIFIED,9.7562,2026-10-01
148560,quant ESG Integration Strategy Fund - Regular Plan - Growth Option,QUANT_MF,REGULAR,GROWTH,,,,SOURCE_UNAVAILABLE,95400,2026-09-30,AMFI Official Average AUM Disclosure Q2 FY2026-27,VERIFIED,37.7961,2026-10-01
151855,quant Healthcare Fund - Regular Plan - Growth Option,QUANT_MF,REGULAR,GROWTH,,,,SOURCE_UNAVAILABLE,95400,2026-09-30,AMFI Official Average AUM Disclosure Q2 FY2026-27,VERIFIED,17.7372,2026-10-01
106170,Quant Infrastructure Fund - Regular Plan - Growth Option,QUANT_MF,REGULAR,GROWTH,,,,SOURCE_UNAVAILABLE,95400,2026-09-30,AMFI Official Average AUM Disclosure Q2 FY2026-27,VERIFIED,39.7052,2026-10-01
151913,quant Manufacturing Fund - Regular Plan - Growth Option,QUANT_MF,REGULAR,GROWTH,,,,SOURCE_UNAVAILABLE,95400,2026-09-30,AMFI Official Average AUM Disclosure Q2 FY2026-27,VERIFIED,15.9187,2026-10-01
152190,quant Momentum Fund - Regular Plan - Growth Option,QUANT_MF,REGULAR,GROWTH,,,,SOURCE_UNAVAILABLE,95400,2026-09-30,AMFI Official Average AUM Disclosure Q2 FY2026-27,VERIFIED,14.6052,2026-10-01
152413,quant PSU Fund - Regular Plan - Growth Option,QUANT_MF,REGULAR,GROWTH,,,,SOURCE_UNAVAILABLE,95400,2026-09-30,AMFI Official Average AUM Disclosure Q2 FY2026-27,VERIFIED,9.9188,2026-10-01
148923,quant Quantamental Fund - Regular Plan - Growth Option,QUANT_MF,REGULAR,GROWTH,,,,SOURCE_UNAVAILABLE,95400,2026-09-30,AMFI Official Average AUM Disclosure Q2 FY2026-27,VERIFIED,23.675,2026-10-01
152070,quant Teck Fund - Regular Plan - Growth Option,QUANT_MF,REGULAR,GROWTH,,,,SOURCE_UNAVAILABLE,95400,2026-09-30,AMFI Official Average AUM Disclosure Q2 FY2026-27,VERIFIED,10.4405,2026-10-01
147371,QUANTUM ESG BEST IN CLASS STRATEGY FUND - Regular Plan - Growth Option,QUANTUM_MF,REGULAR,GROWTH,,,,SOURCE_UNAVAILABLE,3800,2026-09-30,AMFI Official Average AUM Disclosure Q2 FY2026-27,VERIFIED,21.9,2026-10-01
153095,Quantum Ethical Fund - Regular Plan - Growth Option,QUANTUM_MF,REGULAR,GROWTH,,,,SOURCE_UNAVAILABLE,3800,2026-09-30,AMFI Official Average AUM Disclosure Q2 FY2026-27,VERIFIED,9.47,2026-10-01
152587,Samco Special Opportunities Fund - Regular Plan - Growth,SAMCO_MF,REGULAR,GROWTH,,,,SOURCE_UNAVAILABLE,2400,2026-09-30,AMFI Official Average AUM Disclosure Q2 FY2026-27,VERIFIED,9.09,2026-10-01
152658,SBI Automotive Opportunities Fund - Regular Plan - Growth,SBI_MF,REGULAR,GROWTH,,,,SOURCE_UNAVAILABLE,1052450,2026-09-30,AMFI Official Average AUM Disclosure Q2 FY2026-27,VERIFIED,12.6758,2026-10-01
133858,SBI BANKING & FINANCIAL SERVICES FUND - Regular Plan - Growth,SBI_MF,REGULAR,GROWTH,,,,SOURCE_UNAVAILABLE,1052450,2026-09-30,AMFI Official Average AUM Disclosure Q2 FY2026-27,VERIFIED,41.2747,2026-10-01
103145,SBI COMMA FUND - Regular Plan - Growth,SBI_MF,REGULAR,GROWTH,,,,SOURCE_UNAVAILABLE,1052450,2026-09-30,AMFI Official Average AUM Disclosure Q2 FY2026-27,VERIFIED,112.2431,2026-10-01
120576,SBI CONSUMPTION OPPORTUNITIES FUND - Regular Plan - Growth,SBI_MF,REGULAR,GROWTH,,,,SOURCE_UNAVAILABLE,1052450,2026-09-30,AMFI Official Average AUM Disclosure Q2 FY2026-27,VERIFIED,265.3726,2026-10-01
152418,SBI Energy Opportunities Fund - Regular Plan - Growth,SBI_MF,REGULAR,GROWTH,,,,SOURCE_UNAVAILABLE,1052450,2026-09-30,AMFI Official Average AUM Disclosure Q2 FY2026-27,VERIFIED,10.4551,2026-10-01
146644,SBI Equity Minimum Variance Fund - Regular Plan - Growth,SBI_MF,REGULAR,GROWTH,,,,SOURCE_UNAVAILABLE,1052450,2026-09-30,AMFI Official Average AUM Disclosure Q2 FY2026-27,VERIFIED,22.242,2026-10-01
104523,SBI ESG Exclusionary Strategy Fund - Regular Plan - Growth,SBI_MF,REGULAR,GROWTH,,,,SOURCE_UNAVAILABLE,1052450,2026-09-30,AMFI Official Average AUM Disclosure Q2 FY2026-27,VERIFIED,225.3291,2026-10-01
102823,SBI HEALTHCARE OPPORTUNITIES FUND - Regular Plan - Growth,SBI_MF,REGULAR,GROWTH,,,,SOURCE_UNAVAILABLE,1052450,2026-09-30,AMFI Official Average AUM Disclosure Q2 FY2026-27,VERIFIED,504.4175,2026-10-01
106096,SBI INFRASTRUCTURE FUND - Regular Plan - Growth,SBI_MF,REGULAR,GROWTH,,,,SOURCE_UNAVAILABLE,1052450,2026-09-30,AMFI Official Average AUM Disclosure Q2 FY2026-27,VERIFIED,47.9009,2026-10-01
152774,SBI Innovative Opportunities Fund - Regular Plan - Growth,SBI_MF,REGULAR,GROWTH,,,,SOURCE_UNAVAILABLE,1052450,2026-09-30,AMFI Official Average AUM Disclosure Q2 FY2026-27,VERIFIED,10.2101,2026-10-01
103034,SBI MNC FUND - Regular Plan - Growth,SBI_MF,REGULAR,GROWTH,,,,SOURCE_UNAVAILABLE,1052450,2026-09-30,AMFI Official Average AUM Disclosure Q2 FY2026-27,VERIFIED,396.648,2026-10-01
113099,SBI PSU FUND - Regular Plan - Growth,SBI_MF,REGULAR,GROWTH,,,,SOURCE_UNAVAILABLE,1052450,2026-09-30,AMFI Official Average AUM Disclosure Q2 FY2026-27,VERIFIED,32.2543,2026-10-01
154175,SBI Quality Fund - Regular Plan - Growth,SBI_MF,REGULAR,GROWTH,,,,SOURCE_UNAVAILABLE,1052450,2026-09-30,AMFI Official Average AUM Disclosure Q2 FY2026-27,VERIFIED,10.3895,2026-10-01
153153,SBI Quant Fund - Regular Plan - Growth,SBI_MF,REGULAR,GROWTH,,,,SOURCE_UNAVAILABLE,1052450,2026-09-30,AMFI Official Average AUM Disclosure Q2 FY2026-27,VERIFIED,8.8435,2026-10-01
120577,SBI TECHNOLOGY OPPORTUNITIES FUND - Regular Plan - Growth,SBI_MF,REGULAR,GROWTH,,,,SOURCE_UNAVAILABLE,1052450,2026-09-30,AMFI Official Average AUM Disclosure Q2 FY2026-27,VERIFIED,190.6376,2026-10-01
153077,Shriram Multi Sector Rotation Fund - Regular Plan - Growth,SHRIRAM_MF,REGULAR,GROWTH,,,,SOURCE_UNAVAILABLE,950,2026-09-30,AMFI Official Average AUM Disclosure Q2 FY2026-27,VERIFIED,7.5775,2026-10-01
152678,Sundaram Business Cycle Fund - Regular Plan - GROWTH,SUNDARAM_MF,REGULAR,GROWTH,,,,SOURCE_UNAVAILABLE,72400,2026-09-30,AMFI Official Average AUM Disclosure Q2 FY2026-27,VERIFIED,10.8317,2026-10-01
102142,Sundaram Consumption Fund (Formerly Known as Sundaram Rural and Consumption Fund) - Regular Plan - GROWTH,SUNDARAM_MF,REGULAR,GROWTH,,,,SOURCE_UNAVAILABLE,72400,2026-09-30,AMFI Official Average AUM Disclosure Q2 FY2026-27,VERIFIED,88.9939,2026-10-01
109059,Sundaram Financial Services Opportunities Fund - Regular Plan - GROWTH,SUNDARAM_MF,REGULAR,GROWTH,,,,SOURCE_UNAVAILABLE,72400,2026-09-30,AMFI Official Average AUM Disclosure Q2 FY2026-27,VERIFIED,102.6841,2026-10-01
129213,Sundaram Infrastructure Advantage Fund (Erstwhile Sundaram Capex Opportunities) - Regular Plan - GROWTH,SUNDARAM_MF,REGULAR,GROWTH,,,,SOURCE_UNAVAILABLE,72400,2026-09-30,AMFI Official Average AUM Disclosure Q2 FY2026-27,VERIFIED,95.4175,2026-10-01
153667,Sundaram Multi-Factor Fund - Regular Plan - GROWTH,SUNDARAM_MF,REGULAR,GROWTH,,,,SOURCE_UNAVAILABLE,72400,2026-09-30,AMFI Official Average AUM Disclosure Q2 FY2026-27,VERIFIED,9.1896,2026-10-01
144838,Sundaram Services Fund - Regular Plan - GROWTH,SUNDARAM_MF,REGULAR,GROWTH,,,,SOURCE_UNAVAILABLE,72400,2026-09-30,AMFI Official Average AUM Disclosure Q2 FY2026-27,VERIFIED,34.6297,2026-10-01
135794,Tata Banking & Financial Services Fund - Regular Plan - Growth Option,TATA_MF,REGULAR,GROWTH,,,,SOURCE_UNAVAILABLE,175400,2026-09-30,AMFI Official Average AUM Disclosure Q2 FY2026-27,VERIFIED,41.4863,2026-10-01
149068,Tata Business Cycle Fund - Regular Plan - Growth Option,TATA_MF,REGULAR,GROWTH,,,,SOURCE_UNAVAILABLE,175400,2026-09-30,AMFI Official Average AUM Disclosure Q2 FY2026-27,VERIFIED,17.8037,2026-10-01
135797,Tata Digital India Fund - Regular Plan - Growth Option,TATA_MF,REGULAR,GROWTH,,,,SOURCE_UNAVAILABLE,175400,2026-09-30,AMFI Official Average AUM Disclosure Q2 FY2026-27,VERIFIED,38.6406,2026-10-01
100415,Tata Ethical Fund - Regular Plan - Growth Option,TATA_MF,REGULAR,GROWTH,,,,SOURCE_UNAVAILABLE,175400,2026-09-30,AMFI Official Average AUM Disclosure Q2 FY2026-27,VERIFIED,341.543,2026-10-01
150537,TATA HOUSING OPPORTUNITIES FUND - Regular Plan - Growth Option,TATA_MF,REGULAR,GROWTH,,,,SOURCE_UNAVAILABLE,175400,2026-09-30,AMFI Official Average AUM Disclosure Q2 FY2026-27,VERIFIED,14.1025,2026-10-01
135804,Tata India Consumer Fund - Regular Plan - Growth Option,TATA_MF,REGULAR,GROWTH,,,,SOURCE_UNAVAILABLE,175400,2026-09-30,AMFI Official Average AUM Disclosure Q2 FY2026-27,VERIFIED,44.7778,2026-10-01
153059,Tata India Innovation Fund - Regular Plan - Growth Option,TATA_MF,REGULAR,GROWTH,,,,SOURCE_UNAVAILABLE,175400,2026-09-30,AMFI Official Average AUM Disclosure Q2 FY2026-27,VERIFIED,9.6549,2026-10-01
135812,Tata India Pharma & Healthcare Fund - Regular Plan - Growth Option,TATA_MF,REGULAR,GROWTH,,,,SOURCE_UNAVAILABLE,175400,2026-09-30,AMFI Official Average AUM Disclosure Q2 FY2026-27,VERIFIED,32.1622,2026-10-01
101766,Tata Infrastructure Fund - Regular Plan - Growth Option,TATA_MF,REGULAR,GROWTH,,,,SOURCE_UNAVAILABLE,175400,2026-09-30,AMFI Official Average AUM Disclosure Q2 FY2026-27,VERIFIED,173.484,2026-10-01
135815,Tata Resources & Energy Fund - Regular Plan - Growth Option,TATA_MF,REGULAR,GROWTH,,,,SOURCE_UNAVAILABLE,175400,2026-09-30,AMFI Official Average AUM Disclosure Q2 FY2026-27,VERIFIED,46.6431,2026-10-01
117312,Taurus Banking & Financial Services Fund - Regular Plan - Growth,TAURUS_MF,REGULAR,GROWTH,,,,SOURCE_UNAVAILABLE,820,2026-09-30,AMFI Official Average AUM Disclosure Q2 FY2026-27,VERIFIED,50.13,2026-10-01
111787,Taurus Ethical Fund - Regular Plan - Growth,TAURUS_MF,REGULAR,GROWTH,,,,SOURCE_UNAVAILABLE,820,2026-09-30,AMFI Official Average AUM Disclosure Q2 FY2026-27,VERIFIED,119.44,2026-10-01
105417,Taurus Infrastructure Fund - Regular Plan - Growth,TAURUS_MF,REGULAR,GROWTH,,,,SOURCE_UNAVAILABLE,820,2026-09-30,AMFI Official Average AUM Disclosure Q2 FY2026-27,VERIFIED,58.27,2026-10-01
153897,THE WEALTH COMPANY ETHICAL FUND - Regular Plan - Growth,THE_WEALTH_MF,REGULAR,GROWTH,,,,SOURCE_UNAVAILABLE,1900,2026-09-30,AMFI Official Average AUM Disclosure Q2 FY2026-27,VERIFIED,9.2713,2026-10-01
153111,Union Active Momentum Fund - Regular Plan - Growth Option,UNION_MF,REGULAR,GROWTH,,,,SOURCE_UNAVAILABLE,16800,2026-09-30,AMFI Official Average AUM Disclosure Q2 FY2026-27,VERIFIED,9.88,2026-10-01
152411,Union Business Cycle Fund - Regular Plan - Growth Option,UNION_MF,REGULAR,GROWTH,,,,SOURCE_UNAVAILABLE,16800,2026-09-30,AMFI Official Average AUM Disclosure Q2 FY2026-27,VERIFIED,11.25,2026-10-01
154022,Union Consumption Fund - Regular Plan - Growth Option,UNION_MF,REGULAR,GROWTH,,,,SOURCE_UNAVAILABLE,16800,2026-09-30,AMFI Official Average AUM Disclosure Q2 FY2026-27,VERIFIED,9.28,2026-10-01
151903,Union Innovation & Opportunities Fund - Regular Plan - Growth Option,UNION_MF,REGULAR,GROWTH,,,,SOURCE_UNAVAILABLE,16800,2026-09-30,AMFI Official Average AUM Disclosure Q2 FY2026-27,VERIFIED,15.44,2026-10-01
102401,UTI - Banking and Financial Services Fund - Regular Plan - Growth,UTI_MF,REGULAR,GROWTH,,,,SOURCE_UNAVAILABLE,312500,2026-09-30,AMFI Official Average AUM Disclosure Q2 FY2026-27,VERIFIED,187.0682,2026-10-01
100807,UTI - Healthcare Fund - Regular Plan - Growth,UTI_MF,REGULAR,GROWTH,,,,SOURCE_UNAVAILABLE,312500,2026-09-30,AMFI Official Average AUM Disclosure Q2 FY2026-27,VERIFIED,331.9643,2026-10-01
102395,UTI - Infrastructure Fund - Regular Plan - Growth,UTI_MF,REGULAR,GROWTH,,,,SOURCE_UNAVAILABLE,312500,2026-09-30,AMFI Official Average AUM Disclosure Q2 FY2026-27,VERIFIED,136.4777,2026-10-01
100740,UTI - MNC Fund - Regular Plan - Growth,UTI_MF,REGULAR,GROWTH,,,,SOURCE_UNAVAILABLE,312500,2026-09-30,AMFI Official Average AUM Disclosure Q2 FY2026-27,VERIFIED,379.7591,2026-10-01
154214,Abakkus Small Cap Fund - Regular Plan - Growth,ABAKKUS_MF,REGULAR,GROWTH,,,,SOURCE_UNAVAILABLE,4800,2026-09-30,AMFI Official Average AUM Disclosure Q2 FY2026-27,VERIFIED,12.129,2026-10-01
105804,Aditya Birla Sun Life Small Cap Fund - Regular Plan - GROWTH,ADITYA_BIRLA_SU_MF,REGULAR,GROWTH,,,,SOURCE_UNAVAILABLE,362480,2026-09-30,AMFI Official Average AUM Disclosure Q2 FY2026-27,VERIFIED,97.3016,2026-10-01
153609,Bajaj Finserv Small Cap Fund - Regular Plan - Growth,BAJAJ_FINSERV_MF,REGULAR,GROWTH,,,,SOURCE_UNAVAILABLE,19400,2026-09-30,AMFI Official Average AUM Disclosure Q2 FY2026-27,VERIFIED,10.934,2026-10-01
147944,BANDHAN Small Cap Fund - Regular Plan - Growth,BANDHAN_MF,REGULAR,GROWTH,6842.15,2026-09-30,Bandhan AMC Monthly Factsheet - September 2026,VERIFIED,155800,2026-09-30,AMFI Official Average AUM Disclosure Q2 FY2026-27,VERIFIED,50.665,2026-10-01
145677,BANK OF INDIA SMALL CAP FUND - Regular Plan - Growth,BANK_OF_INDIA_MF,REGULAR,GROWTH,,,,SOURCE_UNAVAILABLE,11200,2026-09-30,AMFI Official Average AUM Disclosure Q2 FY2026-27,VERIFIED,58.46,2026-10-01
152130,Baroda BNP Paribas Small Cap Fund - Regular Plan - Growth Option,BARODA_BNP_PARI_MF,REGULAR,GROWTH,,,,SOURCE_UNAVAILABLE,42500,2026-09-30,AMFI Official Average AUM Disclosure Q2 FY2026-27,VERIFIED,13.7345,2026-10-01
105989,DSP Small Cap Fund - Regular Plan - Growth,DSP_MF,REGULAR,GROWTH,17240,2026-09-30,DSP AMC Monthly Factsheet - September 2026,VERIFIED,165320,2026-09-30,AMFI Official Average AUM Disclosure Q2 FY2026-27,VERIFIED,225.376,2026-10-01
146193,Edelweiss Small Cap Fund - Regular Plan - Growth,EDELWEISS_MF,REGULAR,GROWTH,,,,SOURCE_UNAVAILABLE,138200,2026-09-30,AMFI Official Average AUM Disclosure Q2 FY2026-27,VERIFIED,45.737,2026-10-01
103360,Franklin India Small Cap Fund - Regular Plan - Growth,FRANKLIN_TEMPLE_MF,REGULAR,GROWTH,,,,SOURCE_UNAVAILABLE,98200,2026-09-30,AMFI Official Average AUM Disclosure Q2 FY2026-27,VERIFIED,172.0507,2026-10-01
130502,HDFC Small Cap Fund - Regular Plan - Growth Option,HDFC_MF,REGULAR,GROWTH,35420.5,2026-09-30,HDFC AMC Monthly Factsheet - September 2026,VERIFIED,745890.75,2026-09-30,AMFI Official Average AUM Disclosure Q2 FY2026-27,VERIFIED,134.978,2026-10-01
147920,ITI Small Cap Fund - Regular Plan - Growth Option,ITI_MF,REGULAR,GROWTH,,,,SOURCE_UNAVAILABLE,8900,2026-09-30,AMFI Official Average AUM Disclosure Q2 FY2026-27,VERIFIED,33.0666,2026-10-01
102875,Kotak Small Cap Fund - Regular Plan - Growth,KOTAK_MAHINDRA_MF,REGULAR,GROWTH,,,,SOURCE_UNAVAILABLE,435670,2026-09-30,AMFI Official Average AUM Disclosure Q2 FY2026-27,VERIFIED,267.171,2026-10-01
152003,LIC MF Small Cap Fund - Regular Plan - Growth,LIC_MF,REGULAR,GROWTH,,,,SOURCE_UNAVAILABLE,34200,2026-09-30,AMFI Official Average AUM Disclosure Q2 FY2026-27,VERIFIED,34.5244,2026-10-01
152232,Motilal Oswal Small Cap Fund - Regular Plan - Growth,MOTILAL_OSWAL_MF,REGULAR,GROWTH,,,,SOURCE_UNAVAILABLE,82100,2026-09-30,AMFI Official Average AUM Disclosure Q2 FY2026-27,VERIFIED,16.5522,2026-10-01
113177,Nippon India Small Cap Fund - Regular Plan - Growth Option,NIPPON_MF,REGULAR,GROWTH,82580,2026-09-30,Nippon India AMC Monthly Factsheet - September 2026,VERIFIED,525140.2,2026-09-30,AMFI Official Average AUM Disclosure Q2 FY2026-27,VERIFIED,178.9402,2026-10-01
149020,PGIM India Small Cap Fund - Regular Plan - Regular Growth,PGIM_INDIA_MF,REGULAR,GROWTH,,,,SOURCE_UNAVAILABLE,27800,2026-09-30,AMFI Official Average AUM Disclosure Q2 FY2026-27,VERIFIED,18.01,2026-10-01
100177,Quant Small Cap Fund - Regular Plan - Growth Option,QUANT_MF,REGULAR,GROWTH,26840,2026-09-30,Quant AMC Monthly Factsheet - September 2026,VERIFIED,95400,2026-09-30,AMFI Official Average AUM Disclosure Q2 FY2026-27,VERIFIED,285.7581,2026-10-01
152108,QUANTUM SMALL CAP FUND - Regular Plan - Growth Option,QUANTUM_MF,REGULAR,GROWTH,,,,SOURCE_UNAVAILABLE,3800,2026-09-30,AMFI Official Average AUM Disclosure Q2 FY2026-27,VERIFIED,13.21,2026-10-01
153869,Samco Small Cap Fund - Regular Plan - Growth,SAMCO_MF,REGULAR,GROWTH,,,,SOURCE_UNAVAILABLE,2400,2026-09-30,AMFI Official Average AUM Disclosure Q2 FY2026-27,VERIFIED,12.37,2026-10-01
125494,SBI SMALL CAP FUND - Regular Plan - Growth,SBI_MF,REGULAR,GROWTH,,,,SOURCE_UNAVAILABLE,1052450,2026-09-30,AMFI Official Average AUM Disclosure Q2 FY2026-27,VERIFIED,178.047,2026-10-01
100795,Sundaram Small Cap Fund - Regular Plan - GROWTH,SUNDARAM_MF,REGULAR,GROWTH,,,,SOURCE_UNAVAILABLE,72400,2026-09-30,AMFI Official Average AUM Disclosure Q2 FY2026-27,VERIFIED,287.6619,2026-10-01
145208,Tata Small Cap Fund - Regular Plan - Growth Option,TATA_MF,REGULAR,GROWTH,9650,2026-09-30,Tata AMC Monthly Factsheet - September 2026,VERIFIED,175400,2026-09-30,AMFI Official Average AUM Disclosure Q2 FY2026-27,VERIFIED,39.0404,2026-10-01
154268,The Wealth Company Small Cap Fund - Regular Plan - Growth,THE_WEALTH_MF,REGULAR,GROWTH,,,,SOURCE_UNAVAILABLE,1900,2026-09-30,AMFI Official Average AUM Disclosure Q2 FY2026-27,VERIFIED,11.5139,2026-10-01
152940,TRUSTMF SMALL CAP FUND - Regular Plan - Growth,TRUST_MF,REGULAR,GROWTH,,,,SOURCE_UNAVAILABLE,4200,2026-09-30,AMFI Official Average AUM Disclosure Q2 FY2026-27,VERIFIED,13.23,2026-10-01
129647,Union Small Cap Fund - Regular Plan - Growth Option,UNION_MF,REGULAR,GROWTH,,,,SOURCE_UNAVAILABLE,16800,2026-09-30,AMFI Official Average AUM Disclosure Q2 FY2026-27,VERIFIED,58.39,2026-10-01
108167,Aditya Birla Sun Life Value Fund - Regular Plan - GROWTH,ADITYA_BIRLA_SU_MF,REGULAR,GROWTH,,,,SOURCE_UNAVAILABLE,362480,2026-09-30,AMFI Official Average AUM Disclosure Q2 FY2026-27,VERIFIED,131.6621,2026-10-01
108909,Bandhan Value Fund - Regular Plan - Growth,BANDHAN_MF,REGULAR,GROWTH,,,,SOURCE_UNAVAILABLE,155800,2026-09-30,AMFI Official Average AUM Disclosure Q2 FY2026-27,VERIFIED,140.928,2026-10-01
151747,Baroda BNP Paribas Value Fund - Regular Plan - Growth Option,BARODA_BNP_PARI_MF,REGULAR,GROWTH,,,,SOURCE_UNAVAILABLE,42500,2026-09-30,AMFI Official Average AUM Disclosure Q2 FY2026-27,VERIFIED,13.0306,2026-10-01
148594,DSP Value Fund - Regular Plan - Growth,DSP_MF,REGULAR,GROWTH,,,,SOURCE_UNAVAILABLE,165320,2026-09-30,AMFI Official Average AUM Disclosure Q2 FY2026-27,VERIFIED,22.667,2026-10-01
100496,Templeton India Value Fund - Regular Plan - Growth,FRANKLIN_TEMPLE_MF,REGULAR,GROWTH,,,,SOURCE_UNAVAILABLE,98200,2026-09-30,AMFI Official Average AUM Disclosure Q2 FY2026-27,VERIFIED,648.8413,2026-10-01
101764,HDFC Value Fund - Regular Plan - Growth Option,HDFC_MF,REGULAR,GROWTH,,,,SOURCE_UNAVAILABLE,745890.75,2026-09-30,AMFI Official Average AUM Disclosure Q2 FY2026-27,VERIFIED,759.549,2026-10-01
102594,ICICI Prudential Value Fund (erstwhile Value Discovery Fund) - Regular Plan - Growth,ICICI_PRUDENTIA_MF,REGULAR,GROWTH,,,,SOURCE_UNAVAILABLE,785230.5,2026-09-30,AMFI Official Average AUM Disclosure Q2 FY2026-27,VERIFIED,433.14,2026-10-01
148973,ITI Value Fund - Regular Plan - Growth Option,ITI_MF,REGULAR,GROWTH,,,,SOURCE_UNAVAILABLE,8900,2026-09-30,AMFI Official Average AUM Disclosure Q2 FY2026-27,VERIFIED,16.1254,2026-10-01
152016,LIC MF Value Fund - Regular Plan - Growth,LIC_MF,REGULAR,GROWTH,,,,SOURCE_UNAVAILABLE,34200,2026-09-30,AMFI Official Average AUM Disclosure Q2 FY2026-27,VERIFIED,28.2579,2026-10-01
103085,Nippon India Value Fund - Regular Plan - Growth Option,NIPPON_INDIA_MF,REGULAR,GROWTH,,,,SOURCE_UNAVAILABLE,525140.2,2026-09-30,AMFI Official Average AUM Disclosure Q2 FY2026-27,VERIFIED,209.5536,2026-10-01
149337,Quant Value Fund - Regular Plan - Growth Option,QUANT_MF,REGULAR,GROWTH,,,,SOURCE_UNAVAILABLE,95400,2026-09-30,AMFI Official Average AUM Disclosure Q2 FY2026-27,VERIFIED,21.2869,2026-10-01
141068,Quantum Value Fund - Regular Plan - Growth Option,QUANTUM_MF,REGULAR,GROWTH,,,,SOURCE_UNAVAILABLE,3800,2026-09-30,AMFI Official Average AUM Disclosure Q2 FY2026-27,VERIFIED,111.18,2026-10-01
101853,Sundaram Value Fund - Regular Plan - GROWTH,SUNDARAM_MF,REGULAR,GROWTH,,,,SOURCE_UNAVAILABLE,72400,2026-09-30,AMFI Official Average AUM Disclosure Q2 FY2026-27,VERIFIED,199.8438,2026-10-01
101672,Tata Value Fund - Regular Plan - Growth Option,TATA_MF,REGULAR,GROWTH,,,,SOURCE_UNAVAILABLE,175400,2026-09-30,AMFI Official Average AUM Disclosure Q2 FY2026-27,VERIFIED,335.385,2026-10-01
145471,Union Value Fund - Regular Plan - Growth Option,UNION_MF,REGULAR,GROWTH,,,,SOURCE_UNAVAILABLE,16800,2026-09-30,AMFI Official Average AUM Disclosure Q2 FY2026-27,VERIFIED,27.19,2026-10-01
154598,Bandhan Contra Fund - Regular Plan - Growth,BANDHAN_MF,REGULAR,GROWTH,,,,SOURCE_UNAVAILABLE,155800,2026-09-30,AMFI Official Average AUM Disclosure Q2 FY2026-27,VERIFIED,9.5314,2026-10-01
105460,Invesco India Contra Fund - Regular Plan - Growth,INVESCO_MF,REGULAR,GROWTH,,,,SOURCE_UNAVAILABLE,92450,2026-09-30,AMFI Official Average AUM Disclosure Q2 FY2026-27,VERIFIED,127.54,2026-10-01
112323,Axis ELSS- Tax Saver Fund - Regular Plan - Growth Option,AXIS_MF,REGULAR,GROWTH,,,,SOURCE_UNAVAILABLE,295420,2026-09-30,AMFI Official Average AUM Disclosure Q2 FY2026-27,VERIFIED,92.0006,2026-10-01
153202,Bajaj Finserv ELSS - Tax Saver Fund - Regular Plan - Growth,BAJAJ_FINSERV_MF,REGULAR,GROWTH,,,,SOURCE_UNAVAILABLE,19400,2026-09-30,AMFI Official Average AUM Disclosure Q2 FY2026-27,VERIFIED,10.989,2026-10-01
111569,BANDHAN ELSS - Tax Saver Fund - Regular Plan - Growth,BANDHAN_MF,REGULAR,GROWTH,,,,SOURCE_UNAVAILABLE,155800,2026-09-30,AMFI Official Average AUM Disclosure Q2 FY2026-27,VERIFIED,147.425,2026-10-01
111710,BANK OF INDIA ELSS TAX SAVER FUND - Regular Plan - Growth,BANK_OF_INDIA_MF,REGULAR,GROWTH,,,,SOURCE_UNAVAILABLE,11200,2026-09-30,AMFI Official Average AUM Disclosure Q2 FY2026-27,VERIFIED,158.86,2026-10-01
111709,BANK OF INDIA ELSS TAX SAVER FUND - Regular Plan - Growth,BANK_OF_INDIA_MF,REGULAR,GROWTH,,,,SOURCE_UNAVAILABLE,11200,2026-09-30,AMFI Official Average AUM Disclosure Q2 FY2026-27,VERIFIED,172.44,2026-10-01
111722,Canara Robeco ELSS - Tax Saver Fund - Regular Plan - GROWTH OPTION,CANARA_ROBECO_MF,REGULAR,GROWTH,,,,SOURCE_UNAVAILABLE,108500,2026-09-30,AMFI Official Average AUM Disclosure Q2 FY2026-27,VERIFIED,168.53,2026-10-01
104772,DSP ELSS Tax Saver Fund - Regular Plan - Growth,DSP_MF,REGULAR,GROWTH,,,,SOURCE_UNAVAILABLE,165320,2026-09-30,AMFI Official Average AUM Disclosure Q2 FY2026-27,VERIFIED,130.23,2026-10-01
111638,Edelweiss ELSS Tax Saver Fund - Regular Plan - Growth,EDELWEISS_MF,REGULAR,GROWTH,,,,SOURCE_UNAVAILABLE,138200,2026-09-30,AMFI Official Average AUM Disclosure Q2 FY2026-27,VERIFIED,108.55,2026-10-01
141862,Groww ELSS Tax Saver Fund - Regular Plan - Growth,GROWW_MF,REGULAR,GROWTH,,,,SOURCE_UNAVAILABLE,22800,2026-09-30,AMFI Official Average AUM Disclosure Q2 FY2026-27,VERIFIED,17.86,2026-10-01
101979,HDFC ELSS - Tax Saver Fund - Regular Plan - Growth Option,HDFC_MF,REGULAR,GROWTH,,,,SOURCE_UNAVAILABLE,745890.75,2026-09-30,AMFI Official Average AUM Disclosure Q2 FY2026-27,VERIFIED,1292.179,2026-10-01
151076,HSBC ELSS Tax saver Fund - Regular Plan - Growth,HSBC_MF,REGULAR,GROWTH,,,,SOURCE_UNAVAILABLE,115300,2026-09-30,AMFI Official Average AUM Disclosure Q2 FY2026-27,VERIFIED,135.7805,2026-10-01
100354,ICICI Prudential ELSS - Tax Saver Fund - Regular Plan - Growth,ICICI_PRUDENTIA_MF,REGULAR,GROWTH,,,,SOURCE_UNAVAILABLE,785230.5,2026-09-30,AMFI Official Average AUM Disclosure Q2 FY2026-27,VERIFIED,887.86,2026-10-01
104636,Invesco India ELSS Tax Saver Fund - Regular Plan - Growth,INVESCO_MF,REGULAR,GROWTH,,,,SOURCE_UNAVAILABLE,92450,2026-09-30,AMFI Official Average AUM Disclosure Q2 FY2026-27,VERIFIED,120.84,2026-10-01
107288,JM ELSS - Tax Saver Fund - Regular Plan - Growth Option,JM_FINANCIAL_MF,REGULAR,GROWTH,,,,SOURCE_UNAVAILABLE,7600,2026-09-30,AMFI Official Average AUM Disclosure Q2 FY2026-27,VERIFIED,50.3751,2026-10-01
100865,LIC MF ELSS Tax Saver Fund - Regular Plan - Growth,LIC_MF,REGULAR,GROWTH,,,,SOURCE_UNAVAILABLE,34200,2026-09-30,AMFI Official Average AUM Disclosure Q2 FY2026-27,VERIFIED,141.3983,2026-10-01
139783,Mahindra Manulife ELSS Tax Saver Fund - Regular Plan - Growth,MAHINDRA_MANULI_MF,REGULAR,GROWTH,,,,SOURCE_UNAVAILABLE,24600,2026-09-30,AMFI Official Average AUM Disclosure Q2 FY2026-27,VERIFIED,25.7937,2026-10-01
135784,Mirae Asset ELSS Tax Saver Fund - Regular Plan - Growth,MIRAE_ASSET_MF,REGULAR,GROWTH,24850.6,2026-09-30,Mirae Asset AMC Monthly Factsheet - September 2026,VERIFIED,185600,2026-09-30,AMFI Official Average AUM Disclosure Q2 FY2026-27,VERIFIED,47.217,2026-10-01
103196,Nippon India ELSS Tax Saver Fund - Regular Plan - Growth Option,NIPPON_INDIA_MF,REGULAR,GROWTH,,,,SOURCE_UNAVAILABLE,525140.2,2026-09-30,AMFI Official Average AUM Disclosure Q2 FY2026-27,VERIFIED,124.4087,2026-10-01
151609,NJ ELSS Tax Saver Fund - Regular Plan - Growth Option,NJ_MF,REGULAR,GROWTH,,,,SOURCE_UNAVAILABLE,6200,2026-09-30,AMFI Official Average AUM Disclosure Q2 FY2026-27,VERIFIED,13.39,2026-10-01
132757,Tata ELSS - Tax Saver Fund - Regular Plan - Growth Option,TATA_MF,REGULAR,GROWTH,,,,SOURCE_UNAVAILABLE,175400,2026-09-30,AMFI Official Average AUM Disclosure Q2 FY2026-27,VERIFIED,44.3688,2026-10-01
150589,WhiteOak Capital ELSS Tax Saver Fund - Regular Plan - Growth Option,WHITEOAK_CAPITA_MF,REGULAR,GROWTH,,,,SOURCE_UNAVAILABLE,14200,2026-09-30,AMFI Official Average AUM Disclosure Q2 FY2026-27,VERIFIED,17.211,2026-10-01
151799,360 ONE Flexicap Fund - Regular Plan - GROWTH Option,360_ONE_MF,REGULAR,GROWTH,,,,SOURCE_UNAVAILABLE,11800,2026-09-30,AMFI Official Average AUM Disclosure Q2 FY2026-27,VERIFIED,15.8711,2026-10-01
154519,AlphaGrep Flexi Cap Fund - Regular Plan - Growth,ALPHAGREP_MF,REGULAR,GROWTH,,,,SOURCE_UNAVAILABLE,850,2026-09-30,AMFI Official Average AUM Disclosure Q2 FY2026-27,VERIFIED,9.7918,2026-10-01
141927,Axis Flexi Cap Fund - Regular Plan - Growth Option,AXIS_MF,REGULAR,GROWTH,,,,SOURCE_UNAVAILABLE,295420,2026-09-30,AMFI Official Average AUM Disclosure Q2 FY2026-27,VERIFIED,27.06,2026-10-01
101922,Canara Robeco Flexi Cap Fund - Regular Plan - GROWTH OPTION,CANARA_ROBECO_MF,REGULAR,GROWTH,,,,SOURCE_UNAVAILABLE,108500,2026-09-30,AMFI Official Average AUM Disclosure Q2 FY2026-27,VERIFIED,323.47,2026-10-01
152136,Helios Flexi Cap Fund - Regular Plan - Growth,HELIOS_MF,REGULAR,GROWTH,,,,SOURCE_UNAVAILABLE,3100,2026-09-30,AMFI Official Average AUM Disclosure Q2 FY2026-27,VERIFIED,14.78,2026-10-01
102252,HSBC Flexi Cap Fund - Regular Plan - Growth,HSBC_MF,REGULAR,GROWTH,,,,SOURCE_UNAVAILABLE,115300,2026-09-30,AMFI Official Average AUM Disclosure Q2 FY2026-27,VERIFIED,225.6331,2026-10-01
148989,ICICI Prudential Flexi Cap fund - Regular Plan - Growth,ICICI_PRUDENTIA_MF,REGULAR,GROWTH,,,,SOURCE_UNAVAILABLE,785230.5,2026-09-30,AMFI Official Average AUM Disclosure Q2 FY2026-27,VERIFIED,19.6,2026-10-01
149766,Invesco India Flexi Cap Fund - Regular Plan - Growth,INVESCO_MF,REGULAR,GROWTH,,,,SOURCE_UNAVAILABLE,92450,2026-09-30,AMFI Official Average AUM Disclosure Q2 FY2026-27,VERIFIED,18.49,2026-10-01
154641,JioBlackRock Flexi Cap Fund - Regular Plan - Growth Option,JIO_BLACKROCK_MF,REGULAR,GROWTH,,,,SOURCE_UNAVAILABLE,15000,2026-09-30,AMFI Official Average AUM Disclosure Q2 FY2026-27,VERIFIED,9.3677,2026-10-01
109522,JM Flexi Cap Fund - Regular Plan - Growth Option,JM_FINANCIAL_MF,REGULAR,GROWTH,,,,SOURCE_UNAVAILABLE,7600,2026-09-30,AMFI Official Average AUM Disclosure Q2 FY2026-27,VERIFIED,95.8575,2026-10-01
112090,Kotak Flexi Cap Fund - Regular Plan - Growth,KOTAK_MAHINDRA_MF,REGULAR,GROWTH,,,,SOURCE_UNAVAILABLE,435670,2026-09-30,AMFI Official Average AUM Disclosure Q2 FY2026-27,VERIFIED,80.496,2026-10-01
149101,Mahindra Manulife Flexi Cap Fund - Regular Plan - Growth,MAHINDRA_MANULI_MF,REGULAR,GROWTH,,,,SOURCE_UNAVAILABLE,24600,2026-09-30,AMFI Official Average AUM Disclosure Q2 FY2026-27,VERIFIED,15.1762,2026-10-01
151414,Mirae Asset Flexi Cap Fund - Regular Plan - Growth,MIRAE_ASSET_MF,REGULAR,GROWTH,,,,SOURCE_UNAVAILABLE,185600,2026-09-30,AMFI Official Average AUM Disclosure Q2 FY2026-27,VERIFIED,15.572,2026-10-01
151920,NJ Flexi Cap Fund - Regular Plan - Growth Option,NJ_MF,REGULAR,GROWTH,,,,SOURCE_UNAVAILABLE,6200,2026-09-30,AMFI Official Average AUM Disclosure Q2 FY2026-27,VERIFIED,12.4,2026-10-01
154516,Quantum Flexi Cap Fund - Regular Plan - Growth Option,QUANTUM_MF,REGULAR,GROWTH,,,,SOURCE_UNAVAILABLE,3800,2026-09-30,AMFI Official Average AUM Disclosure Q2 FY2026-27,VERIFIED,9.59,2026-10-01
150347,WhiteOak Capital Flexi Cap Fund - Regular Plan - Growth Option,WHITEOAK_CAPITA_MF,REGULAR,GROWTH,,,,SOURCE_UNAVAILABLE,14200,2026-09-30,AMFI Official Average AUM Disclosure Q2 FY2026-27,VERIFIED,17.191,2026-10-01
131578,360 ONE Focused Fund - Regular Plan - GROWTH Option,360_ONE_MF,REGULAR,GROWTH,,,,SOURCE_UNAVAILABLE,11800,2026-09-30,AMFI Official Average AUM Disclosure Q2 FY2026-27,VERIFIED,46.7035,2026-10-01
117560,Axis Focused Fund - Regular Plan - Growth Option,AXIS_MF,REGULAR,GROWTH,,,,SOURCE_UNAVAILABLE,295420,2026-09-30,AMFI Official Average AUM Disclosure Q2 FY2026-27,VERIFIED,52.68,2026-10-01
148884,Canara Robeco Focused Fund - Regular Plan - Growth Option,CANARA_ROBECO_MF,REGULAR,GROWTH,,,,SOURCE_UNAVAILABLE,108500,2026-09-30,AMFI Official Average AUM Disclosure Q2 FY2026-27,VERIFIED,18.63,2026-10-01
148409,HSBC Focused Fund - Regular Plan - Growth,HSBC_MF,REGULAR,GROWTH,,,,SOURCE_UNAVAILABLE,115300,2026-09-30,AMFI Official Average AUM Disclosure Q2 FY2026-27,VERIFIED,26.1668,2026-10-01
111957,ICICI Prudential Focused Fund - Regular Plan - Growth,ICICI_PRUDENTIA_MF,REGULAR,GROWTH,,,,SOURCE_UNAVAILABLE,785230.5,2026-09-30,AMFI Official Average AUM Disclosure Q2 FY2026-27,VERIFIED,89.67,2026-10-01
148483,Invesco India Focused Fund - Regular Plan - Growth,INVESCO_MF,REGULAR,GROWTH,,,,SOURCE_UNAVAILABLE,92450,2026-09-30,AMFI Official Average AUM Disclosure Q2 FY2026-27,VERIFIED,28.17,2026-10-01
107410,JM Focused Fund - Regular Plan - Growth Option,JM_FINANCIAL_MF,REGULAR,GROWTH,,,,SOURCE_UNAVAILABLE,7600,2026-09-30,AMFI Official Average AUM Disclosure Q2 FY2026-27,VERIFIED,19.1264,2026-10-01
148571,Mahindra Manulife Focused Fund - Regular Plan - Growth,MAHINDRA_MANULI_MF,REGULAR,GROWTH,,,,SOURCE_UNAVAILABLE,24600,2026-09-30,AMFI Official Average AUM Disclosure Q2 FY2026-27,VERIFIED,24.7523,2026-10-01
147203,Mirae Asset Focused Fund - Regular Plan - Growth,MIRAE_ASSET_MF,REGULAR,GROWTH,,,,SOURCE_UNAVAILABLE,185600,2026-09-30,AMFI Official Average AUM Disclosure Q2 FY2026-27,VERIFIED,24.197,2026-10-01
149090,UTI Focused Fund (30 stocks) - Regular Plan - Growth,UTI_MF,REGULAR,GROWTH,,,,SOURCE_UNAVAILABLE,312500,2026-09-30,AMFI Official Average AUM Disclosure Q2 FY2026-27,VERIFIED,14.4991,2026-10-01
145112,Axis Large & Mid Cap Fund - Regular Plan - Growth Option,AXIS_MF,REGULAR,GROWTH,,,,SOURCE_UNAVAILABLE,295420,2026-09-30,AMFI Official Average AUM Disclosure Q2 FY2026-27,VERIFIED,33.34,2026-10-01
152406,Bajaj Finserv Large & Mid Cap Fund - Regular Plan - Growth,BAJAJ_FINSERV_MF,REGULAR,GROWTH,,,,SOURCE_UNAVAILABLE,19400,2026-09-30,AMFI Official Average AUM Disclosure Q2 FY2026-27,VERIFIED,11.699,2026-10-01
102920,Canara Robeco Large and Mid Cap Fund - Regular Plan - GROWTH OPTION,CANARA_ROBECO_MF,REGULAR,GROWTH,,,,SOURCE_UNAVAILABLE,108500,2026-09-30,AMFI Official Average AUM Disclosure Q2 FY2026-27,VERIFIED,241.73,2026-10-01
130496,HDFC Large & Mid Cap Fund - Regular Plan - Growth Option,HDFC_MF,REGULAR,GROWTH,,,,SOURCE_UNAVAILABLE,745890.75,2026-09-30,AMFI Official Average AUM Disclosure Q2 FY2026-27,VERIFIED,328.039,2026-10-01
152943,Helios Large & Mid Cap Fund - Regular Plan - Growth,HELIOS_MF,REGULAR,GROWTH,,,,SOURCE_UNAVAILABLE,3100,2026-09-30,AMFI Official Average AUM Disclosure Q2 FY2026-27,VERIFIED,10.79,2026-10-01
146771,HSBC Large & Mid Cap Fund - Regular Plan - Growth,HSBC_MF,REGULAR,GROWTH,,,,SOURCE_UNAVAILABLE,115300,2026-09-30,AMFI Official Average AUM Disclosure Q2 FY2026-27,VERIFIED,28.6228,2026-10-01
106144,Invesco India Large & Mid Cap Fund - Regular Plan - Growth,INVESCO_MF,REGULAR,GROWTH,,,,SOURCE_UNAVAILABLE,92450,2026-09-30,AMFI Official Average AUM Disclosure Q2 FY2026-27,VERIFIED,104.73,2026-10-01
153627,JM Large & Mid Cap Fund - Regular Plan - Growth Option,JM_FINANCIAL_MF,REGULAR,GROWTH,,,,SOURCE_UNAVAILABLE,7600,2026-09-30,AMFI Official Average AUM Disclosure Q2 FY2026-27,VERIFIED,10.1092,2026-10-01
103234,Kotak Large & Mid Cap Fund - Regular Plan - Growth,KOTAK_MAHINDRA_MF,REGULAR,GROWTH,,,,SOURCE_UNAVAILABLE,435670,2026-09-30,AMFI Official Average AUM Disclosure Q2 FY2026-27,VERIFIED,331.876,2026-10-01
147843,Mahindra Manulife Large & Mid Cap Fund - Regular Plan - Growth,MAHINDRA_MANULI_MF,REGULAR,GROWTH,,,,SOURCE_UNAVAILABLE,24600,2026-09-30,AMFI Official Average AUM Disclosure Q2 FY2026-27,VERIFIED,26.5438,2026-10-01
112932,Mirae Asset Large & Midcap Fund - Regular Plan - Growth,MIRAE_ASSET_MF,REGULAR,GROWTH,41850,2026-09-30,Mirae Asset AMC Monthly Factsheet - September 2026,VERIFIED,185600,2026-09-30,AMFI Official Average AUM Disclosure Q2 FY2026-27,VERIFIED,147.328,2026-10-01
154434,TRUSTMF LARGE & MIDCAP FUND - Regular Plan - Growth,TRUST_MF,REGULAR,GROWTH,,,,SOURCE_UNAVAILABLE,4200,2026-09-30,AMFI Official Average AUM Disclosure Q2 FY2026-27,VERIFIED,9.59,2026-10-01
152225,WhiteOak Capital Large & Mid Cap Fund - Regular Plan - Growth Option,WHITEOAK_CAPITA_MF,REGULAR,GROWTH,,,,SOURCE_UNAVAILABLE,14200,2026-09-30,AMFI Official Average AUM Disclosure Q2 FY2026-27,VERIFIED,13.016,2026-10-01
112277,Axis Large Cap Fund - Regular Plan - Growth Option,AXIS_MF,REGULAR,GROWTH,,,,SOURCE_UNAVAILABLE,295420,2026-09-30,AMFI Official Average AUM Disclosure Q2 FY2026-27,VERIFIED,56.64,2026-10-01
113221,Canara Robeco Large Cap Fund - Regular Plan - GROWTH OPTION,CANARA_ROBECO_MF,REGULAR,GROWTH,,,,SOURCE_UNAVAILABLE,108500,2026-09-30,AMFI Official Average AUM Disclosure Q2 FY2026-27,VERIFIED,57.85,2026-10-01
116547,Groww Large Cap Fund - Regular Plan - Growth,GROWW_MF,REGULAR,GROWTH,,,,SOURCE_UNAVAILABLE,22800,2026-09-30,AMFI Official Average AUM Disclosure Q2 FY2026-27,VERIFIED,40.36,2026-10-01
101594,HSBC Large Cap Fund - Regular Plan - Growth,HSBC_MF,REGULAR,GROWTH,,,,SOURCE_UNAVAILABLE,115300,2026-09-30,AMFI Official Average AUM Disclosure Q2 FY2026-27,VERIFIED,455.0709,2026-10-01
112098,Invesco India Large Cap Fund - Regular Plan - Growth,INVESCO_MF,REGULAR,GROWTH,,,,SOURCE_UNAVAILABLE,92450,2026-09-30,AMFI Official Average AUM Disclosure Q2 FY2026-27,VERIFIED,68.12,2026-10-01
154632,JioBlackRock Large Cap Fund - Regular Plan - Growth Option,JIO_BLACKROCK_MF,REGULAR,GROWTH,,,,SOURCE_UNAVAILABLE,15000,2026-09-30,AMFI Official Average AUM Disclosure Q2 FY2026-27,VERIFIED,9.2108,2026-10-01
100219,JM Large Cap Fund - Regular Plan - Growth Option,JM_FINANCIAL_MF,REGULAR,GROWTH,,,,SOURCE_UNAVAILABLE,7600,2026-09-30,AMFI Official Average AUM Disclosure Q2 FY2026-27,VERIFIED,144.6359,2026-10-01
146551,Mahindra Manulife Large Cap Fund - Regular Plan - Growth,MAHINDRA_MANULI_MF,REGULAR,GROWTH,,,,SOURCE_UNAVAILABLE,24600,2026-09-30,AMFI Official Average AUM Disclosure Q2 FY2026-27,VERIFIED,20.7018,2026-10-01
107578,Mirae Asset Large Cap Fund - Regular Plan - Growth,MIRAE_ASSET_MF,REGULAR,GROWTH,38940.25,2026-09-30,Mirae Asset AMC Monthly Factsheet - September 2026,VERIFIED,185600,2026-09-30,AMFI Official Average AUM Disclosure Q2 FY2026-27,VERIFIED,105.105,2026-10-01
150799,WhiteOak Capital Large Cap Fund - Regular Plan - Growth Option,WHITEOAK_CAPITA_MF,REGULAR,GROWTH,,,,SOURCE_UNAVAILABLE,14200,2026-09-30,AMFI Official Average AUM Disclosure Q2 FY2026-27,VERIFIED,14.051,2026-10-01
150402,BANDHAN MID CAP FUND - Regular Plan - Growth,BANDHAN_MF,REGULAR,GROWTH,,,,SOURCE_UNAVAILABLE,155800,2026-09-30,AMFI Official Average AUM Disclosure Q2 FY2026-27,VERIFIED,18.443,2026-10-01
153726,BANK OF INDIA MID CAP FUND - Regular Plan - Growth,BANK_OF_INDIA_MF,REGULAR,GROWTH,,,,SOURCE_UNAVAILABLE,11200,2026-09-30,AMFI Official Average AUM Disclosure Q2 FY2026-27,VERIFIED,10.1,2026-10-01
150816,Canara Robeco Mid Cap Fund - Regular Plan - Growth Option,CANARA_ROBECO_MF,REGULAR,GROWTH,,,,SOURCE_UNAVAILABLE,108500,2026-09-30,AMFI Official Average AUM Disclosure Q2 FY2026-27,VERIFIED,17.64,2026-10-01
153327,Helios Mid Cap Fund - Regular Plan - Growth,HELIOS_MF,REGULAR,GROWTH,,,,SOURCE_UNAVAILABLE,3100,2026-09-30,AMFI Official Average AUM Disclosure Q2 FY2026-27,VERIFIED,13.25,2026-10-01
151034,HSBC Midcap Fund - Regular Plan - Growth,HSBC_MF,REGULAR,GROWTH,,,,SOURCE_UNAVAILABLE,115300,2026-09-30,AMFI Official Average AUM Disclosure Q2 FY2026-27,VERIFIED,448.262,2026-10-01
102528,ICICI Prudential Mid Cap Fund - Regular Plan - Growth,ICICI_PRUDENTIA_MF,REGULAR,GROWTH,,,,SOURCE_UNAVAILABLE,785230.5,2026-09-30,AMFI Official Average AUM Disclosure Q2 FY2026-27,VERIFIED,322.15,2026-10-01
105503,Invesco India Mid Cap Fund - Regular Plan - Growth,INVESCO_MF,REGULAR,GROWTH,,,,SOURCE_UNAVAILABLE,92450,2026-09-30,AMFI Official Average AUM Disclosure Q2 FY2026-27,VERIFIED,188.21,2026-10-01
150812,JM Mid Cap Fund - Regular Plan - Growth Option,JM_FINANCIAL_MF,REGULAR,GROWTH,,,,SOURCE_UNAVAILABLE,7600,2026-09-30,AMFI Official Average AUM Disclosure Q2 FY2026-27,VERIFIED,20.2804,2026-10-01
104908,Kotak Mid Cap Fund - Regular Plan - Growth,KOTAK_MAHINDRA_MF,REGULAR,GROWTH,,,,SOURCE_UNAVAILABLE,435670,2026-09-30,AMFI Official Average AUM Disclosure Q2 FY2026-27,VERIFIED,136.742,2026-10-01
142109,Mahindra Manulife Mid Cap Fund - Regular Plan - Growth,MAHINDRA_MANULI_MF,REGULAR,GROWTH,,,,SOURCE_UNAVAILABLE,24600,2026-09-30,AMFI Official Average AUM Disclosure Q2 FY2026-27,VERIFIED,33.8159,2026-10-01
147479,Mirae Asset Midcap Fund - Regular Plan - Growth,MIRAE_ASSET_MF,REGULAR,GROWTH,,,,SOURCE_UNAVAILABLE,185600,2026-09-30,AMFI Official Average AUM Disclosure Q2 FY2026-27,VERIFIED,37.77,2026-10-01
154479,The Wealth Company Mid Cap Fund - Regular Plan - Growth,THE_WEALTH_MF,REGULAR,GROWTH,,,,SOURCE_UNAVAILABLE,1900,2026-09-30,AMFI Official Average AUM Disclosure Q2 FY2026-27,VERIFIED,9.3802,2026-10-01
150583,WhiteOak Capital Mid Cap Fund - Regular Plan - Growth Option,WHITEOAK_CAPITA_MF,REGULAR,GROWTH,,,,SOURCE_UNAVAILABLE,14200,2026-09-30,AMFI Official Average AUM Disclosure Q2 FY2026-27,VERIFIED,20.989,2026-10-01
149382,Axis Multicap Fund - Regular Plan - Growth Option,AXIS_MF,REGULAR,GROWTH,,,,SOURCE_UNAVAILABLE,295420,2026-09-30,AMFI Official Average AUM Disclosure Q2 FY2026-27,VERIFIED,18.98,2026-10-01
151821,Canara Robeco Multi Cap Fund - Regular Plan - Growth Option,CANARA_ROBECO_MF,REGULAR,GROWTH,,,,SOURCE_UNAVAILABLE,108500,2026-09-30,AMFI Official Average AUM Disclosure Q2 FY2026-27,VERIFIED,14.17,2026-10-01
152307,DSP Multi Cap Fund - Regular Plan - Growth,DSP_MF,REGULAR,GROWTH,,,,SOURCE_UNAVAILABLE,165320,2026-09-30,AMFI Official Average AUM Disclosure Q2 FY2026-27,VERIFIED,11.76,2026-10-01
153100,Groww Multicap Fund - Regular Plan - Growth,GROWW_MF,REGULAR,GROWTH,,,,SOURCE_UNAVAILABLE,22800,2026-09-30,AMFI Official Average AUM Disclosure Q2 FY2026-27,VERIFIED,11.8454,2026-10-01
151289,HSBC Multi Cap Fund - Regular Plan - Growth,HSBC_MF,REGULAR,GROWTH,,,,SOURCE_UNAVAILABLE,115300,2026-09-30,AMFI Official Average AUM Disclosure Q2 FY2026-27,VERIFIED,19.5646,2026-10-01
151292,HSBC Multi Cap Fund - Regular Plan - Growth,HSBC_MF,REGULAR,GROWTH,,,,SOURCE_UNAVAILABLE,115300,2026-09-30,AMFI Official Average AUM Disclosure Q2 FY2026-27,VERIFIED,16.0832,2026-10-01
101228,ICICI Prudential Multi Cap Fund - Regular Plan - Growth,ICICI_PRUDENTIA_MF,REGULAR,GROWTH,,,,SOURCE_UNAVAILABLE,785230.5,2026-09-30,AMFI Official Average AUM Disclosure Q2 FY2026-27,VERIFIED,808.31,2026-10-01
107353,Invesco India Multi Cap Fund - Regular Plan - Growth,INVESCO_MF,REGULAR,GROWTH,,,,SOURCE_UNAVAILABLE,92450,2026-09-30,AMFI Official Average AUM Disclosure Q2 FY2026-27,VERIFIED,125.53,2026-10-01
149182,Kotak Multi Cap Fund - Regular Plan - Growth,KOTAK_MAHINDRA_MF,REGULAR,GROWTH,,,,SOURCE_UNAVAILABLE,435670,2026-09-30,AMFI Official Average AUM Disclosure Q2 FY2026-27,VERIFIED,19.453,2026-10-01
141224,Mahindra Manulife Multi Cap Fund - Regular Plan - Growth,MAHINDRA_MANULI_MF,REGULAR,GROWTH,,,,SOURCE_UNAVAILABLE,24600,2026-09-30,AMFI Official Average AUM Disclosure Q2 FY2026-27,VERIFIED,37.7365,2026-10-01
151812,Mirae Asset Multicap Fund - Regular Plan - Growth,MIRAE_ASSET_MF,REGULAR,GROWTH,,,,SOURCE_UNAVAILABLE,185600,2026-09-30,AMFI Official Average AUM Disclosure Q2 FY2026-27,VERIFIED,14.044,2026-10-01
101161,Nippon India Multi Cap Fund - Regular Plan - Growth Option,NIPPON_INDIA_MF,REGULAR,GROWTH,,,,SOURCE_UNAVAILABLE,525140.2,2026-09-30,AMFI Official Average AUM Disclosure Q2 FY2026-27,VERIFIED,286.1758,2026-10-01
154664,The Wealth Company Multi Cap Fund - Regular Plan - Growth,THE_WEALTH_MF,REGULAR,GROWTH,,,,SOURCE_UNAVAILABLE,1900,2026-09-30,AMFI Official Average AUM Disclosure Q2 FY2026-27,VERIFIED,9.6721,2026-10-01
153516,UTI Multi Cap Fund - Regular Plan - Growth,UTI_MF,REGULAR,GROWTH,,,,SOURCE_UNAVAILABLE,312500,2026-09-30,AMFI Official Average AUM Disclosure Q2 FY2026-27,VERIFIED,10.2314,2026-10-01
152072,WhiteOak Capital Multi Cap Fund - Regular Plan - Growth Option,WHITEOAK_CAPITA_MF,REGULAR,GROWTH,,,,SOURCE_UNAVAILABLE,14200,2026-09-30,AMFI Official Average AUM Disclosure Q2 FY2026-27,VERIFIED,15.45,2026-10-01
151818,BANDHAN FINANCIAL SERVICES FUND - Regular Plan - Growth,BANDHAN_MF,REGULAR,GROWTH,,,,SOURCE_UNAVAILABLE,155800,2026-09-30,AMFI Official Average AUM Disclosure Q2 FY2026-27,VERIFIED,14.183,2026-10-01
153974,Bandhan Healthcare Fund - Regular Plan - Growth,BANDHAN_MF,REGULAR,GROWTH,,,,SOURCE_UNAVAILABLE,155800,2026-09-30,AMFI Official Average AUM Disclosure Q2 FY2026-27,VERIFIED,10.969,2026-09-29
114476,BANDHAN Infrastructure Fund - Regular Plan - Growth,BANDHAN_MF,REGULAR,GROWTH,,,,SOURCE_UNAVAILABLE,155800,2026-09-30,AMFI Official Average AUM Disclosure Q2 FY2026-27,VERIFIED,47.063,2026-10-01
150717,BANDHAN TRANSPORTATION AND LOGISTICS FUND - Regular Plan - Growth,BANDHAN_MF,REGULAR,GROWTH,,,,SOURCE_UNAVAILABLE,155800,2026-09-30,AMFI Official Average AUM Disclosure Q2 FY2026-27,VERIFIED,19.228,2026-10-01
154248,Canara Robeco Banking and Financial Services Fund - Regular Plan - Growth,CANARA_ROBECO_MF,REGULAR,GROWTH,,,,SOURCE_UNAVAILABLE,108500,2026-09-30,AMFI Official Average AUM Disclosure Q2 FY2026-27,VERIFIED,10.3,2026-10-01
152208,DSP Banking & Financial Services Fund - Regular Plan - Growth,DSP_MF,REGULAR,GROWTH,,,,SOURCE_UNAVAILABLE,165320,2026-09-30,AMFI Official Average AUM Disclosure Q2 FY2026-27,VERIFIED,13.892,2026-10-01
145456,DSP Healthcare Fund - Regular Plan - Growth,DSP_MF,REGULAR,GROWTH,,,,SOURCE_UNAVAILABLE,165320,2026-09-30,AMFI Official Average AUM Disclosure Q2 FY2026-27,VERIFIED,44.405,2026-10-01
152274,Groww Banking & Financial Services Fund - Regular Plan - Growth,GROWW_MF,REGULAR,GROWTH,,,,SOURCE_UNAVAILABLE,22800,2026-09-30,AMFI Official Average AUM Disclosure Q2 FY2026-27,VERIFIED,12.38,2026-10-01
152682,Helios Financial Services Fund - Regular Plan - Growth,HELIOS_MF,REGULAR,GROWTH,,,,SOURCE_UNAVAILABLE,3100,2026-09-30,AMFI Official Average AUM Disclosure Q2 FY2026-27,VERIFIED,10.87,2026-10-01
151037,HSBC Infrastructure Fund - Regular Plan - Growth,HSBC_MF,REGULAR,GROWTH,,,,SOURCE_UNAVAILABLE,115300,2026-09-30,AMFI Official Average AUM Disclosure Q2 FY2026-27,VERIFIED,49.3084,2026-10-01
108378,Invesco India Financial Services Fund - Regular Plan - Growth,INVESCO_MF,REGULAR,GROWTH,,,,SOURCE_UNAVAILABLE,92450,2026-09-30,AMFI Official Average AUM Disclosure Q2 FY2026-27,VERIFIED,137.39,2026-10-01
154545,Invesco India Pharma and Healthcare Fund - Regular Plan - Growth,INVESCO_MF,REGULAR,GROWTH,,,,SOURCE_UNAVAILABLE,92450,2026-09-30,AMFI Official Average AUM Disclosure Q2 FY2026-27,VERIFIED,9.58,2026-09-29
152862,Invesco India Technology Fund - Regular Plan - Growth,INVESCO_MF,REGULAR,GROWTH,,,,SOURCE_UNAVAILABLE,92450,2026-09-30,AMFI Official Average AUM Disclosure Q2 FY2026-27,VERIFIED,9.28,2026-09-29
153675,MahindraManulife Banking & Financial Services Fund - Regular Plan - Growth,MAHINDRA_MANULI_MF,REGULAR,GROWTH,,,,SOURCE_UNAVAILABLE,24600,2026-09-30,AMFI Official Average AUM Disclosure Q2 FY2026-27,VERIFIED,10.0881,2026-10-01
101862,Nippon India Banking & Financial Services Fund - Regular Plan - Growth Option,NIPPON_INDIA_MF,REGULAR,GROWTH,,,,SOURCE_UNAVAILABLE,525140.2,2026-09-30,AMFI Official Average AUM Disclosure Q2 FY2026-27,VERIFIED,606.9708,2026-10-01
102431,Nippon India Pharma Fund - Regular Plan - Growth Option,NIPPON_INDIA_MF,REGULAR,GROWTH,,,,SOURCE_UNAVAILABLE,525140.2,2026-09-30,AMFI Official Average AUM Disclosure Q2 FY2026-27,VERIFIED,558.2323,2026-10-01
101262,Nippon India Power & Infra Fund - Regular Plan - Growth Option,NIPPON_INDIA_MF,REGULAR,GROWTH,,,,SOURCE_UNAVAILABLE,525140.2,2026-09-30,AMFI Official Average AUM Disclosure Q2 FY2026-27,VERIFIED,363.3806,2026-10-01
152322,WhiteOak Capital Banking & Financial Services Fund - Regular Plan - Growth Option,WHITEOAK_CAPITA_MF,REGULAR,GROWTH,,,,SOURCE_UNAVAILABLE,14200,2026-09-30,AMFI Official Average AUM Disclosure Q2 FY2026-27,VERIFIED,12.22,2026-10-01
152914,WhiteOak Capital Digital Bharat Fund - Regular Plan - Growth Option,WHITEOAK_CAPITA_MF,REGULAR,GROWTH,,,,SOURCE_UNAVAILABLE,14200,2026-09-30,AMFI Official Average AUM Disclosure Q2 FY2026-27,VERIFIED,9.518,2026-09-29
152348,WhiteOak Capital Pharma and Healthcare Fund - Regular Plan - Growth Option,WHITEOAK_CAPITA_MF,REGULAR,GROWTH,,,,SOURCE_UNAVAILABLE,14200,2026-09-30,AMFI Official Average AUM Disclosure Q2 FY2026-27,VERIFIED,16.443,2026-10-01
125350,Axis Small Cap Fund - Regular Plan - Growth Option,AXIS_MF,REGULAR,GROWTH,24890,2026-09-30,Axis AMC Monthly Factsheet - September 2026,VERIFIED,295420,2026-09-30,AMFI Official Average AUM Disclosure Q2 FY2026-27,VERIFIED,113.31,2026-10-01
146127,Canara Robeco Small Cap Fund - Regular Plan - GROWTH OPTION,CANARA_ROBECO_MF,REGULAR,GROWTH,,,,SOURCE_UNAVAILABLE,108500,2026-09-30,AMFI Official Average AUM Disclosure Q2 FY2026-27,VERIFIED,39.28,2026-10-01
154102,Groww Small Cap Fund - Regular Plan - Growth,GROWW_MF,REGULAR,GROWTH,,,,SOURCE_UNAVAILABLE,22800,2026-09-30,AMFI Official Average AUM Disclosure Q2 FY2026-27,VERIFIED,12.7298,2026-10-01
153909,Helios Small Cap Fund - Regular Plan - Growth,HELIOS_MF,REGULAR,GROWTH,,,,SOURCE_UNAVAILABLE,3100,2026-09-30,AMFI Official Average AUM Disclosure Q2 FY2026-27,VERIFIED,11.18,2026-10-01
106823,ICICI Prudential Small Cap Fund - Regular Plan - Growth,ICICI_PRUDENTIA_MF,REGULAR,GROWTH,,,,SOURCE_UNAVAILABLE,785230.5,2026-09-30,AMFI Official Average AUM Disclosure Q2 FY2026-27,VERIFIED,89.85,2026-10-01
145139,Invesco India Small Cap Fund - Regular Plan - Growth,INVESCO_MF,REGULAR,GROWTH,15744,2026-09-30,Invesco Mutual Fund Monthly Factsheet - September 2026,VERIFIED,92450,2026-09-30,AMFI Official Average AUM Disclosure Q2 FY2026-27,VERIFIED,46.41,2026-10-01
152612,JM Small Cap Fund - Regular Plan - Growth Option,JM_FINANCIAL_MF,REGULAR,GROWTH,,,,SOURCE_UNAVAILABLE,7600,2026-09-30,AMFI Official Average AUM Disclosure Q2 FY2026-27,VERIFIED,11.2919,2026-10-01
150912,Mahindra Manulife Small Cap Fund - Regular Plan - Growth,MAHINDRA_MANULI_MF,REGULAR,GROWTH,,,,SOURCE_UNAVAILABLE,24600,2026-09-30,AMFI Official Average AUM Disclosure Q2 FY2026-27,VERIFIED,21.8183,2026-10-01
153198,Mirae Asset Small Cap Fund - Regular Plan - Growth,MIRAE_ASSET_MF,REGULAR,GROWTH,,,,SOURCE_UNAVAILABLE,185600,2026-09-30,AMFI Official Average AUM Disclosure Q2 FY2026-27,VERIFIED,12.257,2026-10-01
148617,UTI Small Cap Fund - Regular Plan - Growth,UTI_MF,REGULAR,GROWTH,,,,SOURCE_UNAVAILABLE,312500,2026-09-30,AMFI Official Average AUM Disclosure Q2 FY2026-27,VERIFIED,26.373,2026-10-01
149317,360 ONE QUANT FUND - Regular Plan - GROWTH Option,360_ONE_MF,REGULAR,GROWTH,,,,SOURCE_UNAVAILABLE,11800,2026-09-30,AMFI Official Average AUM Disclosure Q2 FY2026-27,VERIFIED,17.7676,2026-10-01
151366,Axis Business Cycles Fund - Regular Plan - Growth Option,AXIS_MF,REGULAR,GROWTH,,,,SOURCE_UNAVAILABLE,295420,2026-09-30,AMFI Official Average AUM Disclosure Q2 FY2026-27,VERIFIED,16.44,2026-10-01
152804,Axis Consumption Fund - Regular Plan - Growth Option,AXIS_MF,REGULAR,GROWTH,,,,SOURCE_UNAVAILABLE,295420,2026-09-30,AMFI Official Average AUM Disclosure Q2 FY2026-27,VERIFIED,8.59,2026-10-01
152205,Axis India Manufacturing Fund - Regular Plan - Growth Option,AXIS_MF,REGULAR,GROWTH,,,,SOURCE_UNAVAILABLE,295420,2026-09-30,AMFI Official Average AUM Disclosure Q2 FY2026-27,VERIFIED,15.61,2026-10-01
148631,Axis Innovation Fund - Regular Plan - Growth Option,AXIS_MF,REGULAR,GROWTH,,,,SOURCE_UNAVAILABLE,295420,2026-09-30,AMFI Official Average AUM Disclosure Q2 FY2026-27,VERIFIED,21.11,2026-10-01
153085,Axis Momentum Fund - Regular Plan - Growth Option,AXIS_MF,REGULAR,GROWTH,,,,SOURCE_UNAVAILABLE,295420,2026-09-30,AMFI Official Average AUM Disclosure Q2 FY2026-27,VERIFIED,8.5,2026-10-01
148992,Axis Quant Fund - Regular Plan - Growth Option,AXIS_MF,REGULAR,GROWTH,,,,SOURCE_UNAVAILABLE,295420,2026-09-30,AMFI Official Average AUM Disclosure Q2 FY2026-27,VERIFIED,14.91,2026-10-01
153621,Axis Services Opportunities Fund - Regular Plan - Growth Option,AXIS_MF,REGULAR,GROWTH,,,,SOURCE_UNAVAILABLE,295420,2026-09-30,AMFI Official Average AUM Disclosure Q2 FY2026-27,VERIFIED,9.11,2026-10-01
152877,Bandhan Business Cycle Fund - Regular Plan - Growth,BANDHAN_MF,REGULAR,GROWTH,,,,SOURCE_UNAVAILABLE,155800,2026-09-30,AMFI Official Average AUM Disclosure Q2 FY2026-27,VERIFIED,9.302,2026-10-01
152606,BANDHAN INNOVATION FUND - Regular Plan - Growth,BANDHAN_MF,REGULAR,GROWTH,,,,SOURCE_UNAVAILABLE,155800,2026-09-30,AMFI Official Average AUM Disclosure Q2 FY2026-27,VERIFIED,15.056,2026-10-01
153721,Bandhan Multi-Factor Fund - Regular Plan - Growth,BANDHAN_MF,REGULAR,GROWTH,,,,SOURCE_UNAVAILABLE,155800,2026-09-30,AMFI Official Average AUM Disclosure Q2 FY2026-27,VERIFIED,8.975,2026-10-01
154486,Baroda BNP Paribas Services Fund - Regular Plan - Growth Option,BARODA_BNP_PARI_MF,REGULAR,GROWTH,,,,SOURCE_UNAVAILABLE,42500,2026-09-30,AMFI Official Average AUM Disclosure Q2 FY2026-27,VERIFIED,9.2854,2026-09-29
112152,Canara Robeco Consumption Fund - Regular Plan - GROWTH OPTION,CANARA_ROBECO_MF,REGULAR,GROWTH,,,,SOURCE_UNAVAILABLE,108500,2026-09-30,AMFI Official Average AUM Disclosure Q2 FY2026-27,VERIFIED,100.94,2026-10-01
103390,Canara Robeco Infrastructure Fund - Regular Plan - GROWTH OPTION,CANARA_ROBECO_MF,REGULAR,GROWTH,,,,SOURCE_UNAVAILABLE,108500,2026-09-30,AMFI Official Average AUM Disclosure Q2 FY2026-27,VERIFIED,158.19,2026-10-01
152447,Canara Robeco Manufacturing Fund - Regular Plan - Growth Option,CANARA_ROBECO_MF,REGULAR,GROWTH,,,,SOURCE_UNAVAILABLE,108500,2026-09-30,AMFI Official Average AUM Disclosure Q2 FY2026-27,VERIFIED,13.59,2026-10-01
153122,DSP Business Cycle Fund - Regular Plan - Growth,DSP_MF,REGULAR,GROWTH,,,,SOURCE_UNAVAILABLE,165320,2026-09-30,AMFI Official Average AUM Disclosure Q2 FY2026-27,VERIFIED,9.739,2026-10-01
102434,DSP India T.I.G.E.R. Fund - Regular Plan - Growth,DSP_MF,REGULAR,GROWTH,,,,SOURCE_UNAVAILABLE,165320,2026-09-30,AMFI Official Average AUM Disclosure Q2 FY2026-27,VERIFIED,344.384,2026-10-01
108202,DSP Natural Resources And New Energy Fund - Regular Plan - Growth,DSP_MF,REGULAR,GROWTH,,,,SOURCE_UNAVAILABLE,165320,2026-09-30,AMFI Official Average AUM Disclosure Q2 FY2026-27,VERIFIED,103.471,2026-10-01
147303,DSP Quant Fund - Regular Plan - Growth,DSP_MF,REGULAR,GROWTH,,,,SOURCE_UNAVAILABLE,165320,2026-09-30,AMFI Official Average AUM Disclosure Q2 FY2026-27,VERIFIED,20.025,2026-10-01
151751,HDFC Defence Fund - Regular Plan - Growth Option,HDFC_MF,REGULAR,GROWTH,,,,SOURCE_UNAVAILABLE,745890.75,2026-09-30,AMFI Official Average AUM Disclosure Q2 FY2026-27,VERIFIED,29.136,2026-10-01
152058,HDFC Technology Fund - Regular Plan - Growth Option,HDFC_MF,REGULAR,GROWTH,,,,SOURCE_UNAVAILABLE,745890.75,2026-09-30,AMFI Official Average AUM Disclosure Q2 FY2026-27,VERIFIED,11.091,2026-10-01
151144,HSBC Business Cycles Fund - Regular Plan - Growth,HSBC_MF,REGULAR,GROWTH,,,,SOURCE_UNAVAILABLE,115300,2026-09-30,AMFI Official Average AUM Disclosure Q2 FY2026-27,VERIFIED,42.2827,2026-10-01
152027,HSBC Consumption Fund - Regular Plan - Growth,HSBC_MF,REGULAR,GROWTH,,,,SOURCE_UNAVAILABLE,115300,2026-09-30,AMFI Official Average AUM Disclosure Q2 FY2026-27,VERIFIED,14.4757,2026-10-01
153267,HSBC Financial Services fund - Regular Plan - Growth,HSBC_MF,REGULAR,GROWTH,,,,SOURCE_UNAVAILABLE,115300,2026-09-30,AMFI Official Average AUM Disclosure Q2 FY2026-27,VERIFIED,11.7442,2026-10-01
152830,HSBC India Export Opportunities Fund - Regular Plan - Growth,HSBC_MF,REGULAR,GROWTH,,,,SOURCE_UNAVAILABLE,115300,2026-09-30,AMFI Official Average AUM Disclosure Q2 FY2026-27,VERIFIED,11.3772,2026-10-01
153288,Invesco India Business Cycle Fund - Regular Plan - Growth,INVESCO_MF,REGULAR,GROWTH,,,,SOURCE_UNAVAILABLE,92450,2026-09-30,AMFI Official Average AUM Disclosure Q2 FY2026-27,VERIFIED,13.67,2026-10-01
153902,Invesco India Consumption Fund - Regular Plan - Growth,INVESCO_MF,REGULAR,GROWTH,,,,SOURCE_UNAVAILABLE,92450,2026-09-30,AMFI Official Average AUM Disclosure Q2 FY2026-27,VERIFIED,10.58,2026-10-01
148753,Invesco India ESG Integration Strategy Fund - Regular Plan - Growth,INVESCO_MF,REGULAR,GROWTH,,,,SOURCE_UNAVAILABLE,92450,2026-09-30,AMFI Official Average AUM Disclosure Q2 FY2026-27,VERIFIED,16.24,2026-10-01
106654,Invesco India Infrastructure Fund - Regular Plan - Growth,INVESCO_MF,REGULAR,GROWTH,,,,SOURCE_UNAVAILABLE,92450,2026-09-30,AMFI Official Average AUM Disclosure Q2 FY2026-27,VERIFIED,65.28,2026-10-01
152758,Invesco India Manufacturing Fund - Regular Plan - Growth,INVESCO_MF,REGULAR,GROWTH,,,,SOURCE_UNAVAILABLE,92450,2026-09-30,AMFI Official Average AUM Disclosure Q2 FY2026-27,VERIFIED,11.4,2026-10-01
112171,Invesco India PSU Equity Fund - Regular Plan - Growth,INVESCO_MF,REGULAR,GROWTH,,,,SOURCE_UNAVAILABLE,92450,2026-09-30,AMFI Official Average AUM Disclosure Q2 FY2026-27,VERIFIED,61.24,2026-10-01
154637,JioBlackRock Sector Rotation Fund - Regular Plan - Growth Option,JIO_BLACKROCK_MF,REGULAR,GROWTH,,,,SOURCE_UNAVAILABLE,15000,2026-09-30,AMFI Official Average AUM Disclosure Q2 FY2026-27,VERIFIED,9.3446,2026-10-01
152046,Mahindra Manulife Business Cycle Fund - Regular Plan - Growth,MAHINDRA_MANULI_MF,REGULAR,GROWTH,,,,SOURCE_UNAVAILABLE,24600,2026-09-30,AMFI Official Average AUM Disclosure Q2 FY2026-27,VERIFIED,14.8112,2026-10-01
145355,Mahindra Manulife Consumption Fund - Regular Plan - Growth,MAHINDRA_MANULI_MF,REGULAR,GROWTH,,,,SOURCE_UNAVAILABLE,24600,2026-09-30,AMFI Official Average AUM Disclosure Q2 FY2026-27,VERIFIED,20.5237,2026-10-01
154120,Mahindra Manulife Innovation Opportunities Fund - Regular Plan - Growth,MAHINDRA_MANULI_MF,REGULAR,GROWTH,,,,SOURCE_UNAVAILABLE,24600,2026-09-30,AMFI Official Average AUM Disclosure Q2 FY2026-27,VERIFIED,10.3941,2026-10-01
152671,Mahindra Manulife Manufacturing Fund - Regular Plan - Growth,MAHINDRA_MANULI_MF,REGULAR,GROWTH,,,,SOURCE_UNAVAILABLE,24600,2026-09-30,AMFI Official Average AUM Disclosure Q2 FY2026-27,VERIFIED,10.2876,2026-10-01
148621,Mirae Asset Banking and Financial Services Fund - Regular Plan - Growth,MIRAE_ASSET_MF,REGULAR,GROWTH,,,,SOURCE_UNAVAILABLE,185600,2026-09-30,AMFI Official Average AUM Disclosure Q2 FY2026-27,VERIFIED,20.216,2026-10-01
114931,Mirae Asset Great Consumer Fund - Regular Plan - Growth,MIRAE_ASSET_MF,REGULAR,GROWTH,,,,SOURCE_UNAVAILABLE,185600,2026-09-30,AMFI Official Average AUM Disclosure Q2 FY2026-27,VERIFIED,87.381,2026-10-01
143785,Mirae Asset Healthcare Fund - Regular Plan - Growth,MIRAE_ASSET_MF,REGULAR,GROWTH,,,,SOURCE_UNAVAILABLE,185600,2026-09-30,AMFI Official Average AUM Disclosure Q2 FY2026-27,VERIFIED,45.086,2026-10-01
153985,Mirae Asset Infrastructure Fund - Regular Plan - Growth,MIRAE_ASSET_MF,REGULAR,GROWTH,,,,SOURCE_UNAVAILABLE,185600,2026-09-30,AMFI Official Average AUM Disclosure Q2 FY2026-27,VERIFIED,10.968,2026-10-01
154667,Motilal Oswal Quality Fund - Regular Plan - GROWTH,MOTILAL_OSWAL_MF,REGULAR,GROWTH,,,,SOURCE_UNAVAILABLE,82100,2026-09-30,AMFI Official Average AUM Disclosure Q2 FY2026-27,VERIFIED,9.8058,2026-10-01
153276,Nippon India Active Momentum Fund - Regular Plan - Growth Option,NIPPON_INDIA_MF,REGULAR,GROWTH,,,,SOURCE_UNAVAILABLE,525140.2,2026-09-30,AMFI Official Average AUM Disclosure Q2 FY2026-27,VERIFIED,12.1644,2026-10-01
102751,Nippon India Consumption Fund - Regular Plan - Growth Option,NIPPON_INDIA_MF,REGULAR,GROWTH,,,,SOURCE_UNAVAILABLE,525140.2,2026-09-30,AMFI Official Average AUM Disclosure Q2 FY2026-27,VERIFIED,178.8084,2026-10-01
130863,Nippon India Japan Equity Fund - Regular Plan - Growth Option,NIPPON_INDIA_MF,REGULAR,GROWTH,,,,SOURCE_UNAVAILABLE,525140.2,2026-09-30,AMFI Official Average AUM Disclosure Q2 FY2026-27,VERIFIED,28.5012,2026-09-29
153691,Nippon India MNC Fund - Regular Plan - Growth Option,NIPPON_INDIA_MF,REGULAR,GROWTH,,,,SOURCE_UNAVAILABLE,525140.2,2026-09-30,AMFI Official Average AUM Disclosure Q2 FY2026-27,VERIFIED,10.0125,2026-10-01
149328,Nippon India Taiwan Equity Fund - Regular Plan - Growth Option,NIPPON_INDIA_MF,REGULAR,GROWTH,,,,SOURCE_UNAVAILABLE,525140.2,2026-09-30,AMFI Official Average AUM Disclosure Q2 FY2026-27,VERIFIED,35.6498,2026-10-01
134922,Nippon India US Equity Opportunities Fund - Regular Plan - Growth Option,NIPPON_INDIA_MF,REGULAR,GROWTH,,,,SOURCE_UNAVAILABLE,525140.2,2026-09-30,AMFI Official Average AUM Disclosure Q2 FY2026-27,VERIFIED,42.3947,2026-10-01
154452,NJ Momentum Fund - Regular Plan - Growth Option,NJ_MF,REGULAR,GROWTH,,,,SOURCE_UNAVAILABLE,6200,2026-09-30,AMFI Official Average AUM Disclosure Q2 FY2026-27,VERIFIED,9.75,2026-10-01
153040,PGIM India Healthcare Fund - Regular Plan - Regular Growth,PGIM_INDIA_MF,REGULAR,GROWTH,,,,SOURCE_UNAVAILABLE,27800,2026-09-30,AMFI Official Average AUM Disclosure Q2 FY2026-27,VERIFIED,11.87,2026-09-29
151752,Samco Active Momentum Fund - Regular Plan - Growth,SAMCO_MF,REGULAR,GROWTH,,,,SOURCE_UNAVAILABLE,2400,2026-09-30,AMFI Official Average AUM Disclosure Q2 FY2026-27,VERIFIED,15.3,2026-10-01
106425,UTI - India Consumer Fund - Regular Plan - Growth,UTI_MF,REGULAR,GROWTH,,,,SOURCE_UNAVAILABLE,312500,2026-09-30,AMFI Official Average AUM Disclosure Q2 FY2026-27,VERIFIED,53.3769,2026-10-01
102398,UTI - Transportation and Logistics Fund - Regular Plan - Growth,UTI_MF,REGULAR,GROWTH,,,,SOURCE_UNAVAILABLE,312500,2026-09-30,AMFI Official Average AUM Disclosure Q2 FY2026-27,VERIFIED,277.6628,2026-10-01
152086,UTI Innovation Fund - Regular Plan - Growth,UTI_MF,REGULAR,GROWTH,,,,SOURCE_UNAVAILABLE,312500,2026-09-30,AMFI Official Average AUM Disclosure Q2 FY2026-27,VERIFIED,10.7565,2026-10-01
153205,UTI Quant Fund - Regular Plan - Growth,UTI_MF,REGULAR,GROWTH,,,,SOURCE_UNAVAILABLE,312500,2026-09-30,AMFI Official Average AUM Disclosure Q2 FY2026-27,VERIFIED,9.8028,2026-10-01
154162,WhiteOak Capital Consumption Opportunities Fund - Regular Plan - Growth Option,WHITEOAK_CAPITA_MF,REGULAR,GROWTH,,,,SOURCE_UNAVAILABLE,14200,2026-09-30,AMFI Official Average AUM Disclosure Q2 FY2026-27,VERIFIED,9.784,2026-10-01
152963,WhiteOak Capital ESG Best-In-Class Strategy Fund - Regular Plan - Growth Option,WHITEOAK_CAPITA_MF,REGULAR,GROWTH,,,,SOURCE_UNAVAILABLE,14200,2026-09-30,AMFI Official Average AUM Disclosure Q2 FY2026-27,VERIFIED,9.495,2026-10-01
153190,WhiteOak Capital Quality Equity Fund - Regular Plan - Growth Option,WHITEOAK_CAPITA_MF,REGULAR,GROWTH,,,,SOURCE_UNAVAILABLE,14200,2026-09-30,AMFI Official Average AUM Disclosure Q2 FY2026-27,VERIFIED,9.646,2026-10-01
152643,WhiteOak Capital Special Opportunities Fund - Regular Plan - Growth Option,WHITEOAK_CAPITA_MF,REGULAR,GROWTH,,,,SOURCE_UNAVAILABLE,14200,2026-09-30,AMFI Official Average AUM Disclosure Q2 FY2026-27,VERIFIED,14.026,2026-10-01
149167,Axis Value Fund - Regular Plan - Growth Option,AXIS_MF,REGULAR,GROWTH,,,,SOURCE_UNAVAILABLE,295420,2026-09-30,AMFI Official Average AUM Disclosure Q2 FY2026-27,VERIFIED,19.22,2026-10-01
154695,BANK OF INDIA VALUE FUND - Regular Plan - Growth,BANK_OF_INDIA_MF,REGULAR,GROWTH,,,,SOURCE_UNAVAILABLE,11200,2026-09-30,AMFI Official Average AUM Disclosure Q2 FY2026-27,VERIFIED,10.02,2026-09-26
149088,Canara Robeco Value Fund - Regular Plan - Growth Option,CANARA_ROBECO_MF,REGULAR,GROWTH,,,,SOURCE_UNAVAILABLE,108500,2026-09-30,AMFI Official Average AUM Disclosure Q2 FY2026-27,VERIFIED,16.85,2026-10-01
135343,Groww Value Fund - Regular Plan - Growth,GROWW_MF,REGULAR,GROWTH,,,,SOURCE_UNAVAILABLE,22800,2026-09-30,AMFI Official Average AUM Disclosure Q2 FY2026-27,VERIFIED,26.3477,2026-10-01
151110,HSBC Value Fund - Regular Plan - Growth,HSBC_MF,REGULAR,GROWTH,,,,SOURCE_UNAVAILABLE,115300,2026-09-30,AMFI Official Average AUM Disclosure Q2 FY2026-27,VERIFIED,108.4083,2026-10-01
100254,JM Value Fund - Regular Plan - Growth Option,JM_FINANCIAL_MF,REGULAR,GROWTH,,,,SOURCE_UNAVAILABLE,7600,2026-09-30,AMFI Official Average AUM Disclosure Q2 FY2026-27,VERIFIED,93.6109,2026-10-01
153304,Mahindra Manulife Value Fund - Regular Plan - Growth,MAHINDRA_MANULI_MF,REGULAR,GROWTH,,,,SOURCE_UNAVAILABLE,24600,2026-09-30,AMFI Official Average AUM Disclosure Q2 FY2026-27,VERIFIED,11.8895,2026-10-01
154458,NJ Value Fund - Regular Plan - Growth Option,NJ_MF,REGULAR,GROWTH,,,,SOURCE_UNAVAILABLE,6200,2026-09-30,AMFI Official Average AUM Disclosure Q2 FY2026-27,VERIFIED,9.08,2026-10-01
103098,UTI Value Fund - Regular Plan - Growth,UTI_MF,REGULAR,GROWTH,,,,SOURCE_UNAVAILABLE,312500,2026-09-30,AMFI Official Average AUM Disclosure Q2 FY2026-27,VERIFIED,156.1315,2026-10-01
153045,Mirae Asset Nifty 1D Rate Liquid ETF - Regular Plan - Growth,MIRAE_ASSET_MF,REGULAR,GROWTH,,,,SOURCE_UNAVAILABLE,185600,2026-09-30,AMFI Official Average AUM Disclosure Q2 FY2026-27,VERIFIED,1105.9607,2026-10-04
154537,Invesco India BSE Sensex ETF - Regular Plan - Growth,INVESCO_MF,REGULAR,GROWTH,,,,SOURCE_UNAVAILABLE,92450,2026-09-30,AMFI Official Average AUM Disclosure Q2 FY2026-27,VERIFIED,71.9572,2026-10-01
115284,Invesco India Nifty 50 Exchange Traded Fund - Regular Plan - Growth,INVESCO_MF,REGULAR,GROWTH,,,,SOURCE_UNAVAILABLE,92450,2026-09-30,AMFI Official Average AUM Disclosure Q2 FY2026-27,VERIFIED,257.4941,2026-10-01
154536,Invesco India Nifty Bank ETF - Regular Plan - Growth,INVESCO_MF,REGULAR,GROWTH,,,,SOURCE_UNAVAILABLE,92450,2026-09-30,AMFI Official Average AUM Disclosure Q2 FY2026-27,VERIFIED,54.4148,2026-10-01
154698,UTI BSE India Sector Leaders Exchange Traded Fund - Regular Plan - Growth,UTI_MF,REGULAR,GROWTH,,,,SOURCE_UNAVAILABLE,312500,2026-09-30,AMFI Official Average AUM Disclosure Q2 FY2026-27,VERIFIED,13.7349,2026-10-01
152231,Baroda BNP Paribas Gold ETF - Regular Plan - Growth Option,BARODA_BNP_PARI_MF,REGULAR,GROWTH,,,,SOURCE_UNAVAILABLE,42500,2026-09-30,AMFI Official Average AUM Disclosure Q2 FY2026-27,VERIFIED,142.3296,2026-10-01
112368,Invesco India Gold Exchange Traded Fund - Regular Plan - Growth,INVESCO_MF,REGULAR,GROWTH,,,,SOURCE_UNAVAILABLE,92450,2026-09-30,AMFI Official Average AUM Disclosure Q2 FY2026-27,VERIFIED,127.8493,2026-10-01
149783,Aditya Birla Sun Life Silver ETF FOF - Regular Plan - GROWTH,ADITYA_BIRLA_SU_MF,REGULAR,GROWTH,,,,SOURCE_UNAVAILABLE,362480,2026-09-30,AMFI Official Average AUM Disclosure Q2 FY2026-27,VERIFIED,33.2045,2026-10-01
154567,ALPHAGREP LIQUID OMNI FOF - Regular Plan - Growth,ALPHAGREP_MF,REGULAR,GROWTH,,,,SOURCE_UNAVAILABLE,850,2026-09-30,AMFI Official Average AUM Disclosure Q2 FY2026-27,VERIFIED,1008.8566,2026-10-01
154077,Axis Gold and Silver Passive FOF - Regular Plan - Growth Option,AXIS_MF,REGULAR,GROWTH,,,,SOURCE_UNAVAILABLE,295420,2026-09-30,AMFI Official Average AUM Disclosure Q2 FY2026-27,VERIFIED,10.5436,2026-09-29
115897,Axis Gold Fund - Regular Plan - Growth Option,AXIS_MF,REGULAR,GROWTH,,,,SOURCE_UNAVAILABLE,295420,2026-09-30,AMFI Official Average AUM Disclosure Q2 FY2026-27,VERIFIED,42.4558,2026-09-29
147890,Axis Income Plus Arbitrage Omni FOF - Regular Plan - Growth Option,AXIS_MF,REGULAR,GROWTH,,,,SOURCE_UNAVAILABLE,295420,2026-09-30,AMFI Official Average AUM Disclosure Q2 FY2026-27,VERIFIED,15.3984,2026-09-26
153927,Axis Income Plus Arbitrage Passive FOF - Regular Plan - Growth Option,AXIS_MF,REGULAR,GROWTH,,,,SOURCE_UNAVAILABLE,295420,2026-09-30,AMFI Official Average AUM Disclosure Q2 FY2026-27,VERIFIED,10.5226,2026-09-26
149844,Axis Multi Factor Passive FoF - Regular Plan - Growth Option,AXIS_MF,REGULAR,GROWTH,,,,SOURCE_UNAVAILABLE,295420,2026-09-30,AMFI Official Average AUM Disclosure Q2 FY2026-27,VERIFIED,14.579,2026-10-01
153963,Axis Multi-Asset Omni FoF - Regular Plan - Growth Option,AXIS_MF,REGULAR,GROWTH,,,,SOURCE_UNAVAILABLE,295420,2026-09-30,AMFI Official Average AUM Disclosure Q2 FY2026-27,VERIFIED,10.5,2026-09-28
150617,Axis Silver Fund of Fund - Regular Plan - Growth Option,AXIS_MF,REGULAR,GROWTH,,,,SOURCE_UNAVAILABLE,295420,2026-09-30,AMFI Official Average AUM Disclosure Q2 FY2026-27,VERIFIED,36.7118,2026-10-01
153794,Baroda BNP Paribas Gold ETF Fund of Fund - Regular Plan - Growth Option,BARODA_BNP_PARI_MF,REGULAR,GROWTH,,,,SOURCE_UNAVAILABLE,42500,2026-09-30,AMFI Official Average AUM Disclosure Q2 FY2026-27,VERIFIED,14.5788,2026-09-29
153548,Baroda BNP Paribas Multi Asset Active Fund of Funds - Regular Plan - Growth Option,BARODA_BNP_PARI_MF,REGULAR,GROWTH,,,,SOURCE_UNAVAILABLE,42500,2026-09-30,AMFI Official Average AUM Disclosure Q2 FY2026-27,VERIFIED,11.1828,2026-09-29
154223,Groww BSE Hospitals ETF FOF - Regular Plan - Growth,GROWW_MF,REGULAR,GROWTH,,,,SOURCE_UNAVAILABLE,22800,2026-09-30,AMFI Official Average AUM Disclosure Q2 FY2026-27,VERIFIED,9.9486,2026-10-01
153748,Groww BSE Power ETF FOF - Regular Plan - Growth,GROWW_MF,REGULAR,GROWTH,,,,SOURCE_UNAVAILABLE,22800,2026-09-30,AMFI Official Average AUM Disclosure Q2 FY2026-27,VERIFIED,10.9623,2026-09-29
153006,Groww Gold ETF FOF - Regular Plan - Growth,GROWW_MF,REGULAR,GROWTH,,,,SOURCE_UNAVAILABLE,22800,2026-09-30,AMFI Official Average AUM Disclosure Q2 FY2026-27,VERIFIED,17.8803,2026-09-29
154057,Groww Multi Asset Omni FOF - Regular Plan - Growth,GROWW_MF,REGULAR,GROWTH,,,,SOURCE_UNAVAILABLE,22800,2026-09-30,AMFI Official Average AUM Disclosure Q2 FY2026-27,VERIFIED,9.9509,2026-10-01
153342,Groww Nifty 200 ETF FOF - Regular Plan - Growth,GROWW_MF,REGULAR,GROWTH,,,,SOURCE_UNAVAILABLE,22800,2026-09-30,AMFI Official Average AUM Disclosure Q2 FY2026-27,VERIFIED,10.8613,2026-09-29
153456,Groww Nifty 500 Momentum 50 ETF FOF - Regular Plan - Growth,GROWW_MF,REGULAR,GROWTH,,,,SOURCE_UNAVAILABLE,22800,2026-09-30,AMFI Official Average AUM Disclosure Q2 FY2026-27,VERIFIED,10.4115,2026-09-29
153918,Groww Nifty Capital Markets ETF FOF - Regular Plan - Growth,GROWW_MF,REGULAR,GROWTH,,,,SOURCE_UNAVAILABLE,22800,2026-09-30,AMFI Official Average AUM Disclosure Q2 FY2026-27,VERIFIED,10.7546,2026-10-01
152773,Groww Nifty EV & New Age Automotive ETF FOF - Regular Plan - Growth,GROWW_MF,REGULAR,GROWTH,,,,SOURCE_UNAVAILABLE,22800,2026-09-30,AMFI Official Average AUM Disclosure Q2 FY2026-27,VERIFIED,9.1163,2026-10-01
152927,Groww Nifty India Defence ETF FOF - Regular Plan - Growth,GROWW_MF,REGULAR,GROWTH,,,,SOURCE_UNAVAILABLE,22800,2026-09-30,AMFI Official Average AUM Disclosure Q2 FY2026-27,VERIFIED,13.3971,2026-10-01
153633,Groww Nifty India Internet ETF FOF - Regular Plan - Growth,GROWW_MF,REGULAR,GROWTH,,,,SOURCE_UNAVAILABLE,22800,2026-09-30,AMFI Official Average AUM Disclosure Q2 FY2026-27,VERIFIED,9.7337,2026-10-01
154173,Groww Nifty PSE ETF FOF - Regular Plan - Growth,GROWW_MF,REGULAR,GROWTH,,,,SOURCE_UNAVAILABLE,22800,2026-09-30,AMFI Official Average AUM Disclosure Q2 FY2026-27,VERIFIED,9.0322,2026-09-29
153527,Groww Silver ETF FOF - Regular Plan - Growth,GROWW_MF,REGULAR,GROWTH,,,,SOURCE_UNAVAILABLE,22800,2026-09-30,AMFI Official Average AUM Disclosure Q2 FY2026-27,VERIFIED,21.0974,2026-10-01
154356,HDFC GOLD SILVER PASSIVE FOF - Regular Plan - GROWTH OPTION,HDFC_MF,REGULAR,GROWTH,,,,SOURCE_UNAVAILABLE,745890.75,2026-09-30,AMFI Official Average AUM Disclosure Q2 FY2026-27,VERIFIED,9.679,2026-09-29
154506,HDFC Nifty Metal ETF FOF - Regular Plan - Growth Option,HDFC_MF,REGULAR,GROWTH,,,,SOURCE_UNAVAILABLE,745890.75,2026-09-30,AMFI Official Average AUM Disclosure Q2 FY2026-27,VERIFIED,9.4492,2026-10-01
129065,HSBC Aggressive Hybrid Active FOF (erstwhile HSBC Managed Solutions India - Growth fund) - Regular Plan - Growth,HSBC_MF,REGULAR,GROWTH,,,,SOURCE_UNAVAILABLE,115300,2026-09-30,AMFI Official Average AUM Disclosure Q2 FY2026-27,VERIFIED,41.6816,2026-10-01
154298,HSBC Gold ETF Fund of Fund - Regular Plan - Growth,HSBC_MF,REGULAR,GROWTH,,,,SOURCE_UNAVAILABLE,115300,2026-09-30,AMFI Official Average AUM Disclosure Q2 FY2026-27,VERIFIED,10.0854,2026-10-01
129195,HSBC Income Plus Arbitrage Active FOF (erstwhile HSBC Managed Solution India - Conservative Plan) - Regular Plan - Growth,HSBC_MF,REGULAR,GROWTH,,,,SOURCE_UNAVAILABLE,115300,2026-09-30,AMFI Official Average AUM Disclosure Q2 FY2026-27,VERIFIED,22.7328,2026-09-26
129191,HSBC Multi Asset Active FOF (erstwhile HSBC Managed Solutions India - Moderate Fund) - Regular Plan - Growth,HSBC_MF,REGULAR,GROWTH,,,,SOURCE_UNAVAILABLE,115300,2026-09-30,AMFI Official Average AUM Disclosure Q2 FY2026-27,VERIFIED,40.5842,2026-10-01
116077,Invesco India Gold ETF Fund of Fund - Regular Plan - Growth,INVESCO_MF,REGULAR,GROWTH,,,,SOURCE_UNAVAILABLE,92450,2026-09-30,AMFI Official Average AUM Disclosure Q2 FY2026-27,VERIFIED,41.0476,2026-10-01
153695,Invesco India Income Plus Arbitrage Active Fund of Fund - Regular Plan - Growth,INVESCO_MF,REGULAR,GROWTH,,,,SOURCE_UNAVAILABLE,92450,2026-09-30,AMFI Official Average AUM Disclosure Q2 FY2026-27,VERIFIED,1057.8353,2026-10-01
154576,Kotak Diversified Equity All Cap Omni FOF - Regular Plan - Growth,KOTAK_MAHINDRA_MF,REGULAR,GROWTH,,,,SOURCE_UNAVAILABLE,435670,2026-09-30,AMFI Official Average AUM Disclosure Q2 FY2026-27,VERIFIED,9.424,2026-10-01
154319,Kotak Multi Asset Active FOF - Regular Plan - Growth,KOTAK_MAHINDRA_MF,REGULAR,GROWTH,,,,SOURCE_UNAVAILABLE,435670,2026-09-30,AMFI Official Average AUM Disclosure Q2 FY2026-27,VERIFIED,9.842,2026-10-01
154006,Mahindra Manulife Income Plus Arbitrage Active FOF - Regular Plan - Growth,MAHINDRA_MANULI_MF,REGULAR,GROWTH,,,,SOURCE_UNAVAILABLE,24600,2026-09-30,AMFI Official Average AUM Disclosure Q2 FY2026-27,VERIFIED,10.4292,2026-09-26
153382,Mirae Asset BSE 200 Equal Weight ETF Fund of Fund - Regular Plan - Growth,MIRAE_ASSET_MF,REGULAR,GROWTH,,,,SOURCE_UNAVAILABLE,185600,2026-09-30,AMFI Official Average AUM Disclosure Q2 FY2026-27,VERIFIED,10.98,2026-10-01
154189,Mirae Asset BSE India Defence ETF FOF - Regular Plan - Growth,MIRAE_ASSET_MF,REGULAR,GROWTH,,,,SOURCE_UNAVAILABLE,185600,2026-09-30,AMFI Official Average AUM Disclosure Q2 FY2026-27,VERIFIED,11.249,2026-10-01
154473,Mirae Asset BSE Midcap 150 Momentum 30 ETF FOF - Regular Plan - Growth,MIRAE_ASSET_MF,REGULAR,GROWTH,,,,SOURCE_UNAVAILABLE,185600,2026-09-30,AMFI Official Average AUM Disclosure Q2 FY2026-27,VERIFIED,9.951,2026-10-01
153387,Mirae Asset BSE Select IPO ETF Fund of Fund - Regular Plan - Growth,MIRAE_ASSET_MF,REGULAR,GROWTH,,,,SOURCE_UNAVAILABLE,185600,2026-09-30,AMFI Official Average AUM Disclosure Q2 FY2026-27,VERIFIED,11.085,2026-10-01
148502,Mirae Asset Diversified Equity Allocator Passive FOF - Regular Plan - Growth,MIRAE_ASSET_MF,REGULAR,GROWTH,,,,SOURCE_UNAVAILABLE,185600,2026-09-30,AMFI Official Average AUM Disclosure Q2 FY2026-27,VERIFIED,23.56,2026-10-01
153009,Mirae Asset Gold ETF Fund of Fund - Regular Plan - Growth,MIRAE_ASSET_MF,REGULAR,GROWTH,,,,SOURCE_UNAVAILABLE,185600,2026-09-30,AMFI Official Average AUM Disclosure Q2 FY2026-27,VERIFIED,18.36,2026-09-29
153814,Mirae Asset Gold Silver Passive FoF - Regular Plan - Growth,MIRAE_ASSET_MF,REGULAR,GROWTH,,,,SOURCE_UNAVAILABLE,185600,2026-09-30,AMFI Official Average AUM Disclosure Q2 FY2026-27,VERIFIED,16.165,2026-09-29
149380,Mirae Asset Hang Seng TECH ETF Fund of Fund - Regular Plan - Growth,MIRAE_ASSET_MF,REGULAR,GROWTH,,,,SOURCE_UNAVAILABLE,185600,2026-09-30,AMFI Official Average AUM Disclosure Q2 FY2026-27,VERIFIED,11.102,2026-09-29
153640,Mirae Asset Income plus Arbitrage Active FOF - Regular Plan - Growth,MIRAE_ASSET_MF,REGULAR,GROWTH,,,,SOURCE_UNAVAILABLE,185600,2026-09-30,AMFI Official Average AUM Disclosure Q2 FY2026-27,VERIFIED,10.629,2026-09-26
153818,Mirae Asset Multi Factor Passive FOF - Regular Plan - Growth,MIRAE_ASSET_MF,REGULAR,GROWTH,,,,SOURCE_UNAVAILABLE,185600,2026-09-30,AMFI Official Average AUM Disclosure Q2 FY2026-27,VERIFIED,10.209,2026-10-01
148576,Mirae Asset Nifty 100 ESG Sector Leaders Fund of Fund - Regular Plan - Growth,MIRAE_ASSET_MF,REGULAR,GROWTH,,,,SOURCE_UNAVAILABLE,185600,2026-09-30,AMFI Official Average AUM Disclosure Q2 FY2026-27,VERIFIED,16.665,2026-10-01
149788,Mirae Asset Nifty India Manufacturing ETF Fund of Fund - Regular Plan - Growth,MIRAE_ASSET_MF,REGULAR,GROWTH,,,,SOURCE_UNAVAILABLE,185600,2026-09-30,AMFI Official Average AUM Disclosure Q2 FY2026-27,VERIFIED,19.044,2026-10-01
153194,Mirae Asset Nifty India New Age Consumption ETF Fund of Fund - Regular Plan - Growth,MIRAE_ASSET_MF,REGULAR,GROWTH,,,,SOURCE_UNAVAILABLE,185600,2026-09-30,AMFI Official Average AUM Disclosure Q2 FY2026-27,VERIFIED,9.032,2026-10-01
154218,Mirae Asset Nifty Metal ETF FOF - Regular Plan - Growth,MIRAE_ASSET_MF,REGULAR,GROWTH,,,,SOURCE_UNAVAILABLE,185600,2026-09-30,AMFI Official Average AUM Disclosure Q2 FY2026-27,VERIFIED,10.019,2026-10-01
152647,Mirae Asset Nifty MidSmallcap400 Momentum Quality 100 ETF Fund of Fund - Regular Plan - Growth,MIRAE_ASSET_MF,REGULAR,GROWTH,,,,SOURCE_UNAVAILABLE,185600,2026-09-30,AMFI Official Average AUM Disclosure Q2 FY2026-27,VERIFIED,9.843,2026-10-01
152457,Mirae Asset Nifty Smallcap 250 Momentum Quality 100 ETF Fund of Fund - Regular Plan - Growth,MIRAE_ASSET_MF,REGULAR,GROWTH,,,,SOURCE_UNAVAILABLE,185600,2026-09-30,AMFI Official Average AUM Disclosure Q2 FY2026-27,VERIFIED,10.389,2026-10-01
152720,Mirae Asset Nifty200 Alpha 30 ETF Fund of Fund - Regular Plan - Growth,MIRAE_ASSET_MF,REGULAR,GROWTH,,,,SOURCE_UNAVAILABLE,185600,2026-09-30,AMFI Official Average AUM Disclosure Q2 FY2026-27,VERIFIED,8.663,2026-10-01
148929,Mirae Asset NYSE FANG + ETF Fund of Fund - Regular Plan - Growth,MIRAE_ASSET_MF,REGULAR,GROWTH,,,,SOURCE_UNAVAILABLE,185600,2026-09-30,AMFI Official Average AUM Disclosure Q2 FY2026-27,VERIFIED,51.604,2026-10-01
149171,Mirae Asset S&P 500 Top 50 ETF Fund of Fund - Regular Plan - Growth,MIRAE_ASSET_MF,REGULAR,GROWTH,,,,SOURCE_UNAVAILABLE,185600,2026-09-30,AMFI Official Average AUM Disclosure Q2 FY2026-27,VERIFIED,35.435,2026-10-01
154281,Mirae Asset Silver ETF FOF - Regular Plan - Growth,MIRAE_ASSET_MF,REGULAR,GROWTH,,,,SOURCE_UNAVAILABLE,185600,2026-09-30,AMFI Official Average AUM Disclosure Q2 FY2026-27,VERIFIED,9.768,2026-09-29
154649,Nippon India Income Plus Arbitrage Omni Fund of Fund - Regular Plan - Growth Option,NIPPON_INDIA_MF,REGULAR,GROWTH,,,,SOURCE_UNAVAILABLE,525140.2,2026-09-30,AMFI Official Average AUM Disclosure Q2 FY2026-27,VERIFIED,10.0272,2026-09-26
154657,quant Income Plus Arbitrage Active FOF - Regular Plan - Growth Option,QUANT_MF,REGULAR,GROWTH,,,,SOURCE_UNAVAILABLE,95400,2026-09-30,AMFI Official Average AUM Disclosure Q2 FY2026-27,VERIFIED,10.0309,2026-09-26
154523,SBI Nifty Midcap 150 Momentum 50 ETF FOF - Regular Plan - Growth,SBI_MF,REGULAR,GROWTH,,,,SOURCE_UNAVAILABLE,1052450,2026-09-30,AMFI Official Average AUM Disclosure Q2 FY2026-27,VERIFIED,9.4245,2026-10-01
154405,Tata Multi Sector Passive FOF - Regular Plan - Growth Option,TATA_MF,REGULAR,GROWTH,,,,SOURCE_UNAVAILABLE,175400,2026-09-30,AMFI Official Average AUM Disclosure Q2 FY2026-27,VERIFIED,9.3311,2026-10-01
150715,UTI Gold ETF Fund of Fund - Regular Plan - Growth,UTI_MF,REGULAR,GROWTH,,,,SOURCE_UNAVAILABLE,312500,2026-09-30,AMFI Official Average AUM Disclosure Q2 FY2026-27,VERIFIED,27.8383,2026-09-29
153441,UTI Income Plus Arbitrage Active Fund of Fund - Regular Plan - Growth,UTI_MF,REGULAR,GROWTH,,,,SOURCE_UNAVAILABLE,312500,2026-09-30,AMFI Official Average AUM Disclosure Q2 FY2026-27,VERIFIED,10.846,2026-09-26
151732,UTI Silver ETF Fund of Fund - Regular Plan - Growth,UTI_MF,REGULAR,GROWTH,,,,SOURCE_UNAVAILABLE,312500,2026-09-30,AMFI Official Average AUM Disclosure Q2 FY2026-27,VERIFIED,27.5806,2026-10-01
140381,Bandhan Aggressive Hybrid Fund - Regular Plan - Growth,BANDHAN_MF,REGULAR,GROWTH,1240.5,2026-09-30,Bandhan AMC Monthly Factsheet - September 2026,VERIFIED,155800,2026-09-30,AMFI Official Average AUM Disclosure Q2 FY2026-27,VERIFIED,26.937,2026-10-01
100081,DSP Aggressive Hybrid Fund - Regular Plan - Growth,DSP_MF,REGULAR,GROWTH,,,,SOURCE_UNAVAILABLE,165320,2026-09-30,AMFI Official Average AUM Disclosure Q2 FY2026-27,VERIFIED,334.972,2026-10-01
112108,Edelweiss Aggressive Hybrid Fund - Regular Plan - Growth,EDELWEISS_MF,REGULAR,GROWTH,,,,SOURCE_UNAVAILABLE,138200,2026-09-30,AMFI Official Average AUM Disclosure Q2 FY2026-27,VERIFIED,62.55,2026-10-01
100550,Franklin India Aggressive Hybrid Fund - Regular Plan - Growth,FRANKLIN_TEMPLE_MF,REGULAR,GROWTH,,,,SOURCE_UNAVAILABLE,98200,2026-09-30,AMFI Official Average AUM Disclosure Q2 FY2026-27,VERIFIED,255.9057,2026-10-01
133036,Kotak Aggressive Hybrid Fund - Regular Plan - Growth,KOTAK_MAHINDRA_MF,REGULAR,GROWTH,,,,SOURCE_UNAVAILABLE,435670,2026-09-30,AMFI Official Average AUM Disclosure Q2 FY2026-27,VERIFIED,62.648,2026-10-01
100323,LIC MF Aggressive Hybrid Fund - Regular Plan - Growth,LIC_MF,REGULAR,GROWTH,,,,SOURCE_UNAVAILABLE,34200,2026-09-30,AMFI Official Average AUM Disclosure Q2 FY2026-27,VERIFIED,199.6698,2026-10-01
143162,Navi Aggressive Hybrid Fund - Regular Plan - Growth,NAVI_MF,REGULAR,GROWTH,,,,SOURCE_UNAVAILABLE,6500,2026-09-30,AMFI Official Average AUM Disclosure Q2 FY2026-27,VERIFIED,21.6888,2026-10-01
138382,PGIM India Aggressive Hybrid Equity Fund - Regular Plan - Regular Growth,PGIM_INDIA_MF,REGULAR,GROWTH,,,,SOURCE_UNAVAILABLE,27800,2026-09-30,AMFI Official Average AUM Disclosure Q2 FY2026-27,VERIFIED,123.44,2026-10-01
101070,Quant Aggressive Hybrid Fund - Regular Plan - Growth Option,QUANT_MF,REGULAR,GROWTH,,,,SOURCE_UNAVAILABLE,95400,2026-09-30,AMFI Official Average AUM Disclosure Q2 FY2026-27,VERIFIED,446.0061,2026-10-01
149599,Sundaram Aggressive Hybrid Fund (Formerly Known as Principal Hybrid Equity Fund) - Regular Plan - GROWTH,SUNDARAM_MF,REGULAR,GROWTH,,,,SOURCE_UNAVAILABLE,72400,2026-09-30,AMFI Official Average AUM Disclosure Q2 FY2026-27,VERIFIED,152.8464,2026-10-01
100414,Tata Aggressive Hybrid Fund - Regular Plan - Growth Option,TATA_MF,REGULAR,GROWTH,,,,SOURCE_UNAVAILABLE,175400,2026-09-30,AMFI Official Average AUM Disclosure Q2 FY2026-27,VERIFIED,417.7409,2026-10-01
148591,Union Aggressive Hybrid Fund - Regular Plan - Growth Option,UNION_MF,REGULAR,GROWTH,,,,SOURCE_UNAVAILABLE,16800,2026-09-30,AMFI Official Average AUM Disclosure Q2 FY2026-27,VERIFIED,17.98,2026-10-01
100684,UTI Aggressive Hybrid Fund - Regular Plan - Growth,UTI_MF,REGULAR,GROWTH,,,,SOURCE_UNAVAILABLE,312500,2026-09-30,AMFI Official Average AUM Disclosure Q2 FY2026-27,VERIFIED,388.8996,2026-10-01
112088,ADITYA BIRLA SUN LIFE ARBITRAGE FUND - Regular Plan - GROWTH,ADITYA_BIRLA_SU_MF,REGULAR,GROWTH,,,,SOURCE_UNAVAILABLE,362480,2026-09-30,AMFI Official Average AUM Disclosure Q2 FY2026-27,VERIFIED,28.5034,2026-09-26
152078,Bajaj Finserv Arbitrage Fund - Regular Plan - Growth,BAJAJ_FINSERV_MF,REGULAR,GROWTH,,,,SOURCE_UNAVAILABLE,19400,2026-09-30,AMFI Official Average AUM Disclosure Q2 FY2026-27,VERIFIED,12.025,2026-09-26
108845,BANDHAN Arbitrage Fund - Regular Plan - Growth,BANDHAN_MF,REGULAR,GROWTH,,,,SOURCE_UNAVAILABLE,155800,2026-09-30,AMFI Official Average AUM Disclosure Q2 FY2026-27,VERIFIED,34.719,2026-09-26
143620,BANK OF INDIA ARBITRAGE FUND - Regular Plan - Growth,BANK_OF_INDIA_MF,REGULAR,GROWTH,,,,SOURCE_UNAVAILABLE,11200,2026-09-30,AMFI Official Average AUM Disclosure Q2 FY2026-27,VERIFIED,14.7418,2026-09-26
150250,BARODA BNP PARIBAS ARBITRAGE FUND - Regular Plan - Growth Option,BARODA_BNP_PARI_MF,REGULAR,GROWTH,,,,SOURCE_UNAVAILABLE,42500,2026-09-30,AMFI Official Average AUM Disclosure Q2 FY2026-27,VERIFIED,17.1664,2026-09-26
154233,Capitalmind Arbitrage Fund - Regular Plan - Growth,CAPITALMIND_MF,REGULAR,GROWTH,,,,SOURCE_UNAVAILABLE,1200,2026-09-30,AMFI Official Average AUM Disclosure Q2 FY2026-27,VERIFIED,10.2792,2026-09-26
142282,DSP Arbitrage fund - Regular Plan - Growth,DSP_MF,REGULAR,GROWTH,,,,SOURCE_UNAVAILABLE,165320,2026-09-30,AMFI Official Average AUM Disclosure Q2 FY2026-27,VERIFIED,16.01,2026-09-26
130205,Edelweiss Arbitrage Fund - Regular Plan - Growth,EDELWEISS_MF,REGULAR,GROWTH,,,,SOURCE_UNAVAILABLE,138200,2026-09-30,AMFI Official Average AUM Disclosure Q2 FY2026-27,VERIFIED,20.7948,2026-09-26
153042,Franklin India Arbitrage Fund - Regular Plan - Growth,FRANKLIN_TEMPLE_MF,REGULAR,GROWTH,,,,SOURCE_UNAVAILABLE,98200,2026-09-30,AMFI Official Average AUM Disclosure Q2 FY2026-27,VERIFIED,11.1933,2026-09-26
106793,HDFC Arbitrage Fund - Regular Plan - Growth Option,HDFC_MF,REGULAR,GROWTH,,,,SOURCE_UNAVAILABLE,745890.75,2026-09-30,AMFI Official Average AUM Disclosure Q2 FY2026-27,VERIFIED,32.906,2026-09-26
147618,ITI Arbitrage Fund - Regular Plan - Growth Option,ITI_MF,REGULAR,GROWTH,,,,SOURCE_UNAVAILABLE,8900,2026-09-30,AMFI Official Average AUM Disclosure Q2 FY2026-27,VERIFIED,13.8628,2026-09-26
105968,Kotak Arbitrage Fund - Regular Plan - Growth,KOTAK_MAHINDRA_MF,REGULAR,GROWTH,,,,SOURCE_UNAVAILABLE,435670,2026-09-30,AMFI Official Average AUM Disclosure Q2 FY2026-27,VERIFIED,40.252,2026-09-26
145890,LIC MF Arbitrage Fund - Regular Plan - Growth,LIC_MF,REGULAR,GROWTH,,,,SOURCE_UNAVAILABLE,34200,2026-09-30,AMFI Official Average AUM Disclosure Q2 FY2026-27,VERIFIED,14.8151,2026-09-26
153188,Motilal Oswal Arbitrage Fund - Regular Plan - Growth,MOTILAL_OSWAL_MF,REGULAR,GROWTH,,,,SOURCE_UNAVAILABLE,82100,2026-09-30,AMFI Official Average AUM Disclosure Q2 FY2026-27,VERIFIED,11.1186,2026-09-26
113345,Nippon India Arbitrage Fund - Regular Plan - Growth Option,NIPPON_INDIA_MF,REGULAR,GROWTH,,,,SOURCE_UNAVAILABLE,525140.2,2026-09-30,AMFI Official Average AUM Disclosure Q2 FY2026-27,VERIFIED,28.4765,2026-09-26
153977,Old Bridge Arbitrage Fund - Regular Plan - Regular Growth,OLD_BRIDGE_MF,REGULAR,GROWTH,,,,SOURCE_UNAVAILABLE,2100,2026-09-30,AMFI Official Average AUM Disclosure Q2 FY2026-27,VERIFIED,10.4812,2026-09-26
152110,Parag Parikh Arbitrage Fund - Regular Plan - Growth,PPFAS_MF,REGULAR,GROWTH,,,,SOURCE_UNAVAILABLE,85600,2026-09-30,AMFI Official Average AUM Disclosure Q2 FY2026-27,VERIFIED,12.0449,2026-09-26
153428,quant Arbitrage Fund - Regular Plan - Growth Option,QUANT_MF,REGULAR,GROWTH,,,,SOURCE_UNAVAILABLE,95400,2026-09-30,AMFI Official Average AUM Disclosure Q2 FY2026-27,VERIFIED,11.0159,2026-09-26
153091,Samco Arbitrage Fund - Regular Plan - Growth,SAMCO_MF,REGULAR,GROWTH,,,,SOURCE_UNAVAILABLE,2400,2026-09-30,AMFI Official Average AUM Disclosure Q2 FY2026-27,VERIFIED,10.74,2026-09-26
149552,Sundaram Arbitrage Fund(Formerly Known as Prinicpal Arbitrage Fund) - Regular Plan - GROWTH,SUNDARAM_MF,REGULAR,GROWTH,,,,SOURCE_UNAVAILABLE,72400,2026-09-30,AMFI Official Average AUM Disclosure Q2 FY2026-27,VERIFIED,15.4894,2026-09-26
145723,Tata Arbitrage Fund - Regular Plan - Growth Option,TATA_MF,REGULAR,GROWTH,,,,SOURCE_UNAVAILABLE,175400,2026-09-30,AMFI Official Average AUM Disclosure Q2 FY2026-27,VERIFIED,15.415,2026-09-26
153892,The Wealth Company Arbitrage Fund - Regular Plan - Growth,THE_WEALTH_MF,REGULAR,GROWTH,,,,SOURCE_UNAVAILABLE,1900,2026-09-30,AMFI Official Average AUM Disclosure Q2 FY2026-27,VERIFIED,10.5503,2026-09-26
153805,TRUSTMF ARBITRAGE FUND - Regular Plan - Growth,TRUST_MF,REGULAR,GROWTH,,,,SOURCE_UNAVAILABLE,4200,2026-09-30,AMFI Official Average AUM Disclosure Q2 FY2026-27,VERIFIED,10.5976,2026-09-26
146294,Union Arbitrage Fund - Regular Plan - Growth Option,UNION_MF,REGULAR,GROWTH,,,,SOURCE_UNAVAILABLE,16800,2026-09-30,AMFI Official Average AUM Disclosure Q2 FY2026-27,VERIFIED,15.0467,2026-09-26
154418,ICICI Prudential Balanced Hybrid Fund - Regular Plan - Growth,ICICI_PRUDENTIA_MF,REGULAR,GROWTH,,,,SOURCE_UNAVAILABLE,785230.5,2026-09-30,AMFI Official Average AUM Disclosure Q2 FY2026-27,VERIFIED,9.96,2026-09-29
112353,BANDHAN CONSERVATIVE HYBRID FUND - Regular Plan - Growth,BANDHAN_MF,REGULAR,GROWTH,,,,SOURCE_UNAVAILABLE,155800,2026-09-30,AMFI Official Average AUM Disclosure Q2 FY2026-27,VERIFIED,32.443,2026-10-01
100948,Franklin India Conservative Hybrid Fund - Regular Plan - Growth,FRANKLIN_TEMPLE_MF,REGULAR,GROWTH,,,,SOURCE_UNAVAILABLE,98200,2026-09-30,AMFI Official Average AUM Disclosure Q2 FY2026-27,VERIFIED,91.8543,2026-10-01
101869,LIC MF Conservative Hybrid Fund - Regular Plan - Growth,LIC_MF,REGULAR,GROWTH,,,,SOURCE_UNAVAILABLE,34200,2026-09-30,AMFI Official Average AUM Disclosure Q2 FY2026-27,VERIFIED,83.3336,2026-10-01
148141,Nippon India Conservative Hybrid Fund (Existing number of Segregated Portfolios - 1) - Regular Plan - Growth Option,NIPPON_INDIA_MF,REGULAR,GROWTH,,,,SOURCE_UNAVAILABLE,525140.2,2026-09-30,AMFI Official Average AUM Disclosure Q2 FY2026-27,VERIFIED,3.8398,2026-09-26
102172,Nippon India Conservative Hybrid Fund (Existing number of Segregated Portfolios - 1) - Regular Plan - Growth Option,NIPPON_INDIA_MF,REGULAR,GROWTH,,,,SOURCE_UNAVAILABLE,525140.2,2026-09-30,AMFI Official Average AUM Disclosure Q2 FY2026-27,VERIFIED,61.8196,2026-10-01
148959,Parag Parikh Conservative Hybrid Fund - Regular Plan - Growth,PPFAS_MF,REGULAR,GROWTH,,,,SOURCE_UNAVAILABLE,85600,2026-09-30,AMFI Official Average AUM Disclosure Q2 FY2026-27,VERIFIED,15.7312,2026-10-01
100968,SBI CONSERVATIVE HYBRID FUND - Regular Plan - Growth,SBI_MF,REGULAR,GROWTH,,,,SOURCE_UNAVAILABLE,1052450,2026-09-30,AMFI Official Average AUM Disclosure Q2 FY2026-27,VERIFIED,76.0198,2026-10-01
112868,Sundaram Conservative Hybrid Fund (Formerly Known as Sundaram Debt Oriented Hybrid Fund) - Regular Plan - GROWTH,SUNDARAM_MF,REGULAR,GROWTH,,,,SOURCE_UNAVAILABLE,72400,2026-09-30,AMFI Official Average AUM Disclosure Q2 FY2026-27,VERIFIED,28.9675,2026-10-01
131666,Aditya Birla Sun Life Balanced Advantage Fund - Regular Plan - GROWTH,ADITYA_BIRLA_SU_MF,REGULAR,GROWTH,,,,SOURCE_UNAVAILABLE,362480,2026-09-30,AMFI Official Average AUM Disclosure Q2 FY2026-27,VERIFIED,109.63,2026-10-01
152196,Bajaj Finserv Balanced Advantage Fund - Regular Plan - Growth,BAJAJ_FINSERV_MF,REGULAR,GROWTH,,,,SOURCE_UNAVAILABLE,19400,2026-09-30,AMFI Official Average AUM Disclosure Q2 FY2026-27,VERIFIED,11.275,2026-10-01
131357,BANDHAN Balanced Advantage Fund - Regular Plan - Growth,BANDHAN_MF,REGULAR,GROWTH,,,,SOURCE_UNAVAILABLE,155800,2026-09-30,AMFI Official Average AUM Disclosure Q2 FY2026-27,VERIFIED,24.666,2026-10-01
127849,BANK OF INDIA BALANCED ADVANTAGE FUND - Regular Plan - Growth,BANK_OF_INDIA_MF,REGULAR,GROWTH,,,,SOURCE_UNAVAILABLE,11200,2026-09-30,AMFI Official Average AUM Disclosure Q2 FY2026-27,VERIFIED,25.1581,2026-10-01
126394,DSP Dynamic Asset Allocation Fund - Regular Plan - Growth,DSP_MF,REGULAR,GROWTH,,,,SOURCE_UNAVAILABLE,165320,2026-09-30,AMFI Official Average AUM Disclosure Q2 FY2026-27,VERIFIED,27.894,2026-10-01
112117,Edelweiss Balanced Advantage Fund - Regular Plan - Growth,EDELWEISS_MF,REGULAR,GROWTH,,,,SOURCE_UNAVAILABLE,138200,2026-09-30,AMFI Official Average AUM Disclosure Q2 FY2026-27,VERIFIED,51.47,2026-10-01
150480,Franklin India Balanced Advantage Fund - Regular Plan - Growth,FRANKLIN_TEMPLE_MF,REGULAR,GROWTH,,,,SOURCE_UNAVAILABLE,98200,2026-09-30,AMFI Official Average AUM Disclosure Q2 FY2026-27,VERIFIED,13.9456,2026-10-01
100119,HDFC Balanced Advantage Fund - Regular Plan - Growth Option,HDFC_MF,REGULAR,GROWTH,98450,2026-09-30,HDFC AMC Monthly Factsheet - September 2026,VERIFIED,745890.75,2026-09-30,AMFI Official Average AUM Disclosure Q2 FY2026-27,VERIFIED,501.822,2026-10-01
104685,ICICI Prudential Balanced Advantage Fund - Regular Plan - Growth,ICICI_PRUDENTIA_MF,REGULAR,GROWTH,,,,SOURCE_UNAVAILABLE,785230.5,2026-09-30,AMFI Official Average AUM Disclosure Q2 FY2026-27,VERIFIED,75.79,2026-10-01
147787,ITI Balanced Advantage Fund - Regular Plan - Growth Option,ITI_MF,REGULAR,GROWTH,,,,SOURCE_UNAVAILABLE,8900,2026-09-30,AMFI Official Average AUM Disclosure Q2 FY2026-27,VERIFIED,13.9803,2026-10-01
144333,Kotak Balanced Advantage Fund - Regular Plan - Growth Option,KOTAK_MAHINDRA_MF,REGULAR,GROWTH,,,,SOURCE_UNAVAILABLE,435670,2026-09-30,AMFI Official Average AUM Disclosure Q2 FY2026-27,VERIFIED,20.349,2026-10-01
149259,LIC MF Balanced Advantage Fund - Regular Plan - Growth,LIC_MF,REGULAR,GROWTH,,,,SOURCE_UNAVAILABLE,34200,2026-09-30,AMFI Official Average AUM Disclosure Q2 FY2026-27,VERIFIED,13.3637,2026-10-01
139870,Motilal Oswal Balanced Advantage Fund - Regular Plan - Growth,MOTILAL_OSWAL_MF,REGULAR,GROWTH,,,,SOURCE_UNAVAILABLE,82100,2026-09-30,AMFI Official Average AUM Disclosure Q2 FY2026-27,VERIFIED,19.1228,2026-10-01
148657,PGIM India Balanced Advantage Fund - Regular Plan - Regular Growth,PGIM_INDIA_MF,REGULAR,GROWTH,,,,SOURCE_UNAVAILABLE,27800,2026-09-30,AMFI Official Average AUM Disclosure Q2 FY2026-27,VERIFIED,14.36,2026-10-01
152464,Parag Parikh Dynamic Asset Allocation Fund - Regular Plan - Growth,PPFAS_MF,REGULAR,GROWTH,,,,SOURCE_UNAVAILABLE,85600,2026-09-30,AMFI Official Average AUM Disclosure Q2 FY2026-27,VERIFIED,11.6413,2026-10-01
151714,quant Dynamic Asset Allocation Fund - Regular Plan - Growth Option,QUANT_MF,REGULAR,GROWTH,,,,SOURCE_UNAVAILABLE,95400,2026-09-30,AMFI Official Average AUM Disclosure Q2 FY2026-27,VERIFIED,15.8098,2026-10-01
152187,Samco Dynamic Asset Allocation Fund - Regular Plan - Growth,SAMCO_MF,REGULAR,GROWTH,,,,SOURCE_UNAVAILABLE,2400,2026-09-30,AMFI Official Average AUM Disclosure Q2 FY2026-27,VERIFIED,10.02,2026-10-01
149132,SBI Balanced Advantage Fund - Regular Plan - Growth,SBI_MF,REGULAR,GROWTH,,,,SOURCE_UNAVAILABLE,1052450,2026-09-30,AMFI Official Average AUM Disclosure Q2 FY2026-27,VERIFIED,15.296,2026-10-01
146007,Tata Balanced Advantage Fund - Regular Plan - Growth Option,TATA_MF,REGULAR,GROWTH,,,,SOURCE_UNAVAILABLE,175400,2026-09-30,AMFI Official Average AUM Disclosure Q2 FY2026-27,VERIFIED,19.9782,2026-10-01
154183,The Wealth Company Balanced Advantage Fund - Regular Plan - Growth,THE_WEALTH_MF,REGULAR,GROWTH,,,,SOURCE_UNAVAILABLE,1900,2026-09-30,AMFI Official Average AUM Disclosure Q2 FY2026-27,VERIFIED,9.6026,2026-10-01
153377,UNIFI DYNAMIC ASSET ALLOCATION FUND - Regular Plan - GROWTH,UNIFI_MF,REGULAR,GROWTH,,,,SOURCE_UNAVAILABLE,1100,2026-09-30,AMFI Official Average AUM Disclosure Q2 FY2026-27,VERIFIED,11.2235,2026-09-26
142035,Union Balanced Advantage Fund - Regular Plan - Growth Option,UNION_MF,REGULAR,GROWTH,,,,SOURCE_UNAVAILABLE,16800,2026-09-30,AMFI Official Average AUM Disclosure Q2 FY2026-27,VERIFIED,19.92,2026-10-01
132998,Aditya Birla Sun Life Equity Savings Fund - Regular Plan - GROWTH,ADITYA_BIRLA_SU_MF,REGULAR,GROWTH,,,,SOURCE_UNAVAILABLE,362480,2026-09-30,AMFI Official Average AUM Disclosure Q2 FY2026-27,VERIFIED,23.06,2026-10-01
153769,Bajaj Finserv Equity Savings Fund - Regular Plan - Growth,BAJAJ_FINSERV_MF,REGULAR,GROWTH,,,,SOURCE_UNAVAILABLE,19400,2026-09-30,AMFI Official Average AUM Disclosure Q2 FY2026-27,VERIFIED,10.398,2026-09-29
108995,BANDHAN EQUITY SAVINGS FUND - Regular Plan - Growth,BANDHAN_MF,REGULAR,GROWTH,,,,SOURCE_UNAVAILABLE,155800,2026-09-30,AMFI Official Average AUM Disclosure Q2 FY2026-27,VERIFIED,32.133,2026-10-01
136563,DSP Equity Savings Fund - Regular Plan - Growth,DSP_MF,REGULAR,GROWTH,,,,SOURCE_UNAVAILABLE,165320,2026-09-30,AMFI Official Average AUM Disclosure Q2 FY2026-27,VERIFIED,22.021,2026-09-29
140351,Edelweiss Equity Savings Fund - Regular Plan - Growth,EDELWEISS_MF,REGULAR,GROWTH,,,,SOURCE_UNAVAILABLE,138200,2026-09-30,AMFI Official Average AUM Disclosure Q2 FY2026-27,VERIFIED,27.1337,2026-10-01
144461,Franklin India Equity Savings Fund - Regular Plan - Growth,FRANKLIN_TEMPLE_MF,REGULAR,GROWTH,,,,SOURCE_UNAVAILABLE,98200,2026-09-30,AMFI Official Average AUM Disclosure Q2 FY2026-27,VERIFIED,16.8316,2026-10-01
101585,HDFC Equity Savings Fund - Regular Plan - Growth Option,HDFC_MF,REGULAR,GROWTH,,,,SOURCE_UNAVAILABLE,745890.75,2026-09-30,AMFI Official Average AUM Disclosure Q2 FY2026-27,VERIFIED,66.498,2026-10-01
131372,Kotak Equity Savings Fund - Regular Plan - Growth,KOTAK_MAHINDRA_MF,REGULAR,GROWTH,,,,SOURCE_UNAVAILABLE,435670,2026-09-30,AMFI Official Average AUM Disclosure Q2 FY2026-27,VERIFIED,27.1012,2026-10-01
151950,LIC MF Equity Savings Fund - Regular Plan - Growth,LIC_MF,REGULAR,GROWTH,,,,SOURCE_UNAVAILABLE,34200,2026-09-30,AMFI Official Average AUM Disclosure Q2 FY2026-27,VERIFIED,28.1418,2026-10-01
147700,Nippon India Equity Savings Fund (Existing number of Segregated Portfolios - 2) - Regular Plan - Growth Option,NIPPON_INDIA_MF,REGULAR,GROWTH,,,,SOURCE_UNAVAILABLE,525140.2,2026-09-30,AMFI Official Average AUM Disclosure Q2 FY2026-27,VERIFIED,0.652,2026-09-26
134593,Nippon India Equity Savings Fund (Existing number of Segregated Portfolios - 2) - Regular Plan - Growth Option,NIPPON_INDIA_MF,REGULAR,GROWTH,,,,SOURCE_UNAVAILABLE,525140.2,2026-09-30,AMFI Official Average AUM Disclosure Q2 FY2026-27,VERIFIED,16.0955,2026-10-01
138372,PGIM India Equity Savings Fund - Regular Plan - Regular Growth,PGIM_INDIA_MF,REGULAR,GROWTH,,,,SOURCE_UNAVAILABLE,27800,2026-09-30,AMFI Official Average AUM Disclosure Q2 FY2026-27,VERIFIED,50.3169,2026-10-01
153707,quant Equity Savings Fund - Regular Plan - Growth Option,QUANT_MF,REGULAR,GROWTH,,,,SOURCE_UNAVAILABLE,95400,2026-09-30,AMFI Official Average AUM Disclosure Q2 FY2026-27,VERIFIED,10.723,2026-09-29
134644,SBI EQUITY SAVINGS FUND - Regular Plan - Growth,SBI_MF,REGULAR,GROWTH,,,,SOURCE_UNAVAILABLE,1052450,2026-09-30,AMFI Official Average AUM Disclosure Q2 FY2026-27,VERIFIED,24.4865,2026-10-01
149674,Sundaram Equity Savings Fund (Formerly Known as Principal Equity Savings Fund) - Regular Plan - GROWTH,SUNDARAM_MF,REGULAR,GROWTH,,,,SOURCE_UNAVAILABLE,72400,2026-09-30,AMFI Official Average AUM Disclosure Q2 FY2026-27,VERIFIED,69.599,2026-10-01
101906,Tata Equity Savings Fund - Regular Plan - Growth Option,TATA_MF,REGULAR,GROWTH,,,,SOURCE_UNAVAILABLE,175400,2026-09-30,AMFI Official Average AUM Disclosure Q2 FY2026-27,VERIFIED,56.3583,2026-09-26
144310,Union Equity Savings Fund - Regular Plan - Growth Option,UNION_MF,REGULAR,GROWTH,,,,SOURCE_UNAVAILABLE,16800,2026-09-30,AMFI Official Average AUM Disclosure Q2 FY2026-27,VERIFIED,17.23,2026-09-29
151309,Aditya Birla Sun Life Multi Asset Allocation Fund - Regular Plan - GROWTH,ADITYA_BIRLA_SU_MF,REGULAR,GROWTH,,,,SOURCE_UNAVAILABLE,362480,2026-09-30,AMFI Official Average AUM Disclosure Q2 FY2026-27,VERIFIED,16.3332,2026-10-01
152642,Bajaj Finserv Multi Asset Allocation Fund - Regular Plan - Growth,BAJAJ_FINSERV_MF,REGULAR,GROWTH,,,,SOURCE_UNAVAILABLE,19400,2026-09-30,AMFI Official Average AUM Disclosure Q2 FY2026-27,VERIFIED,11.7944,2026-10-01
152326,BANDHAN MULTI ASSET ALLOCATION FUND - Regular Plan - Growth,BANDHAN_MF,REGULAR,GROWTH,,,,SOURCE_UNAVAILABLE,155800,2026-09-30,AMFI Official Average AUM Disclosure Q2 FY2026-27,VERIFIED,13.8034,2026-10-01
152398,Bank of India Multi Asset Allocation Fund - Regular Plan - Growth,BANK_OF_INDIA_MF,REGULAR,GROWTH,,,,SOURCE_UNAVAILABLE,11200,2026-09-30,AMFI Official Average AUM Disclosure Q2 FY2026-27,VERIFIED,12.4978,2026-10-01
150863,Baroda BNP Paribas Multi Asset Fund - Regular Plan - Growth Option,BARODA_BNP_PARI_MF,REGULAR,GROWTH,,,,SOURCE_UNAVAILABLE,42500,2026-09-30,AMFI Official Average AUM Disclosure Q2 FY2026-27,VERIFIED,15.4908,2026-10-01
154231,Capitalmind Multi Asset Allocation Fund - Regular Plan - Growth,CAPITALMIND_MF,REGULAR,GROWTH,,,,SOURCE_UNAVAILABLE,1200,2026-09-30,AMFI Official Average AUM Disclosure Q2 FY2026-27,VERIFIED,9.5408,2026-10-01
151795,Edelweiss Multi Asset Allocation Fund - Regular Plan - Growth,EDELWEISS_MF,REGULAR,GROWTH,,,,SOURCE_UNAVAILABLE,138200,2026-09-30,AMFI Official Average AUM Disclosure Q2 FY2026-27,VERIFIED,12.5477,2026-09-26
153733,Franklin India Multi Asset Allocation Fund - Regular Plan - Growth,FRANKLIN_TEMPLE_MF,REGULAR,GROWTH,,,,SOURCE_UNAVAILABLE,98200,2026-09-30,AMFI Official Average AUM Disclosure Q2 FY2026-27,VERIFIED,10.4664,2026-10-01
152065,Kotak Multi Asset Allocation Fund - Regular Plan - Growth Option,KOTAK_MAHINDRA_MF,REGULAR,GROWTH,,,,SOURCE_UNAVAILABLE,435670,2026-09-30,AMFI Official Average AUM Disclosure Q2 FY2026-27,VERIFIED,15.473,2026-10-01
153248,LIC MF Multi Asset Allocation Fund - Regular Plan - Growth,LIC_MF,REGULAR,GROWTH,,,,SOURCE_UNAVAILABLE,34200,2026-09-30,AMFI Official Average AUM Disclosure Q2 FY2026-27,VERIFIED,11.8409,2026-10-01
148459,Nippon India Multi Asset Allocation Fund - Regular Plan - Growth Option,NIPPON_INDIA_MF,REGULAR,GROWTH,,,,SOURCE_UNAVAILABLE,525140.2,2026-09-30,AMFI Official Average AUM Disclosure Q2 FY2026-27,VERIFIED,24.2021,2026-10-01
153988,PGIM India Multi Asset Allocation Fund - Regular Plan - Regular Growth,PGIM_INDIA_MF,REGULAR,GROWTH,,,,SOURCE_UNAVAILABLE,27800,2026-09-30,AMFI Official Average AUM Disclosure Q2 FY2026-27,VERIFIED,10.15,2026-10-01
101072,Quant Multi Asset Allocation Fund - Regular Plan - Growth Option,QUANT_MF,REGULAR,GROWTH,,,,SOURCE_UNAVAILABLE,95400,2026-09-30,AMFI Official Average AUM Disclosure Q2 FY2026-27,VERIFIED,163.029,2026-10-01
152475,Quantum Multi Asset Allocation Fund - Regular Plan - Growth Option,QUANTUM_MF,REGULAR,GROWTH,,,,SOURCE_UNAVAILABLE,3800,2026-09-30,AMFI Official Average AUM Disclosure Q2 FY2026-27,VERIFIED,11.41,2026-09-29
153093,Samco Multi Asset Allocation Fund - Regular Plan - Growth,SAMCO_MF,REGULAR,GROWTH,,,,SOURCE_UNAVAILABLE,2400,2026-09-30,AMFI Official Average AUM Disclosure Q2 FY2026-27,VERIFIED,11.88,2026-09-28
103408,SBI MULTI ASSET ALLOCATION FUND - Regular Plan - Growth,SBI_MF,REGULAR,GROWTH,,,,SOURCE_UNAVAILABLE,1052450,2026-09-30,AMFI Official Average AUM Disclosure Q2 FY2026-27,VERIFIED,65.1431,2026-10-01
152311,Sundaram Multi Asset Allocation Fund - Regular Plan - GROWTH,SUNDARAM_MF,REGULAR,GROWTH,,,,SOURCE_UNAVAILABLE,72400,2026-09-30,AMFI Official Average AUM Disclosure Q2 FY2026-27,VERIFIED,12.6343,2026-10-01
148050,Tata Multi Asset Allocation Fund - Regular Plan - Growth Option,TATA_MF,REGULAR,GROWTH,,,,SOURCE_UNAVAILABLE,175400,2026-09-30,AMFI Official Average AUM Disclosure Q2 FY2026-27,VERIFIED,24.3047,2026-10-01
154002,The Wealth Company Multi Asset Allocation Fund - Regular Plan - Growth,THE_WEALTH_MF,REGULAR,GROWTH,,,,SOURCE_UNAVAILABLE,1900,2026-09-30,AMFI Official Average AUM Disclosure Q2 FY2026-27,VERIFIED,10.6033,2026-09-29
152786,Union Multi Asset Allocation Fund - Regular Plan - Growth Option,UNION_MF,REGULAR,GROWTH,,,,SOURCE_UNAVAILABLE,16800,2026-09-30,AMFI Official Average AUM Disclosure Q2 FY2026-27,VERIFIED,11.78,2026-10-01
103155,Aditya Birla Sun Life Aggressive Hybrid Fund - Regular Plan - GROWTH,ADITYA_BIRLA_SU_MF,REGULAR,GROWTH,,,,SOURCE_UNAVAILABLE,362480,2026-09-30,AMFI Official Average AUM Disclosure Q2 FY2026-27,VERIFIED,1478.58,2026-10-01
144393,Axis Aggressive Hybrid Fund - Regular Plan - Growth Option,AXIS_MF,REGULAR,GROWTH,,,,SOURCE_UNAVAILABLE,295420,2026-09-30,AMFI Official Average AUM Disclosure Q2 FY2026-27,VERIFIED,19.99,2026-10-01
139529,BANK OF INDIA AGGRESSIVE HYBRID FUND - Regular Plan - Growth,BANK_OF_INDIA_MF,REGULAR,GROWTH,,,,SOURCE_UNAVAILABLE,11200,2026-09-30,AMFI Official Average AUM Disclosure Q2 FY2026-27,VERIFIED,42.31,2026-10-01
150258,BARODA BNP PARIBAS AGGRESSIVE HYBRID FUND - Regular Plan - Growth Option,BARODA_BNP_PARI_MF,REGULAR,GROWTH,,,,SOURCE_UNAVAILABLE,42500,2026-09-30,AMFI Official Average AUM Disclosure Q2 FY2026-27,VERIFIED,26.8386,2026-10-01
106166,Canara Robeco Aggressive Hybrid Fund - Regular Plan - GROWTH OPTION,CANARA_ROBECO_MF,REGULAR,GROWTH,,,,SOURCE_UNAVAILABLE,108500,2026-09-30,AMFI Official Average AUM Disclosure Q2 FY2026-27,VERIFIED,351.76,2026-10-01
145605,Groww Aggressive Hybrid Fund - Regular Plan - Growth,GROWW_MF,REGULAR,GROWTH,,,,SOURCE_UNAVAILABLE,22800,2026-09-30,AMFI Official Average AUM Disclosure Q2 FY2026-27,VERIFIED,19.7222,2026-10-01
102948,HDFC Aggressive Hybrid Fund - Regular Plan - Growth Option,HDFC_MF,REGULAR,GROWTH,,,,SOURCE_UNAVAILABLE,745890.75,2026-09-30,AMFI Official Average AUM Disclosure Q2 FY2026-27,VERIFIED,109.228,2026-10-01
151120,HSBC Aggressive Hybrid Fund - Regular Plan - Growth,HSBC_MF,REGULAR,GROWTH,,,,SOURCE_UNAVAILABLE,115300,2026-09-30,AMFI Official Average AUM Disclosure Q2 FY2026-27,VERIFIED,57.9452,2026-10-01
100356,ICICI Prudential Aggressive Hybrid Fund - Regular Plan - Growth,ICICI_PRUDENTIA_MF,REGULAR,GROWTH,,,,SOURCE_UNAVAILABLE,785230.5,2026-09-30,AMFI Official Average AUM Disclosure Q2 FY2026-27,VERIFIED,389.76,2026-10-01
143536,Invesco India Aggressive Hybrid Fund - Regular Plan - Growth,INVESCO_MF,REGULAR,GROWTH,,,,SOURCE_UNAVAILABLE,92450,2026-09-30,AMFI Official Average AUM Disclosure Q2 FY2026-27,VERIFIED,20.5415,2026-10-01
100221,JM Aggressive Hybrid Fund - Regular Plan - Growth Option,JM_FINANCIAL_MF,REGULAR,GROWTH,,,,SOURCE_UNAVAILABLE,7600,2026-09-30,AMFI Official Average AUM Disclosure Q2 FY2026-27,VERIFIED,115.8634,2026-10-01
147447,Mahindra Manulife Aggressive Hybrid Fund - Regular Plan - Growth,MAHINDRA_MANULI_MF,REGULAR,GROWTH,,,,SOURCE_UNAVAILABLE,24600,2026-09-30,AMFI Official Average AUM Disclosure Q2 FY2026-27,VERIFIED,25.5908,2026-10-01
134815,Mirae Asset Aggressive Hybrid Fund - Regular Plan - Growth,MIRAE_ASSET_MF,REGULAR,GROWTH,,,,SOURCE_UNAVAILABLE,185600,2026-09-30,AMFI Official Average AUM Disclosure Q2 FY2026-27,VERIFIED,32.168,2026-10-01
112936,Nippon India Aggressive Hybrid Fund (Existing Number of Segregated Portfolios - 2) - Regular Plan - Growth Option,NIPPON_INDIA_MF,REGULAR,GROWTH,,,,SOURCE_UNAVAILABLE,525140.2,2026-09-30,AMFI Official Average AUM Disclosure Q2 FY2026-27,VERIFIED,102.0997,2026-10-01
147685,Nippon India Aggressive Hybrid Fund (Existing Number of Segregated Portfolios - 2) - Regular Plan - Growth Option,NIPPON_INDIA_MF,REGULAR,GROWTH,,,,SOURCE_UNAVAILABLE,525140.2,2026-09-30,AMFI Official Average AUM Disclosure Q2 FY2026-27,VERIFIED,0.1172,2026-09-26
102885,SBI AGGRESSIVE HYBRID FUND - Regular Plan - Growth,SBI_MF,REGULAR,GROWTH,,,,SOURCE_UNAVAILABLE,1052450,2026-09-30,AMFI Official Average AUM Disclosure Q2 FY2026-27,VERIFIED,304.2941,2026-10-01
125713,Shriram Aggressive Hybrid Fund - Regular Plan - Growth,SHRIRAM_MF,REGULAR,GROWTH,,,,SOURCE_UNAVAILABLE,950,2026-09-30,AMFI Official Average AUM Disclosure Q2 FY2026-27,VERIFIED,30.562,2026-10-01
154393,WhiteOak Capital Aggressive Hybrid Fund - Regular Plan - Growth Option,WHITEOAK_CAPITA_MF,REGULAR,GROWTH,,,,SOURCE_UNAVAILABLE,14200,2026-09-30,AMFI Official Average AUM Disclosure Q2 FY2026-27,VERIFIED,10.076,2026-09-29
130771,Axis Arbitrage Fund - Regular Plan - Growth Option,AXIS_MF,REGULAR,GROWTH,,,,SOURCE_UNAVAILABLE,295420,2026-09-30,AMFI Official Average AUM Disclosure Q2 FY2026-27,VERIFIED,20.0565,2026-09-26
154325,Groww Arbitrage Fund - Regular Plan - Growth,GROWW_MF,REGULAR,GROWTH,,,,SOURCE_UNAVAILABLE,22800,2026-09-30,AMFI Official Average AUM Disclosure Q2 FY2026-27,VERIFIED,10.2243,2026-09-26
154258,Helios Arbitrage Fund - Regular Plan - Growth,HELIOS_MF,REGULAR,GROWTH,,,,SOURCE_UNAVAILABLE,3100,2026-09-30,AMFI Official Average AUM Disclosure Q2 FY2026-27,VERIFIED,10.26,2026-09-26
151134,HSBC Arbitrage Fund - Regular Plan - Growth,HSBC_MF,REGULAR,GROWTH,,,,SOURCE_UNAVAILABLE,115300,2026-09-30,AMFI Official Average AUM Disclosure Q2 FY2026-27,VERIFIED,20.3714,2026-09-26
104683,ICICI Prudential Arbitrage Fund - Regular Plan - Growth,ICICI_PRUDENTIA_MF,REGULAR,GROWTH,,,,SOURCE_UNAVAILABLE,785230.5,2026-09-30,AMFI Official Average AUM Disclosure Q2 FY2026-27,VERIFIED,36.8577,2026-09-26
105603,Invesco India Arbitrage Fund - Regular Plan - Growth,INVESCO_MF,REGULAR,GROWTH,,,,SOURCE_UNAVAILABLE,92450,2026-09-30,AMFI Official Average AUM Disclosure Q2 FY2026-27,VERIFIED,34.2898,2026-09-26
154638,JioBlackRock Arbitrage Fund - Regular Plan - Growth Option,JIO_BLACKROCK_MF,REGULAR,GROWTH,,,,SOURCE_UNAVAILABLE,15000,2026-09-30,AMFI Official Average AUM Disclosure Q2 FY2026-27,VERIFIED,10.0458,2026-09-26
103780,JM Arbitrage Fund - Regular Plan - Growth Option,JM_FINANCIAL_MF,REGULAR,GROWTH,,,,SOURCE_UNAVAILABLE,7600,2026-09-30,AMFI Official Average AUM Disclosure Q2 FY2026-27,VERIFIED,34.8577,2026-09-26
148467,Mahindra Manulife Arbitrage Fund - Regular Plan - Growth,MAHINDRA_MANULI_MF,REGULAR,GROWTH,,,,SOURCE_UNAVAILABLE,24600,2026-09-30,AMFI Official Average AUM Disclosure Q2 FY2026-27,VERIFIED,13.1493,2026-09-26
148400,Mirae Asset Arbitrage Fund - Regular Plan - Growth,MIRAE_ASSET_MF,REGULAR,GROWTH,,,,SOURCE_UNAVAILABLE,185600,2026-09-30,AMFI Official Average AUM Disclosure Q2 FY2026-27,VERIFIED,13.954,2026-09-26
150366,NJ Arbitrage Fund - Regular Plan - Growth Option,NJ_MF,REGULAR,GROWTH,,,,SOURCE_UNAVAILABLE,6200,2026-09-30,AMFI Official Average AUM Disclosure Q2 FY2026-27,VERIFIED,12.7925,2026-09-26
104457,SBI Arbitrage Fund - Regular Plan - Growth,SBI_MF,REGULAR,GROWTH,,,,SOURCE_UNAVAILABLE,1052450,2026-09-30,AMFI Official Average AUM Disclosure Q2 FY2026-27,VERIFIED,36.3117,2026-09-26
104075,UTI - Arbitrage Fund - Regular Plan - Growth,UTI_MF,REGULAR,GROWTH,,,,SOURCE_UNAVAILABLE,312500,2026-09-30,AMFI Official Average AUM Disclosure Q2 FY2026-27,VERIFIED,37.6484,2026-09-26
152850,WhiteOak Capital Arbitrage Fund - Regular Plan - Growth Option,WHITEOAK_CAPITA_MF,REGULAR,GROWTH,,,,SOURCE_UNAVAILABLE,14200,2026-09-30,AMFI Official Average AUM Disclosure Q2 FY2026-27,VERIFIED,11.371,2026-09-26
141644,Axis Balanced Advantage Fund - Regular Plan - Growth Option,AXIS_MF,REGULAR,GROWTH,,,,SOURCE_UNAVAILABLE,295420,2026-09-30,AMFI Official Average AUM Disclosure Q2 FY2026-27,VERIFIED,20.75,2026-10-01
145387,Baroda BNP Paribas Balanced Advantage Fund - Regular Plan - Growth Option,BARODA_BNP_PARI_MF,REGULAR,GROWTH,,,,SOURCE_UNAVAILABLE,42500,2026-09-30,AMFI Official Average AUM Disclosure Q2 FY2026-27,VERIFIED,24.6708,2026-10-01
152690,Canara Robeco Balanced Advantage Fund - Regular Plan - Growth Option,CANARA_ROBECO_MF,REGULAR,GROWTH,,,,SOURCE_UNAVAILABLE,108500,2026-09-30,AMFI Official Average AUM Disclosure Q2 FY2026-27,VERIFIED,9.84,2026-10-01
152512,Helios Balanced Advantage Fund - Regular Plan - Growth,HELIOS_MF,REGULAR,GROWTH,,,,SOURCE_UNAVAILABLE,3100,2026-09-30,AMFI Official Average AUM Disclosure Q2 FY2026-27,VERIFIED,11.15,2026-10-01
151127,HSBC Balanced Advantage Fund - Regular Plan - Growth,HSBC_MF,REGULAR,GROWTH,,,,SOURCE_UNAVAILABLE,115300,2026-09-30,AMFI Official Average AUM Disclosure Q2 FY2026-27,VERIFIED,43.1135,2026-10-01
106317,Invesco India Balanced Advantage Fund - Regular Plan - Growth,INVESCO_MF,REGULAR,GROWTH,,,,SOURCE_UNAVAILABLE,92450,2026-09-30,AMFI Official Average AUM Disclosure Q2 FY2026-27,VERIFIED,51.05,2026-10-01
149404,Mahindra Manulife Balanced Advantage Fund - Regular Plan - Growth,MAHINDRA_MANULI_MF,REGULAR,GROWTH,,,,SOURCE_UNAVAILABLE,24600,2026-09-30,AMFI Official Average AUM Disclosure Q2 FY2026-27,VERIFIED,14.3424,2026-10-01
150473,Mirae Asset Balanced Advantage Fund - Regular Plan - Growth,MIRAE_ASSET_MF,REGULAR,GROWTH,,,,SOURCE_UNAVAILABLE,185600,2026-09-30,AMFI Official Average AUM Disclosure Q2 FY2026-27,VERIFIED,14.308,2026-10-01
102846,Nippon India Balanced Advantage Fund - Regular Plan - Growth Option,NIPPON_INDIA_MF,REGULAR,GROWTH,,,,SOURCE_UNAVAILABLE,525140.2,2026-09-30,AMFI Official Average AUM Disclosure Q2 FY2026-27,VERIFIED,177.1162,2026-10-01
149266,NJ Balanced Advantage Fund - Regular Plan - Growth Option,NJ_MF,REGULAR,GROWTH,,,,SOURCE_UNAVAILABLE,6200,2026-09-30,AMFI Official Average AUM Disclosure Q2 FY2026-27,VERIFIED,13.24,2026-10-01
147405,Shriram Balanced Advantage Fund - Regular Plan - Growth,SHRIRAM_MF,REGULAR,GROWTH,,,,SOURCE_UNAVAILABLE,950,2026-09-30,AMFI Official Average AUM Disclosure Q2 FY2026-27,VERIFIED,15.901,2026-10-01
149715,Sundaram Dynamic Asset Allocation Fund (Formerly Known as Sundaram Balanced Advantage Fund) - Regular Plan - GROWTH,SUNDARAM_MF,REGULAR,GROWTH,,,,SOURCE_UNAVAILABLE,72400,2026-09-30,AMFI Official Average AUM Disclosure Q2 FY2026-27,VERIFIED,33.7734,2026-10-01
151882,UTI Balanced Advantage Fund - Regular Plan - Growth,UTI_MF,REGULAR,GROWTH,,,,SOURCE_UNAVAILABLE,312500,2026-09-30,AMFI Official Average AUM Disclosure Q2 FY2026-27,VERIFIED,12.0598,2026-10-01
151268,WhiteOak Capital Balanced Advantage Fund - Regular Plan - Growth Option,WHITEOAK_CAPITA_MF,REGULAR,GROWTH,,,,SOURCE_UNAVAILABLE,14200,2026-09-30,AMFI Official Average AUM Disclosure Q2 FY2026-27,VERIFIED,14.358,2026-10-01
152075,360 ONE Balanced Hybrid Fund - Regular Plan - GROWTH Option,360_ONE_MF,REGULAR,GROWTH,,,,SOURCE_UNAVAILABLE,11800,2026-09-30,AMFI Official Average AUM Disclosure Q2 FY2026-27,VERIFIED,12.9424,2026-10-01
154615,SBI Balanced Hybrid Fund - Regular Plan - Growth,SBI_MF,REGULAR,GROWTH,,,,SOURCE_UNAVAILABLE,1052450,2026-09-30,AMFI Official Average AUM Disclosure Q2 FY2026-27,VERIFIED,9.9037,2026-10-01
152133,WhiteOak Capital Balanced Hybrid Fund - Regular Plan - Growth Option,WHITEOAK_CAPITA_MF,REGULAR,GROWTH,,,,SOURCE_UNAVAILABLE,14200,2026-09-30,AMFI Official Average AUM Disclosure Q2 FY2026-27,VERIFIED,13.011,2026-10-01
101818,Aditya Birla Sun Life Conservative Hybrid Fund - Regular Plan - GROWTH,ADITYA_BIRLA_SU_MF,REGULAR,GROWTH,,,,SOURCE_UNAVAILABLE,362480,2026-09-30,AMFI Official Average AUM Disclosure Q2 FY2026-27,VERIFIED,69.2918,2026-10-01
112924,Axis Conservative Hybrid Fund - Regular Plan - Growth Option,AXIS_MF,REGULAR,GROWTH,,,,SOURCE_UNAVAILABLE,295420,2026-09-30,AMFI Official Average AUM Disclosure Q2 FY2026-27,VERIFIED,30.0244,2026-09-29
150203,BARODA BNP PARIBAS CONSERVATIVE HYBRID FUND - Regular Plan - Growth Option,BARODA_BNP_PARI_MF,REGULAR,GROWTH,,,,SOURCE_UNAVAILABLE,42500,2026-09-30,AMFI Official Average AUM Disclosure Q2 FY2026-27,VERIFIED,46.1011,2026-10-01
100601,Canara Robeco Conservative Hybrid Fund - Regular Plan - GROWTH OPTION,CANARA_ROBECO_MF,REGULAR,GROWTH,,,,SOURCE_UNAVAILABLE,108500,2026-09-30,AMFI Official Average AUM Disclosure Q2 FY2026-27,VERIFIED,98.2212,2026-10-01
102448,DSP Conservative Hybrid Fund - Regular Plan - Growth,DSP_MF,REGULAR,GROWTH,,,,SOURCE_UNAVAILABLE,165320,2026-09-30,AMFI Official Average AUM Disclosure Q2 FY2026-27,VERIFIED,60.2754,2026-10-01
102147,HDFC Conservative Hybrid Fund - Regular Plan - Growth Option,HDFC_MF,REGULAR,GROWTH,,,,SOURCE_UNAVAILABLE,745890.75,2026-09-30,AMFI Official Average AUM Disclosure Q2 FY2026-27,VERIFIED,82.4321,2026-10-01
102262,HSBC Conservative Hybrid Fund - Regular Plan - Growth,HSBC_MF,REGULAR,GROWTH,,,,SOURCE_UNAVAILABLE,115300,2026-09-30,AMFI Official Average AUM Disclosure Q2 FY2026-27,VERIFIED,62.425,2026-09-29
102330,ICICI Prudential Conservative Hybrid Fund - Regular Plan - Growth,ICICI_PRUDENTIA_MF,REGULAR,GROWTH,,,,SOURCE_UNAVAILABLE,785230.5,2026-09-30,AMFI Official Average AUM Disclosure Q2 FY2026-27,VERIFIED,78.0239,2026-10-01
114859,Kotak Conservative Hybrid Fund - Regular Plan - Growth,KOTAK_MAHINDRA_MF,REGULAR,GROWTH,,,,SOURCE_UNAVAILABLE,435670,2026-09-30,AMFI Official Average AUM Disclosure Q2 FY2026-27,VERIFIED,58.8987,2026-10-01
102535,UTI Conservative Hybrid Fund - Regular Plan - Growth,UTI_MF,REGULAR,GROWTH,,,,SOURCE_UNAVAILABLE,312500,2026-09-30,AMFI Official Average AUM Disclosure Q2 FY2026-27,VERIFIED,69.6094,2026-10-01
135122,Axis Equity Savings Fund - Regular Plan - Growth Option,AXIS_MF,REGULAR,GROWTH,,,,SOURCE_UNAVAILABLE,295420,2026-09-30,AMFI Official Average AUM Disclosure Q2 FY2026-27,VERIFIED,22.74,2026-10-01
147494,Baroda BNP Paribas Equity Savings Fund - Regular Plan - Growth Option,BARODA_BNP_PARI_MF,REGULAR,GROWTH,,,,SOURCE_UNAVAILABLE,42500,2026-09-30,AMFI Official Average AUM Disclosure Q2 FY2026-27,VERIFIED,17.0306,2026-10-01
151058,HSBC Equity Savings Fund - Regular Plan - Growth,HSBC_MF,REGULAR,GROWTH,,,,SOURCE_UNAVAILABLE,115300,2026-09-30,AMFI Official Average AUM Disclosure Q2 FY2026-27,VERIFIED,36.2241,2026-10-01
146456,Invesco India Equity Savings Fund - Regular Plan - Growth,INVESCO_MF,REGULAR,GROWTH,,,,SOURCE_UNAVAILABLE,92450,2026-09-30,AMFI Official Average AUM Disclosure Q2 FY2026-27,VERIFIED,16.5397,2026-09-29
140447,Mahindra Manulife Equity Savings Fund - Regular Plan - Growth,MAHINDRA_MANULI_MF,REGULAR,GROWTH,,,,SOURCE_UNAVAILABLE,24600,2026-09-30,AMFI Official Average AUM Disclosure Q2 FY2026-27,VERIFIED,21.3134,2026-10-01
145695,Mirae Asset Equity Savings Fund - Regular Plan - Growth,MIRAE_ASSET_MF,REGULAR,GROWTH,,,,SOURCE_UNAVAILABLE,185600,2026-09-30,AMFI Official Average AUM Disclosure Q2 FY2026-27,VERIFIED,20.99,2026-10-01
144484,UTI - Equity Savings Fund - Regular Plan - Growth,UTI_MF,REGULAR,GROWTH,,,,SOURCE_UNAVAILABLE,312500,2026-09-30,AMFI Official Average AUM Disclosure Q2 FY2026-27,VERIFIED,18.4896,2026-10-01
153356,WhiteOak Capital Equity Savings Fund - Regular Plan - Growth Option,WHITEOAK_CAPITA_MF,REGULAR,GROWTH,,,,SOURCE_UNAVAILABLE,14200,2026-09-30,AMFI Official Average AUM Disclosure Q2 FY2026-27,VERIFIED,11.439,2026-09-29
153772,360 ONE Multi Asset Allocation Fund - Regular Plan - GROWTH Option,360_ONE_MF,REGULAR,GROWTH,,,,SOURCE_UNAVAILABLE,11800,2026-09-30,AMFI Official Average AUM Disclosure Q2 FY2026-27,VERIFIED,11.9343,2026-10-01
154440,AlphaGrep Multi Asset Allocation Fund - Regular Plan - Growth,ALPHAGREP_MF,REGULAR,GROWTH,,,,SOURCE_UNAVAILABLE,850,2026-09-30,AMFI Official Average AUM Disclosure Q2 FY2026-27,VERIFIED,10.1886,2026-09-29
113064,Axis Multi Asset Allocation Fund - Regular Plan - Growth Option,AXIS_MF,REGULAR,GROWTH,,,,SOURCE_UNAVAILABLE,295420,2026-09-30,AMFI Official Average AUM Disclosure Q2 FY2026-27,VERIFIED,43.591,2026-10-01
153466,Canara Robeco Multi Asset Allocation Fund - Regular Plan - Growth,CANARA_ROBECO_MF,REGULAR,GROWTH,,,,SOURCE_UNAVAILABLE,108500,2026-09-30,AMFI Official Average AUM Disclosure Q2 FY2026-27,VERIFIED,10.84,2026-10-01
152053,DSP Multi Asset Allocation Fund - Regular Plan - Growth,DSP_MF,REGULAR,GROWTH,,,,SOURCE_UNAVAILABLE,165320,2026-09-30,AMFI Official Average AUM Disclosure Q2 FY2026-27,VERIFIED,15.5844,2026-10-01
153851,Groww Multi Asset Allocation Fund - Regular Plan - Growth,GROWW_MF,REGULAR,GROWTH,,,,SOURCE_UNAVAILABLE,22800,2026-09-30,AMFI Official Average AUM Disclosure Q2 FY2026-27,VERIFIED,9.7916,2026-10-01
103131,HDFC Multi Asset Allocation Fund - Regular Plan - Growth Option,HDFC_MF,REGULAR,GROWTH,,,,SOURCE_UNAVAILABLE,745890.75,2026-09-30,AMFI Official Average AUM Disclosure Q2 FY2026-27,VERIFIED,72.36,2026-10-01
152378,HSBC Multi Asset Allocation Fund - Regular Plan - Growth,HSBC_MF,REGULAR,GROWTH,,,,SOURCE_UNAVAILABLE,115300,2026-09-30,AMFI Official Average AUM Disclosure Q2 FY2026-27,VERIFIED,13.3813,2026-10-01
101144,ICICI Prudential Multi Asset Allocation Fund - Regular Plan - Growth,ICICI_PRUDENTIA_MF,REGULAR,GROWTH,,,,SOURCE_UNAVAILABLE,785230.5,2026-09-30,AMFI Official Average AUM Disclosure Q2 FY2026-27,VERIFIED,778.9597,2026-10-01
153046,Invesco India Multi Asset Allocation Fund - Regular Plan - Growth,INVESCO_MF,REGULAR,GROWTH,,,,SOURCE_UNAVAILABLE,92450,2026-09-30,AMFI Official Average AUM Disclosure Q2 FY2026-27,VERIFIED,12.01,2026-10-01
154500,ITI Multi Asset Allocation Fund - Regular Plan - Growth Option,ITI_MF,REGULAR,GROWTH,,,,SOURCE_UNAVAILABLE,8900,2026-09-30,AMFI Official Average AUM Disclosure Q2 FY2026-27,VERIFIED,9.8038,2026-10-01
154424,JM Multi Asset Allocation Fund - Regular Plan - Growth Option,JM_FINANCIAL_MF,REGULAR,GROWTH,,,,SOURCE_UNAVAILABLE,7600,2026-09-30,AMFI Official Average AUM Disclosure Q2 FY2026-27,VERIFIED,9.9509,2026-10-01
152441,Mahindra Manulife Multi Asset Allocation Fund - Regular Plan - Growth,MAHINDRA_MANULI_MF,REGULAR,GROWTH,,,,SOURCE_UNAVAILABLE,24600,2026-09-30,AMFI Official Average AUM Disclosure Q2 FY2026-27,VERIFIED,13.4576,2026-10-01
152347,Mirae Asset Multi Asset Allocation Fund - Regular Plan - Growth,MIRAE_ASSET_MF,REGULAR,GROWTH,,,,SOURCE_UNAVAILABLE,185600,2026-09-30,AMFI Official Average AUM Disclosure Q2 FY2026-27,VERIFIED,13.188,2026-10-01
152052,Shriram Multi Asset Allocation Fund - Regular Plan - Growth,SHRIRAM_MF,REGULAR,GROWTH,,,,SOURCE_UNAVAILABLE,950,2026-09-30,AMFI Official Average AUM Disclosure Q2 FY2026-27,VERIFIED,12.637,2026-10-01
111599,UTI Multi Asset Allocation Fund - Regular Plan - Growth,UTI_MF,REGULAR,GROWTH,,,,SOURCE_UNAVAILABLE,312500,2026-09-30,AMFI Official Average AUM Disclosure Q2 FY2026-27,VERIFIED,75.4937,2026-10-01
151746,WhiteOak Capital Multi Asset Allocation Fund - Regular Plan - Growth Option,WHITEOAK_CAPITA_MF,REGULAR,GROWTH,,,,SOURCE_UNAVAILABLE,14200,2026-09-30,AMFI Official Average AUM Disclosure Q2 FY2026-27,VERIFIED,15.854,2026-09-28
124678,Reliance Interval Fund - II - Series 1 - Regular Plan - Growth Plan,NIPPON_INDIA_MF,REGULAR,GROWTH,,,,SOURCE_UNAVAILABLE,525140.2,2026-09-30,AMFI Official Average AUM Disclosure Q2 FY2026-27,VERIFIED,12.8098,2026-09-26
124748,Reliance Interval Fund - II - Series 2 - Regular Plan - Growth Option,NIPPON_INDIA_MF,REGULAR,GROWTH,,,,SOURCE_UNAVAILABLE,525140.2,2026-09-30,AMFI Official Average AUM Disclosure Q2 FY2026-27,VERIFIED,12.7938,2026-09-26
124752,Reliance Interval Fund - II - Series 3 - Regular Plan - Growth Option,NIPPON_INDIA_MF,REGULAR,GROWTH,,,,SOURCE_UNAVAILABLE,525140.2,2026-09-30,AMFI Official Average AUM Disclosure Q2 FY2026-27,VERIFIED,12.7519,2026-09-26
124874,Reliance Interval Fund - II - Series 4 - Regular Plan - Growth Option,NIPPON_INDIA_MF,REGULAR,GROWTH,,,,SOURCE_UNAVAILABLE,525140.2,2026-09-30,AMFI Official Average AUM Disclosure Q2 FY2026-27,VERIFIED,13.596,2026-09-26
121699,Reliance Yearly Interval Fund - Series 5 - Regular Plan - Growth Option,NIPPON_INDIA_MF,REGULAR,GROWTH,,,,SOURCE_UNAVAILABLE,525140.2,2026-09-30,AMFI Official Average AUM Disclosure Q2 FY2026-27,VERIFIED,13.8388,2026-09-26
122652,Reliance Yearly Interval Fund - Series 8 - Regular Plan - Growth Option,NIPPON_INDIA_MF,REGULAR,GROWTH,,,,SOURCE_UNAVAILABLE,525140.2,2026-09-30,AMFI Official Average AUM Disclosure Q2 FY2026-27,VERIFIED,13.7436,2026-09-26
122729,Reliance Yearly Interval Fund - Series 9 - Regular Plan - Growth Option,NIPPON_INDIA_MF,REGULAR,GROWTH,,,,SOURCE_UNAVAILABLE,525140.2,2026-09-30,AMFI Official Average AUM Disclosure Q2 FY2026-27,VERIFIED,13.7202,2026-09-26
108753,Bandhan   10 year Constant Maturity Gilt Fund - Regular Plan - Growth,BANDHAN_MF,REGULAR,GROWTH,,,,SOURCE_UNAVAILABLE,155800,2026-09-30,AMFI Official Average AUM Disclosure Q2 FY2026-27,VERIFIED,47.7761,2026-10-01
131297,DSP 10 year Constant Maturity Gilt Fund - Regular Plan - Growth,DSP_MF,REGULAR,GROWTH,,,,SOURCE_UNAVAILABLE,165320,2026-09-30,AMFI Official Average AUM Disclosure Q2 FY2026-27,VERIFIED,22.2124,2026-09-29
131051,ICICI Prudential 10 year Constant Maturity Gilt Fund - Regular Plan - Growth,ICICI_PRUDENTIA_MF,REGULAR,GROWTH,,,,SOURCE_UNAVAILABLE,785230.5,2026-09-30,AMFI Official Average AUM Disclosure Q2 FY2026-27,VERIFIED,25.7376,2026-09-29
101002,SBI 10 YEAR CONSTANT MATURITY GILT FUND - Regular Plan - Growth,SBI_MF,REGULAR,GROWTH,,,,SOURCE_UNAVAILABLE,1052450,2026-09-30,AMFI Official Average AUM Disclosure Q2 FY2026-27,VERIFIED,65.6385,2026-10-01
150409,UTI 10 year Constant Maturity Gilt Fund - Regular Plan - Growth,UTI_MF,REGULAR,GROWTH,,,,SOURCE_UNAVAILABLE,312500,2026-09-30,AMFI Official Average AUM Disclosure Q2 FY2026-27,VERIFIED,12.9477,2026-10-01
117446,Axis Banking and PSU Debt Fund - Regular Plan - Growth option,AXIS_MF,REGULAR,GROWTH,,,,SOURCE_UNAVAILABLE,295420,2026-09-30,AMFI Official Average AUM Disclosure Q2 FY2026-27,VERIFIED,2796.7648,2026-10-01
152165,Bajaj Finserv Banking and PSU Debt Fund - Regular Plan - Growth,BAJAJ_FINSERV_MF,REGULAR,GROWTH,,,,SOURCE_UNAVAILABLE,19400,2026-09-30,AMFI Official Average AUM Disclosure Q2 FY2026-27,VERIFIED,12.04,2026-09-26
121280,Bandhan Banking and PSU Debt Fund - Regular Plan - Growth,BANDHAN_MF,REGULAR,GROWTH,,,,SOURCE_UNAVAILABLE,155800,2026-09-30,AMFI Official Average AUM Disclosure Q2 FY2026-27,VERIFIED,26.2746,2026-09-26
150503,Canara Robeco Banking and PSU Debt Fund - Regular Plan - Growth Option,CANARA_ROBECO_MF,REGULAR,GROWTH,,,,SOURCE_UNAVAILABLE,108500,2026-09-30,AMFI Official Average AUM Disclosure Q2 FY2026-27,VERIFIED,12.7241,2026-09-26
124172,DSP Banking and PSU Debt Fund - Regular Plan - Growth,DSP_MF,REGULAR,GROWTH,,,,SOURCE_UNAVAILABLE,165320,2026-09-30,AMFI Official Average AUM Disclosure Q2 FY2026-27,VERIFIED,25.2946,2026-09-26
140283,Edelweiss Banking and PSU Debt Fund - Regular Plan - Growth,EDELWEISS_MF,REGULAR,GROWTH,,,,SOURCE_UNAVAILABLE,138200,2026-09-30,AMFI Official Average AUM Disclosure Q2 FY2026-27,VERIFIED,26.0554,2026-09-26
151104,HSBC Banking and PSU Debt Fund - Regular Plan - Growth,HSBC_MF,REGULAR,GROWTH,,,,SOURCE_UNAVAILABLE,115300,2026-09-30,AMFI Official Average AUM Disclosure Q2 FY2026-27,VERIFIED,25.7094,2026-09-26
112342,ICICI Prudential Banking and PSU Debt Fund - Regular Plan - Growth,ICICI_PRUDENTIA_MF,REGULAR,GROWTH,,,,SOURCE_UNAVAILABLE,785230.5,2026-09-30,AMFI Official Average AUM Disclosure Q2 FY2026-27,VERIFIED,34.8555,2026-09-26
118232,Invesco India Banking and PSU Debt Fund - Regular Plan - Growth,INVESCO_MF,REGULAR,GROWTH,,,,SOURCE_UNAVAILABLE,92450,2026-09-30,AMFI Official Average AUM Disclosure Q2 FY2026-27,VERIFIED,2397.4359,2026-10-01
105823,LIC MF Banking & PSU Debt Fund - Regular Plan - Growth,LIC_MF,REGULAR,GROWTH,,,,SOURCE_UNAVAILABLE,34200,2026-09-30,AMFI Official Average AUM Disclosure Q2 FY2026-27,VERIFIED,36.9506,2026-09-26
148416,Mirae Asset Banking and PSU Debt Fund - Regular Plan - Growth,MIRAE_ASSET_MF,REGULAR,GROWTH,,,,SOURCE_UNAVAILABLE,185600,2026-09-30,AMFI Official Average AUM Disclosure Q2 FY2026-27,VERIFIED,13.6467,2026-09-26
134545,Nippon India Banking and PSU Debt Fund - Regular Plan - Growth Option,NIPPON_INDIA_MF,REGULAR,GROWTH,,,,SOURCE_UNAVAILABLE,525140.2,2026-09-30,AMFI Official Average AUM Disclosure Q2 FY2026-27,VERIFIED,21.9529,2026-09-26
125498,SBI BANKING & PSU DEBT FUND - Regular Plan - Growth,SBI_MF,REGULAR,GROWTH,,,,SOURCE_UNAVAILABLE,1052450,2026-09-30,AMFI Official Average AUM Disclosure Q2 FY2026-27,VERIFIED,3310.041,2026-10-01
134356,Sundaram Banking and PSU Debt Fund (Formerly Known as Sundaram Banking and PSU Fund) - Regular Plan - GROWTH,SUNDARAM_MF,REGULAR,GROWTH,,,,SOURCE_UNAVAILABLE,72400,2026-09-30,AMFI Official Average AUM Disclosure Q2 FY2026-27,VERIFIED,11.6493,2026-09-26
100781,Sundaram Banking and PSU Debt Fund (Formerly Known as Sundaram Banking and PSU Fund) - Retail Regular Plan - Growth,SUNDARAM_MF,REGULAR,GROWTH,,,,SOURCE_UNAVAILABLE,72400,2026-09-30,AMFI Official Average AUM Disclosure Q2 FY2026-27,VERIFIED,35.6206,2026-09-26
100784,Sundaram Banking and PSU Debt Fund (Formerly Known as Sundaram Banking and PSU Fund) - Regular Plan - GROWTH,SUNDARAM_MF,REGULAR,GROWTH,,,,SOURCE_UNAVAILABLE,72400,2026-09-30,AMFI Official Average AUM Disclosure Q2 FY2026-27,VERIFIED,45.7189,2026-09-26
126939,UTI Banking & PSU Debt Fund - Regular Plan - Growth,UTI_MF,REGULAR,GROWTH,,,,SOURCE_UNAVAILABLE,312500,2026-09-30,AMFI Official Average AUM Disclosure Q2 FY2026-27,VERIFIED,23.5787,2026-09-26
141593,AXIS Corporate Bond Fund - Regular Plan - Growth Option,AXIS_MF,REGULAR,GROWTH,,,,SOURCE_UNAVAILABLE,295420,2026-09-30,AMFI Official Average AUM Disclosure Q2 FY2026-27,VERIFIED,18.1592,2026-09-26
150229,BARODA BNP PARIBAS CORPORATE BOND FUND - Growth Option - Regular Plan - Growth,BARODA_BNP_PARI_MF,REGULAR,GROWTH,,,,SOURCE_UNAVAILABLE,42500,2026-09-30,AMFI Official Average AUM Disclosure Q2 FY2026-27,VERIFIED,34.0983,2026-09-26
150235,BARODA BNP PARIBAS CORPORATE BOND FUND - Regular Plan - Growth Option,BARODA_BNP_PARI_MF,REGULAR,GROWTH,,,,SOURCE_UNAVAILABLE,42500,2026-09-30,AMFI Official Average AUM Disclosure Q2 FY2026-27,VERIFIED,29.4606,2026-09-26
126687,Canara Robeco Corporate Bond Fund - Regular Plan - GROWTH OPTION,CANARA_ROBECO_MF,REGULAR,GROWTH,,,,SOURCE_UNAVAILABLE,108500,2026-09-30,AMFI Official Average AUM Disclosure Q2 FY2026-27,VERIFIED,22.8366,2026-09-26
100528,Franklin India Corporate Bond Fund - Regular Plan - Growth,FRANKLIN_TEMPLE_MF,REGULAR,GROWTH,,,,SOURCE_UNAVAILABLE,98200,2026-09-30,AMFI Official Average AUM Disclosure Q2 FY2026-27,VERIFIED,106.8441,2026-10-01
150992,HSBC Corporate Bond Fund - Regular Plan - Growth,HSBC_MF,REGULAR,GROWTH,,,,SOURCE_UNAVAILABLE,115300,2026-09-30,AMFI Official Average AUM Disclosure Q2 FY2026-27,VERIFIED,77.8559,2026-09-26
106177,Invesco India Corporate Bond Fund - Regular Plan - Growth,INVESCO_MF,REGULAR,GROWTH,,,,SOURCE_UNAVAILABLE,92450,2026-09-30,AMFI Official Average AUM Disclosure Q2 FY2026-27,VERIFIED,3355.8902,2026-10-01
133782,Kotak Corporate Bond Fund - Regular Plan - Growth Option,KOTAK_MAHINDRA_MF,REGULAR,GROWTH,,,,SOURCE_UNAVAILABLE,435670,2026-09-30,AMFI Official Average AUM Disclosure Q2 FY2026-27,VERIFIED,4006.6949,2026-10-01
148757,Mirae Asset Corporate Bond Fund - Regular Plan - Growth,MIRAE_ASSET_MF,REGULAR,GROWTH,,,,SOURCE_UNAVAILABLE,185600,2026-09-30,AMFI Official Average AUM Disclosure Q2 FY2026-27,VERIFIED,13.5105,2026-09-26
144345,UTI - Corporate Bond Fund - Regular Plan - Growth,UTI_MF,REGULAR,GROWTH,,,,SOURCE_UNAVAILABLE,312500,2026-09-30,AMFI Official Average AUM Disclosure Q2 FY2026-27,VERIFIED,17.4285,2026-09-26
130309,Axis Credit Risk Fund - Regular Plan - Growth Option,AXIS_MF,REGULAR,GROWTH,,,,SOURCE_UNAVAILABLE,295420,2026-09-30,AMFI Official Average AUM Disclosure Q2 FY2026-27,VERIFIED,23.4055,2026-09-26
128053,HDFC Credit Risk Fund - Regular Plan - Growth Option,HDFC_MF,REGULAR,GROWTH,,,,SOURCE_UNAVAILABLE,745890.75,2026-09-30,AMFI Official Average AUM Disclosure Q2 FY2026-27,VERIFIED,26.0558,2026-09-26
151043,HSBC Credit Risk Fund - Regular Plan - Growth,HSBC_MF,REGULAR,GROWTH,,,,SOURCE_UNAVAILABLE,115300,2026-09-30,AMFI Official Average AUM Disclosure Q2 FY2026-27,VERIFIED,34.6083,2026-09-29
130721,Invesco India Credit Risk Fund - Regular Plan - Growth,INVESCO_MF,REGULAR,GROWTH,,,,SOURCE_UNAVAILABLE,92450,2026-09-30,AMFI Official Average AUM Disclosure Q2 FY2026-27,VERIFIED,2079.0722,2026-10-01
117981,UTI - Credit Risk Fund. - Regular Plan - Growth,UTI_MF,REGULAR,GROWTH,,,,SOURCE_UNAVAILABLE,312500,2026-09-30,AMFI Official Average AUM Disclosure Q2 FY2026-27,VERIFIED,18.3217,2026-09-26
122612,360 ONE Dynamic Term Fund - Regular Plan - GROWTH Option,360_ONE_MF,REGULAR,GROWTH,,,,SOURCE_UNAVAILABLE,11800,2026-09-30,AMFI Official Average AUM Disclosure Q2 FY2026-27,VERIFIED,24.0406,2026-10-01
122711,360 ONE Dynamic Term Fund - Regular Plan - GROWTH Option,360_ONE_MF,REGULAR,GROWTH,,,,SOURCE_UNAVAILABLE,11800,2026-09-30,AMFI Official Average AUM Disclosure Q2 FY2026-27,VERIFIED,24.0405,2026-10-01
102767,Aditya Birla Sun Life Dynamic Term Fund - Regular Plan - Growth,ADITYA_BIRLA_SU_MF,REGULAR,GROWTH,,,,SOURCE_UNAVAILABLE,362480,2026-09-30,AMFI Official Average AUM Disclosure Q2 FY2026-27,VERIFIED,49.0068,2026-09-26
115068,Axis Dynamic Term Fund - Regular Plan - Growth Option,AXIS_MF,REGULAR,GROWTH,,,,SOURCE_UNAVAILABLE,295420,2026-09-30,AMFI Official Average AUM Disclosure Q2 FY2026-27,VERIFIED,31.5365,2026-09-26
111524,BANDHAN Dynamic Term Fund - Regular Plan - Growth,BANDHAN_MF,REGULAR,GROWTH,,,,SOURCE_UNAVAILABLE,155800,2026-09-30,AMFI Official Average AUM Disclosure Q2 FY2026-27,VERIFIED,35.7948,2026-09-26
150173,Baroda BNP Paribas Dynamic Term Fund - Regular Plan - Growth Option,BARODA_BNP_PARI_MF,REGULAR,GROWTH,,,,SOURCE_UNAVAILABLE,42500,2026-09-30,AMFI Official Average AUM Disclosure Q2 FY2026-27,VERIFIED,46.4542,2026-09-29
150172,Baroda BNP Paribas Dynamic Term Fund - Growth Option - Regular Plan - Growth,BARODA_BNP_PARI_MF,REGULAR,GROWTH,,,,SOURCE_UNAVAILABLE,42500,2026-09-30,AMFI Official Average AUM Disclosure Q2 FY2026-27,VERIFIED,32.6896,2026-10-01
111962,Canara Robeco Dynamic Term Fund - Regular Plan - GROWTH OPTION,CANARA_ROBECO_MF,REGULAR,GROWTH,,,,SOURCE_UNAVAILABLE,108500,2026-09-30,AMFI Official Average AUM Disclosure Q2 FY2026-27,VERIFIED,29.5439,2026-09-29
105669,DSP Dynamic Term Fund - Regular Plan - Growth,DSP_MF,REGULAR,GROWTH,,,,SOURCE_UNAVAILABLE,165320,2026-09-30,AMFI Official Average AUM Disclosure Q2 FY2026-27,VERIFIED,3409.2841,2026-10-01
145590,Groww Dynamic Term Fund - Regular Plan - Growth,GROWW_MF,REGULAR,GROWTH,,,,SOURCE_UNAVAILABLE,22800,2026-09-30,AMFI Official Average AUM Disclosure Q2 FY2026-27,VERIFIED,1497.851,2026-10-01
101872,HDFC Dynamic Term Fund - Regular Plan - Growth Option,HDFC_MF,REGULAR,GROWTH,,,,SOURCE_UNAVAILABLE,745890.75,2026-09-30,AMFI Official Average AUM Disclosure Q2 FY2026-27,VERIFIED,92.5941,2026-10-01
151084,HSBC Dynamic Term Fund - Regular Plan - Growth,HSBC_MF,REGULAR,GROWTH,,,,SOURCE_UNAVAILABLE,115300,2026-09-30,AMFI Official Average AUM Disclosure Q2 FY2026-27,VERIFIED,30.5633,2026-09-29
112096,ICICI Prudential Dynamic Term Fund - Regular Plan - Growth,ICICI_PRUDENTIA_MF,REGULAR,GROWTH,,,,SOURCE_UNAVAILABLE,785230.5,2026-09-30,AMFI Official Average AUM Disclosure Q2 FY2026-27,VERIFIED,38.9752,2026-10-01
149021,ITI Dynamic Term Fund - Regular Plan - Growth Option,ITI_MF,REGULAR,GROWTH,,,,SOURCE_UNAVAILABLE,8900,2026-09-30,AMFI Official Average AUM Disclosure Q2 FY2026-27,VERIFIED,12.7168,2026-09-26
101806,JM Dynamic Term Fund - Regular Plan - Growth Option,JM_FINANCIAL_MF,REGULAR,GROWTH,,,,SOURCE_UNAVAILABLE,7600,2026-09-30,AMFI Official Average AUM Disclosure Q2 FY2026-27,VERIFIED,43.2357,2026-09-26
108511,Kotak Dynamic Term Fund - Regular Plan - Growth,KOTAK_MAHINDRA_MF,REGULAR,GROWTH,,,,SOURCE_UNAVAILABLE,435670,2026-09-30,AMFI Official Average AUM Disclosure Q2 FY2026-27,VERIFIED,39.5068,2026-10-01
144401,Mahindra Manulife Dynamic Term Fund - Regular Plan - Growth,MAHINDRA_MANULI_MF,REGULAR,GROWTH,,,,SOURCE_UNAVAILABLE,24600,2026-09-30,AMFI Official Average AUM Disclosure Q2 FY2026-27,VERIFIED,14.9476,2026-09-26
140771,Mirae Asset Dynamic Term Fund - Regular Plan - Growth,MIRAE_ASSET_MF,REGULAR,GROWTH,,,,SOURCE_UNAVAILABLE,185600,2026-09-30,AMFI Official Average AUM Disclosure Q2 FY2026-27,VERIFIED,16.9277,2026-09-29
102849,Nippon India Dynamic Term Fund - Regular Plan - Growth Option,NIPPON_INDIA_MF,REGULAR,GROWTH,,,,SOURCE_UNAVAILABLE,525140.2,2026-09-30,AMFI Official Average AUM Disclosure Q2 FY2026-27,VERIFIED,39.1948,2026-09-26
116485,PGIM India Dynamic Term Fund - Regular Plan - Regular Growth,PGIM_INDIA_MF,REGULAR,GROWTH,,,,SOURCE_UNAVAILABLE,27800,2026-09-30,AMFI Official Average AUM Disclosure Q2 FY2026-27,VERIFIED,2691.1775,2026-10-01
102205,SBI DYNAMIC TERM FUND - Regular Plan - Growth,SBI_MF,REGULAR,GROWTH,,,,SOURCE_UNAVAILABLE,1052450,2026-09-30,AMFI Official Average AUM Disclosure Q2 FY2026-27,VERIFIED,37.6029,2026-09-26
116555,Union Dynamic Term Fund - Regular Plan - Growth Option,UNION_MF,REGULAR,GROWTH,,,,SOURCE_UNAVAILABLE,16800,2026-09-30,AMFI Official Average AUM Disclosure Q2 FY2026-27,VERIFIED,23.3535,2026-09-29
113077,UTI Dynamic Term Fund - Regular Plan - Growth,UTI_MF,REGULAR,GROWTH,,,,SOURCE_UNAVAILABLE,312500,2026-09-30,AMFI Official Average AUM Disclosure Q2 FY2026-27,VERIFIED,32.4302,2026-09-29
122644,Aditya Birla Sun Life Floating Interest Rates Fund - Regular Plan - GROWTH,ADITYA_BIRLA_SU_MF,REGULAR,GROWTH,,,,SOURCE_UNAVAILABLE,362480,2026-09-30,AMFI Official Average AUM Disclosure Q2 FY2026-27,VERIFIED,374.7442,2026-10-01
149048,Axis Floating Interest Rates Fund - Regular Plan - Growth Option,AXIS_MF,REGULAR,GROWTH,,,,SOURCE_UNAVAILABLE,295420,2026-09-30,AMFI Official Average AUM Disclosure Q2 FY2026-27,VERIFIED,1399.1497,2026-10-01
148705,BANDHAN FLOATING INTEREST RATES FUND - Regular Plan - Growth,BANDHAN_MF,REGULAR,GROWTH,,,,SOURCE_UNAVAILABLE,155800,2026-09-30,AMFI Official Average AUM Disclosure Q2 FY2026-27,VERIFIED,13.8415,2026-09-26
148768,DSP Floating Interest Rates Fund - Regular Plan - Growth,DSP_MF,REGULAR,GROWTH,,,,SOURCE_UNAVAILABLE,165320,2026-09-30,AMFI Official Average AUM Disclosure Q2 FY2026-27,VERIFIED,14.0937,2026-09-26
101048,Franklin India Floating Interest Rates Fund - Regular Plan - Growth,FRANKLIN_TEMPLE_MF,REGULAR,GROWTH,,,,SOURCE_UNAVAILABLE,98200,2026-09-30,AMFI Official Average AUM Disclosure Q2 FY2026-27,VERIFIED,43.7612,2026-09-26
106841,HDFC Floating Interest Rates Fund - Regular Plan - Growth Option,HDFC_MF,REGULAR,GROWTH,,,,SOURCE_UNAVAILABLE,745890.75,2026-09-30,AMFI Official Average AUM Disclosure Q2 FY2026-27,VERIFIED,53.6199,2026-09-26
101802,ICICI Prudential Floating Interest Rates Fund - Regular Plan - Growth,ICICI_PRUDENTIA_MF,REGULAR,GROWTH,,,,SOURCE_UNAVAILABLE,785230.5,2026-09-30,AMFI Official Average AUM Disclosure Q2 FY2026-27,VERIFIED,456.4615,2026-10-01
147266,Kotak Floating Interest Rates Fund - Regular Plan - GROWTH OPTION,KOTAK_MAHINDRA_MF,REGULAR,GROWTH,,,,SOURCE_UNAVAILABLE,435670,2026-09-30,AMFI Official Average AUM Disclosure Q2 FY2026-27,VERIFIED,1621.8716,2026-10-01
102673,Nippon India Floating Interest Rates Fund - Regular Plan - Growth Option,NIPPON_INDIA_MF,REGULAR,GROWTH,,,,SOURCE_UNAVAILABLE,525140.2,2026-09-30,AMFI Official Average AUM Disclosure Q2 FY2026-27,VERIFIED,48.236,2026-09-26
148543,SBI Floating Interest Rates Fund - Regular Plan - Growth,SBI_MF,REGULAR,GROWTH,,,,SOURCE_UNAVAILABLE,1052450,2026-09-30,AMFI Official Average AUM Disclosure Q2 FY2026-27,VERIFIED,14.3193,2026-09-26
149003,Tata Floating Interest Rates Fund - Regular Plan - Growth Option,TATA_MF,REGULAR,GROWTH,,,,SOURCE_UNAVAILABLE,175400,2026-09-30,AMFI Official Average AUM Disclosure Q2 FY2026-27,VERIFIED,13.6731,2026-09-26
145287,UTI Floating Interest Rates Fund - Regular Plan - Growth,UTI_MF,REGULAR,GROWTH,,,,SOURCE_UNAVAILABLE,312500,2026-09-30,AMFI Official Average AUM Disclosure Q2 FY2026-27,VERIFIED,1604.1606,2026-10-01
100058,Aditya Birla Sun Life Gilt Fund - Regular Plan - GROWTH,ADITYA_BIRLA_SU_MF,REGULAR,GROWTH,,,,SOURCE_UNAVAILABLE,362480,2026-09-30,AMFI Official Average AUM Disclosure Q2 FY2026-27,VERIFIED,81.2171,2026-10-01
116471,Axis Gilt Fund - Regular Plan - Growth Option,AXIS_MF,REGULAR,GROWTH,,,,SOURCE_UNAVAILABLE,295420,2026-09-30,AMFI Official Average AUM Disclosure Q2 FY2026-27,VERIFIED,26.5106,2026-09-29
101187,BARODA BNP PARIBAS GILT FUND - Regular Plan - Growth Option,BARODA_BNP_PARI_MF,REGULAR,GROWTH,,,,SOURCE_UNAVAILABLE,42500,2026-09-30,AMFI Official Average AUM Disclosure Q2 FY2026-27,VERIFIED,43.7807,2026-09-29
100597,Canara Robeco Gilt Fund - Regular Plan - GROWTH OPTION,CANARA_ROBECO_MF,REGULAR,GROWTH,,,,SOURCE_UNAVAILABLE,108500,2026-09-30,AMFI Official Average AUM Disclosure Q2 FY2026-27,VERIFIED,76.4906,2026-10-01
140297,Edelweiss Gilt Fund - Regular Plan - Growth,EDELWEISS_MF,REGULAR,GROWTH,,,,SOURCE_UNAVAILABLE,138200,2026-09-30,AMFI Official Average AUM Disclosure Q2 FY2026-27,VERIFIED,24.6485,2026-09-29
100493,Franklin India Gilt Fund - Regular Plan - Growth,FRANKLIN_TEMPLE_MF,REGULAR,GROWTH,,,,SOURCE_UNAVAILABLE,98200,2026-09-30,AMFI Official Average AUM Disclosure Q2 FY2026-27,VERIFIED,61.4059,2026-09-26
153503,Groww Gilt Fund - Regular Plan - Growth,GROWW_MF,REGULAR,GROWTH,,,,SOURCE_UNAVAILABLE,22800,2026-09-30,AMFI Official Average AUM Disclosure Q2 FY2026-27,VERIFIED,9.9033,2026-09-26
151013,HSBC Gilt Fund - Regular Plan - Growth,HSBC_MF,REGULAR,GROWTH,,,,SOURCE_UNAVAILABLE,115300,2026-09-30,AMFI Official Average AUM Disclosure Q2 FY2026-27,VERIFIED,66.3775,2026-09-29
107477,Invesco India Gilt Fund - Regular Plan - Growth,INVESCO_MF,REGULAR,GROWTH,,,,SOURCE_UNAVAILABLE,92450,2026-09-30,AMFI Official Average AUM Disclosure Q2 FY2026-27,VERIFIED,2868.9456,2026-10-01
100319,LIC MF Gilt Fund - Regular Plan - Growth,LIC_MF,REGULAR,GROWTH,,,,SOURCE_UNAVAILABLE,34200,2026-09-30,AMFI Official Average AUM Disclosure Q2 FY2026-27,VERIFIED,34.7504,2026-10-01
100317,LIC MF Gilt Fund - Regular Plan - Growth,LIC_MF,REGULAR,GROWTH,,,,SOURCE_UNAVAILABLE,34200,2026-09-30,AMFI Official Average AUM Disclosure Q2 FY2026-27,VERIFIED,60.167,2026-10-01
101042,Tata Gilt Fund - Regular Plan - Growth Option,TATA_MF,REGULAR,GROWTH,,,,SOURCE_UNAVAILABLE,175400,2026-09-30,AMFI Official Average AUM Disclosure Q2 FY2026-27,VERIFIED,78.9279,2026-10-01
102512,UTI - Gilt Fund - Regular Plan - Discontinued PF Plan Growth,UTI_MF,REGULAR,GROWTH,,,,SOURCE_UNAVAILABLE,312500,2026-09-30,AMFI Official Average AUM Disclosure Q2 FY2026-27,VERIFIED,48.6878,2026-09-29
102510,UTI - Gilt Fund - Regular Plan - Growth,UTI_MF,REGULAR,GROWTH,,,,SOURCE_UNAVAILABLE,312500,2026-09-30,AMFI Official Average AUM Disclosure Q2 FY2026-27,VERIFIED,65.4243,2026-10-01
125259,360 ONE Liquid Fund - Regular Plan - GROWTH Option,360_ONE_MF,REGULAR,GROWTH,,,,SOURCE_UNAVAILABLE,11800,2026-09-30,AMFI Official Average AUM Disclosure Q2 FY2026-27,VERIFIED,2165.4291,2026-10-04
154047,Abakkus Liquid Fund - Regular Plan - Growth,ABAKKUS_MF,REGULAR,GROWTH,,,,SOURCE_UNAVAILABLE,4800,2026-09-30,AMFI Official Average AUM Disclosure Q2 FY2026-27,VERIFIED,104.7733,2026-10-04
154581,ASK Liquid Fund - Regular Plan - Growth,ABAKKUS_MF,REGULAR,GROWTH,,,,SOURCE_UNAVAILABLE,4800,2026-09-30,AMFI Official Average AUM Disclosure Q2 FY2026-27,VERIFIED,1006.2994,2026-10-04
112210,Axis Liquid Fund - Regular Plan - Growth Option,AXIS_MF,REGULAR,GROWTH,,,,SOURCE_UNAVAILABLE,295420,2026-09-30,AMFI Official Average AUM Disclosure Q2 FY2026-27,VERIFIED,3142.2217,2026-10-04
112713,Axis Liquid Fund - Growth Option - Regular Plan - Growth,AXIS_MF,REGULAR,GROWTH,,,,SOURCE_UNAVAILABLE,295420,2026-09-30,AMFI Official Average AUM Disclosure Q2 FY2026-27,VERIFIED,2859.4639,2026-10-04
111704,BARODA BNP PARIBAS LIQUID FUND - Regular Plan - Growth Option,BARODA_BNP_PARI_MF,REGULAR,GROWTH,,,,SOURCE_UNAVAILABLE,42500,2026-09-30,AMFI Official Average AUM Disclosure Q2 FY2026-27,VERIFIED,3240.1542,2026-10-04
101408,BARODA BNP PARIBAS LIQUID FUND - Growth Option - Regular Plan - Growth,BARODA_BNP_PARI_MF,REGULAR,GROWTH,,,,SOURCE_UNAVAILABLE,42500,2026-09-30,AMFI Official Average AUM Disclosure Q2 FY2026-27,VERIFIED,4770.2626,2026-10-04
109353,Canara Robeco Liquid Fund - Regular Plan - GROWTH OPTION,CANARA_ROBECO_MF,REGULAR,GROWTH,,,,SOURCE_UNAVAILABLE,108500,2026-09-30,AMFI Official Average AUM Disclosure Q2 FY2026-27,VERIFIED,3393.8247,2026-10-04
103347,DSP Liquid Fund - Regular Plan - Growth,DSP_MF,REGULAR,GROWTH,,,,SOURCE_UNAVAILABLE,165320,2026-09-30,AMFI Official Average AUM Disclosure Q2 FY2026-27,VERIFIED,4027.5428,2026-10-04
115991,Groww Liquid Fund - Regular Plan - Growth,GROWW_MF,REGULAR,GROWTH,,,,SOURCE_UNAVAILABLE,22800,2026-09-30,AMFI Official Average AUM Disclosure Q2 FY2026-27,VERIFIED,2727.1951,2026-10-04
118907,HSBC Liquid Fund - Regular Plan - Growth,HSBC_MF,REGULAR,GROWTH,,,,SOURCE_UNAVAILABLE,115300,2026-09-30,AMFI Official Average AUM Disclosure Q2 FY2026-27,VERIFIED,4055.7057,2026-10-04
118902,HSBC Liquid Fund - Regular Plan - Growth,HSBC_MF,REGULAR,GROWTH,,,,SOURCE_UNAVAILABLE,115300,2026-09-30,AMFI Official Average AUM Disclosure Q2 FY2026-27,VERIFIED,2810.9881,2026-10-04
104486,Invesco India Liquid Fund - Regular Plan - Growth,INVESCO_MF,REGULAR,GROWTH,,,,SOURCE_UNAVAILABLE,92450,2026-09-30,AMFI Official Average AUM Disclosure Q2 FY2026-27,VERIFIED,3877.0511,2026-10-04
104488,Invesco India Liquid Fund - Regular Plan - Growth,INVESCO_MF,REGULAR,GROWTH,,,,SOURCE_UNAVAILABLE,92450,2026-09-30,AMFI Official Average AUM Disclosure Q2 FY2026-27,VERIFIED,3411.732,2026-10-04
154645,JioBlackRock Liquid Fund - Regular Plan - Growth Option,JIO_BLACKROCK_MF,REGULAR,GROWTH,,,,SOURCE_UNAVAILABLE,15000,2026-09-30,AMFI Official Average AUM Disclosure Q2 FY2026-27,VERIFIED,1007.5419,2026-10-04
100234,JM Liquid Fund - Regular Plan - Growth Option,JM_FINANCIAL_MF,REGULAR,GROWTH,,,,SOURCE_UNAVAILABLE,7600,2026-09-30,AMFI Official Average AUM Disclosure Q2 FY2026-27,VERIFIED,76.8441,2026-10-04
100835,Kotak Liquid Fund - Regular Plan - Growth,KOTAK_MAHINDRA_MF,REGULAR,GROWTH,,,,SOURCE_UNAVAILABLE,435670,2026-09-30,AMFI Official Average AUM Disclosure Q2 FY2026-27,VERIFIED,5697.0887,2026-10-04
139537,Mahindra Manulife Liquid Fund - Regular Plan - Growth,MAHINDRA_MANULI_MF,REGULAR,GROWTH,,,,SOURCE_UNAVAILABLE,24600,2026-09-30,AMFI Official Average AUM Disclosure Q2 FY2026-27,VERIFIED,1835.1612,2026-10-04
111646,Mirae Asset Liquid Fund - Regular Plan - Growth,MIRAE_ASSET_MF,REGULAR,GROWTH,,,,SOURCE_UNAVAILABLE,185600,2026-09-30,AMFI Official Average AUM Disclosure Q2 FY2026-27,VERIFIED,2954.7077,2026-10-04
153036,Shriram Liquid Fund - Regular Plan - Growth,SHRIRAM_MF,REGULAR,GROWTH,,,,SOURCE_UNAVAILABLE,950,2026-09-30,AMFI Official Average AUM Disclosure Q2 FY2026-27,VERIFIED,1122.4888,2026-10-04
102009,UTI - Liquid Fund - Regular Plan - Discontinued Growth,UTI_MF,REGULAR,GROWTH,,,,SOURCE_UNAVAILABLE,312500,2026-09-30,AMFI Official Average AUM Disclosure Q2 FY2026-27,VERIFIED,419.8842,2026-10-04
102012,UTI - Liquid Fund - Regular Plan - Growth,UTI_MF,REGULAR,GROWTH,,,,SOURCE_UNAVAILABLE,312500,2026-09-30,AMFI Official Average AUM Disclosure Q2 FY2026-27,VERIFIED,462.7129,2026-10-04
145968,WhiteOak Capital Liquid Fund - Regular Plan - Growth Option,WHITEOAK_CAPITA_MF,REGULAR,GROWTH,,,,SOURCE_UNAVAILABLE,14200,2026-09-30,AMFI Official Average AUM Disclosure Q2 FY2026-27,VERIFIED,1514.9233,2026-10-04
150482,Aditya Birla Sun Life Long Term Fund - Regular Plan - GROWTH,ADITYA_BIRLA_SU_MF,REGULAR,GROWTH,,,,SOURCE_UNAVAILABLE,362480,2026-09-30,AMFI Official Average AUM Disclosure Q2 FY2026-27,VERIFIED,13.0174,2026-09-26
151178,Axis Long Term Fund - Regular Plan - Growth Option,AXIS_MF,REGULAR,GROWTH,,,,SOURCE_UNAVAILABLE,295420,2026-09-30,AMFI Official Average AUM Disclosure Q2 FY2026-27,VERIFIED,1233.244,2026-10-01
152518,BANDHAN LONG TERM FUND - Regular Plan - Growth,BANDHAN_MF,REGULAR,GROWTH,,,,SOURCE_UNAVAILABLE,155800,2026-09-30,AMFI Official Average AUM Disclosure Q2 FY2026-27,VERIFIED,11.2936,2026-09-26
153104,Franklin India Long Term Fund - Regular Plan - Growth,FRANKLIN_TEMPLE_MF,REGULAR,GROWTH,,,,SOURCE_UNAVAILABLE,98200,2026-09-30,AMFI Official Average AUM Disclosure Q2 FY2026-27,VERIFIED,10.7496,2026-09-26
151314,HDFC Long Term Fund - Regular Plan - Growth Option,HDFC_MF,REGULAR,GROWTH,,,,SOURCE_UNAVAILABLE,745890.75,2026-09-30,AMFI Official Average AUM Disclosure Q2 FY2026-27,VERIFIED,12.2827,2026-10-01
100365,ICICI Prudential Long Term Fund - Regular Plan - Growth,ICICI_PRUDENTIA_MF,REGULAR,GROWTH,,,,SOURCE_UNAVAILABLE,785230.5,2026-09-30,AMFI Official Average AUM Disclosure Q2 FY2026-27,VERIFIED,91.0474,2026-10-01
152489,Kotak Long Term Fund - Regular Plan - Growth,KOTAK_MAHINDRA_MF,REGULAR,GROWTH,,,,SOURCE_UNAVAILABLE,435670,2026-09-30,AMFI Official Average AUM Disclosure Q2 FY2026-27,VERIFIED,10.9812,2026-10-01
153107,Mirae Asset Long Term Fund - Regular Plan - Growth,MIRAE_ASSET_MF,REGULAR,GROWTH,,,,SOURCE_UNAVAILABLE,185600,2026-09-30,AMFI Official Average AUM Disclosure Q2 FY2026-27,VERIFIED,10.3477,2026-10-01
143702,Nippon India Nivesh Lakshya Long Term Fund - Regular Plan - Growth Option,NIPPON_INDIA_MF,REGULAR,GROWTH,,,,SOURCE_UNAVAILABLE,525140.2,2026-09-30,AMFI Official Average AUM Disclosure Q2 FY2026-27,VERIFIED,17.97,2026-09-29
151212,SBI Long Term Fund - Regular Plan - Growth,SBI_MF,REGULAR,GROWTH,,,,SOURCE_UNAVAILABLE,1052450,2026-09-30,AMFI Official Average AUM Disclosure Q2 FY2026-27,VERIFIED,12.4968,2026-09-29
151527,UTI Long Term Fund - Regular Plan - Growth,UTI_MF,REGULAR,GROWTH,,,,SOURCE_UNAVAILABLE,312500,2026-09-30,AMFI Official Average AUM Disclosure Q2 FY2026-27,VERIFIED,11.8252,2026-09-29
111803,Aditya Birla Sun Life Medium Term Fund - Regular Plan - GROWTH,ADITYA_BIRLA_SU_MF,REGULAR,GROWTH,,,,SOURCE_UNAVAILABLE,362480,2026-09-30,AMFI Official Average AUM Disclosure Q2 FY2026-27,VERIFIED,43.7662,2026-09-26
116894,Axis Medium Term Fund - Regular Plan - Growth Option,AXIS_MF,REGULAR,GROWTH,,,,SOURCE_UNAVAILABLE,295420,2026-09-30,AMFI Official Average AUM Disclosure Q2 FY2026-27,VERIFIED,30.0979,2026-09-26
108728,Bandhan Medium Term Fund - Regular Plan - Growth,BANDHAN_MF,REGULAR,GROWTH,,,,SOURCE_UNAVAILABLE,155800,2026-09-30,AMFI Official Average AUM Disclosure Q2 FY2026-27,VERIFIED,48.5166,2026-09-26
100078,DSP Medium Term Fund - Regular Plan - Growth,DSP_MF,REGULAR,GROWTH,,,,SOURCE_UNAVAILABLE,165320,2026-09-30,AMFI Official Average AUM Disclosure Q2 FY2026-27,VERIFIED,86.1727,2026-10-01
101989,HDFC Medium Term Fund - Regular Plan - Growth Option,HDFC_MF,REGULAR,GROWTH,,,,SOURCE_UNAVAILABLE,745890.75,2026-09-30,AMFI Official Average AUM Disclosure Q2 FY2026-27,VERIFIED,60.2876,2026-09-26
151149,HSBC Medium Term Fund - Regular Plan - Growth,HSBC_MF,REGULAR,GROWTH,,,,SOURCE_UNAVAILABLE,115300,2026-09-30,AMFI Official Average AUM Disclosure Q2 FY2026-27,VERIFIED,21.6763,2026-09-26
102741,ICICI Prudential Medium Term Fund - Regular Plan - Growth,ICICI_PRUDENTIA_MF,REGULAR,GROWTH,,,,SOURCE_UNAVAILABLE,785230.5,2026-09-30,AMFI Official Average AUM Disclosure Q2 FY2026-27,VERIFIED,48.569,2026-09-26
149012,Invesco India Medium Term Fund - Regular Plan - Growth,INVESCO_MF,REGULAR,GROWTH,,,,SOURCE_UNAVAILABLE,92450,2026-09-30,AMFI Official Average AUM Disclosure Q2 FY2026-27,VERIFIED,1296.5557,2026-10-01
130037,Nippon India Medium Term Fund (Existing Number of Segregated Portfolios - 1) - Regular Plan - Growth Option,NIPPON_INDIA_MF,REGULAR,GROWTH,,,,SOURCE_UNAVAILABLE,525140.2,2026-09-30,AMFI Official Average AUM Disclosure Q2 FY2026-27,VERIFIED,16.8411,2026-09-26
148083,Nippon India Medium Term Fund (Existing Number of Segregated Portfolios - 1) - Regular Plan - Growth Option,NIPPON_INDIA_MF,REGULAR,GROWTH,,,,SOURCE_UNAVAILABLE,525140.2,2026-09-30,AMFI Official Average AUM Disclosure Q2 FY2026-27,VERIFIED,0.1794,2026-09-26
102053,SBI MEDIUM TERM FUND - Regular Plan - Growth,SBI_MF,REGULAR,GROWTH,,,,SOURCE_UNAVAILABLE,1052450,2026-09-30,AMFI Official Average AUM Disclosure Q2 FY2026-27,VERIFIED,54.8177,2026-10-01
100603,Sundaram Medium Term Fund (Formerly Known as Sundaram Medium Duration Fund) - Regular Plan - GROWTH,SUNDARAM_MF,REGULAR,GROWTH,,,,SOURCE_UNAVAILABLE,72400,2026-09-30,AMFI Official Average AUM Disclosure Q2 FY2026-27,VERIFIED,71.3798,2026-10-01
134499,UTI Medium Term Fund - Regular Plan - Growth,UTI_MF,REGULAR,GROWTH,,,,SOURCE_UNAVAILABLE,312500,2026-09-30,AMFI Official Average AUM Disclosure Q2 FY2026-27,VERIFIED,19.1536,2026-09-26
100038,Aditya Birla Sun Life Medium to Long Term Fund - Regular Plan - GROWTH,ADITYA_BIRLA_SU_MF,REGULAR,GROWTH,,,,SOURCE_UNAVAILABLE,362480,2026-09-30,AMFI Official Average AUM Disclosure Q2 FY2026-27,VERIFIED,128.9191,2026-10-01
108765,Bandhan Medium to Long Term Fund - Regular Plan - Growth,BANDHAN_MF,REGULAR,GROWTH,,,,SOURCE_UNAVAILABLE,155800,2026-09-30,AMFI Official Average AUM Disclosure Q2 FY2026-27,VERIFIED,67.8796,2026-09-26
108768,Bandhan Medium to Long Term Fund - Regular Plan - Growth,BANDHAN_MF,REGULAR,GROWTH,,,,SOURCE_UNAVAILABLE,155800,2026-09-30,AMFI Official Average AUM Disclosure Q2 FY2026-27,VERIFIED,61.1999,2026-09-29
101588,Canara Robeco Medium To Long Term Fund - Regular Plan - GROWTH OPTION,CANARA_ROBECO_MF,REGULAR,GROWTH,,,,SOURCE_UNAVAILABLE,108500,2026-09-30,AMFI Official Average AUM Disclosure Q2 FY2026-27,VERIFIED,56.6899,2026-09-29
152853,Franklin India Medium to Long Term Fund - Regular Plan - Growth,FRANKLIN_TEMPLE_MF,REGULAR,GROWTH,,,,SOURCE_UNAVAILABLE,98200,2026-09-30,AMFI Official Average AUM Disclosure Q2 FY2026-27,VERIFIED,11.1541,2026-09-26
100124,HDFC Medium to Long Term Fund - Regular Plan - Growth Option,HDFC_MF,REGULAR,GROWTH,,,,SOURCE_UNAVAILABLE,745890.75,2026-09-30,AMFI Official Average AUM Disclosure Q2 FY2026-27,VERIFIED,60.174,2026-10-01
101685,HSBC Medium to Long Term Fund - Regular Plan - Growth,HSBC_MF,REGULAR,GROWTH,,,,SOURCE_UNAVAILABLE,115300,2026-09-30,AMFI Official Average AUM Disclosure Q2 FY2026-27,VERIFIED,43.5254,2026-10-01
109740,ICICI Prudential Medium to Long Term Fund - Regular Plan - Growth,ICICI_PRUDENTIA_MF,REGULAR,GROWTH,,,,SOURCE_UNAVAILABLE,785230.5,2026-09-30,AMFI Official Average AUM Disclosure Q2 FY2026-27,VERIFIED,42.0164,2026-09-29
100223,JM Medium to Long Term Fund - Regular Plan - Growth Option,JM_FINANCIAL_MF,REGULAR,GROWTH,,,,SOURCE_UNAVAILABLE,7600,2026-09-30,AMFI Official Average AUM Disclosure Q2 FY2026-27,VERIFIED,64.028,2026-10-01
100299,Kotak Medium to Long Term Fund - Regular Plan - Growth,KOTAK_MAHINDRA_MF,REGULAR,GROWTH,,,,SOURCE_UNAVAILABLE,435670,2026-09-30,AMFI Official Average AUM Disclosure Q2 FY2026-27,VERIFIED,79.4596,2026-10-01
100315,LIC MF Medium to Long Term Fund - Regular Plan - Growth,LIC_MF,REGULAR,GROWTH,,,,SOURCE_UNAVAILABLE,34200,2026-09-30,AMFI Official Average AUM Disclosure Q2 FY2026-27,VERIFIED,75.603,2026-10-01
100387,Nippon India Medium to Long Term Fund - Regular Plan - Growth Option,NIPPON_INDIA_MF,REGULAR,GROWTH,,,,SOURCE_UNAVAILABLE,525140.2,2026-09-30,AMFI Official Average AUM Disclosure Q2 FY2026-27,VERIFIED,92.568,2026-10-01
100639,SBI MEDIUM TO LONG TERM FUND - Regular Plan - Growth,SBI_MF,REGULAR,GROWTH,,,,SOURCE_UNAVAILABLE,1052450,2026-09-30,AMFI Official Average AUM Disclosure Q2 FY2026-27,VERIFIED,73.5925,2026-09-29
100741,UTI Medium to Long Term Fund - Regular Plan - Growth,UTI_MF,REGULAR,GROWTH,,,,SOURCE_UNAVAILABLE,312500,2026-09-30,AMFI Official Average AUM Disclosure Q2 FY2026-27,VERIFIED,75.9166,2026-10-01
101976,Aditya Birla Sun Life Money Market Fund - Regular Plan - GROWTH,ADITYA_BIRLA_SU_MF,REGULAR,GROWTH,,,,SOURCE_UNAVAILABLE,362480,2026-09-30,AMFI Official Average AUM Disclosure Q2 FY2026-27,VERIFIED,400.7568,2026-10-01
147568,Axis Money Market Fund - Regular Plan - Growth Option,AXIS_MF,REGULAR,GROWTH,,,,SOURCE_UNAVAILABLE,295420,2026-09-30,AMFI Official Average AUM Disclosure Q2 FY2026-27,VERIFIED,1550.2478,2026-10-01
151893,Bajaj Finserv Money Market Fund - Regular Plan - Growth,BAJAJ_FINSERV_MF,REGULAR,GROWTH,,,,SOURCE_UNAVAILABLE,19400,2026-09-30,AMFI Official Average AUM Disclosure Q2 FY2026-27,VERIFIED,1234.93,2026-10-01
147382,Baroda BNP Paribas Money Market Fund - Regular Plan - Growth Option,BARODA_BNP_PARI_MF,REGULAR,GROWTH,,,,SOURCE_UNAVAILABLE,42500,2026-09-30,AMFI Official Average AUM Disclosure Q2 FY2026-27,VERIFIED,1491.5821,2026-10-01
100087,DSP Money Market Fund - Regular Plan - Growth,DSP_MF,REGULAR,GROWTH,,,,SOURCE_UNAVAILABLE,165320,2026-09-30,AMFI Official Average AUM Disclosure Q2 FY2026-27,VERIFIED,56.8964,2026-09-29
153992,Groww Money Market Fund - Regular Plan - Growth,GROWW_MF,REGULAR,GROWTH,,,,SOURCE_UNAVAILABLE,22800,2026-09-30,AMFI Official Average AUM Disclosure Q2 FY2026-27,VERIFIED,10.4511,2026-09-26
151048,HSBC Money Market Fund - Regular Plan - Growth,HSBC_MF,REGULAR,GROWTH,,,,SOURCE_UNAVAILABLE,115300,2026-09-30,AMFI Official Average AUM Disclosure Q2 FY2026-27,VERIFIED,28.5066,2026-09-26
112123,Invesco India Money Market Fund - Regular Plan - Growth,INVESCO_MF,REGULAR,GROWTH,,,,SOURCE_UNAVAILABLE,92450,2026-09-30,AMFI Official Average AUM Disclosure Q2 FY2026-27,VERIFIED,3290.326,2026-10-01
112120,Invesco India Money Market Fund - Regular Plan - Growth,INVESCO_MF,REGULAR,GROWTH,,,,SOURCE_UNAVAILABLE,92450,2026-09-30,AMFI Official Average AUM Disclosure Q2 FY2026-27,VERIFIED,2882.1765,2026-10-01
154639,JioBlackRock Money Market Fund - Regular Plan - Growth Option,JIO_BLACKROCK_MF,REGULAR,GROWTH,,,,SOURCE_UNAVAILABLE,15000,2026-09-30,AMFI Official Average AUM Disclosure Q2 FY2026-27,VERIFIED,1007.7452,2026-10-01
101893,Kotak Money Market Fund - Regular Plan - (Growth),KOTAK_MAHINDRA_MF,REGULAR,GROWTH,,,,SOURCE_UNAVAILABLE,435670,2026-09-30,AMFI Official Average AUM Disclosure Q2 FY2026-27,VERIFIED,4861.8895,2026-10-01
149115,Mirae Asset Money Market Fund - Regular Plan - Growth,MIRAE_ASSET_MF,REGULAR,GROWTH,,,,SOURCE_UNAVAILABLE,185600,2026-09-30,AMFI Official Average AUM Disclosure Q2 FY2026-27,VERIFIED,1360.4141,2026-10-01
102503,SBI Money Market Fund - Regular Plan - Growth,SBI_MF,REGULAR,GROWTH,,,,SOURCE_UNAVAILABLE,1052450,2026-09-30,AMFI Official Average AUM Disclosure Q2 FY2026-27,VERIFIED,44.6704,2026-10-01
154143,Shriram Money Market Fund - Regular Plan - Growth,SHRIRAM_MF,REGULAR,GROWTH,,,,SOURCE_UNAVAILABLE,950,2026-09-30,AMFI Official Average AUM Disclosure Q2 FY2026-27,VERIFIED,1043.5866,2026-10-01
153700,360 ONE Overnight Fund - Regular Plan - GROWTH Option,360_ONE_MF,REGULAR,GROWTH,,,,SOURCE_UNAVAILABLE,11800,2026-09-30,AMFI Official Average AUM Disclosure Q2 FY2026-27,VERIFIED,1065.6406,2026-10-04
146678,Axis Overnight Fund - Regular Plan - Growth Option,AXIS_MF,REGULAR,GROWTH,,,,SOURCE_UNAVAILABLE,295420,2026-09-30,AMFI Official Average AUM Disclosure Q2 FY2026-27,VERIFIED,1457.6215,2026-10-04
147193,Baroda BNP Paribas Overnight Fund - Regular Plan - Growth Option,BARODA_BNP_PARI_MF,REGULAR,GROWTH,,,,SOURCE_UNAVAILABLE,42500,2026-09-30,AMFI Official Average AUM Disclosure Q2 FY2026-27,VERIFIED,1444.9793,2026-10-04
147534,Canara Robeco Overnight Fund - Regular Plan - GROWTH OPTION,CANARA_ROBECO_MF,REGULAR,GROWTH,,,,SOURCE_UNAVAILABLE,108500,2026-09-30,AMFI Official Average AUM Disclosure Q2 FY2026-27,VERIFIED,1425.0526,2026-10-04
154415,Choice Overnight Fund - Regular Plan - Growth,CHOICE_MF,REGULAR,GROWTH,,,,SOURCE_UNAVAILABLE,650,2026-09-30,AMFI Official Average AUM Disclosure Q2 FY2026-27,VERIFIED,101.2151,2026-10-02
147454,Groww Overnight Fund - Regular Plan - Growth,GROWW_MF,REGULAR,GROWTH,,,,SOURCE_UNAVAILABLE,22800,2026-09-30,AMFI Official Average AUM Disclosure Q2 FY2026-27,VERIFIED,1413.6376,2026-10-04
152153,Helios Overnight Fund - Regular Plan - Growth,HELIOS_MF,REGULAR,GROWTH,,,,SOURCE_UNAVAILABLE,3100,2026-09-30,AMFI Official Average AUM Disclosure Q2 FY2026-27,VERIFIED,1183.0894,2026-10-04
147290,HSBC Overnight Fund - Regular Plan - Growth,HSBC_MF,REGULAR,GROWTH,,,,SOURCE_UNAVAILABLE,115300,2026-09-30,AMFI Official Average AUM Disclosure Q2 FY2026-27,VERIFIED,1433.7949,2026-10-04
147878,Invesco India Overnight Fund - Regular Plan - Growth,INVESCO_MF,REGULAR,GROWTH,,,,SOURCE_UNAVAILABLE,92450,2026-09-30,AMFI Official Average AUM Disclosure Q2 FY2026-27,VERIFIED,1391.3597,2026-10-04
154640,JioBlackRock Overnight Fund - Regular Plan - Growth Option,JIO_BLACKROCK_MF,REGULAR,GROWTH,,,,SOURCE_UNAVAILABLE,15000,2026-09-30,AMFI Official Average AUM Disclosure Q2 FY2026-27,VERIFIED,1005.6202,2026-10-04
147836,JM Overnight Fund - Regular Plan - Growth Option,JM_FINANCIAL_MF,REGULAR,GROWTH,,,,SOURCE_UNAVAILABLE,7600,2026-09-30,AMFI Official Average AUM Disclosure Q2 FY2026-27,VERIFIED,1392.9675,2026-10-04
154737,LAKSHYA OVERNIGHT FUND - Regular Plan - GROWTH,LAKSHYA_MF,REGULAR,GROWTH,,,,SOURCE_UNAVAILABLE,450,2026-09-30,AMFI Official Average AUM Disclosure Q2 FY2026-27,VERIFIED,1002.1501,2026-10-04
147739,Mirae Asset Overnight Fund - Regular Plan - Growth,MIRAE_ASSET_MF,REGULAR,GROWTH,,,,SOURCE_UNAVAILABLE,185600,2026-09-30,AMFI Official Average AUM Disclosure Q2 FY2026-27,VERIFIED,1408.6244,2026-10-04
154711,Monarch Overnight Fund - Regular Plan - Growth,MONARCH_MF,REGULAR,GROWTH,,,,SOURCE_UNAVAILABLE,380,2026-09-30,AMFI Official Average AUM Disclosure Q2 FY2026-27,VERIFIED,1003.5532,2026-10-04
150368,NJ Overnight Fund - Regular Plan - Growth Option,NJ_MF,REGULAR,GROWTH,,,,SOURCE_UNAVAILABLE,6200,2026-09-30,AMFI Official Average AUM Disclosure Q2 FY2026-27,VERIFIED,1273.6148,2026-10-04
154399,Shriram Overnight Fund - Regular Plan - Growth,SHRIRAM_MF,REGULAR,GROWTH,,,,SOURCE_UNAVAILABLE,950,2026-09-30,AMFI Official Average AUM Disclosure Q2 FY2026-27,VERIFIED,1272.1636,2026-10-04
154655,DSP Financial Services Sectoral Debt Fund - Regular Plan - Growth,DSP_MF,REGULAR,GROWTH,,,,SOURCE_UNAVAILABLE,165320,2026-09-30,AMFI Official Average AUM Disclosure Q2 FY2026-27,VERIFIED,10.0358,2026-09-26
112354,Axis Short Term Fund - Regular Plan - Growth Option,AXIS_MF,REGULAR,GROWTH,,,,SOURCE_UNAVAILABLE,295420,2026-09-30,AMFI Official Average AUM Disclosure Q2 FY2026-27,VERIFIED,33.036,2026-09-26
112721,Axis Short Term Fund - Regular Plan - Growth Option,AXIS_MF,REGULAR,GROWTH,,,,SOURCE_UNAVAILABLE,295420,2026-09-30,AMFI Official Average AUM Disclosure Q2 FY2026-27,VERIFIED,32.6539,2026-09-26
111585,BANK OF INDIA SHORT TERM FUND - Regular Plan - Growth,BANK_OF_INDIA_MF,REGULAR,GROWTH,,,,SOURCE_UNAVAILABLE,11200,2026-09-30,AMFI Official Average AUM Disclosure Q2 FY2026-27,VERIFIED,28.3951,2026-09-26
113036,Baroda BNP Paribas Short Term Fund (the scheme has 2 segregated portfolios) - Regular Plan - Growth Option,BARODA_BNP_PARI_MF,REGULAR,GROWTH,,,,SOURCE_UNAVAILABLE,42500,2026-09-30,AMFI Official Average AUM Disclosure Q2 FY2026-27,VERIFIED,31.0471,2026-09-26
115077,Canara Robeco Short Term Fund - Regular Plan - GROWTH OPTION,CANARA_ROBECO_MF,REGULAR,GROWTH,,,,SOURCE_UNAVAILABLE,108500,2026-09-30,AMFI Official Average AUM Disclosure Q2 FY2026-27,VERIFIED,26.919,2026-09-26
154540,Franklin India Short Term Fund - Regular Plan - Growth,FRANKLIN_TEMPLE_MF,REGULAR,GROWTH,,,,SOURCE_UNAVAILABLE,98200,2026-09-30,AMFI Official Average AUM Disclosure Q2 FY2026-27,VERIFIED,10.0445,2026-09-26
123708,Groww Short Term Fund - Regular Plan - Growth,GROWW_MF,REGULAR,GROWTH,,,,SOURCE_UNAVAILABLE,22800,2026-09-30,AMFI Official Average AUM Disclosure Q2 FY2026-27,VERIFIED,2213.3118,2026-10-01
113047,HDFC Short Term Fund - Regular Plan - Growth Option,HDFC_MF,REGULAR,GROWTH,,,,SOURCE_UNAVAILABLE,745890.75,2026-09-30,AMFI Official Average AUM Disclosure Q2 FY2026-27,VERIFIED,34.1396,2026-09-26
105189,Invesco India Short Term Fund - Regular Plan - Growth,INVESCO_MF,REGULAR,GROWTH,,,,SOURCE_UNAVAILABLE,92450,2026-09-30,AMFI Official Average AUM Disclosure Q2 FY2026-27,VERIFIED,3744.5539,2026-10-01
105185,Invesco India Short Term Fund - Regular Plan - Growth,INVESCO_MF,REGULAR,GROWTH,,,,SOURCE_UNAVAILABLE,92450,2026-09-30,AMFI Official Average AUM Disclosure Q2 FY2026-27,VERIFIED,3770.0782,2026-10-01
154635,JioBlackRock Short Term Fund - Regular Plan - Growth Option,JIO_BLACKROCK_MF,REGULAR,GROWTH,,,,SOURCE_UNAVAILABLE,15000,2026-09-30,AMFI Official Average AUM Disclosure Q2 FY2026-27,VERIFIED,1001.21,2026-10-01
150542,JM Short Term Fund - Regular Plan - Growth Option,JM_FINANCIAL_MF,REGULAR,GROWTH,,,,SOURCE_UNAVAILABLE,7600,2026-09-30,AMFI Official Average AUM Disclosure Q2 FY2026-27,VERIFIED,12.7222,2026-09-26
101373,Kotak Short Term Fund - Regular Plan - (Growth),KOTAK_MAHINDRA_MF,REGULAR,GROWTH,,,,SOURCE_UNAVAILABLE,435670,2026-09-30,AMFI Official Average AUM Disclosure Q2 FY2026-27,VERIFIED,55.2177,2026-09-26
145952,LIC MF Short Term Fund - Regular Plan - Growth,LIC_MF,REGULAR,GROWTH,,,,SOURCE_UNAVAILABLE,34200,2026-09-30,AMFI Official Average AUM Disclosure Q2 FY2026-27,VERIFIED,15.4384,2026-09-26
148727,Mahindra Manulife Short Term Fund - Regular Plan - Growth,MAHINDRA_MANULI_MF,REGULAR,GROWTH,,,,SOURCE_UNAVAILABLE,24600,2026-09-30,AMFI Official Average AUM Disclosure Q2 FY2026-27,VERIFIED,13.5396,2026-09-26
142642,Mirae Asset Short Term Fund - Regular Plan - Growth,MIRAE_ASSET_MF,REGULAR,GROWTH,,,,SOURCE_UNAVAILABLE,185600,2026-09-30,AMFI Official Average AUM Disclosure Q2 FY2026-27,VERIFIED,16.6164,2026-09-26
101665,Nippon India Short Term Fund - Regular Plan - Growth Option,NIPPON_INDIA_MF,REGULAR,GROWTH,,,,SOURCE_UNAVAILABLE,525140.2,2026-09-30,AMFI Official Average AUM Disclosure Q2 FY2026-27,VERIFIED,56.2226,2026-09-26
106231,SBI SHORT TERM FUND - Regular Plan - Growth,SBI_MF,REGULAR,GROWTH,,,,SOURCE_UNAVAILABLE,1052450,2026-09-30,AMFI Official Average AUM Disclosure Q2 FY2026-27,VERIFIED,34.1066,2026-09-26
106227,SBI SHORT TERM FUND - Regular Plan - Growth,SBI_MF,REGULAR,GROWTH,,,,SOURCE_UNAVAILABLE,1052450,2026-09-30,AMFI Official Average AUM Disclosure Q2 FY2026-27,VERIFIED,38.5888,2026-09-26
149585,Sundaram Short Term Fund (Formerly Known as Sundaram Short Duration Fund) - Regular Plan - GROWTH,SUNDARAM_MF,REGULAR,GROWTH,,,,SOURCE_UNAVAILABLE,72400,2026-09-30,AMFI Official Average AUM Disclosure Q2 FY2026-27,VERIFIED,47.0864,2026-09-26
101548,Tata Short Term Fund - Regular Plan - Growth Option,TATA_MF,REGULAR,GROWTH,,,,SOURCE_UNAVAILABLE,175400,2026-09-30,AMFI Official Average AUM Disclosure Q2 FY2026-27,VERIFIED,50.4929,2026-09-26
149073,TRUSTMF Short Term Fund - Regular Plan - Growth,TRUST_MF,REGULAR,GROWTH,,,,SOURCE_UNAVAILABLE,4200,2026-09-30,AMFI Official Average AUM Disclosure Q2 FY2026-27,VERIFIED,1329.2898,2026-10-01
106384,UTI Short Term Fund - Regular Plan - Discontinued Growth Sub  Option,UTI_MF,REGULAR,GROWTH,,,,SOURCE_UNAVAILABLE,312500,2026-09-30,AMFI Official Average AUM Disclosure Q2 FY2026-27,VERIFIED,47.4213,2026-09-26
106624,UTI Short Term Fund - Regular Plan - Growth,UTI_MF,REGULAR,GROWTH,,,,SOURCE_UNAVAILABLE,312500,2026-09-30,AMFI Official Average AUM Disclosure Q2 FY2026-27,VERIFIED,33.6879,2026-09-26
101317,Aditya Birla Sun Life Ultra Short Term Fund - Regular Plan - GROWTH,ADITYA_BIRLA_SU_MF,REGULAR,GROWTH,,,,SOURCE_UNAVAILABLE,362480,2026-09-30,AMFI Official Average AUM Disclosure Q2 FY2026-27,VERIFIED,593.1031,2026-10-01
144759,Axis Ultra Short Term Fund - Regular Plan - Growth Option,AXIS_MF,REGULAR,GROWTH,,,,SOURCE_UNAVAILABLE,295420,2026-09-30,AMFI Official Average AUM Disclosure Q2 FY2026-27,VERIFIED,15.8118,2026-09-26
144171,BANDHAN ULTRA SHORT TERM FUND - Regular Plan - Growth,BANDHAN_MF,REGULAR,GROWTH,,,,SOURCE_UNAVAILABLE,155800,2026-09-30,AMFI Official Average AUM Disclosure Q2 FY2026-27,VERIFIED,16.4158,2026-09-26
109269,BANK OF INDIA ULTRA SHORT TERM FUND - Regular Plan - Growth,BANK_OF_INDIA_MF,REGULAR,GROWTH,,,,SOURCE_UNAVAILABLE,11200,2026-09-30,AMFI Official Average AUM Disclosure Q2 FY2026-27,VERIFIED,3398.813,2026-10-01
143464,Baroda BNP Paribas Ultra Short Term Fund - Regular Plan - Growth Option,BARODA_BNP_PARI_MF,REGULAR,GROWTH,,,,SOURCE_UNAVAILABLE,42500,2026-09-30,AMFI Official Average AUM Disclosure Q2 FY2026-27,VERIFIED,1667.8188,2026-10-01
109371,Canara Robeco Ultra Short Term Fund - Regular Plan - GROWTH OPTION,CANARA_ROBECO_MF,REGULAR,GROWTH,,,,SOURCE_UNAVAILABLE,108500,2026-09-30,AMFI Official Average AUM Disclosure Q2 FY2026-27,VERIFIED,4082.1741,2026-10-01
104138,DSP Ultra Short Term Fund - Regular Plan - Growth,DSP_MF,REGULAR,GROWTH,,,,SOURCE_UNAVAILABLE,165320,2026-09-30,AMFI Official Average AUM Disclosure Q2 FY2026-27,VERIFIED,3661.2302,2026-10-01
154622,Edelweiss Ultra Short Term Fund - Regular Plan - Growth,EDELWEISS_MF,REGULAR,GROWTH,,,,SOURCE_UNAVAILABLE,138200,2026-09-30,AMFI Official Average AUM Disclosure Q2 FY2026-27,VERIFIED,1006.5033,2026-10-01
152828,Franklin India Ultra Short Term Fund - Regular Plan - Growth,FRANKLIN_TEMPLE_MF,REGULAR,GROWTH,,,,SOURCE_UNAVAILABLE,98200,2026-09-30,AMFI Official Average AUM Disclosure Q2 FY2026-27,VERIFIED,11.4394,2026-09-26
114359,Invesco India Ultra Short Term Fund - Regular Plan - Growth,INVESCO_MF,REGULAR,GROWTH,,,,SOURCE_UNAVAILABLE,92450,2026-09-30,AMFI Official Average AUM Disclosure Q2 FY2026-27,VERIFIED,2908.3547,2026-10-01
148906,ITI Ultra Short Term Fund - Regular Plan - Growth Option,ITI_MF,REGULAR,GROWTH,,,,SOURCE_UNAVAILABLE,8900,2026-09-30,AMFI Official Average AUM Disclosure Q2 FY2026-27,VERIFIED,1325.0392,2026-10-01
102591,Kotak Ultra Short Term Fund - Regular Plan - Growth,KOTAK_MAHINDRA_MF,REGULAR,GROWTH,,,,SOURCE_UNAVAILABLE,435670,2026-09-30,AMFI Official Average AUM Disclosure Q2 FY2026-27,VERIFIED,46.1647,2026-10-01
147770,LIC MF Ultra Short Term Fund - Regular Plan - Growth,LIC_MF,REGULAR,GROWTH,,,,SOURCE_UNAVAILABLE,34200,2026-09-30,AMFI Official Average AUM Disclosure Q2 FY2026-27,VERIFIED,1418.6555,2026-10-01
147734,Mahindra Manulife Ultra Short Term Fund - Regular Plan - Growth,MAHINDRA_MANULI_MF,REGULAR,GROWTH,,,,SOURCE_UNAVAILABLE,24600,2026-09-30,AMFI Official Average AUM Disclosure Q2 FY2026-27,VERIFIED,1483.6658,2026-10-01
148530,Mirae Asset Ultra Short-Term Fund - Regular Plan - Growth,MIRAE_ASSET_MF,REGULAR,GROWTH,,,,SOURCE_UNAVAILABLE,185600,2026-09-30,AMFI Official Average AUM Disclosure Q2 FY2026-27,VERIFIED,1415.4953,2026-10-01
143493,Nippon India Ultra Short Term Fund - Regular Plan - Growth Option,NIPPON_INDIA_MF,REGULAR,GROWTH,,,,SOURCE_UNAVAILABLE,525140.2,2026-09-30,AMFI Official Average AUM Disclosure Q2 FY2026-27,VERIFIED,4345.5426,2026-10-01
138343,PGIM India Ultra Short Term Fund - Regular Plan - Regular Growth,PGIM_INDIA_MF,REGULAR,GROWTH,,,,SOURCE_UNAVAILABLE,27800,2026-09-30,AMFI Official Average AUM Disclosure Q2 FY2026-27,VERIFIED,36.4772,2026-09-26
100641,SBI ULTRA SHORT TERM FUND - Regular Plan - Growth,SBI_MF,REGULAR,GROWTH,,,,SOURCE_UNAVAILABLE,1052450,2026-09-30,AMFI Official Average AUM Disclosure Q2 FY2026-27,VERIFIED,6448.5092,2026-10-01
149535,Sundaram Ultra Short Term Fund (Formerly Known as Sundaram Ultra Short Duration Fund) - Regular Plan - GROWTH,SUNDARAM_MF,REGULAR,GROWTH,,,,SOURCE_UNAVAILABLE,72400,2026-09-30,AMFI Official Average AUM Disclosure Q2 FY2026-27,VERIFIED,2865.9815,2026-10-01
153240,Union Short Term Fund - Regular Plan - Growth Option,UNION_MF,REGULAR,GROWTH,,,,SOURCE_UNAVAILABLE,16800,2026-09-30,AMFI Official Average AUM Disclosure Q2 FY2026-27,VERIFIED,10.9954,2026-09-26
102532,UTI Ultra Short Term Fund - Regular Plan - Growth,UTI_MF,REGULAR,GROWTH,,,,SOURCE_UNAVAILABLE,312500,2026-09-30,AMFI Official Average AUM Disclosure Q2 FY2026-27,VERIFIED,4561.0016,2026-10-01
147307,WhiteOak Capital Ultra Short Term Fund - Regular Plan - Growth Option,WHITEOAK_CAPITA_MF,REGULAR,GROWTH,,,,SOURCE_UNAVAILABLE,14200,2026-09-30,AMFI Official Average AUM Disclosure Q2 FY2026-27,VERIFIED,1462.2181,2026-10-01
103192,Aditya Birla Sun Life Ultra short to short term Fund - Regular Plan - GROWTH,ADITYA_BIRLA_SU_MF,REGULAR,GROWTH,,,,SOURCE_UNAVAILABLE,362480,2026-09-30,AMFI Official Average AUM Disclosure Q2 FY2026-27,VERIFIED,701.931,2026-10-01
112214,Axis Ultra Short to Short Term Fund - Regular Plan - Growth Option,AXIS_MF,REGULAR,GROWTH,,,,SOURCE_UNAVAILABLE,295420,2026-09-30,AMFI Official Average AUM Disclosure Q2 FY2026-27,VERIFIED,3334.8854,2026-10-01
112717,Axis Ultra Short to Short Term Fund - Regular Plan - Growth Option,AXIS_MF,REGULAR,GROWTH,,,,SOURCE_UNAVAILABLE,295420,2026-09-30,AMFI Official Average AUM Disclosure Q2 FY2026-27,VERIFIED,3126.6422,2026-10-01
154203,Bajaj Finserv Ultra Short to Short Term Fund - Regular Plan - Growth,BAJAJ_FINSERV_MF,REGULAR,GROWTH,,,,SOURCE_UNAVAILABLE,19400,2026-09-30,AMFI Official Average AUM Disclosure Q2 FY2026-27,VERIFIED,1033.5619,2026-10-01
108632,BANDHAN ULTRA SHORT TO SHORT TERM FUND - Regular Plan - Growth,BANDHAN_MF,REGULAR,GROWTH,,,,SOURCE_UNAVAILABLE,155800,2026-09-30,AMFI Official Average AUM Disclosure Q2 FY2026-27,VERIFIED,41.4186,2026-09-26
150165,BARODA BNP PARIBAS ULTRA SHORT TO SHORT TERM FUND - Regular Plan - Growth Option,BARODA_BNP_PARI_MF,REGULAR,GROWTH,,,,SOURCE_UNAVAILABLE,42500,2026-09-30,AMFI Official Average AUM Disclosure Q2 FY2026-27,VERIFIED,42.924,2026-09-26
150160,BARODA BNP PARIBAS ULTRA SHORT TO SHORT TERM FUND - Growth Option - Regular Plan - Growth,BARODA_BNP_PARI_MF,REGULAR,GROWTH,,,,SOURCE_UNAVAILABLE,42500,2026-09-30,AMFI Official Average AUM Disclosure Q2 FY2026-27,VERIFIED,42.9985,2026-09-26
102913,Canara Robeco Ultra Short to Short Term Fund - Regular Plan - GROWTH OPTION,CANARA_ROBECO_MF,REGULAR,GROWTH,,,,SOURCE_UNAVAILABLE,108500,2026-09-30,AMFI Official Average AUM Disclosure Q2 FY2026-27,VERIFIED,45.402,2026-10-01
133926,DSP Ultra Short to Short Term Fund - Regular Plan - Growth,DSP_MF,REGULAR,GROWTH,,,,SOURCE_UNAVAILABLE,165320,2026-09-30,AMFI Official Average AUM Disclosure Q2 FY2026-27,VERIFIED,21.2652,2026-09-26
153419,Edelweiss Ultra Short to Short Term Fund - Regular Plan - Growth,EDELWEISS_MF,REGULAR,GROWTH,,,,SOURCE_UNAVAILABLE,138200,2026-09-30,AMFI Official Average AUM Disclosure Q2 FY2026-27,VERIFIED,1095.1068,2026-10-01
153371,Franklin India Ultra Short to Short Term Fund - Regular Plan - Growth,FRANKLIN_TEMPLE_MF,REGULAR,GROWTH,,,,SOURCE_UNAVAILABLE,98200,2026-09-30,AMFI Official Average AUM Disclosure Q2 FY2026-27,VERIFIED,11.0698,2026-09-26
102452,HDFC Ultra Short to Short Term Fund - Regular Plan - Growth Option,HDFC_MF,REGULAR,GROWTH,,,,SOURCE_UNAVAILABLE,745890.75,2026-09-30,AMFI Official Average AUM Disclosure Q2 FY2026-27,VERIFIED,61.9425,2026-09-29
151114,HSBC Ultra Short to Short Term Fund - Regular Plan - Growth,HSBC_MF,REGULAR,GROWTH,,,,SOURCE_UNAVAILABLE,115300,2026-09-30,AMFI Official Average AUM Disclosure Q2 FY2026-27,VERIFIED,30.8237,2026-09-26
101619,ICICI Prudential Ultra Short to Short Term Fund - Regular Plan - Growth,ICICI_PRUDENTIA_MF,REGULAR,GROWTH,,,,SOURCE_UNAVAILABLE,785230.5,2026-09-30,AMFI Official Average AUM Disclosure Q2 FY2026-27,VERIFIED,587.6289,2026-09-29
104726,Invesco India Ultra Short to Short Term Fund - Regular Plan - Growth,INVESCO_MF,REGULAR,GROWTH,,,,SOURCE_UNAVAILABLE,92450,2026-09-30,AMFI Official Average AUM Disclosure Q2 FY2026-27,VERIFIED,4065.3299,2026-10-01
104728,Invesco India Ultra Short to Short Term Fund - Regular Plan - Growth,INVESCO_MF,REGULAR,GROWTH,,,,SOURCE_UNAVAILABLE,92450,2026-09-30,AMFI Official Average AUM Disclosure Q2 FY2026-27,VERIFIED,3593.6239,2026-10-01
154636,JioBlackRock Ultra Short to Short Term Fund - Regular Plan - Growth Option,JIO_BLACKROCK_MF,REGULAR,GROWTH,,,,SOURCE_UNAVAILABLE,15000,2026-09-30,AMFI Official Average AUM Disclosure Q2 FY2026-27,VERIFIED,1003.4385,2026-10-01
143607,JM Ultra Short to Short Term Fund - Regular Plan - Growth Option,JM_FINANCIAL_MF,REGULAR,GROWTH,,,,SOURCE_UNAVAILABLE,7600,2026-09-30,AMFI Official Average AUM Disclosure Q2 FY2026-27,VERIFIED,39.7662,2026-09-26
133805,Kotak Ultra Short to Short Term Fund - Regular Plan - Growth Option,KOTAK_MAHINDRA_MF,REGULAR,GROWTH,,,,SOURCE_UNAVAILABLE,435670,2026-09-30,AMFI Official Average AUM Disclosure Q2 FY2026-27,VERIFIED,3581.72,2026-10-01
101830,LIC MF Ultra Short to Short Term fund - Regular Plan - Growth,LIC_MF,REGULAR,GROWTH,,,,SOURCE_UNAVAILABLE,34200,2026-09-30,AMFI Official Average AUM Disclosure Q2 FY2026-27,VERIFIED,42.5387,2026-10-01
140620,Mahindra Manulife Ultra Short to Short Term Fund - Regular Plan - Growth,MAHINDRA_MANULI_MF,REGULAR,GROWTH,,,,SOURCE_UNAVAILABLE,24600,2026-09-30,AMFI Official Average AUM Disclosure Q2 FY2026-27,VERIFIED,1753.2322,2026-10-01
107705,Mirae Asset Ultra Short to Short Term Fund - Regular Plan - Growth,MIRAE_ASSET_MF,REGULAR,GROWTH,,,,SOURCE_UNAVAILABLE,185600,2026-09-30,AMFI Official Average AUM Disclosure Q2 FY2026-27,VERIFIED,2424.9741,2026-10-01
111748,Nippon India Ultra Short to Short Term Fund - Regular Plan - Retail Plan - Growth Option,NIPPON_INDIA_MF,REGULAR,GROWTH,,,,SOURCE_UNAVAILABLE,525140.2,2026-09-30,AMFI Official Average AUM Disclosure Q2 FY2026-27,VERIFIED,3836.0406,2026-10-01
111753,Nippon India Ultra Short to Short Term Fund - Regular Plan - Growth Option,NIPPON_INDIA_MF,REGULAR,GROWTH,,,,SOURCE_UNAVAILABLE,525140.2,2026-09-30,AMFI Official Average AUM Disclosure Q2 FY2026-27,VERIFIED,4024.6827,2026-10-01
106212,SBI Ultra Short to Short Term Fund - Regular Plan - Growth,SBI_MF,REGULAR,GROWTH,,,,SOURCE_UNAVAILABLE,1052450,2026-09-30,AMFI Official Average AUM Disclosure Q2 FY2026-27,VERIFIED,3742.9975,2026-10-01
106217,SBI Ultra Short to Short Term Fund - Regular Plan - Growth,SBI_MF,REGULAR,GROWTH,,,,SOURCE_UNAVAILABLE,1052450,2026-09-30,AMFI Official Average AUM Disclosure Q2 FY2026-27,VERIFIED,3809.0083,2026-10-01
149519,Sundaram Ultra Short to Short Term Fund (Formerly Known as Sundaram Low Duration Fund) - Regular Plan - GROWTH,SUNDARAM_MF,REGULAR,GROWTH,,,,SOURCE_UNAVAILABLE,72400,2026-09-30,AMFI Official Average AUM Disclosure Q2 FY2026-27,VERIFIED,3697.4791,2026-10-01
103159,Tata Ultra Short to Short Term Fund - Regular Plan - Growth Option,TATA_MF,REGULAR,GROWTH,,,,SOURCE_UNAVAILABLE,175400,2026-09-30,AMFI Official Average AUM Disclosure Q2 FY2026-27,VERIFIED,4234.3742,2026-10-01
153652,Union Ultra Short to Short Term Fund - Regular Plan - Growth Option,UNION_MF,REGULAR,GROWTH,,,,SOURCE_UNAVAILABLE,16800,2026-09-30,AMFI Official Average AUM Disclosure Q2 FY2026-27,VERIFIED,10.6061,2026-09-26
102540,UTI Ultra Short to Short Term Fund - Regular Plan - Discontinued Growth,UTI_MF,REGULAR,GROWTH,,,,SOURCE_UNAVAILABLE,312500,2026-09-30,AMFI Official Average AUM Disclosure Q2 FY2026-27,VERIFIED,6771.274,2026-10-01
102544,UTI Ultra Short to Short Term Fund - Regular Plan - Growth,UTI_MF,REGULAR,GROWTH,,,,SOURCE_UNAVAILABLE,312500,2026-09-30,AMFI Official Average AUM Disclosure Q2 FY2026-27,VERIFIED,3828.4946,2026-10-01
151433,Axis Crisil IBX 50:50 Gilt Plus SDL September 2027 Index Fund - Regular Plan - Growth Option,AXIS_MF,REGULAR,GROWTH,,,,SOURCE_UNAVAILABLE,295420,2026-09-30,AMFI Official Average AUM Disclosure Q2 FY2026-27,VERIFIED,12.8912,2026-09-26
149872,Axis CRISIL IBX SDL May 2027 Index Fund - Regular Plan - Growth Option,AXIS_MF,REGULAR,GROWTH,,,,SOURCE_UNAVAILABLE,295420,2026-09-30,AMFI Official Average AUM Disclosure Q2 FY2026-27,VERIFIED,13.1859,2026-09-26
153050,Axis CRISIL-IBX AAA Bond Financial Services - Sep 2027 Index Fund - Regular Plan - Growth Option,AXIS_MF,REGULAR,GROWTH,,,,SOURCE_UNAVAILABLE,295420,2026-09-30,AMFI Official Average AUM Disclosure Q2 FY2026-27,VERIFIED,11.3612,2026-09-26
152886,Axis CRISIL-IBX AAA Bond NBFC - Jun 2027 Index Fund - Regular Plan - Growth Option,AXIS_MF,REGULAR,GROWTH,,,,SOURCE_UNAVAILABLE,295420,2026-09-30,AMFI Official Average AUM Disclosure Q2 FY2026-27,VERIFIED,11.5148,2026-09-26
153174,Axis CRISIL-IBX AAA Bond NBFC-HFC - Jun 2027 Index Fund - Regular Plan - Growth option,AXIS_MF,REGULAR,GROWTH,,,,SOURCE_UNAVAILABLE,295420,2026-09-30,AMFI Official Average AUM Disclosure Q2 FY2026-27,VERIFIED,11.3074,2026-09-26
153880,Axis CRISIL-IBX Financial Services 3-6 Months Debt Index Fund - Regular Plan - Growth option,AXIS_MF,REGULAR,GROWTH,,,,SOURCE_UNAVAILABLE,295420,2026-09-30,AMFI Official Average AUM Disclosure Q2 FY2026-27,VERIFIED,10.6688,2026-09-26
150851,Axis Nifty SDL September 2026 Debt Index Fund - Regular Plan - Growth Option,AXIS_MF,REGULAR,GROWTH,,,,SOURCE_UNAVAILABLE,295420,2026-09-30,AMFI Official Average AUM Disclosure Q2 FY2026-27,VERIFIED,12.9976,2026-09-26
151576,Baroda BNP Paribas NIFTY SDL December 2028 Index Fund - Regular Plan - Growth Option,BARODA_BNP_PARI_MF,REGULAR,GROWTH,,,,SOURCE_UNAVAILABLE,42500,2026-09-30,AMFI Official Average AUM Disclosure Q2 FY2026-27,VERIFIED,12.8038,2026-09-26
149963,HSBC CRISIL IBX 50:50 Gilt Plus SDL Apr 2028 Index Fund - Regular Plan - Growth,HSBC_MF,REGULAR,GROWTH,,,,SOURCE_UNAVAILABLE,115300,2026-09-30,AMFI Official Average AUM Disclosure Q2 FY2026-27,VERIFIED,13.2636,2026-09-26
151480,HSBC CRISIL IBX Gilt June 2027 Index Fund - Regular Plan - Growth,HSBC_MF,REGULAR,GROWTH,,,,SOURCE_UNAVAILABLE,115300,2026-09-30,AMFI Official Average AUM Disclosure Q2 FY2026-27,VERIFIED,12.6972,2026-09-26
151590,Invesco India Nifty G-sec Jul 2027 Index Fund - Regular Plan - Growth,INVESCO_MF,REGULAR,GROWTH,,,,SOURCE_UNAVAILABLE,92450,2026-09-30,AMFI Official Average AUM Disclosure Q2 FY2026-27,VERIFIED,1274.3136,2026-10-01
151594,Invesco India Nifty G-sec Sep 2032 Index Fund - Regular Plan - Growth,INVESCO_MF,REGULAR,GROWTH,,,,SOURCE_UNAVAILABLE,92450,2026-09-30,AMFI Official Average AUM Disclosure Q2 FY2026-27,VERIFIED,1277.9091,2026-10-01
154642,JioBlackRock Nifty 8-13 yr G-Sec Index Fund - Regular Plan - Growth Option,JIO_BLACKROCK_MF,REGULAR,GROWTH,,,,SOURCE_UNAVAILABLE,15000,2026-09-30,AMFI Official Average AUM Disclosure Q2 FY2026-27,VERIFIED,9.8714,2026-09-26
150790,Mirae Asset CRISIL IBX Gilt Index - April 2033 Index Fund - Regular Plan - Growth,MIRAE_ASSET_MF,REGULAR,GROWTH,,,,SOURCE_UNAVAILABLE,185600,2026-09-30,AMFI Official Average AUM Disclosure Q2 FY2026-27,VERIFIED,13.18,2026-10-01
153636,Mirae Asset CRISIL-IBX Financial Services 9-12 Months Debt Index Fund - Regular Plan - Growth,MIRAE_ASSET_MF,REGULAR,GROWTH,,,,SOURCE_UNAVAILABLE,185600,2026-09-30,AMFI Official Average AUM Disclosure Q2 FY2026-27,VERIFIED,10.7588,2026-09-26
150360,Mirae Asset Nifty SDL Jun 2027 Index Fund - Regular Plan - Growth,MIRAE_ASSET_MF,REGULAR,GROWTH,,,,SOURCE_UNAVAILABLE,185600,2026-09-30,AMFI Official Average AUM Disclosure Q2 FY2026-27,VERIFIED,13.1918,2026-09-26
151694,Mirae Asset Nifty SDL June 2028 Index Fund - Regular Plan - Growth,MIRAE_ASSET_MF,REGULAR,GROWTH,,,,SOURCE_UNAVAILABLE,185600,2026-09-30,AMFI Official Average AUM Disclosure Q2 FY2026-27,VERIFIED,12.7113,2026-09-26
154468,SBI Crisil - IBX SDL Index - June 2034 Index Fund - Regular Plan - Growth,SBI_MF,REGULAR,GROWTH,,,,SOURCE_UNAVAILABLE,1052450,2026-09-30,AMFI Official Average AUM Disclosure Q2 FY2026-27,VERIFIED,9.9335,2026-09-26
151184,UTI CRISIL SDL Maturity April 2033 Index Fund - Regular Plan - Growth,UTI_MF,REGULAR,GROWTH,,,,SOURCE_UNAVAILABLE,312500,2026-09-30,AMFI Official Average AUM Disclosure Q2 FY2026-27,VERIFIED,12.8926,2026-09-26
151238,UTI CRISIL SDL Maturity June 2027 Index Fund - Regular Plan - Growth,UTI_MF,REGULAR,GROWTH,,,,SOURCE_UNAVAILABLE,312500,2026-09-30,AMFI Official Average AUM Disclosure Q2 FY2026-27,VERIFIED,12.9055,2026-09-26
151488,UTI NIFTY SDL Plus AAA PSU Bond Apr 2028- 75:25 Index Fund - Regular Plan - Growth,UTI_MF,REGULAR,GROWTH,,,,SOURCE_UNAVAILABLE,312500,2026-09-30,AMFI Official Average AUM Disclosure Q2 FY2026-27,VERIFIED,12.878,2026-09-26
151164,360 ONE ELSS Tax Saver Nifty 50 Index Fund - Regular Plan - GROWTH Option,360_ONE_MF,REGULAR,GROWTH,,,,SOURCE_UNAVAILABLE,11800,2026-09-30,AMFI Official Average AUM Disclosure Q2 FY2026-27,VERIFIED,12.6474,2026-10-01
153735,Aditya Birla Sun Life BSE 500 Momentum 50 Index Fund - Regular Plan - GROWTH,ADITYA_BIRLA_SU_MF,REGULAR,GROWTH,,,,SOURCE_UNAVAILABLE,362480,2026-09-30,AMFI Official Average AUM Disclosure Q2 FY2026-27,VERIFIED,10.4137,2026-10-01
153742,Aditya Birla Sun Life BSE 500 Quality 50 Index Fund - Regular Plan - GROWTH,ADITYA_BIRLA_SU_MF,REGULAR,GROWTH,,,,SOURCE_UNAVAILABLE,362480,2026-09-30,AMFI Official Average AUM Disclosure Q2 FY2026-27,VERIFIED,10.1825,2026-09-29
153080,Aditya Birla Sun Life BSE India Infrastructure Index Fund - Regular Plan - GROWTH,ADITYA_BIRLA_SU_MF,REGULAR,GROWTH,,,,SOURCE_UNAVAILABLE,362480,2026-09-30,AMFI Official Average AUM Disclosure Q2 FY2026-27,VERIFIED,8.4939,2026-10-01
148965,Aditya Birla Sun Life Nifty 50 Equal Weight index Fund - Regular Plan - GROWTH,ADITYA_BIRLA_SU_MF,REGULAR,GROWTH,,,,SOURCE_UNAVAILABLE,362480,2026-09-30,AMFI Official Average AUM Disclosure Q2 FY2026-27,VERIFIED,17.1474,2026-10-01
152800,Aditya Birla Sun Life Nifty India Defence Index Fund - Regular Plan - GROWTH,ADITYA_BIRLA_SU_MF,REGULAR,GROWTH,,,,SOURCE_UNAVAILABLE,362480,2026-09-30,AMFI Official Average AUM Disclosure Q2 FY2026-27,VERIFIED,12.8901,2026-10-01
148805,Aditya Birla Sun Life Nifty Midcap 150 Index Fund - Regular Plan - GROWTH,ADITYA_BIRLA_SU_MF,REGULAR,GROWTH,,,,SOURCE_UNAVAILABLE,362480,2026-09-30,AMFI Official Average AUM Disclosure Q2 FY2026-27,VERIFIED,23.6811,2026-10-01
149837,Aditya Birla Sun Life Nifty Next 50 Index Fund - Regular Plan - GROWTH,ADITYA_BIRLA_SU_MF,REGULAR,GROWTH,,,,SOURCE_UNAVAILABLE,362480,2026-09-30,AMFI Official Average AUM Disclosure Q2 FY2026-27,VERIFIED,16.7107,2026-10-01
148811,Aditya Birla Sun Life Nifty Smallcap 50 Index Fund - Regular Plan - GROWTH,ADITYA_BIRLA_SU_MF,REGULAR,GROWTH,,,,SOURCE_UNAVAILABLE,362480,2026-09-30,AMFI Official Average AUM Disclosure Q2 FY2026-27,VERIFIED,22.494,2026-10-01
154170,Axis BSE India Sector Leaders Index Fund - Regular Plan - Growth Option,AXIS_MF,REGULAR,GROWTH,,,,SOURCE_UNAVAILABLE,295420,2026-09-30,AMFI Official Average AUM Disclosure Q2 FY2026-27,VERIFIED,8.9166,2026-10-01
152421,Axis BSE Sensex Index Fund - Regular Plan - Growth Option,AXIS_MF,REGULAR,GROWTH,,,,SOURCE_UNAVAILABLE,295420,2026-09-30,AMFI Official Average AUM Disclosure Q2 FY2026-27,VERIFIED,9.9797,2026-10-01
149371,Axis Nifty 50 Index Fund - Regular Plan - Growth Option,AXIS_MF,REGULAR,GROWTH,,,,SOURCE_UNAVAILABLE,295420,2026-09-30,AMFI Official Average AUM Disclosure Q2 FY2026-27,VERIFIED,13.4548,2026-10-01
152730,Axis Nifty 500 Index Fund - Regular Plan - Growth Option,AXIS_MF,REGULAR,GROWTH,,,,SOURCE_UNAVAILABLE,295420,2026-09-30,AMFI Official Average AUM Disclosure Q2 FY2026-27,VERIFIED,9.4211,2026-10-01
152632,Axis Nifty Bank Index Fund - Regular Plan - Growth Option,AXIS_MF,REGULAR,GROWTH,,,,SOURCE_UNAVAILABLE,295420,2026-09-30,AMFI Official Average AUM Disclosure Q2 FY2026-27,VERIFIED,11.0802,2026-09-29
154597,Axis Nifty Energy Index Fund - Regular Plan - Growth Option,AXIS_MF,REGULAR,GROWTH,,,,SOURCE_UNAVAILABLE,295420,2026-09-30,AMFI Official Average AUM Disclosure Q2 FY2026-27,VERIFIED,9.5675,2026-10-01
154327,Axis Nifty India Defence Index Fund - Regular Plan - Growth Option,AXIS_MF,REGULAR,GROWTH,,,,SOURCE_UNAVAILABLE,295420,2026-09-30,AMFI Official Average AUM Disclosure Q2 FY2026-27,VERIFIED,10.1003,2026-10-01
151787,Axis Nifty IT Index Fund - Regular Plan - Growth Option,AXIS_MF,REGULAR,GROWTH,,,,SOURCE_UNAVAILABLE,295420,2026-09-30,AMFI Official Average AUM Disclosure Q2 FY2026-27,VERIFIED,9.7366,2026-10-01
149938,Axis Nifty Midcap 50 Index Fund - Regular Plan - Growth Option,AXIS_MF,REGULAR,GROWTH,,,,SOURCE_UNAVAILABLE,295420,2026-09-30,AMFI Official Average AUM Disclosure Q2 FY2026-27,VERIFIED,19.8164,2026-10-01
149467,Axis Nifty Next 50 Index Fund - Regular Plan - Growth Option,AXIS_MF,REGULAR,GROWTH,,,,SOURCE_UNAVAILABLE,295420,2026-09-30,AMFI Official Average AUM Disclosure Q2 FY2026-27,VERIFIED,16.5908,2026-10-01
149896,Axis Nifty Smallcap 50 Index Fund - Regular Plan - Growth Option,AXIS_MF,REGULAR,GROWTH,,,,SOURCE_UNAVAILABLE,295420,2026-09-30,AMFI Official Average AUM Disclosure Q2 FY2026-27,VERIFIED,19.553,2026-10-01
154459,Axis Nifty50 Equal Weight Index Fund - Regular Plan - Growth Option,AXIS_MF,REGULAR,GROWTH,,,,SOURCE_UNAVAILABLE,295420,2026-09-30,AMFI Official Average AUM Disclosure Q2 FY2026-27,VERIFIED,9.3577,2026-10-01
153245,Axis Nifty500 Momentum 50 Index Fund - Regular Plan - Growth Option,AXIS_MF,REGULAR,GROWTH,,,,SOURCE_UNAVAILABLE,295420,2026-09-30,AMFI Official Average AUM Disclosure Q2 FY2026-27,VERIFIED,10.6977,2026-10-01
153830,Axis Nifty500 Quality 50 Index Fund - Regular Plan - Growth Option,AXIS_MF,REGULAR,GROWTH,,,,SOURCE_UNAVAILABLE,295420,2026-09-30,AMFI Official Average AUM Disclosure Q2 FY2026-27,VERIFIED,9.3497,2026-10-01
152950,Axis Nifty500 Value 50 Index Fund - Regular Plan - Growth Option,AXIS_MF,REGULAR,GROWTH,,,,SOURCE_UNAVAILABLE,295420,2026-09-30,AMFI Official Average AUM Disclosure Q2 FY2026-27,VERIFIED,10.554,2026-10-01
154561,Edelweiss Nifty REITs & Realty Index Fund - Regular Plan - Growth,EDELWEISS_MF,REGULAR,GROWTH,,,,SOURCE_UNAVAILABLE,138200,2026-09-30,AMFI Official Average AUM Disclosure Q2 FY2026-27,VERIFIED,9.5409,2026-10-01
153710,Groww Nifty 50 Index Fund - Regular Plan - Growth,GROWW_MF,REGULAR,GROWTH,,,,SOURCE_UNAVAILABLE,22800,2026-09-30,AMFI Official Average AUM Disclosure Q2 FY2026-27,VERIFIED,8.9253,2026-10-01
153232,Groww Nifty India Railways PSU Index Fund - Regular Plan - Growth,GROWW_MF,REGULAR,GROWTH,,,,SOURCE_UNAVAILABLE,22800,2026-09-30,AMFI Official Average AUM Disclosure Q2 FY2026-27,VERIFIED,7.0166,2026-10-01
153953,Groww Nifty Midcap 150 Index Fund - Regular Plan - Growth,GROWW_MF,REGULAR,GROWTH,,,,SOURCE_UNAVAILABLE,22800,2026-09-30,AMFI Official Average AUM Disclosure Q2 FY2026-27,VERIFIED,9.6315,2026-10-01
153798,Groww Nifty Next 50 Index Fund - Regular Plan - Growth,GROWW_MF,REGULAR,GROWTH,,,,SOURCE_UNAVAILABLE,22800,2026-09-30,AMFI Official Average AUM Disclosure Q2 FY2026-27,VERIFIED,10.1574,2026-10-01
152633,Groww Nifty Non-Cyclical Consumer Index Fund - Regular Plan - Growth,GROWW_MF,REGULAR,GROWTH,,,,SOURCE_UNAVAILABLE,22800,2026-09-30,AMFI Official Average AUM Disclosure Q2 FY2026-27,VERIFIED,9.5594,2026-10-01
154350,Groww Nifty Private Bank Index Fund - Regular Plan - Growth,GROWW_MF,REGULAR,GROWTH,,,,SOURCE_UNAVAILABLE,22800,2026-09-30,AMFI Official Average AUM Disclosure Q2 FY2026-27,VERIFIED,9.9229,2026-09-29
154284,Groww Nifty PSU Bank Index Fund - Regular Plan - Growth,GROWW_MF,REGULAR,GROWTH,,,,SOURCE_UNAVAILABLE,22800,2026-09-30,AMFI Official Average AUM Disclosure Q2 FY2026-27,VERIFIED,9.396,2026-10-01
152433,Groww Nifty Smallcap 250 Index Fund - Regular Plan - Growth,GROWW_MF,REGULAR,GROWTH,,,,SOURCE_UNAVAILABLE,22800,2026-09-30,AMFI Official Average AUM Disclosure Q2 FY2026-27,VERIFIED,11.5881,2026-10-01
154387,Groww Nifty Smallcap 250 Momentum Quality 100 Index Fund - Regular Plan - Growth,GROWW_MF,REGULAR,GROWTH,,,,SOURCE_UNAVAILABLE,22800,2026-09-30,AMFI Official Average AUM Disclosure Q2 FY2026-27,VERIFIED,10.3168,2026-10-01
152127,Groww Nifty Total Market Index Fund - Regular Plan - Growth,GROWW_MF,REGULAR,GROWTH,,,,SOURCE_UNAVAILABLE,22800,2026-09-30,AMFI Official Average AUM Disclosure Q2 FY2026-27,VERIFIED,12.9647,2026-10-01
154752,HDFC BSE REITS and Commercial Real Estate Index Fund - Regular Plan - Growth Option,HDFC_MF,REGULAR,GROWTH,,,,SOURCE_UNAVAILABLE,745890.75,2026-09-30,AMFI Official Average AUM Disclosure Q2 FY2026-27,VERIFIED,9.7781,2026-10-01
154428,HDFC Nifty Auto Index Fund - Regular Plan - Growth Option,HDFC_MF,REGULAR,GROWTH,,,,SOURCE_UNAVAILABLE,745890.75,2026-09-30,AMFI Official Average AUM Disclosure Q2 FY2026-27,VERIFIED,9.2913,2026-10-01
151158,HSBC NIFTY 50 Index Fund - Regular Plan - Growth,HSBC_MF,REGULAR,GROWTH,,,,SOURCE_UNAVAILABLE,115300,2026-09-30,AMFI Official Average AUM Disclosure Q2 FY2026-27,VERIFIED,26.0721,2026-10-01
151162,HSBC NIFTY NEXT 50 Index Fund - Regular Plan - Growth,HSBC_MF,REGULAR,GROWTH,,,,SOURCE_UNAVAILABLE,115300,2026-09-30,AMFI Official Average AUM Disclosure Q2 FY2026-27,VERIFIED,29.4525,2026-10-01
154342,Invesco India BSE Sensex Index Fund - Regular Plan - Growth,INVESCO_MF,REGULAR,GROWTH,,,,SOURCE_UNAVAILABLE,92450,2026-09-30,AMFI Official Average AUM Disclosure Q2 FY2026-27,VERIFIED,9.407,2026-10-01
154344,Invesco India Nifty Bank Index Fund - Regular Plan - Growth,INVESCO_MF,REGULAR,GROWTH,,,,SOURCE_UNAVAILABLE,92450,2026-09-30,AMFI Official Average AUM Disclosure Q2 FY2026-27,VERIFIED,10.0797,2026-09-29
154633,JioBlackRock Nifty 50 Index Fund - Regular Plan - Growth Option,JIO_BLACKROCK_MF,REGULAR,GROWTH,,,,SOURCE_UNAVAILABLE,15000,2026-09-30,AMFI Official Average AUM Disclosure Q2 FY2026-27,VERIFIED,9.2295,2026-10-01
154643,JioBlackRock Nifty Midcap 150 Index Fund - Regular Plan - Growth Option,JIO_BLACKROCK_MF,REGULAR,GROWTH,,,,SOURCE_UNAVAILABLE,15000,2026-09-30,AMFI Official Average AUM Disclosure Q2 FY2026-27,VERIFIED,9.2542,2026-10-01
154644,JioBlackRock Nifty Next 50 Index Fund - Regular Plan - Growth Option,JIO_BLACKROCK_MF,REGULAR,GROWTH,,,,SOURCE_UNAVAILABLE,15000,2026-09-30,AMFI Official Average AUM Disclosure Q2 FY2026-27,VERIFIED,9.2925,2026-10-01
154634,JioBlackRock Nifty Smallcap 250 Index Fund - Regular Plan - Growth Option,JIO_BLACKROCK_MF,REGULAR,GROWTH,,,,SOURCE_UNAVAILABLE,15000,2026-09-30,AMFI Official Average AUM Disclosure Q2 FY2026-27,VERIFIED,9.5596,2026-10-01
154570,Kotak Nifty Bank Index Fund - Regular Plan - Growth,KOTAK_MAHINDRA_MF,REGULAR,GROWTH,,,,SOURCE_UNAVAILABLE,435670,2026-09-30,AMFI Official Average AUM Disclosure Q2 FY2026-27,VERIFIED,9.462,2026-09-29
152974,Mirae Asset Nifty 50 Index Fund - Regular Plan - Growth,MIRAE_ASSET_MF,REGULAR,GROWTH,,,,SOURCE_UNAVAILABLE,185600,2026-09-30,AMFI Official Average AUM Disclosure Q2 FY2026-27,VERIFIED,9.2465,2026-10-01
152978,Mirae Asset Nifty LargeMidcap 250 Index Fund - Regular Plan - Growth,MIRAE_ASSET_MF,REGULAR,GROWTH,,,,SOURCE_UNAVAILABLE,185600,2026-09-30,AMFI Official Average AUM Disclosure Q2 FY2026-27,VERIFIED,9.7973,2026-10-01
152970,Mirae Asset Nifty Total Market Index Fund - Regular Plan - Growth,MIRAE_ASSET_MF,REGULAR,GROWTH,,,,SOURCE_UNAVAILABLE,185600,2026-09-30,AMFI Official Average AUM Disclosure Q2 FY2026-27,VERIFIED,9.7145,2026-10-01
154703,Navi Nifty Reits & Realty Index fund - Regular Plan - Growth,NAVI_MF,REGULAR,GROWTH,,,,SOURCE_UNAVAILABLE,6500,2026-09-30,AMFI Official Average AUM Disclosure Q2 FY2026-27,VERIFIED,9.9141,2026-10-01
143340,UTI - Nifty Next 50 Index Fund - Regular Plan - Growth,UTI_MF,REGULAR,GROWTH,,,,SOURCE_UNAVAILABLE,312500,2026-09-30,AMFI Official Average AUM Disclosure Q2 FY2026-27,VERIFIED,24.6078,2026-10-01
151763,UTI BSE Housing Index Fund - Regular Plan - Growth,UTI_MF,REGULAR,GROWTH,,,,SOURCE_UNAVAILABLE,312500,2026-09-30,AMFI Official Average AUM Disclosure Q2 FY2026-27,VERIFIED,12.9034,2026-10-01
154700,UTI BSE India Sector Leaders Index Fund - Regular Plan - Growth,UTI_MF,REGULAR,GROWTH,,,,SOURCE_UNAVAILABLE,312500,2026-09-30,AMFI Official Average AUM Disclosure Q2 FY2026-27,VERIFIED,9.6604,2026-10-01
149880,UTI BSE Low Volatility Index Fund - Regular Plan - Growth,UTI_MF,REGULAR,GROWTH,,,,SOURCE_UNAVAILABLE,312500,2026-09-30,AMFI Official Average AUM Disclosure Q2 FY2026-27,VERIFIED,14.8005,2026-10-01
149802,UTI BSE Sensex Index Fund - Regular Plan - Growth,UTI_MF,REGULAR,GROWTH,,,,SOURCE_UNAVAILABLE,312500,2026-09-30,AMFI Official Average AUM Disclosure Q2 FY2026-27,VERIFIED,12.9503,2026-10-01
148704,UTI Nifty 200 Momentum 30 Index Fund - Regular Plan - Growth,UTI_MF,REGULAR,GROWTH,,,,SOURCE_UNAVAILABLE,312500,2026-09-30,AMFI Official Average AUM Disclosure Q2 FY2026-27,VERIFIED,19.7333,2026-10-01
152858,UTI Nifty 200 Quality 30 Index Fund - Regular Plan - Growth,UTI_MF,REGULAR,GROWTH,,,,SOURCE_UNAVAILABLE,312500,2026-09-30,AMFI Official Average AUM Disclosure Q2 FY2026-27,VERIFIED,8.2052,2026-10-01
151738,UTI Nifty 500 Value 50 Index Fund - Regular Plan - Growth,UTI_MF,REGULAR,GROWTH,,,,SOURCE_UNAVAILABLE,312500,2026-09-30,AMFI Official Average AUM Disclosure Q2 FY2026-27,VERIFIED,20.523,2026-10-01
153087,UTI Nifty Alpha Low-Volatility 30 Index Fund - Regular Plan - Growth,UTI_MF,REGULAR,GROWTH,,,,SOURCE_UNAVAILABLE,312500,2026-09-30,AMFI Official Average AUM Disclosure Q2 FY2026-27,VERIFIED,9.032,2026-10-01
153271,UTI Nifty India Manufacturing Index Fund - Regular Plan - Growth,UTI_MF,REGULAR,GROWTH,,,,SOURCE_UNAVAILABLE,312500,2026-09-30,AMFI Official Average AUM Disclosure Q2 FY2026-27,VERIFIED,11.7422,2026-10-01
153088,UTI Nifty Midcap 150 Index Fund - Regular Plan - Growth,UTI_MF,REGULAR,GROWTH,,,,SOURCE_UNAVAILABLE,312500,2026-09-30,AMFI Official Average AUM Disclosure Q2 FY2026-27,VERIFIED,10.2947,2026-10-01
150312,UTI Nifty Midcap 150 Quality 50 Index Fund - Regular Plan - Growth,UTI_MF,REGULAR,GROWTH,,,,SOURCE_UNAVAILABLE,312500,2026-09-30,AMFI Official Average AUM Disclosure Q2 FY2026-27,VERIFIED,13.2045,2026-10-01
153273,UTI Nifty Midsmallcap 400 Momentum Quality 100 Index Fund - Regular Plan - Growth,UTI_MF,REGULAR,GROWTH,,,,SOURCE_UNAVAILABLE,312500,2026-09-30,AMFI Official Average AUM Disclosure Q2 FY2026-27,VERIFIED,11.1874,2026-10-01
152865,UTI Nifty Private Bank Index Fund - Regular Plan - Growth,UTI_MF,REGULAR,GROWTH,,,,SOURCE_UNAVAILABLE,312500,2026-09-30,AMFI Official Average AUM Disclosure Q2 FY2026-27,VERIFIED,9.8142,2026-09-29
151761,UTI Nifty50 Equal Weight Index Fund - Regular Plan - Growth,UTI_MF,REGULAR,GROWTH,,,,SOURCE_UNAVAILABLE,312500,2026-09-30,AMFI Official Average AUM Disclosure Q2 FY2026-27,VERIFIED,13.9495,2026-10-01
154198,UTI Nifty500 Shariah Index Fund - Regular Plan - Growth,UTI_MF,REGULAR,GROWTH,,,,SOURCE_UNAVAILABLE,312500,2026-09-30,AMFI Official Average AUM Disclosure Q2 FY2026-27,VERIFIED,9.576,2026-09-29
154495,Mirae Asset Nifty200 Momentum 30 Plus 8-13yr G-Sec 75:25 Index Fund - Regular Plan - Growth,MIRAE_ASSET_MF,REGULAR,GROWTH,,,,SOURCE_UNAVAILABLE,185600,2026-09-30,AMFI Official Average AUM Disclosure Q2 FY2026-27,VERIFIED,9.7604,2026-10-01
132174,Aditya Birla Sun Life Aggressive Hybrid Omni FOF - Regular Plan - GROWTH,ADITYA_BIRLA_SU_MF,REGULAR,GROWTH,,,,SOURCE_UNAVAILABLE,362480,2026-09-30,AMFI Official Average AUM Disclosure Q2 FY2026-27,VERIFIED,42.4517,2026-10-01
132178,Aditya Birla Sun Life Conservative Hybrid Active FOF - Regular Plan - GROWTH,ADITYA_BIRLA_SU_MF,REGULAR,GROWTH,,,,SOURCE_UNAVAILABLE,362480,2026-09-30,AMFI Official Average AUM Disclosure Q2 FY2026-27,VERIFIED,35.2505,2026-10-01
132180,Aditya Birla Sun Life Dynamic Asset Allocation Omni FOF - Regular Plan - GROWTH,ADITYA_BIRLA_SU_MF,REGULAR,GROWTH,,,,SOURCE_UNAVAILABLE,362480,2026-09-30,AMFI Official Average AUM Disclosure Q2 FY2026-27,VERIFIED,54.6281,2026-10-01
116796,Aditya Birla Sun Life Gold Fund - Regular Plan - GROWTH,ADITYA_BIRLA_SU_MF,REGULAR,GROWTH,,,,SOURCE_UNAVAILABLE,362480,2026-09-30,AMFI Official Average AUM Disclosure Q2 FY2026-27,VERIFIED,42.4357,2026-10-01
131896,Aditya Birla Sun Life Income Plus Arbitrage Active FOF - Regular Plan - GROWTH,ADITYA_BIRLA_SU_MF,REGULAR,GROWTH,,,,SOURCE_UNAVAILABLE,362480,2026-09-30,AMFI Official Average AUM Disclosure Q2 FY2026-27,VERIFIED,39.8349,2026-09-26
131864,Aditya Birla Sun Life Multi Asset Omni FoF - Regular Plan - GROWTH,ADITYA_BIRLA_SU_MF,REGULAR,GROWTH,,,,SOURCE_UNAVAILABLE,362480,2026-09-30,AMFI Official Average AUM Disclosure Q2 FY2026-27,VERIFIED,74.1279,2026-10-01
150690,Aditya Birla Sun Life Multi-Asset Passive FOF - Regular Plan - GROWTH,ADITYA_BIRLA_SU_MF,REGULAR,GROWTH,,,,SOURCE_UNAVAILABLE,362480,2026-09-30,AMFI Official Average AUM Disclosure Q2 FY2026-27,VERIFIED,16.8216,2026-10-01
153828,ANGEL ONE GOLD ETF FOF - Regular Plan - Growth,ANGEL_ONE_MF,REGULAR,GROWTH,,,,SOURCE_UNAVAILABLE,1500,2026-09-30,AMFI Official Average AUM Disclosure Q2 FY2026-27,VERIFIED,13.2817,2026-09-29
154207,ANGEL ONE SILVER ETF FOF - Regular Plan - Growth,ANGEL_ONE_MF,REGULAR,GROWTH,,,,SOURCE_UNAVAILABLE,1500,2026-09-30,AMFI Official Average AUM Disclosure Q2 FY2026-27,VERIFIED,7.5621,2026-09-29
112332,Bandhan Aggressive Hybrid Passive FOF - Regular Plan - Growth,BANDHAN_MF,REGULAR,GROWTH,,,,SOURCE_UNAVAILABLE,155800,2026-09-30,AMFI Official Average AUM Disclosure Q2 FY2026-27,VERIFIED,47.4292,2026-10-01
112327,Bandhan Conservative Hybrid Passive FOF - Regular Plan - Growth,BANDHAN_MF,REGULAR,GROWTH,,,,SOURCE_UNAVAILABLE,155800,2026-09-30,AMFI Official Average AUM Disclosure Q2 FY2026-27,VERIFIED,34.2652,2026-10-01
154130,Bandhan Gold ETF FOF - Regular Plan - Growth,BANDHAN_MF,REGULAR,GROWTH,,,,SOURCE_UNAVAILABLE,155800,2026-09-30,AMFI Official Average AUM Disclosure Q2 FY2026-27,VERIFIED,9.6039,2026-09-29
108545,Bandhan Income Plus Arbitrage Active FOF - Regular Plan - Growth,BANDHAN_MF,REGULAR,GROWTH,,,,SOURCE_UNAVAILABLE,155800,2026-09-30,AMFI Official Average AUM Disclosure Q2 FY2026-27,VERIFIED,46.7948,2026-09-26
112329,Bandhan Multi-Asset Passive FOF - Regular Plan - Growth,BANDHAN_MF,REGULAR,GROWTH,,,,SOURCE_UNAVAILABLE,155800,2026-09-30,AMFI Official Average AUM Disclosure Q2 FY2026-27,VERIFIED,40.8832,2026-10-01
154135,Bandhan Silver ETF FOF - Regular Plan - Growth,BANDHAN_MF,REGULAR,GROWTH,,,,SOURCE_UNAVAILABLE,155800,2026-09-30,AMFI Official Average AUM Disclosure Q2 FY2026-27,VERIFIED,7.1655,2026-09-29
153541,Baroda BNP Paribas Income Plus Arbitrage Active Fund of Funds - Regular Plan - Growth Option,BARODA_BNP_PARI_MF,REGULAR,GROWTH,,,,SOURCE_UNAVAILABLE,42500,2026-09-30,AMFI Official Average AUM Disclosure Q2 FY2026-27,VERIFIED,10.7542,2026-09-26
152182,DSP Gold ETF Fund of Fund - Regular Plan - Growth,DSP_MF,REGULAR,GROWTH,,,,SOURCE_UNAVAILABLE,165320,2026-09-30,AMFI Official Average AUM Disclosure Q2 FY2026-27,VERIFIED,22.896,2026-09-29
130492,DSP Income Plus Arbitrage Omni FoF - Regular Plan - Growth,DSP_MF,REGULAR,GROWTH,,,,SOURCE_UNAVAILABLE,165320,2026-09-30,AMFI Official Average AUM Disclosure Q2 FY2026-27,VERIFIED,22.4696,2026-09-26
154165,DSP Multi Asset Omni Fund of Funds - Regular Plan - Growth,DSP_MF,REGULAR,GROWTH,,,,SOURCE_UNAVAILABLE,165320,2026-09-30,AMFI Official Average AUM Disclosure Q2 FY2026-27,VERIFIED,9.6854,2026-09-28
153486,DSP Silver ETF Fund of Fund - Regular Plan - Growth,DSP_MF,REGULAR,GROWTH,,,,SOURCE_UNAVAILABLE,165320,2026-09-30,AMFI Official Average AUM Disclosure Q2 FY2026-27,VERIFIED,22.5345,2026-10-01
149399,BHARAT Bond ETF FOF - April 2032 - Regular Plan - Growth,EDELWEISS_MF,REGULAR,GROWTH,,,,SOURCE_UNAVAILABLE,138200,2026-09-30,AMFI Official Average AUM Disclosure Q2 FY2026-27,VERIFIED,13.3168,2026-09-26
150991,BHARAT Bond ETF FOF - April 2033 - Regular Plan - Growth,EDELWEISS_MF,REGULAR,GROWTH,,,,SOURCE_UNAVAILABLE,138200,2026-09-30,AMFI Official Average AUM Disclosure Q2 FY2026-27,VERIFIED,12.9979,2026-09-28
147854,Bharat Bond FOF - April 2030 - Regular Plan - Growth,EDELWEISS_MF,REGULAR,GROWTH,,,,SOURCE_UNAVAILABLE,138200,2026-09-30,AMFI Official Average AUM Disclosure Q2 FY2026-27,VERIFIED,15.9841,2026-09-26
148448,BHARAT Bond FOF- April 2025 - Regular Plan - Growth,EDELWEISS_MF,REGULAR,GROWTH,,,,SOURCE_UNAVAILABLE,138200,2026-09-30,AMFI Official Average AUM Disclosure Q2 FY2026-27,VERIFIED,12.8931,2026-09-26
148452,BHARAT Bond FOF- April 2031 - Regular Plan - Growth,EDELWEISS_MF,REGULAR,GROWTH,,,,SOURCE_UNAVAILABLE,138200,2026-09-30,AMFI Official Average AUM Disclosure Q2 FY2026-27,VERIFIED,14.2492,2026-09-26
150579,Edelweiss Gold and Silver ETF FOF - Regular Plan - Growth,EDELWEISS_MF,REGULAR,GROWTH,,,,SOURCE_UNAVAILABLE,138200,2026-09-30,AMFI Official Average AUM Disclosure Q2 FY2026-27,VERIFIED,32.28,2026-10-01
154209,Edelweiss Gold ETF Fund of Fund - Regular Plan - Growth,EDELWEISS_MF,REGULAR,GROWTH,,,,SOURCE_UNAVAILABLE,138200,2026-09-30,AMFI Official Average AUM Disclosure Q2 FY2026-27,VERIFIED,9.0779,2026-10-01
153713,Edelweiss Income Plus Arbitrage Omni Fund of Funds - Regular Plan - Growth,EDELWEISS_MF,REGULAR,GROWTH,,,,SOURCE_UNAVAILABLE,138200,2026-09-30,AMFI Official Average AUM Disclosure Q2 FY2026-27,VERIFIED,10.6272,2026-09-26
153779,Edelweiss Multi Asset Omni Fund of Fund - Regular Plan - Growth,EDELWEISS_MF,REGULAR,GROWTH,,,,SOURCE_UNAVAILABLE,138200,2026-09-30,AMFI Official Average AUM Disclosure Q2 FY2026-27,VERIFIED,11.0664,2026-09-28
154075,Edelweiss Silver ETF Fund of Fund - Regular Plan - Growth,EDELWEISS_MF,REGULAR,GROWTH,,,,SOURCE_UNAVAILABLE,138200,2026-09-30,AMFI Official Average AUM Disclosure Q2 FY2026-27,VERIFIED,9.4953,2026-09-28
101656,Franklin India Dynamic Asset Allocation Active Fund of Funds - Regular Plan - Growth,FRANKLIN_TEMPLE_MF,REGULAR,GROWTH,,,,SOURCE_UNAVAILABLE,98200,2026-09-30,AMFI Official Average AUM Disclosure Q2 FY2026-27,VERIFIED,160.5048,2026-10-01
132987,Franklin India Income Plus Arbitrage Active Fund of Funds - Regular Plan - Growth,FRANKLIN_TEMPLE_MF,REGULAR,GROWTH,,,,SOURCE_UNAVAILABLE,98200,2026-09-30,AMFI Official Average AUM Disclosure Q2 FY2026-27,VERIFIED,22.4639,2026-09-26
153861,HDFC Diversified Equity All Cap Active FOF - Regular Plan - Growth Option,HDFC_MF,REGULAR,GROWTH,,,,SOURCE_UNAVAILABLE,745890.75,2026-09-30,AMFI Official Average AUM Disclosure Q2 FY2026-27,VERIFIED,9.573,2026-10-01
115934,HDFC Gold ETF Fund of Fund - Regular Plan - Growth Option,HDFC_MF,REGULAR,GROWTH,,,,SOURCE_UNAVAILABLE,745890.75,2026-09-30,AMFI Official Average AUM Disclosure Q2 FY2026-27,VERIFIED,43.6062,2026-10-01
130533,HDFC Income Plus Arbitrage Active FOF - Regular Plan - Growth Option,HDFC_MF,REGULAR,GROWTH,,,,SOURCE_UNAVAILABLE,745890.75,2026-09-30,AMFI Official Average AUM Disclosure Q2 FY2026-27,VERIFIED,41.3655,2026-09-26
154261,HDFC INCOME PLUS ARBITRAGE OMNI FOF - Regular Plan - GROWTH OPTION,HDFC_MF,REGULAR,GROWTH,,,,SOURCE_UNAVAILABLE,745890.75,2026-09-30,AMFI Official Average AUM Disclosure Q2 FY2026-27,VERIFIED,10.3871,2026-09-26
148901,HDFC Multi-Asset Active FOF - Regular Plan - Growth Option,HDFC_MF,REGULAR,GROWTH,,,,SOURCE_UNAVAILABLE,745890.75,2026-09-30,AMFI Official Average AUM Disclosure Q2 FY2026-27,VERIFIED,18.904,2026-10-01
150736,HDFC Silver ETF Fund of Fund - Regular Plan - Growth Option,HDFC_MF,REGULAR,GROWTH,,,,SOURCE_UNAVAILABLE,745890.75,2026-09-30,AMFI Official Average AUM Disclosure Q2 FY2026-27,VERIFIED,35.5127,2026-10-01
102135,ICICI Prudential Aggressive Hybrid Active FOF - Regular Plan - Growth,ICICI_PRUDENTIA_MF,REGULAR,GROWTH,,,,SOURCE_UNAVAILABLE,785230.5,2026-09-30,AMFI Official Average AUM Disclosure Q2 FY2026-27,VERIFIED,217.2212,2026-10-01
149334,ICICI Prudential BSE 500 ETF FOF - Regular Plan - Growth,ICICI_PRUDENTIA_MF,REGULAR,GROWTH,,,,SOURCE_UNAVAILABLE,785230.5,2026-09-30,AMFI Official Average AUM Disclosure Q2 FY2026-27,VERIFIED,14.732,2026-10-01
102141,ICICI Prudential Diversified Debt Strategy Active FOF - Regular Plan - Growth,ICICI_PRUDENTIA_MF,REGULAR,GROWTH,,,,SOURCE_UNAVAILABLE,785230.5,2026-09-30,AMFI Official Average AUM Disclosure Q2 FY2026-27,VERIFIED,47.7383,2026-10-01
154265,ICICI Prudential Diversified Equity All Cap Active FOF - Regular Plan - Growth,ICICI_PRUDENTIA_MF,REGULAR,GROWTH,,,,SOURCE_UNAVAILABLE,785230.5,2026-09-30,AMFI Official Average AUM Disclosure Q2 FY2026-27,VERIFIED,10.231,2026-10-01
148033,ICICI Prudential Diversified Equity All Cap Omni FOF - Regular Plan - Growth,ICICI_PRUDENTIA_MF,REGULAR,GROWTH,,,,SOURCE_UNAVAILABLE,785230.5,2026-09-30,AMFI Official Average AUM Disclosure Q2 FY2026-27,VERIFIED,29.9288,2026-10-01
102137,ICICI Prudential Dynamic Asset Allocation Active FOF - Regular Plan - Growth,ICICI_PRUDENTIA_MF,REGULAR,GROWTH,,,,SOURCE_UNAVAILABLE,785230.5,2026-09-30,AMFI Official Average AUM Disclosure Q2 FY2026-27,VERIFIED,120.2279,2026-10-01
147647,ICICI Prudential Global Advantage Fund (FOF) - Regular Plan - Growth,ICICI_PRUDENTIA_MF,REGULAR,GROWTH,,,,SOURCE_UNAVAILABLE,785230.5,2026-09-30,AMFI Official Average AUM Disclosure Q2 FY2026-27,VERIFIED,21.8243,2026-09-28
115833,ICICI Prudential Gold ETF FOF - Regular Plan - Growth,ICICI_PRUDENTIA_MF,REGULAR,GROWTH,,,,SOURCE_UNAVAILABLE,785230.5,2026-09-30,AMFI Official Average AUM Disclosure Q2 FY2026-27,VERIFIED,45.1648,2026-10-01
102139,ICICI Prudential Income plus Arbitrage Omni FOF - Regular Plan - Growth,ICICI_PRUDENTIA_MF,REGULAR,GROWTH,,,,SOURCE_UNAVAILABLE,785230.5,2026-09-30,AMFI Official Average AUM Disclosure Q2 FY2026-27,VERIFIED,66.8898,2026-10-01
102133,ICICI Prudential Multi Sector Passive FOF - Regular Plan - Growth,ICICI_PRUDENTIA_MF,REGULAR,GROWTH,,,,SOURCE_UNAVAILABLE,785230.5,2026-09-30,AMFI Official Average AUM Disclosure Q2 FY2026-27,VERIFIED,161.893,2026-10-01
154450,ICICI Prudential Multi-Asset Active FOF - Regular Plan - Growth,ICICI_PRUDENTIA_MF,REGULAR,GROWTH,,,,SOURCE_UNAVAILABLE,785230.5,2026-09-30,AMFI Official Average AUM Disclosure Q2 FY2026-27,VERIFIED,9.8173,2026-10-01
148821,ICICI Prudential Nifty 100 Low Volatility 30 ETF FOF - Regular Plan - Growth,ICICI_PRUDENTIA_MF,REGULAR,GROWTH,,,,SOURCE_UNAVAILABLE,785230.5,2026-09-30,AMFI Official Average AUM Disclosure Q2 FY2026-27,VERIFIED,16.7589,2026-10-01
149157,ICICI Prudential Nifty Alpha Low - Volatility 30 ETF FOF - Regular Plan - Growth,ICICI_PRUDENTIA_MF,REGULAR,GROWTH,,,,SOURCE_UNAVAILABLE,785230.5,2026-09-30,AMFI Official Average AUM Disclosure Q2 FY2026-27,VERIFIED,13.8045,2026-10-01
153396,ICICI Prudential Nifty EV & New Age Automotive ETF FOF - Regular Plan - Growth,ICICI_PRUDENTIA_MF,REGULAR,GROWTH,,,,SOURCE_UNAVAILABLE,785230.5,2026-09-30,AMFI Official Average AUM Disclosure Q2 FY2026-27,VERIFIED,11.2671,2026-10-01
149439,ICICI Prudential Passive Multi-Asset Fund of Funds - Regular Plan - Growth,ICICI_PRUDENTIA_MF,REGULAR,GROWTH,,,,SOURCE_UNAVAILABLE,785230.5,2026-09-30,AMFI Official Average AUM Disclosure Q2 FY2026-27,VERIFIED,16.2752,2026-10-01
149777,ICICI Prudential Silver ETF FOF - Regular Plan - Growth,ICICI_PRUDENTIA_MF,REGULAR,GROWTH,,,,SOURCE_UNAVAILABLE,785230.5,2026-09-30,AMFI Official Average AUM Disclosure Q2 FY2026-27,VERIFIED,32.6739,2026-10-01
114758,Kotak Gold Fund - Regular Plan - Growth,KOTAK_MAHINDRA_MF,REGULAR,GROWTH,,,,SOURCE_UNAVAILABLE,435670,2026-09-30,AMFI Official Average AUM Disclosure Q2 FY2026-27,VERIFIED,56.1268,2026-10-01
153922,Kotak Gold Silver Passive FOF - Regular Plan - Growth,KOTAK_MAHINDRA_MF,REGULAR,GROWTH,,,,SOURCE_UNAVAILABLE,435670,2026-09-30,AMFI Official Average AUM Disclosure Q2 FY2026-27,VERIFIED,14.596,2026-09-29
150820,Kotak Income Plus Arbitrage Omni FOF - Regular Plan - Growth,KOTAK_MAHINDRA_MF,REGULAR,GROWTH,,,,SOURCE_UNAVAILABLE,435670,2026-09-30,AMFI Official Average AUM Disclosure Q2 FY2026-27,VERIFIED,13.1643,2026-09-26
102574,Kotak Multi Asset Omni FOF - Regular Plan - Growth,KOTAK_MAHINDRA_MF,REGULAR,GROWTH,,,,SOURCE_UNAVAILABLE,435670,2026-09-30,AMFI Official Average AUM Disclosure Q2 FY2026-27,VERIFIED,250.18,2026-10-01
154276,Kotak Multi Factor Passive FOF - Regular Plan - Growth,KOTAK_MAHINDRA_MF,REGULAR,GROWTH,,,,SOURCE_UNAVAILABLE,435670,2026-09-30,AMFI Official Average AUM Disclosure Q2 FY2026-27,VERIFIED,10.38,2026-09-29
151602,Kotak Silver ETF Fund of Fund - Regular Plan - Growth,KOTAK_MAHINDRA_MF,REGULAR,GROWTH,,,,SOURCE_UNAVAILABLE,435670,2026-09-30,AMFI Official Average AUM Disclosure Q2 FY2026-27,VERIFIED,28.7078,2026-10-01
151973,LIC MF Gold ETF Fund of Fund - Regular Plan - Growth,LIC_MF,REGULAR,GROWTH,,,,SOURCE_UNAVAILABLE,34200,2026-09-30,AMFI Official Average AUM Disclosure Q2 FY2026-27,VERIFIED,37.8169,2026-09-29
149241,Motilal Oswal 5 Year G-Sec Fund of Fund - Regular Plan - Growth,MOTILAL_OSWAL_MF,REGULAR,GROWTH,,,,SOURCE_UNAVAILABLE,82100,2026-09-30,AMFI Official Average AUM Disclosure Q2 FY2026-27,VERIFIED,13.2113,2026-10-01
148749,Motilal Oswal Asset Allocation Fund of Fund- Conservative - Regular Plan - Growth,MOTILAL_OSWAL_MF,REGULAR,GROWTH,,,,SOURCE_UNAVAILABLE,82100,2026-09-30,AMFI Official Average AUM Disclosure Q2 FY2026-27,VERIFIED,17.2115,2026-09-28
154113,Motilal Oswal Diversified Equity Flexicap Passive Fund of Funds - Regular Plan - Growth,MOTILAL_OSWAL_MF,REGULAR,GROWTH,,,,SOURCE_UNAVAILABLE,82100,2026-09-30,AMFI Official Average AUM Disclosure Q2 FY2026-27,VERIFIED,10.2643,2026-09-29
150641,Motilal Oswal Gold and Silver Passive Fund of Funds - Regular Plan - Growth,MOTILAL_OSWAL_MF,REGULAR,GROWTH,,,,SOURCE_UNAVAILABLE,82100,2026-09-30,AMFI Official Average AUM Disclosure Q2 FY2026-27,VERIFIED,29.3072,2026-10-01
148641,Nippon India Diversified Equity Flexicap Passive FoF - Regular Plan - Growth Option,NIPPON_INDIA_MF,REGULAR,GROWTH,,,,SOURCE_UNAVAILABLE,525140.2,2026-09-30,AMFI Official Average AUM Disclosure Q2 FY2026-27,VERIFIED,19.7424,2026-10-01
114616,Nippon India Gold Savings Fund - Regular Plan - Growth Option,NIPPON_INDIA_MF,REGULAR,GROWTH,,,,SOURCE_UNAVAILABLE,525140.2,2026-09-30,AMFI Official Average AUM Disclosure Q2 FY2026-27,VERIFIED,55.8259,2026-10-01
153601,Nippon India Income Plus Arbitrage Active Fund of Fund - Regular Plan - Growth Option,NIPPON_INDIA_MF,REGULAR,GROWTH,,,,SOURCE_UNAVAILABLE,525140.2,2026-09-30,AMFI Official Average AUM Disclosure Q2 FY2026-27,VERIFIED,10.6896,2026-09-26
148663,Nippon India Multi - Asset Omni FoF - Regular Plan - Growth Option,NIPPON_INDIA_MF,REGULAR,GROWTH,,,,SOURCE_UNAVAILABLE,525140.2,2026-09-30,AMFI Official Average AUM Disclosure Q2 FY2026-27,VERIFIED,22.9473,2026-10-01
146514,Nippon India Nifty Next 50 Junior BeES FoF - Regular Plan - Growth Option,NIPPON_INDIA_MF,REGULAR,GROWTH,,,,SOURCE_UNAVAILABLE,525140.2,2026-09-30,AMFI Official Average AUM Disclosure Q2 FY2026-27,VERIFIED,25.6567,2026-10-01
149759,Nippon India Silver ETF FOF - Regular Plan - Growth Option,NIPPON_INDIA_MF,REGULAR,GROWTH,,,,SOURCE_UNAVAILABLE,525140.2,2026-09-30,AMFI Official Average AUM Disclosure Q2 FY2026-27,VERIFIED,32.6811,2026-10-01
141063,Quantum Diversified Equity All Cap Active FOF - Regular Plan - Growth Option,QUANTUM_MF,REGULAR,GROWTH,,,,SOURCE_UNAVAILABLE,3800,2026-09-30,AMFI Official Average AUM Disclosure Q2 FY2026-27,VERIFIED,80.756,2026-10-01
141064,Quantum Gold ETF FOF - Regular Plan - Growth Option,QUANTUM_MF,REGULAR,GROWTH,,,,SOURCE_UNAVAILABLE,3800,2026-09-30,AMFI Official Average AUM Disclosure Q2 FY2026-27,VERIFIED,55.2707,2026-10-01
141072,Quantum Multi Asset Active FOF - Regular Plan - Growth Option,QUANTUM_MF,REGULAR,GROWTH,,,,SOURCE_UNAVAILABLE,3800,2026-09-30,AMFI Official Average AUM Disclosure Q2 FY2026-27,VERIFIED,35.3085,2026-09-28
150389,Quantum Nifty 50 ETF FOF - Regular Plan - Growth Option,QUANTUM_MF,REGULAR,GROWTH,,,,SOURCE_UNAVAILABLE,3800,2026-09-30,AMFI Official Average AUM Disclosure Q2 FY2026-27,VERIFIED,13.3336,2026-10-01
153831,SBI Dynamic Asset Allocation Active FoF - Regular Plan - Growth,SBI_MF,REGULAR,GROWTH,,,,SOURCE_UNAVAILABLE,1052450,2026-09-30,AMFI Official Average AUM Disclosure Q2 FY2026-27,VERIFIED,9.9911,2026-10-01
115676,SBI GOLD FUND - Regular Plan - Growth,SBI_MF,REGULAR,GROWTH,,,,SOURCE_UNAVAILABLE,1052450,2026-09-30,AMFI Official Average AUM Disclosure Q2 FY2026-27,VERIFIED,42.7792,2026-09-29
153500,SBI Income Plus Arbitrage Active FOF - Regular Plan - Growth,SBI_MF,REGULAR,GROWTH,,,,SOURCE_UNAVAILABLE,1052450,2026-09-30,AMFI Official Average AUM Disclosure Q2 FY2026-27,VERIFIED,10.7541,2026-09-26
152733,SBI Silver ETF Fund of Fund - Regular Plan - Growth,SBI_MF,REGULAR,GROWTH,,,,SOURCE_UNAVAILABLE,1052450,2026-09-30,AMFI Official Average AUM Disclosure Q2 FY2026-27,VERIFIED,23.1331,2026-10-01
154127,Sundaram Income Plus Arbitrage Active FoF - Regular Plan - GROWTH,SUNDARAM_MF,REGULAR,GROWTH,,,,SOURCE_UNAVAILABLE,72400,2026-09-30,AMFI Official Average AUM Disclosure Q2 FY2026-27,VERIFIED,10.3927,2026-09-26
152290,Tata Gold ETF Fund of Fund - Regular Plan - Growth Option,TATA_MF,REGULAR,GROWTH,,,,SOURCE_UNAVAILABLE,175400,2026-09-30,AMFI Official Average AUM Disclosure Q2 FY2026-27,VERIFIED,22.2905,2026-09-29
153511,Tata Income Plus Arbitrage Active FOF - Regular Plan - Growth Option,TATA_MF,REGULAR,GROWTH,,,,SOURCE_UNAVAILABLE,175400,2026-09-30,AMFI Official Average AUM Disclosure Q2 FY2026-27,VERIFIED,10.6449,2026-09-26
150345,Tata Nifty India Digital ETF Fund of Fund - Regular Plan - Growth Option,TATA_MF,REGULAR,GROWTH,,,,SOURCE_UNAVAILABLE,175400,2026-09-30,AMFI Official Average AUM Disclosure Q2 FY2026-27,VERIFIED,12.5109,2026-10-01
152297,Tata Silver ETF Fund of Fund - Regular Plan - Growth Option,TATA_MF,REGULAR,GROWTH,,,,SOURCE_UNAVAILABLE,175400,2026-09-30,AMFI Official Average AUM Disclosure Q2 FY2026-27,VERIFIED,28.2523,2026-10-01
154133,The Wealth Company Gold ETF FOF - Regular Plan - Growth,THE_WEALTH_MF,REGULAR,GROWTH,,,,SOURCE_UNAVAILABLE,1900,2026-09-30,AMFI Official Average AUM Disclosure Q2 FY2026-27,VERIFIED,9.3249,2026-09-29
153822,Union Diversified Equity All Cap Active FOF - Regular Plan - Growth Option,UNION_MF,REGULAR,GROWTH,,,,SOURCE_UNAVAILABLE,16800,2026-09-30,AMFI Official Average AUM Disclosure Q2 FY2026-27,VERIFIED,10.4024,2026-10-01
153338,Union Gold ETF Fund of Fund - Regular Plan - Growth Option,UNION_MF,REGULAR,GROWTH,,,,SOURCE_UNAVAILABLE,16800,2026-09-30,AMFI Official Average AUM Disclosure Q2 FY2026-27,VERIFIED,16.7179,2026-10-01
153573,Union Income Plus Arbitrage Active FOF - Regular Plan - Growth Option,UNION_MF,REGULAR,GROWTH,,,,SOURCE_UNAVAILABLE,16800,2026-09-30,AMFI Official Average AUM Disclosure Q2 FY2026-27,VERIFIED,10.4572,2026-09-26
132138,Aditya Birla Sun Life Global Emerging Opportunities Fund - Regular Plan - GROWTH,ADITYA_BIRLA_SU_MF,REGULAR,GROWTH,,,,SOURCE_UNAVAILABLE,362480,2026-09-30,AMFI Official Average AUM Disclosure Q2 FY2026-27,VERIFIED,33.7661,2026-10-01
132005,Aditya Birla Sun Life Global Excellence Equity Fund Of Fund - Regular Plan - GROWTH,ADITYA_BIRLA_SU_MF,REGULAR,GROWTH,,,,SOURCE_UNAVAILABLE,362480,2026-09-30,AMFI Official Average AUM Disclosure Q2 FY2026-27,VERIFIED,44.2451,2026-10-01
152142,Aditya Birla Sun Life US Treasury 1-3 Year Bond ETFs Passive FOF - Regular Plan - GROWTH,ADITYA_BIRLA_SU_MF,REGULAR,GROWTH,,,,SOURCE_UNAVAILABLE,362480,2026-09-30,AMFI Official Average AUM Disclosure Q2 FY2026-27,VERIFIED,12.9314,2026-10-01
152147,Aditya Birla Sun Life US Treasury 3-10 Year Bond ETFs Passive FOF - Regular Plan - GROWTH,ADITYA_BIRLA_SU_MF,REGULAR,GROWTH,,,,SOURCE_UNAVAILABLE,362480,2026-09-30,AMFI Official Average AUM Disclosure Q2 FY2026-27,VERIFIED,12.8263,2026-10-01
149100,Bandhan US specific Equity Active FOF - Regular Plan - Growth,BANDHAN_MF,REGULAR,GROWTH,,,,SOURCE_UNAVAILABLE,155800,2026-09-30,AMFI Official Average AUM Disclosure Q2 FY2026-27,VERIFIED,20.302,2026-09-30
151546,Bandhan US Treasury Bond 0-1 year specific Debt Passive FOF - Regular Plan - Growth,BANDHAN_MF,REGULAR,GROWTH,,,,SOURCE_UNAVAILABLE,155800,2026-09-30,AMFI Official Average AUM Disclosure Q2 FY2026-27,VERIFIED,13.482,2026-09-26
150284,Baroda BNP Paribas Aqua Fund of Fund - Regular Plan - Growth Option,BARODA_BNP_PARI_MF,REGULAR,GROWTH,,,,SOURCE_UNAVAILABLE,42500,2026-09-30,AMFI Official Average AUM Disclosure Q2 FY2026-27,VERIFIED,14.9894,2026-10-01
112126,DSP Global Clean Energy Overseas Equity Omni FoF - Regular Plan - Growth,DSP_MF,REGULAR,GROWTH,,,,SOURCE_UNAVAILABLE,165320,2026-09-30,AMFI Official Average AUM Disclosure Q2 FY2026-27,VERIFIED,27.1645,2026-10-01
149817,DSP Global Innovation Overseas Equity Omni FoF - Regular Plan - Growth,DSP_MF,REGULAR,GROWTH,,,,SOURCE_UNAVAILABLE,165320,2026-09-30,AMFI Official Average AUM Disclosure Q2 FY2026-27,VERIFIED,22.5427,2026-10-01
152527,DSP US Specific Debt Passive FoF - Regular Plan - Growth,DSP_MF,REGULAR,GROWTH,,,,SOURCE_UNAVAILABLE,165320,2026-09-30,AMFI Official Average AUM Disclosure Q2 FY2026-27,VERIFIED,12.1992,2026-09-26
117691,DSP US Specific Equity Omni FoF - Regular Plan - Growth,DSP_MF,REGULAR,GROWTH,,,,SOURCE_UNAVAILABLE,165320,2026-09-30,AMFI Official Average AUM Disclosure Q2 FY2026-27,VERIFIED,92.8595,2026-10-01
106597,DSP World Gold Mining Overseas Equity Omni FoF - Regular Plan - Growth,DSP_MF,REGULAR,GROWTH,,,,SOURCE_UNAVAILABLE,165320,2026-09-30,AMFI Official Average AUM Disclosure Q2 FY2026-27,VERIFIED,57.7406,2026-10-01
112293,DSP World Mining Overseas Equity Omni FoF - Regular Plan - Growth,DSP_MF,REGULAR,GROWTH,,,,SOURCE_UNAVAILABLE,165320,2026-09-30,AMFI Official Average AUM Disclosure Q2 FY2026-27,VERIFIED,31.8801,2026-10-01
140255,Edelweiss ASEAN Equity Off-shore Fund - Regular Plan - Growth,EDELWEISS_MF,REGULAR,GROWTH,,,,SOURCE_UNAVAILABLE,138200,2026-09-30,AMFI Official Average AUM Disclosure Q2 FY2026-27,VERIFIED,37.063,2026-10-01
140328,Edelweiss Emerging Markets Opportunities Equity Offshore Fund - Regular Plan - Growth,EDELWEISS_MF,REGULAR,GROWTH,,,,SOURCE_UNAVAILABLE,138200,2026-09-30,AMFI Official Average AUM Disclosure Q2 FY2026-27,VERIFIED,28.3134,2026-10-01
140295,Edelweiss Europe Dynamic Equity Offshore Fund - Regular Plan - Growth,EDELWEISS_MF,REGULAR,GROWTH,,,,SOURCE_UNAVAILABLE,138200,2026-09-30,AMFI Official Average AUM Disclosure Q2 FY2026-27,VERIFIED,30.3131,2026-10-01
140242,Edelweiss Greater China Equity Off-shore Fund - Regular Plan - Growth,EDELWEISS_MF,REGULAR,GROWTH,,,,SOURCE_UNAVAILABLE,138200,2026-09-30,AMFI Official Average AUM Disclosure Q2 FY2026-27,VERIFIED,63.094,2026-09-30
148064,Edelweiss US Technology Equity Fund of Fund - Regular Plan - Growth,EDELWEISS_MF,REGULAR,GROWTH,,,,SOURCE_UNAVAILABLE,138200,2026-09-30,AMFI Official Average AUM Disclosure Q2 FY2026-27,VERIFIED,39.9721,2026-10-01
140273,Edelweiss US Value Equity Offshore Fund - Regular Plan - Growth,EDELWEISS_MF,REGULAR,GROWTH,,,,SOURCE_UNAVAILABLE,138200,2026-09-30,AMFI Official Average AUM Disclosure Q2 FY2026-27,VERIFIED,42.8114,2026-10-01
116633,Franklin U. S. Opportunities Equity Active Fund of Funds - Regular Plan - Growth,FRANKLIN_TEMPLE_MF,REGULAR,GROWTH,,,,SOURCE_UNAVAILABLE,98200,2026-09-30,AMFI Official Average AUM Disclosure Q2 FY2026-27,VERIFIED,94.6354,2026-10-01
123651,ICICI Prudential Global Stable Equity Fund (FOF) - Regular Plan - Growth,ICICI_PRUDENTIA_MF,REGULAR,GROWTH,,,,SOURCE_UNAVAILABLE,785230.5,2026-09-30,AMFI Official Average AUM Disclosure Q2 FY2026-27,VERIFIED,32.65,2026-10-01
149456,ICICI Prudential Strategic Metal and Energy Equity Fund of Fund - Regular Plan - Growth,ICICI_PRUDENTIA_MF,REGULAR,GROWTH,,,,SOURCE_UNAVAILABLE,785230.5,2026-09-30,AMFI Official Average AUM Disclosure Q2 FY2026-27,VERIFIED,31.5349,2026-10-01
148661,Kotak US Specific Equity Passive FOF - Regular Plan - Growth,KOTAK_MAHINDRA_MF,REGULAR,GROWTH,,,,SOURCE_UNAVAILABLE,435670,2026-09-30,AMFI Official Average AUM Disclosure Q2 FY2026-27,VERIFIED,28.926,2026-09-28
149228,Mahindra Manulife Asia Pacific REITs FOF - Regular Plan - Growth,MAHINDRA_MANULI_MF,REGULAR,GROWTH,,,,SOURCE_UNAVAILABLE,24600,2026-09-30,AMFI Official Average AUM Disclosure Q2 FY2026-27,VERIFIED,10.2356,2026-10-01
152091,Motilal Oswal Developed Market Ex US ETFs Overseas Equity Passive FOF - Regular Plan - Growth,MOTILAL_OSWAL_MF,REGULAR,GROWTH,,,,SOURCE_UNAVAILABLE,82100,2026-09-30,AMFI Official Average AUM Disclosure Q2 FY2026-27,VERIFIED,18.1426,2026-10-01
138453,PGIM India Emerging Markets Equity Fund of Fund - Regular Plan - Regular Growth,PGIM_INDIA_MF,REGULAR,GROWTH,,,,SOURCE_UNAVAILABLE,27800,2026-09-30,AMFI Official Average AUM Disclosure Q2 FY2026-27,VERIFIED,22.8,2026-10-01
138523,PGIM India Global Equity Opportunities Fund of Fund - Regular Plan - Regular Growth,PGIM_INDIA_MF,REGULAR,GROWTH,,,,SOURCE_UNAVAILABLE,27800,2026-09-30,AMFI Official Average AUM Disclosure Q2 FY2026-27,VERIFIED,49.93,2026-10-01
149299,PGIM India Global Select Real Estate Securities Fund of Fund - Regular Plan - Regular Growth,PGIM_INDIA_MF,REGULAR,GROWTH,,,,SOURCE_UNAVAILABLE,27800,2026-09-30,AMFI Official Average AUM Disclosure Q2 FY2026-27,VERIFIED,12.44,2026-10-01
148762,SBI US Specific Equity Active FoF - Regular Plan - Growth,SBI_MF,REGULAR,GROWTH,,,,SOURCE_UNAVAILABLE,1052450,2026-09-30,AMFI Official Average AUM Disclosure Q2 FY2026-27,VERIFIED,24.2987,2026-10-01
106370,Sundaram Global Brand Theme-Equity Active FOF - Regular Plan - GROWTH,SUNDARAM_MF,REGULAR,GROWTH,,,,SOURCE_UNAVAILABLE,72400,2026-09-30,AMFI Official Average AUM Disclosure Q2 FY2026-27,VERIFIED,42.8623,2026-10-01
153930,Bandhan Gold ETF - Regular Plan - Growth,BANDHAN_MF,REGULAR,GROWTH,,,,SOURCE_UNAVAILABLE,155800,2026-09-30,AMFI Official Average AUM Disclosure Q2 FY2026-27,VERIFIED,146.8962,2026-10-01
113049,HDFC Gold ETF - Growth Option - Regular Plan - Growth,HDFC_MF,REGULAR,GROWTH,,,,SOURCE_UNAVAILABLE,745890.75,2026-09-30,AMFI Official Average AUM Disclosure Q2 FY2026-27,VERIFIED,125.5917,2026-10-01
111954,SBI Gold ETF - Regular Plan - Growth,SBI_MF,REGULAR,GROWTH,,,,SOURCE_UNAVAILABLE,1052450,2026-09-30,AMFI Official Average AUM Disclosure Q2 FY2026-27,VERIFIED,125.3449,2026-10-01
154092,The Wealth Company Gold ETF - Regular Plan - Growth,THE_WEALTH_MF,REGULAR,GROWTH,,,,SOURCE_UNAVAILABLE,1900,2026-09-30,AMFI Official Average AUM Disclosure Q2 FY2026-27,VERIFIED,146.3345,2026-10-01
150703,Aditya Birla Sun Life Crisil IBX 50:50 Gilt Plus SDL Apr 2028 Index Fund - Regular Plan - GROWTH,ADITYA_BIRLA_SU_MF,REGULAR,GROWTH,,,,SOURCE_UNAVAILABLE,362480,2026-09-30,AMFI Official Average AUM Disclosure Q2 FY2026-27,VERIFIED,13.2951,2026-09-26
150351,Aditya Birla Sun Life Crisil IBX 60:40 SDL+AAA PSU-APR 2027 Index Fund - Regular Plan - GROWTH,ADITYA_BIRLA_SU_MF,REGULAR,GROWTH,,,,SOURCE_UNAVAILABLE,362480,2026-09-30,AMFI Official Average AUM Disclosure Q2 FY2026-27,VERIFIED,13.1008,2026-09-26
150777,Aditya Birla Sun Life Crisil IBX Gilt -Apr 2029 Index Fund - Regular Plan - GROWTH,ADITYA_BIRLA_SU_MF,REGULAR,GROWTH,,,,SOURCE_UNAVAILABLE,362480,2026-09-30,AMFI Official Average AUM Disclosure Q2 FY2026-27,VERIFIED,13.3293,2026-09-26
151583,Aditya Birla Sun Life Crisil IBX Gilt Apr 2028 Index Fund - Regular Plan - GROWTH,ADITYA_BIRLA_SU_MF,REGULAR,GROWTH,,,,SOURCE_UNAVAILABLE,362480,2026-09-30,AMFI Official Average AUM Disclosure Q2 FY2026-27,VERIFIED,12.5965,2026-09-26
152268,Aditya Birla Sun Life Crisil IBX Gilt April 2033 Index Fund - Regular Plan - GROWTH,ADITYA_BIRLA_SU_MF,REGULAR,GROWTH,,,,SOURCE_UNAVAILABLE,362480,2026-09-30,AMFI Official Average AUM Disclosure Q2 FY2026-27,VERIFIED,12.0057,2026-10-01
152660,Aditya Birla Sun Life Crisil IBX Gilt June 2027 Index Fund - Regular Plan - GROWTH,ADITYA_BIRLA_SU_MF,REGULAR,GROWTH,,,,SOURCE_UNAVAILABLE,362480,2026-09-30,AMFI Official Average AUM Disclosure Q2 FY2026-27,VERIFIED,11.6403,2026-09-26
151428,Aditya Birla Sun Life CRISIL IBX SDL Jun 2032 Index Fund - Regular Plan - GROWTH,ADITYA_BIRLA_SU_MF,REGULAR,GROWTH,,,,SOURCE_UNAVAILABLE,362480,2026-09-30,AMFI Official Average AUM Disclosure Q2 FY2026-27,VERIFIED,12.8162,2026-09-26
153033,Aditya Birla Sun Life Crisil-IBX AAA Financial Services Index-Sep 2027 Fund - Regular Plan - Growth,ADITYA_BIRLA_SU_MF,REGULAR,GROWTH,,,,SOURCE_UNAVAILABLE,362480,2026-09-30,AMFI Official Average AUM Disclosure Q2 FY2026-27,VERIFIED,11.3918,2026-09-26
152945,Aditya Birla Sun Life Crisil-IBX AAA NBFC-HFC INDEX-Sep 2026 Fund - Regular Plan - Growth,ADITYA_BIRLA_SU_MF,REGULAR,GROWTH,,,,SOURCE_UNAVAILABLE,362480,2026-09-30,AMFI Official Average AUM Disclosure Q2 FY2026-27,VERIFIED,11.4822,2026-09-26
153177,Aditya Birla Sun Life Crisil-IBX Financial Services 3 to 6 months Debt Index Fund - Regular Plan - GROWTH,ADITYA_BIRLA_SU_MF,REGULAR,GROWTH,,,,SOURCE_UNAVAILABLE,362480,2026-09-30,AMFI Official Average AUM Disclosure Q2 FY2026-27,VERIFIED,11.2803,2026-09-26
153445,Aditya Birla Sun Life Crisil-IBX Financial Services 9-12 Months Debt Index Fund - Regular Plan - GROWTH,ADITYA_BIRLA_SU_MF,REGULAR,GROWTH,,,,SOURCE_UNAVAILABLE,362480,2026-09-30,AMFI Official Average AUM Disclosure Q2 FY2026-27,VERIFIED,11.0439,2026-09-26
101314,Aditya Birla Sun Life Nifty 50 Index Fund - Regular Plan - GROWTH,ADITYA_BIRLA_SU_MF,REGULAR,GROWTH,,,,SOURCE_UNAVAILABLE,362480,2026-09-30,AMFI Official Average AUM Disclosure Q2 FY2026-27,VERIFIED,228.4392,2026-10-01
149792,Aditya Birla Sun Life Nifty SDL Apr 2027 Index Fund - Regular Plan - GROWTH,ADITYA_BIRLA_SU_MF,REGULAR,GROWTH,,,,SOURCE_UNAVAILABLE,362480,2026-09-30,AMFI Official Average AUM Disclosure Q2 FY2026-27,VERIFIED,13.1742,2026-09-26
149198,Aditya Birla Sun Life Nifty SDL Plus PSU Bond SEP 2026 60:40 Index Fund - Regular Plan - GROWTH,ADITYA_BIRLA_SU_MF,REGULAR,GROWTH,,,,SOURCE_UNAVAILABLE,362480,2026-09-30,AMFI Official Average AUM Disclosure Q2 FY2026-27,VERIFIED,13.2479,2026-09-26
151560,Aditya Birla Sun Life Nifty SDL SEP 2027 Index Fund - Regular Plan - GROWTH,ADITYA_BIRLA_SU_MF,REGULAR,GROWTH,,,,SOURCE_UNAVAILABLE,362480,2026-09-30,AMFI Official Average AUM Disclosure Q2 FY2026-27,VERIFIED,12.8983,2026-09-26
153530,ANGEL ONE NIFTY 50 INDEX FUND - Regular Plan - Growth,ANGEL_ONE_MF,REGULAR,GROWTH,,,,SOURCE_UNAVAILABLE,1500,2026-09-30,AMFI Official Average AUM Disclosure Q2 FY2026-27,VERIFIED,9.18,2026-10-01
153331,ANGEL ONE NIFTY TOTAL MARKET INDEX FUND - Regular Plan - Growth,ANGEL_ONE_MF,REGULAR,GROWTH,,,,SOURCE_UNAVAILABLE,1500,2026-09-30,AMFI Official Average AUM Disclosure Q2 FY2026-27,VERIFIED,11.066,2026-10-01
153955,ANGEL ONE NIFTY TOTAL MARKET MOMENTUM QUALITY 50 INDEX FUND - Regular Plan - Growth,ANGEL_ONE_MF,REGULAR,GROWTH,,,,SOURCE_UNAVAILABLE,1500,2026-09-30,AMFI Official Average AUM Disclosure Q2 FY2026-27,VERIFIED,9.7723,2026-10-01
151297,Axis CRISIL IBX 50:50 Gilt Plus SDL June 2028 Index Fund - Regular Plan - Growth Option,AXIS_MF,REGULAR,GROWTH,,,,SOURCE_UNAVAILABLE,295420,2026-09-30,AMFI Official Average AUM Disclosure Q2 FY2026-27,VERIFIED,12.8798,2026-09-26
147665,Axis Nifty 100 Index Fund - Regular Plan - Growth Option,AXIS_MF,REGULAR,GROWTH,,,,SOURCE_UNAVAILABLE,295420,2026-09-30,AMFI Official Average AUM Disclosure Q2 FY2026-27,VERIFIED,20.0109,2026-10-01
153508,Bajaj Finserv Nifty 50 Index Fund - Regular Plan - Growth,BAJAJ_FINSERV_MF,REGULAR,GROWTH,,,,SOURCE_UNAVAILABLE,19400,2026-09-30,AMFI Official Average AUM Disclosure Q2 FY2026-27,VERIFIED,9.0787,2026-10-01
153480,Bajaj Finserv Nifty Next 50 Index Fund - Regular Plan - Growth,BAJAJ_FINSERV_MF,REGULAR,GROWTH,,,,SOURCE_UNAVAILABLE,19400,2026-09-30,AMFI Official Average AUM Disclosure Q2 FY2026-27,VERIFIED,10.9001,2026-10-01
152843,Bandhan BSE Healthcare Index Fund - Regular Plan - Growth,BANDHAN_MF,REGULAR,GROWTH,,,,SOURCE_UNAVAILABLE,155800,2026-09-30,AMFI Official Average AUM Disclosure Q2 FY2026-27,VERIFIED,11.3674,2026-09-29
153839,Bandhan BSE India Sector Leaders Index Fund - Regular Plan - Growth,BANDHAN_MF,REGULAR,GROWTH,,,,SOURCE_UNAVAILABLE,155800,2026-09-30,AMFI Official Average AUM Disclosure Q2 FY2026-27,VERIFIED,8.9715,2026-10-01
150873,BANDHAN CRISIL IBX 90:10 SDL PLUS GILT - APRIL 2032 INDEX FUND - Regular Plan - Growth,BANDHAN_MF,REGULAR,GROWTH,,,,SOURCE_UNAVAILABLE,155800,2026-09-30,AMFI Official Average AUM Disclosure Q2 FY2026-27,VERIFIED,13.066,2026-09-26
150869,BANDHAN CRISIL IBX 90:10 SDL PLUS GILT - NOV 2026 INDEX FUND - Regular Plan - Growth,BANDHAN_MF,REGULAR,GROWTH,,,,SOURCE_UNAVAILABLE,155800,2026-09-30,AMFI Official Average AUM Disclosure Q2 FY2026-27,VERIFIED,12.9789,2026-09-26
150890,BANDHAN CRISIL IBX 90:10 SDL PLUS GILT - SEPTEMBER 2027 INDEX FUND - Regular Plan - Growth,BANDHAN_MF,REGULAR,GROWTH,,,,SOURCE_UNAVAILABLE,155800,2026-09-30,AMFI Official Average AUM Disclosure Q2 FY2026-27,VERIFIED,13.0782,2026-09-26
150744,BANDHAN CRISIL IBX GILT APRIL 2026 INDEX FUND - Regular Plan - Growth,BANDHAN_MF,REGULAR,GROWTH,,,,SOURCE_UNAVAILABLE,155800,2026-09-30,AMFI Official Average AUM Disclosure Q2 FY2026-27,VERIFIED,12.65867953,2026-09-26
148790,BANDHAN CRISIL IBX GILT APRIL 2028 INDEX FUND - Regular Plan - Growth,BANDHAN_MF,REGULAR,GROWTH,,,,SOURCE_UNAVAILABLE,155800,2026-09-30,AMFI Official Average AUM Disclosure Q2 FY2026-27,VERIFIED,13.8218,2026-09-26
151409,BANDHAN CRISIL IBX GILT APRIL 2032 INDEX FUND - Regular Plan - Growth,BANDHAN_MF,REGULAR,GROWTH,,,,SOURCE_UNAVAILABLE,155800,2026-09-30,AMFI Official Average AUM Disclosure Q2 FY2026-27,VERIFIED,12.9066,2026-09-26
148786,BANDHAN CRISIL IBX GILT JUNE 2027 INDEX FUND - Regular Plan - Growth,BANDHAN_MF,REGULAR,GROWTH,,,,SOURCE_UNAVAILABLE,155800,2026-09-30,AMFI Official Average AUM Disclosure Q2 FY2026-27,VERIFIED,13.7447,2026-09-26
153391,Bandhan CRISIL-IBX 10:90 Gilt Plus SDL Index - Dec 2029 Fund - Regular Plan - Growth,BANDHAN_MF,REGULAR,GROWTH,,,,SOURCE_UNAVAILABLE,155800,2026-09-30,AMFI Official Average AUM Disclosure Q2 FY2026-27,VERIFIED,10.974,2026-09-26
153408,Bandhan CRISIL-IBX Financial Services 3-6 Months Debt Index Fund - Regular Plan - Growth,BANDHAN_MF,REGULAR,GROWTH,,,,SOURCE_UNAVAILABLE,155800,2026-09-30,AMFI Official Average AUM Disclosure Q2 FY2026-27,VERIFIED,11.0086,2026-09-26
149833,BANDHAN NIFTY 100 INDEX FUND - Regular Plan - Growth,BANDHAN_MF,REGULAR,GROWTH,,,,SOURCE_UNAVAILABLE,155800,2026-09-30,AMFI Official Average AUM Disclosure Q2 FY2026-27,VERIFIED,13.8166,2026-10-01
153113,Bandhan Nifty 200 Quality 30 Index Fund - Regular Plan - Growth,BANDHAN_MF,REGULAR,GROWTH,,,,SOURCE_UNAVAILABLE,155800,2026-09-30,AMFI Official Average AUM Disclosure Q2 FY2026-27,VERIFIED,8.8378,2026-10-01
112877,BANDHAN Nifty 50 Index Fund - Regular Plan - Growth,BANDHAN_MF,REGULAR,GROWTH,,,,SOURCE_UNAVAILABLE,155800,2026-09-30,AMFI Official Average AUM Disclosure Q2 FY2026-27,VERIFIED,48.5034,2026-10-01
153002,Bandhan Nifty 500 Momentum 50 Index Fund - Regular Plan - Growth,BANDHAN_MF,REGULAR,GROWTH,,,,SOURCE_UNAVAILABLE,155800,2026-09-30,AMFI Official Average AUM Disclosure Q2 FY2026-27,VERIFIED,8.6738,2026-10-01
152991,Bandhan Nifty 500 Value 50 Index Fund - Regular Plan - Growth,BANDHAN_MF,REGULAR,GROWTH,,,,SOURCE_UNAVAILABLE,155800,2026-09-30,AMFI Official Average AUM Disclosure Q2 FY2026-27,VERIFIED,10.4783,2026-10-01
152179,Bandhan Nifty Alpha 50 Index Fund - Regular Plan - Growth,BANDHAN_MF,REGULAR,GROWTH,,,,SOURCE_UNAVAILABLE,155800,2026-09-30,AMFI Official Average AUM Disclosure Q2 FY2026-27,VERIFIED,13.7706,2026-10-01
153212,Bandhan Nifty Alpha Low Volatility 30 Index Fund - Regular Plan - Growth,BANDHAN_MF,REGULAR,GROWTH,,,,SOURCE_UNAVAILABLE,155800,2026-09-30,AMFI Official Average AUM Disclosure Q2 FY2026-27,VERIFIED,9.4426,2026-10-01
152792,BANDHAN NIFTY BANK INDEX FUND - Regular Plan - Growth,BANDHAN_MF,REGULAR,GROWTH,,,,SOURCE_UNAVAILABLE,155800,2026-09-30,AMFI Official Average AUM Disclosure Q2 FY2026-27,VERIFIED,10.564,2026-09-29
152043,Bandhan Nifty IT Index Fund - Regular Plan - Growth,BANDHAN_MF,REGULAR,GROWTH,,,,SOURCE_UNAVAILABLE,155800,2026-09-30,AMFI Official Average AUM Disclosure Q2 FY2026-27,VERIFIED,9.4439,2026-10-01
152856,Bandhan Nifty Midcap 150 Index Fund - Regular Plan - Growth,BANDHAN_MF,REGULAR,GROWTH,,,,SOURCE_UNAVAILABLE,155800,2026-09-30,AMFI Official Average AUM Disclosure Q2 FY2026-27,VERIFIED,9.7141,2026-10-01
153349,Bandhan Nifty Next 50 Index Fund - Regular Plan - Growth,BANDHAN_MF,REGULAR,GROWTH,,,,SOURCE_UNAVAILABLE,155800,2026-09-30,AMFI Official Average AUM Disclosure Q2 FY2026-27,VERIFIED,12.0333,2026-10-01
152266,BANDHAN Nifty Smallcap 250 Index Fund - Regular Plan - Growth,BANDHAN_MF,REGULAR,GROWTH,,,,SOURCE_UNAVAILABLE,155800,2026-09-30,AMFI Official Average AUM Disclosure Q2 FY2026-27,VERIFIED,12.5089,2026-10-01
152717,BANDHAN NIFTY TOTAL MARKET INDEX FUND - Regular Plan - Growth,BANDHAN_MF,REGULAR,GROWTH,,,,SOURCE_UNAVAILABLE,155800,2026-09-30,AMFI Official Average AUM Disclosure Q2 FY2026-27,VERIFIED,9.5231,2026-10-01
150633,BANDHAN Nifty100 Low Volatility 30 Index Fund - Regular Plan - Growth,BANDHAN_MF,REGULAR,GROWTH,,,,SOURCE_UNAVAILABLE,155800,2026-09-30,AMFI Official Average AUM Disclosure Q2 FY2026-27,VERIFIED,14.2583,2026-10-01
150592,BANDHAN NIFTY200 MOMENTUM 30 INDEX FUND - Regular Plan - Growth,BANDHAN_MF,REGULAR,GROWTH,,,,SOURCE_UNAVAILABLE,155800,2026-09-30,AMFI Official Average AUM Disclosure Q2 FY2026-27,VERIFIED,14.5545,2026-10-01
152331,Baroda BNP Paribas Nifty 50 Index Fund - Regular Plan - Growth Option,BARODA_BNP_PARI_MF,REGULAR,GROWTH,,,,SOURCE_UNAVAILABLE,42500,2026-09-30,AMFI Official Average AUM Disclosure Q2 FY2026-27,VERIFIED,10.4886,2026-10-01
153001,Baroda BNP Paribas Nifty Midcap 150 Index Fund - Regular Plan - Growth Option,BARODA_BNP_PARI_MF,REGULAR,GROWTH,,,,SOURCE_UNAVAILABLE,42500,2026-09-30,AMFI Official Average AUM Disclosure Q2 FY2026-27,VERIFIED,10.2743,2026-10-01
151279,Baroda BNP Paribas Nifty SDL December 2026 Index Fund - Regular Plan - Growth Option,BARODA_BNP_PARI_MF,REGULAR,GROWTH,,,,SOURCE_UNAVAILABLE,42500,2026-09-30,AMFI Official Average AUM Disclosure Q2 FY2026-27,VERIFIED,12.7406,2026-09-26
152930,Baroda BNP Paribas Nifty200 Momentum 30 Index Fund - Regular Plan - Growth Option,BARODA_BNP_PARI_MF,REGULAR,GROWTH,,,,SOURCE_UNAVAILABLE,42500,2026-09-30,AMFI Official Average AUM Disclosure Q2 FY2026-27,VERIFIED,7.6302,2026-10-01
154302,Choice Nifty 50 Index Fund - Regular Plan - Growth,CHOICE_MF,REGULAR,GROWTH,,,,SOURCE_UNAVAILABLE,650,2026-09-30,AMFI Official Average AUM Disclosure Q2 FY2026-27,VERIFIED,9.6911,2026-10-01
154303,Choice Nifty Next 50 Index Fund - Regular Plan - Growth,CHOICE_MF,REGULAR,GROWTH,,,,SOURCE_UNAVAILABLE,650,2026-09-30,AMFI Official Average AUM Disclosure Q2 FY2026-27,VERIFIED,10.7087,2026-10-01
153216,DSP BSE SENSEX Next 30 Index Fund - Regular Plan - Growth,DSP_MF,REGULAR,GROWTH,,,,SOURCE_UNAVAILABLE,165320,2026-09-30,AMFI Official Average AUM Disclosure Q2 FY2026-27,VERIFIED,11.3545,2026-10-01
151327,DSP CRISIL-IBX 50:50 Gilt Plus SDL - April 2033 Index Fund - Regular Plan - Growth,DSP_MF,REGULAR,GROWTH,,,,SOURCE_UNAVAILABLE,165320,2026-09-30,AMFI Official Average AUM Disclosure Q2 FY2026-27,VERIFIED,12.9078,2026-09-26
141875,DSP Nifty 50 Equal Weight Index Fund - Regular Plan - Growth,DSP_MF,REGULAR,GROWTH,,,,SOURCE_UNAVAILABLE,165320,2026-09-30,AMFI Official Average AUM Disclosure Q2 FY2026-27,VERIFIED,24.469,2026-10-01
146379,DSP Nifty 50 Index Fund - Regular Plan - Growth,DSP_MF,REGULAR,GROWTH,,,,SOURCE_UNAVAILABLE,165320,2026-09-30,AMFI Official Average AUM Disclosure Q2 FY2026-27,VERIFIED,21.8292,2026-10-01
154090,DSP Nifty 500 Index Fund - Regular Plan - Growth,DSP_MF,REGULAR,GROWTH,,,,SOURCE_UNAVAILABLE,165320,2026-09-30,AMFI Official Average AUM Disclosure Q2 FY2026-27,VERIFIED,9.0811,2026-10-01
152653,DSP Nifty Bank Index Fund - Regular Plan - Growth,DSP_MF,REGULAR,GROWTH,,,,SOURCE_UNAVAILABLE,165320,2026-09-30,AMFI Official Average AUM Disclosure Q2 FY2026-27,VERIFIED,11.0989,2026-09-29
153592,DSP Nifty Healthcare Index Fund - Regular Plan - Growth,DSP_MF,REGULAR,GROWTH,,,,SOURCE_UNAVAILABLE,165320,2026-09-30,AMFI Official Average AUM Disclosure Q2 FY2026-27,VERIFIED,11.3872,2026-09-29
153588,DSP Nifty IT Index Fund - Regular Plan - Growth,DSP_MF,REGULAR,GROWTH,,,,SOURCE_UNAVAILABLE,165320,2026-09-30,AMFI Official Average AUM Disclosure Q2 FY2026-27,VERIFIED,7.3683,2026-10-01
154012,DSP Nifty Midcap 150 Index Fund - Regular Plan - Growth,DSP_MF,REGULAR,GROWTH,,,,SOURCE_UNAVAILABLE,165320,2026-09-30,AMFI Official Average AUM Disclosure Q2 FY2026-27,VERIFIED,9.829,2026-10-01
150427,DSP Nifty Midcap 150 Quality 50 Index Fund - Regular Plan - Growth,DSP_MF,REGULAR,GROWTH,,,,SOURCE_UNAVAILABLE,165320,2026-09-30,AMFI Official Average AUM Disclosure Q2 FY2026-27,VERIFIED,13.5308,2026-10-01
146380,DSP Nifty Next 50 Index Fund - Regular Plan - Growth,DSP_MF,REGULAR,GROWTH,,,,SOURCE_UNAVAILABLE,165320,2026-09-30,AMFI Official Average AUM Disclosure Q2 FY2026-27,VERIFIED,26.6818,2026-10-01
153347,DSP Nifty Private Bank Index Fund - Regular Plan - Growth,DSP_MF,REGULAR,GROWTH,,,,SOURCE_UNAVAILABLE,165320,2026-09-30,AMFI Official Average AUM Disclosure Q2 FY2026-27,VERIFIED,10.8796,2026-09-29
149968,DSP Nifty SDL Plus G-Sec Jun 2028 30:70 Index Fund - Regular Plan - Growth,DSP_MF,REGULAR,GROWTH,,,,SOURCE_UNAVAILABLE,165320,2026-09-30,AMFI Official Average AUM Disclosure Q2 FY2026-27,VERIFIED,13.2882,2026-09-26
151370,DSP Nifty SDL Plus G-Sec Sep 2027 50:50 Index Fund - Regular Plan - Growth,DSP_MF,REGULAR,GROWTH,,,,SOURCE_UNAVAILABLE,165320,2026-09-30,AMFI Official Average AUM Disclosure Q2 FY2026-27,VERIFIED,12.9282,2026-09-26
154016,DSP Nifty Smallcap 250 Index Fund - Regular Plan - Growth,DSP_MF,REGULAR,GROWTH,,,,SOURCE_UNAVAILABLE,165320,2026-09-30,AMFI Official Average AUM Disclosure Q2 FY2026-27,VERIFIED,10.7441,2026-10-01
152245,DSP Nifty Smallcap250 Quality 50 Index Fund - Regular Plan - Growth,DSP_MF,REGULAR,GROWTH,,,,SOURCE_UNAVAILABLE,165320,2026-09-30,AMFI Official Average AUM Disclosure Q2 FY2026-27,VERIFIED,10.5478,2026-10-01
152813,DSP Nifty Top 10 Equal Weight Index Fund - Regular Plan - Growth,DSP_MF,REGULAR,GROWTH,,,,SOURCE_UNAVAILABLE,165320,2026-09-30,AMFI Official Average AUM Disclosure Q2 FY2026-27,VERIFIED,8.3417,2026-09-29
153802,DSP Nifty500 Flexicap Quality 30 Index Fund - Regular Plan - Growth,DSP_MF,REGULAR,GROWTH,,,,SOURCE_UNAVAILABLE,165320,2026-09-30,AMFI Official Average AUM Disclosure Q2 FY2026-27,VERIFIED,8.9782,2026-10-01
153495,Edelweiss BSE Internet Economy Index Fund - Regular Plan - Growth,EDELWEISS_MF,REGULAR,GROWTH,,,,SOURCE_UNAVAILABLE,138200,2026-09-30,AMFI Official Average AUM Disclosure Q2 FY2026-27,VERIFIED,10.6661,2026-10-01
150720,Edelweiss CRISIL IBX 50:50 Gilt Plus SDL April 2037 Index Fund - Regular Plan - Growth,EDELWEISS_MF,REGULAR,GROWTH,,,,SOURCE_UNAVAILABLE,138200,2026-09-30,AMFI Official Average AUM Disclosure Q2 FY2026-27,VERIFIED,13.1576,2026-10-01
150771,Edelweiss CRISIL IBX 50:50 Gilt Plus SDL June 2027 Index Fund - Regular Plan - Growth,EDELWEISS_MF,REGULAR,GROWTH,,,,SOURCE_UNAVAILABLE,138200,2026-09-30,AMFI Official Average AUM Disclosure Q2 FY2026-27,VERIFIED,13.1441,2026-09-26
150848,Edelweiss CRISIL IBX 50:50 Gilt Plus SDL Sep 2028 Index Fund - Regular Plan - Growth,EDELWEISS_MF,REGULAR,GROWTH,,,,SOURCE_UNAVAILABLE,138200,2026-09-30,AMFI Official Average AUM Disclosure Q2 FY2026-27,VERIFIED,13.1689,2026-09-26
151398,Edelweiss CRISIL IBX 50:50 Gilt Plus SDL Short Duration Index Fund - Regular Plan - Growth,EDELWEISS_MF,REGULAR,GROWTH,,,,SOURCE_UNAVAILABLE,138200,2026-09-30,AMFI Official Average AUM Disclosure Q2 FY2026-27,VERIFIED,12.675,2026-09-26
153334,Edelweiss CRISIL IBX AAA Bond NBFC HFC Jun 2027 Index Fund - Regular Plan - Growth,EDELWEISS_MF,REGULAR,GROWTH,,,,SOURCE_UNAVAILABLE,138200,2026-09-30,AMFI Official Average AUM Disclosure Q2 FY2026-27,VERIFIED,11.2155,2026-09-26
153130,Edelweiss CRISIL IBX AAA Financial Services Bond - Jan 2028 Index Fund - Regular Plan - Growth,EDELWEISS_MF,REGULAR,GROWTH,,,,SOURCE_UNAVAILABLE,138200,2026-09-30,AMFI Official Average AUM Disclosure Q2 FY2026-27,VERIFIED,11.352,2026-09-26
149949,Edelweiss CRISIL PSU Plus SDL 50:50 Oct 2025 Index Fund - Regular Plan - Growth,EDELWEISS_MF,REGULAR,GROWTH,,,,SOURCE_UNAVAILABLE,138200,2026-09-30,AMFI Official Average AUM Disclosure Q2 FY2026-27,VERIFIED,12.3027,2026-09-26
148557,Edelweiss MSCI India Domestic & World Healthcare 45 Index Fund - Regular Plan - Growth,EDELWEISS_MF,REGULAR,GROWTH,,,,SOURCE_UNAVAILABLE,138200,2026-09-30,AMFI Official Average AUM Disclosure Q2 FY2026-27,VERIFIED,23.3502,2026-10-01
149256,Edelweiss Nifty 100 Quality 30 Index Fund - Regular Plan - Growth,EDELWEISS_MF,REGULAR,GROWTH,,,,SOURCE_UNAVAILABLE,138200,2026-09-30,AMFI Official Average AUM Disclosure Q2 FY2026-27,VERIFIED,13.4108,2026-10-01
149252,Edelweiss Nifty 50 Index Fund - Regular Plan - Growth,EDELWEISS_MF,REGULAR,GROWTH,,,,SOURCE_UNAVAILABLE,138200,2026-09-30,AMFI Official Average AUM Disclosure Q2 FY2026-27,VERIFIED,12.8349,2026-10-01
152617,Edelweiss Nifty Alpha Low Volatility 30 Index Fund - Regular Plan - Growth,EDELWEISS_MF,REGULAR,GROWTH,,,,SOURCE_UNAVAILABLE,138200,2026-09-30,AMFI Official Average AUM Disclosure Q2 FY2026-27,VERIFIED,9.2425,2026-10-01
149341,Edelweiss NIFTY Large Midcap 250 Index Fund - Regular Plan - Growth,EDELWEISS_MF,REGULAR,GROWTH,,,,SOURCE_UNAVAILABLE,138200,2026-09-30,AMFI Official Average AUM Disclosure Q2 FY2026-27,VERIFIED,15.7968,2026-10-01
154312,Edelweiss Nifty LargeMidcap250 Plus 8-13yr G-Sec 70:30 Index Fund - Regular Plan - Growth,EDELWEISS_MF,REGULAR,GROWTH,,,,SOURCE_UNAVAILABLE,138200,2026-09-30,AMFI Official Average AUM Disclosure Q2 FY2026-27,VERIFIED,10.2831,2026-10-01
150900,Edelweiss Nifty Midcap150 Momentum 50 Index Fund - Regular Plan - Growth,EDELWEISS_MF,REGULAR,GROWTH,,,,SOURCE_UNAVAILABLE,138200,2026-09-30,AMFI Official Average AUM Disclosure Q2 FY2026-27,VERIFIED,17.3445,2026-10-01
150897,Edelweiss Nifty Next 50 Index Fund - Regular Plan - Growth,EDELWEISS_MF,REGULAR,GROWTH,,,,SOURCE_UNAVAILABLE,138200,2026-09-30,AMFI Official Average AUM Disclosure Q2 FY2026-27,VERIFIED,15.7114,2026-10-01
148797,Edelweiss Nifty PSU Bond Plus SDL Apr 2026 50:50 Index Fund - Regular Plan - Growth,EDELWEISS_MF,REGULAR,GROWTH,,,,SOURCE_UNAVAILABLE,138200,2026-09-30,AMFI Official Average AUM Disclosure Q2 FY2026-27,VERIFIED,13.5902,2026-09-26
149249,Edelweiss NIFTY PSU Bond Plus SDL Apr 2027 50:50 Index Fund - Regular Plan - Growth,EDELWEISS_MF,REGULAR,GROWTH,,,,SOURCE_UNAVAILABLE,138200,2026-09-30,AMFI Official Average AUM Disclosure Q2 FY2026-27,VERIFIED,13.3148,2026-09-26
150894,Edelweiss Nifty Smallcap 250 Index Fund - Regular Plan - Growth,EDELWEISS_MF,REGULAR,GROWTH,,,,SOURCE_UNAVAILABLE,138200,2026-09-30,AMFI Official Average AUM Disclosure Q2 FY2026-27,VERIFIED,17.8813,2026-10-01
152988,Edelweiss Nifty500 Multicap Momentum Quality 50 Index Fund - Regular Plan - Growth,EDELWEISS_MF,REGULAR,GROWTH,,,,SOURCE_UNAVAILABLE,138200,2026-09-30,AMFI Official Average AUM Disclosure Q2 FY2026-27,VERIFIED,8.6369,2026-10-01
100484,Franklin India NSE Nifty 50 Index Fund - Regular Plan - Growth,FRANKLIN_TEMPLE_MF,REGULAR,GROWTH,,,,SOURCE_UNAVAILABLE,98200,2026-09-30,AMFI Official Average AUM Disclosure Q2 FY2026-27,VERIFIED,181.9525,2026-10-01
151729,HDFC BSE 500 Index Fund - Regular Plan - Growth Option,HDFC_MF,REGULAR,GROWTH,,,,SOURCE_UNAVAILABLE,745890.75,2026-09-30,AMFI Official Average AUM Disclosure Q2 FY2026-27,VERIFIED,14.5138,2026-10-01
153958,HDFC BSE India Sector Leaders Index Fund - Regular Plan - Growth Option,HDFC_MF,REGULAR,GROWTH,,,,SOURCE_UNAVAILABLE,745890.75,2026-09-30,AMFI Official Average AUM Disclosure Q2 FY2026-27,VERIFIED,8.829,2026-10-01
101281,HDFC BSE Sensex Index Fund - Regular Plan - Growth Option,HDFC_MF,REGULAR,GROWTH,,,,SOURCE_UNAVAILABLE,745890.75,2026-09-30,AMFI Official Average AUM Disclosure Q2 FY2026-27,VERIFIED,670.8783,2026-10-01
153518,HDFC CRISIL-IBX Financial Services 3-6 Months Debt Index Fund - Regular Plan - Growth Option,HDFC_MF,REGULAR,GROWTH,,,,SOURCE_UNAVAILABLE,745890.75,2026-09-30,AMFI Official Average AUM Disclosure Q2 FY2026-27,VERIFIED,10.9731,2026-09-26
154309,HDFC CRISIL-IBX Financial Services 9-12 Months Debt Index Fund - Regular Plan - Growth Option,HDFC_MF,REGULAR,GROWTH,,,,SOURCE_UNAVAILABLE,745890.75,2026-09-30,AMFI Official Average AUM Disclosure Q2 FY2026-27,VERIFIED,10.3697,2026-09-26
149871,HDFC NIFTY 100 Equal Weight Index Fund - Regular Plan - Growth Option,HDFC_MF,REGULAR,GROWTH,,,,SOURCE_UNAVAILABLE,745890.75,2026-09-30,AMFI Official Average AUM Disclosure Q2 FY2026-27,VERIFIED,16.1586,2026-10-01
149869,HDFC NIFTY 100 Index Fund - Regular Plan - Growth Option,HDFC_MF,REGULAR,GROWTH,,,,SOURCE_UNAVAILABLE,745890.75,2026-09-30,AMFI Official Average AUM Disclosure Q2 FY2026-27,VERIFIED,13.7378,2026-10-01
101525,HDFC Nifty 50 Index Fund - Regular Plan - Growth Option,HDFC_MF,REGULAR,GROWTH,,,,SOURCE_UNAVAILABLE,745890.75,2026-09-30,AMFI Official Average AUM Disclosure Q2 FY2026-27,VERIFIED,214.2614,2026-10-01
151496,HDFC Nifty G-Sec Apr 2029 Index Fund - Regular Plan - Growth Option,HDFC_MF,REGULAR,GROWTH,,,,SOURCE_UNAVAILABLE,745890.75,2026-09-30,AMFI Official Average AUM Disclosure Q2 FY2026-27,VERIFIED,12.9332,2026-09-26
150844,HDFC Nifty G-Sec Dec 2026 Index Fund - Regular Plan - Growth Option,HDFC_MF,REGULAR,GROWTH,,,,SOURCE_UNAVAILABLE,745890.75,2026-09-30,AMFI Official Average AUM Disclosure Q2 FY2026-27,VERIFIED,13.0001,2026-09-26
150846,HDFC Nifty G-Sec July 2031 Index Fund - Regular Plan - Growth Option,HDFC_MF,REGULAR,GROWTH,,,,SOURCE_UNAVAILABLE,745890.75,2026-09-30,AMFI Official Average AUM Disclosure Q2 FY2026-27,VERIFIED,13.1939,2026-09-26
151180,HDFC Nifty G-Sec Jun 2027 Index Fund - Regular Plan - Growth Option,HDFC_MF,REGULAR,GROWTH,,,,SOURCE_UNAVAILABLE,745890.75,2026-09-30,AMFI Official Average AUM Disclosure Q2 FY2026-27,VERIFIED,12.9637,2026-09-26
151490,HDFC Nifty G-Sec Jun 2036 Index Fund - Regular Plan - Growth Option,HDFC_MF,REGULAR,GROWTH,,,,SOURCE_UNAVAILABLE,745890.75,2026-09-30,AMFI Official Average AUM Disclosure Q2 FY2026-27,VERIFIED,12.9366,2026-09-26
151182,HDFC Nifty G-Sec Sep 2032 Index Fund - Regular Plan - Growth Option,HDFC_MF,REGULAR,GROWTH,,,,SOURCE_UNAVAILABLE,745890.75,2026-09-30,AMFI Official Average AUM Disclosure Q2 FY2026-27,VERIFIED,13.0379,2026-09-26
154180,HDFC Nifty India Consumption Index Fund - Regular Plan - Growth Option,HDFC_MF,REGULAR,GROWTH,,,,SOURCE_UNAVAILABLE,745890.75,2026-09-30,AMFI Official Average AUM Disclosure Q2 FY2026-27,VERIFIED,9.1278,2026-10-01
153096,HDFC Nifty India Digital Index Fund - Regular Plan - Growth Option,HDFC_MF,REGULAR,GROWTH,,,,SOURCE_UNAVAILABLE,745890.75,2026-09-30,AMFI Official Average AUM Disclosure Q2 FY2026-27,VERIFIED,8.0324,2026-09-29
152890,HDFC NIFTY LargeMidcap 250 Index Fund - Regular Plan - Growth Option,HDFC_MF,REGULAR,GROWTH,,,,SOURCE_UNAVAILABLE,745890.75,2026-09-30,AMFI Official Average AUM Disclosure Q2 FY2026-27,VERIFIED,9.4662,2026-10-01
151725,HDFC NIFTY Midcap 150 Index Fund - Regular Plan - Growth Option,HDFC_MF,REGULAR,GROWTH,,,,SOURCE_UNAVAILABLE,745890.75,2026-09-30,AMFI Official Average AUM Disclosure Q2 FY2026-27,VERIFIED,18.1436,2026-10-01
149287,HDFC NIFTY Next 50 index Fund - Regular Plan - Growth Option,HDFC_MF,REGULAR,GROWTH,,,,SOURCE_UNAVAILABLE,745890.75,2026-09-30,AMFI Official Average AUM Disclosure Q2 FY2026-27,VERIFIED,15.994,2026-10-01
152522,HDFC NIFTY Realty Index Fund - Regular Plan - Growth Option,HDFC_MF,REGULAR,GROWTH,,,,SOURCE_UNAVAILABLE,745890.75,2026-09-30,AMFI Official Average AUM Disclosure Q2 FY2026-27,VERIFIED,9.27,2026-10-01
151455,HDFC Nifty SDL Oct 2026 Index Fund - Regular Plan - Growth Option,HDFC_MF,REGULAR,GROWTH,,,,SOURCE_UNAVAILABLE,745890.75,2026-09-30,AMFI Official Average AUM Disclosure Q2 FY2026-27,VERIFIED,12.8238,2026-09-26
151571,HDFC NIFTY SDL Plus G-Sec Jun 2027 40:60 Index Fund - Regular Plan - Growth Option,HDFC_MF,REGULAR,GROWTH,,,,SOURCE_UNAVAILABLE,745890.75,2026-09-30,AMFI Official Average AUM Disclosure Q2 FY2026-27,VERIFIED,12.7552,2026-09-26
151726,HDFC NIFTY Smallcap 250 Index Fund - Regular Plan - Growth Option,HDFC_MF,REGULAR,GROWTH,,,,SOURCE_UNAVAILABLE,745890.75,2026-09-30,AMFI Official Average AUM Disclosure Q2 FY2026-27,VERIFIED,18.7944,2026-10-01
153404,HDFC Nifty Top 20 Equal Weight Index Fund - Regular Plan - Growth Option,HDFC_MF,REGULAR,GROWTH,,,,SOURCE_UNAVAILABLE,745890.75,2026-09-30,AMFI Official Average AUM Disclosure Q2 FY2026-27,VERIFIED,9.3951,2026-10-01
152714,HDFC NIFTY100 Low Volatility 30 Index Fund - Regular Plan - Growth Option,HDFC_MF,REGULAR,GROWTH,,,,SOURCE_UNAVAILABLE,745890.75,2026-09-30,AMFI Official Average AUM Disclosure Q2 FY2026-27,VERIFIED,9.5532,2026-10-01
153265,HDFC Nifty100 Quality 30 Index Fund - Regular Plan - Growth Option,HDFC_MF,REGULAR,GROWTH,,,,SOURCE_UNAVAILABLE,745890.75,2026-09-30,AMFI Official Average AUM Disclosure Q2 FY2026-27,VERIFIED,10.1095,2026-10-01
152429,HDFC NIFTY200 Momentum 30 Index Fund - Regular Plan - Growth Option,HDFC_MF,REGULAR,GROWTH,,,,SOURCE_UNAVAILABLE,745890.75,2026-09-30,AMFI Official Average AUM Disclosure Q2 FY2026-27,VERIFIED,9.6701,2026-10-01
149106,HDFC NIFTY50 Equal Weight Index Fund - Regular Plan - Growth Option,HDFC_MF,REGULAR,GROWTH,,,,SOURCE_UNAVAILABLE,745890.75,2026-09-30,AMFI Official Average AUM Disclosure Q2 FY2026-27,VERIFIED,16.8862,2026-10-01
152779,HDFC NIFTY500 Multicap 50:25:25 Index Fund - Regular Plan - Growth Option,HDFC_MF,REGULAR,GROWTH,,,,SOURCE_UNAVAILABLE,745890.75,2026-09-30,AMFI Official Average AUM Disclosure Q2 FY2026-27,VERIFIED,9.487,2026-10-01
153409,ICICI Prudential CRISIL-IBX Financial Services 3-6 Months Debt Index Fund - Regular Plan - Growth,ICICI_PRUDENTIA_MF,REGULAR,GROWTH,,,,SOURCE_UNAVAILABLE,785230.5,2026-09-30,AMFI Official Average AUM Disclosure Q2 FY2026-27,VERIFIED,11.0866,2026-09-26
149218,ICICI Prudential NASDAQ 100 Index Fund - Regular Plan - Growth,ICICI_PRUDENTIA_MF,REGULAR,GROWTH,,,,SOURCE_UNAVAILABLE,785230.5,2026-09-30,AMFI Official Average AUM Disclosure Q2 FY2026-27,VERIFIED,24.8667,2026-10-01
150454,ICICI Prudential Nifty 200 Momentum 30 Index Fund - Regular Plan - Growth,ICICI_PRUDENTIA_MF,REGULAR,GROWTH,,,,SOURCE_UNAVAILABLE,785230.5,2026-09-30,AMFI Official Average AUM Disclosure Q2 FY2026-27,VERIFIED,15.4968,2026-10-01
153162,ICICI Prudential Nifty 500 Index Fund - Regular Plan - Growth,ICICI_PRUDENTIA_MF,REGULAR,GROWTH,,,,SOURCE_UNAVAILABLE,785230.5,2026-09-30,AMFI Official Average AUM Disclosure Q2 FY2026-27,VERIFIED,9.7736,2026-10-01
150645,ICICI Prudential Nifty Auto Index Fund - Regular Plan - Growth,ICICI_PRUDENTIA_MF,REGULAR,GROWTH,,,,SOURCE_UNAVAILABLE,785230.5,2026-09-30,AMFI Official Average AUM Disclosure Q2 FY2026-27,VERIFIED,20.0856,2026-10-01
149859,ICICI Prudential Nifty Bank Index Fund - Regular Plan - Growth,ICICI_PRUDENTIA_MF,REGULAR,GROWTH,,,,SOURCE_UNAVAILABLE,785230.5,2026-09-30,AMFI Official Average AUM Disclosure Q2 FY2026-27,VERIFIED,15.2654,2026-10-01
150732,ICICI Prudential Nifty G-Sec Dec 2030 Index Fund - Regular Plan - Growth,ICICI_PRUDENTIA_MF,REGULAR,GROWTH,,,,SOURCE_UNAVAILABLE,785230.5,2026-09-30,AMFI Official Average AUM Disclosure Q2 FY2026-27,VERIFIED,13.2857,2026-09-26
150466,ICICI Prudential Nifty IT Index Fund - Regular Plan - Growth,ICICI_PRUDENTIA_MF,REGULAR,GROWTH,,,,SOURCE_UNAVAILABLE,785230.5,2026-09-30,AMFI Official Average AUM Disclosure Q2 FY2026-27,VERIFIED,9.8383,2026-10-01
152481,ICICI Prudential Nifty LargeMidcap 250 Index Fund - Regular Plan - Growth,ICICI_PRUDENTIA_MF,REGULAR,GROWTH,,,,SOURCE_UNAVAILABLE,785230.5,2026-09-30,AMFI Official Average AUM Disclosure Q2 FY2026-27,VERIFIED,11.5809,2026-10-01
149390,ICICI Prudential Nifty Midcap 150 Index Fund - Regular Plan - Growth,ICICI_PRUDENTIA_MF,REGULAR,GROWTH,,,,SOURCE_UNAVAILABLE,785230.5,2026-09-30,AMFI Official Average AUM Disclosure Q2 FY2026-27,VERIFIED,18.7334,2026-10-01
112957,ICICI Prudential Nifty Next 50 Index Fund - Regular Plan - Growth,ICICI_PRUDENTIA_MF,REGULAR,GROWTH,,,,SOURCE_UNAVAILABLE,785230.5,2026-09-30,AMFI Official Average AUM Disclosure Q2 FY2026-27,VERIFIED,60.6291,2026-10-01
150929,ICICI Prudential Nifty Pharma Index Fund - Regular Plan - Growth,ICICI_PRUDENTIA_MF,REGULAR,GROWTH,,,,SOURCE_UNAVAILABLE,785230.5,2026-09-30,AMFI Official Average AUM Disclosure Q2 FY2026-27,VERIFIED,19.8872,2026-10-01
153676,ICICI Prudential Nifty Private Bank Index Fund - Regular Plan - Growth,ICICI_PRUDENTIA_MF,REGULAR,GROWTH,,,,SOURCE_UNAVAILABLE,785230.5,2026-09-30,AMFI Official Average AUM Disclosure Q2 FY2026-27,VERIFIED,9.5343,2026-09-29
149208,ICICI Prudential Nifty PSU Bond Plus SDL Sep 2027 40:60 Index Fund - Regular Plan - Growth,ICICI_PRUDENTIA_MF,REGULAR,GROWTH,,,,SOURCE_UNAVAILABLE,785230.5,2026-09-30,AMFI Official Average AUM Disclosure Q2 FY2026-27,VERIFIED,13.297,2026-09-26
150728,ICICI Prudential Nifty SDL Dec 2028 Index Fund - Regular Plan - Growth,ICICI_PRUDENTIA_MF,REGULAR,GROWTH,,,,SOURCE_UNAVAILABLE,785230.5,2026-09-30,AMFI Official Average AUM Disclosure Q2 FY2026-27,VERIFIED,13.3316,2026-09-26
151208,ICICI Prudential Nifty SDL Sep 2026 Index Fund - Regular Plan - Growth,ICICI_PRUDENTIA_MF,REGULAR,GROWTH,,,,SOURCE_UNAVAILABLE,785230.5,2026-09-30,AMFI Official Average AUM Disclosure Q2 FY2026-27,VERIFIED,12.8506,2026-09-26
149998,ICICI Prudential Nifty SDL Sep 2027 Index Fund - Regular Plan - Growth,ICICI_PRUDENTIA_MF,REGULAR,GROWTH,,,,SOURCE_UNAVAILABLE,785230.5,2026-09-30,AMFI Official Average AUM Disclosure Q2 FY2026-27,VERIFIED,13.2327,2026-09-26
149281,ICICI Prudential Nifty Smallcap 250 Index Fund - Regular Plan - Growth,ICICI_PRUDENTIA_MF,REGULAR,GROWTH,,,,SOURCE_UNAVAILABLE,785230.5,2026-09-30,AMFI Official Average AUM Disclosure Q2 FY2026-27,VERIFIED,17.5034,2026-10-01
153613,ICICI Prudential Nifty Top 15 Equal Weight Index Fund - Regular Plan - Growth,ICICI_PRUDENTIA_MF,REGULAR,GROWTH,,,,SOURCE_UNAVAILABLE,785230.5,2026-09-30,AMFI Official Average AUM Disclosure Q2 FY2026-27,VERIFIED,8.6417,2026-10-01
153544,ICICI Prudential Nifty200 Quality 30 Index Fund - Regular Plan - Growth,ICICI_PRUDENTIA_MF,REGULAR,GROWTH,,,,SOURCE_UNAVAILABLE,785230.5,2026-09-30,AMFI Official Average AUM Disclosure Q2 FY2026-27,VERIFIED,9.0963,2026-10-01
152934,ICICI Prudential Nifty200 Value 30 Index Fund - Regular Plan - Growth,ICICI_PRUDENTIA_MF,REGULAR,GROWTH,,,,SOURCE_UNAVAILABLE,785230.5,2026-09-30,AMFI Official Average AUM Disclosure Q2 FY2026-27,VERIFIED,10.169,2026-10-01
150637,ICICI Prudential Nifty50 Equal Weight Index Fund- - Regular Plan - Growth,ICICI_PRUDENTIA_MF,REGULAR,GROWTH,,,,SOURCE_UNAVAILABLE,785230.5,2026-09-30,AMFI Official Average AUM Disclosure Q2 FY2026-27,VERIFIED,15.569,2026-10-01
152366,ICICI Prudential Nifty50 Value 20 Index Fund - Regular Plan - Growth,ICICI_PRUDENTIA_MF,REGULAR,GROWTH,,,,SOURCE_UNAVAILABLE,785230.5,2026-09-30,AMFI Official Average AUM Disclosure Q2 FY2026-27,VERIFIED,9.4165,2026-09-29
152038,Kotak BSE Housing Index Fund - Regular Plan - Growth Option,KOTAK_MAHINDRA_MF,REGULAR,GROWTH,,,,SOURCE_UNAVAILABLE,435670,2026-09-30,AMFI Official Average AUM Disclosure Q2 FY2026-27,VERIFIED,11.995,2026-10-01
152752,kotak BSE PSU Index Fund - Regular Plan - Growth,KOTAK_MAHINDRA_MF,REGULAR,GROWTH,,,,SOURCE_UNAVAILABLE,435670,2026-09-30,AMFI Official Average AUM Disclosure Q2 FY2026-27,VERIFIED,8.695,2026-10-01
153284,Kotak BSE Sensex Index Fund - Regular Plan - Growth,KOTAK_MAHINDRA_MF,REGULAR,GROWTH,,,,SOURCE_UNAVAILABLE,435670,2026-09-30,AMFI Official Average AUM Disclosure Q2 FY2026-27,VERIFIED,9.585,2026-10-01
153311,Kotak CRISIL- IBX AAA Bond Financial Services Index - Dec 2026 Fund - Regular Plan - Growth,KOTAK_MAHINDRA_MF,REGULAR,GROWTH,,,,SOURCE_UNAVAILABLE,435670,2026-09-30,AMFI Official Average AUM Disclosure Q2 FY2026-27,VERIFIED,11.1922,2026-09-26
152866,Kotak CRISIL-IBX AAA Financial Services Index-Sep 2027 Fund - Regular Plan - GROWTH,KOTAK_MAHINDRA_MF,REGULAR,GROWTH,,,,SOURCE_UNAVAILABLE,435670,2026-09-30,AMFI Official Average AUM Disclosure Q2 FY2026-27,VERIFIED,11.564,2026-09-26
153375,Kotak CRISIL-IBX Financial Services 3-6 Months Debt Index Fund - Regular Plan - Growth,KOTAK_MAHINDRA_MF,REGULAR,GROWTH,,,,SOURCE_UNAVAILABLE,435670,2026-09-30,AMFI Official Average AUM Disclosure Q2 FY2026-27,VERIFIED,11.075,2026-09-26
153877,Kotak CRISIL-IBX Financial Services 9 to 12 Months Debt Index Fund - Regular Plan - Growth,KOTAK_MAHINDRA_MF,REGULAR,GROWTH,,,,SOURCE_UNAVAILABLE,435670,2026-09-30,AMFI Official Average AUM Disclosure Q2 FY2026-27,VERIFIED,10.6112,2026-09-26
153145,Kotak Nifty 100 Equal Weight Index Fund - Regular Plan - Growth,KOTAK_MAHINDRA_MF,REGULAR,GROWTH,,,,SOURCE_UNAVAILABLE,435670,2026-09-30,AMFI Official Average AUM Disclosure Q2 FY2026-27,VERIFIED,10.343,2026-10-01
152664,Kotak NIFTY 100 Low Volatility 30 Index Fund - Regular Plan - Growth,KOTAK_MAHINDRA_MF,REGULAR,GROWTH,,,,SOURCE_UNAVAILABLE,435670,2026-09-30,AMFI Official Average AUM Disclosure Q2 FY2026-27,VERIFIED,9.9318,2026-10-01
151783,Kotak Nifty 200 Momentum 30 Index Fund - Regular Plan - Growth,KOTAK_MAHINDRA_MF,REGULAR,GROWTH,,,,SOURCE_UNAVAILABLE,435670,2026-09-30,AMFI Official Average AUM Disclosure Q2 FY2026-27,VERIFIED,13.743,2026-10-01
153659,KOTAK NIFTY 200 QUALITY 30 INDEX FUND - Regular Plan - GROWTH,KOTAK_MAHINDRA_MF,REGULAR,GROWTH,,,,SOURCE_UNAVAILABLE,435670,2026-09-30,AMFI Official Average AUM Disclosure Q2 FY2026-27,VERIFIED,9.144,2026-10-01
153148,Kotak Nifty 50 Equal Weight Index Fund - Regular Plan - Growth,KOTAK_MAHINDRA_MF,REGULAR,GROWTH,,,,SOURCE_UNAVAILABLE,435670,2026-09-30,AMFI Official Average AUM Disclosure Q2 FY2026-27,VERIFIED,10.352,2026-10-01
148974,Kotak Nifty 50 Index Fund - Regular Plan - Growth,KOTAK_MAHINDRA_MF,REGULAR,GROWTH,,,,SOURCE_UNAVAILABLE,435670,2026-09-30,AMFI Official Average AUM Disclosure Q2 FY2026-27,VERIFIED,14.676,2026-10-01
153683,Kotak Nifty AAA Bond Financial Services Mar 2028 Index Fund - Regular Plan - Growth,KOTAK_MAHINDRA_MF,REGULAR,GROWTH,,,,SOURCE_UNAVAILABLE,435670,2026-09-30,AMFI Official Average AUM Disclosure Q2 FY2026-27,VERIFIED,10.6637,2026-09-26
153784,Kotak Nifty Alpha 50 Index Fund - Regular Plan - Growth,KOTAK_MAHINDRA_MF,REGULAR,GROWTH,,,,SOURCE_UNAVAILABLE,435670,2026-09-30,AMFI Official Average AUM Disclosure Q2 FY2026-27,VERIFIED,10.276,2026-10-01
154389,Kotak Nifty Alpha Low Volatility 30 Index Fund - Regular Plan - Growth,KOTAK_MAHINDRA_MF,REGULAR,GROWTH,,,,SOURCE_UNAVAILABLE,435670,2026-09-30,AMFI Official Average AUM Disclosure Q2 FY2026-27,VERIFIED,9.515,2026-10-01
153351,Kotak Nifty Commodities Index Fund - Regular Plan - Growth,KOTAK_MAHINDRA_MF,REGULAR,GROWTH,,,,SOURCE_UNAVAILABLE,435670,2026-09-30,AMFI Official Average AUM Disclosure Q2 FY2026-27,VERIFIED,11.406,2026-10-01
151909,Kotak Nifty Financial Services Ex-Bank Index Fund - Regular Plan - Growth,KOTAK_MAHINDRA_MF,REGULAR,GROWTH,,,,SOURCE_UNAVAILABLE,435670,2026-09-30,AMFI Official Average AUM Disclosure Q2 FY2026-27,VERIFIED,14.911,2026-10-01
152100,Kotak Nifty G-Sec July 2033 Index Fund - Regular Plan - Growth,KOTAK_MAHINDRA_MF,REGULAR,GROWTH,,,,SOURCE_UNAVAILABLE,435670,2026-09-30,AMFI Official Average AUM Disclosure Q2 FY2026-27,VERIFIED,12.2665,2026-10-01
152872,Kotak Nifty India Tourism Index Fund - Regular Plan - Growth,KOTAK_MAHINDRA_MF,REGULAR,GROWTH,,,,SOURCE_UNAVAILABLE,435670,2026-09-30,AMFI Official Average AUM Disclosure Q2 FY2026-27,VERIFIED,8.068,2026-10-01
153399,Kotak Nifty Midcap 150 Index Fund - Regular Plan - GROWTH,KOTAK_MAHINDRA_MF,REGULAR,GROWTH,,,,SOURCE_UNAVAILABLE,435670,2026-09-30,AMFI Official Average AUM Disclosure Q2 FY2026-27,VERIFIED,11.052,2026-10-01
152918,Kotak Nifty Midcap 150 Momentum 50 Index Fund - Regular Plan - Growth,KOTAK_MAHINDRA_MF,REGULAR,GROWTH,,,,SOURCE_UNAVAILABLE,435670,2026-09-30,AMFI Official Average AUM Disclosure Q2 FY2026-27,VERIFIED,9.003,2026-10-01
152765,Kotak Nifty Midcap 50 Index Fund - Regular Plan - GROWTH,KOTAK_MAHINDRA_MF,REGULAR,GROWTH,,,,SOURCE_UNAVAILABLE,435670,2026-09-30,AMFI Official Average AUM Disclosure Q2 FY2026-27,VERIFIED,10.227,2026-10-01
148743,Kotak Nifty Next 50 Index Fund - Regular Plan - Growth,KOTAK_MAHINDRA_MF,REGULAR,GROWTH,,,,SOURCE_UNAVAILABLE,435670,2026-09-30,AMFI Official Average AUM Disclosure Q2 FY2026-27,VERIFIED,19.6972,2026-10-01
149852,Kotak Nifty SDL Apr 2027 Top 12 Equal Weight Index Fund - Regular Plan - Growth,KOTAK_MAHINDRA_MF,REGULAR,GROWTH,,,,SOURCE_UNAVAILABLE,435670,2026-09-30,AMFI Official Average AUM Disclosure Q2 FY2026-27,VERIFIED,13.181,2026-09-26
149862,Kotak Nifty SDL Apr 2032 Top 12 Equal Weight Index Fund - Regular Plan - Growth,KOTAK_MAHINDRA_MF,REGULAR,GROWTH,,,,SOURCE_UNAVAILABLE,435670,2026-09-30,AMFI Official Average AUM Disclosure Q2 FY2026-27,VERIFIED,13.3195,2026-09-26
151216,Kotak Nifty SDL Jul 2026 Index Fund - Regular Plan - Growth,KOTAK_MAHINDRA_MF,REGULAR,GROWTH,,,,SOURCE_UNAVAILABLE,435670,2026-09-30,AMFI Official Average AUM Disclosure Q2 FY2026-27,VERIFIED,12.71639135,2026-09-26
151417,Kotak Nifty SDL Jul 2033 Index Fund - Regular Plan - Growth,KOTAK_MAHINDRA_MF,REGULAR,GROWTH,,,,SOURCE_UNAVAILABLE,435670,2026-09-30,AMFI Official Average AUM Disclosure Q2 FY2026-27,VERIFIED,12.8337,2026-09-26
150723,Kotak Nifty SDL Plus AAA PSU Bond Jul 2028 60 - 40 Index Fund - Regular Plan - Growth,KOTAK_MAHINDRA_MF,REGULAR,GROWTH,,,,SOURCE_UNAVAILABLE,435670,2026-09-30,AMFI Official Average AUM Disclosure Q2 FY2026-27,VERIFIED,13.199,2026-09-26
153221,Kotak Nifty SmallCap 250 Index Fund - Regular Plan - Growth,KOTAK_MAHINDRA_MF,REGULAR,GROWTH,,,,SOURCE_UNAVAILABLE,435670,2026-09-30,AMFI Official Average AUM Disclosure Q2 FY2026-27,VERIFIED,11.325,2026-10-01
151647,Kotak Nifty Smallcap 50 Index Fund - Regular Plan - Growth,KOTAK_MAHINDRA_MF,REGULAR,GROWTH,,,,SOURCE_UNAVAILABLE,435670,2026-09-30,AMFI Official Average AUM Disclosure Q2 FY2026-27,VERIFIED,21.684,2026-10-01
153463,Kotak Nifty Top 10 Equal Weight Index Fund - Regular Plan - Growth,KOTAK_MAHINDRA_MF,REGULAR,GROWTH,,,,SOURCE_UNAVAILABLE,435670,2026-09-30,AMFI Official Average AUM Disclosure Q2 FY2026-27,VERIFIED,8.483,2026-09-29
154148,Kotak Nifty200 Value 30 Index Fund - Regular Plan - Growth,KOTAK_MAHINDRA_MF,REGULAR,GROWTH,,,,SOURCE_UNAVAILABLE,435670,2026-09-30,AMFI Official Average AUM Disclosure Q2 FY2026-27,VERIFIED,8.968,2026-10-01
154030,Kotak Nifty500 Momentum 50 Index Fund - Regular Plan - Growth,KOTAK_MAHINDRA_MF,REGULAR,GROWTH,,,,SOURCE_UNAVAILABLE,435670,2026-09-30,AMFI Official Average AUM Disclosure Q2 FY2026-27,VERIFIED,9.9,2026-10-01
101199,LIC MF BSE Sensex Index Fund - Regular Plan - Growth,LIC_MF,REGULAR,GROWTH,,,,SOURCE_UNAVAILABLE,34200,2026-09-30,AMFI Official Average AUM Disclosure Q2 FY2026-27,VERIFIED,134.6337,2026-10-01
101201,LIC MF Nifty 50 Index Fund - Regular Plan - Growth,LIC_MF,REGULAR,GROWTH,,,,SOURCE_UNAVAILABLE,34200,2026-09-30,AMFI Official Average AUM Disclosure Q2 FY2026-27,VERIFIED,123.9588,2026-10-01
151935,LIC MF Nifty Next 50 Index Fund - Regular Plan - Growth,LIC_MF,REGULAR,GROWTH,,,,SOURCE_UNAVAILABLE,34200,2026-09-30,AMFI Official Average AUM Disclosure Q2 FY2026-27,VERIFIED,51.3509,2026-10-01
153597,Motilal Oswal BSE 1000 Index Fund - Regular Plan - Growth,MOTILAL_OSWAL_MF,REGULAR,GROWTH,,,,SOURCE_UNAVAILABLE,82100,2026-09-30,AMFI Official Average AUM Disclosure Q2 FY2026-27,VERIFIED,9.4592,2026-10-01
147795,Motilal Oswal Nifty 50 Index Fund - Regular Plan - Growth,MOTILAL_OSWAL_MF,REGULAR,GROWTH,,,,SOURCE_UNAVAILABLE,82100,2026-09-30,AMFI Official Average AUM Disclosure Q2 FY2026-27,VERIFIED,19.0431,2026-10-01
147626,Motilal Oswal Nifty 500 Index Fund - Regular Plan - Growth,MOTILAL_OSWAL_MF,REGULAR,GROWTH,,,,SOURCE_UNAVAILABLE,82100,2026-09-30,AMFI Official Average AUM Disclosure Q2 FY2026-27,VERIFIED,24.3625,2026-10-01
152876,Motilal Oswal Nifty 500 Momentum 50 Index Fund - Regular Plan - Growth,MOTILAL_OSWAL_MF,REGULAR,GROWTH,,,,SOURCE_UNAVAILABLE,82100,2026-09-30,AMFI Official Average AUM Disclosure Q2 FY2026-27,VERIFIED,8.0768,2026-09-29
147619,Motilal Oswal Nifty Bank Index Fund - Regular Plan - Growth,MOTILAL_OSWAL_MF,REGULAR,GROWTH,,,,SOURCE_UNAVAILABLE,82100,2026-09-30,AMFI Official Average AUM Disclosure Q2 FY2026-27,VERIFIED,19.2626,2026-10-01
153137,Motilal Oswal Nifty Capital Market Index Fund - Regular Plan - Growth,MOTILAL_OSWAL_MF,REGULAR,GROWTH,,,,SOURCE_UNAVAILABLE,82100,2026-09-30,AMFI Official Average AUM Disclosure Q2 FY2026-27,VERIFIED,11.8554,2026-10-01
152711,Motilal Oswal Nifty India Defence Index Fund - Regular Plan - Growth,MOTILAL_OSWAL_MF,REGULAR,GROWTH,,,,SOURCE_UNAVAILABLE,82100,2026-09-30,AMFI Official Average AUM Disclosure Q2 FY2026-27,VERIFIED,11.7931,2026-10-01
151815,Motilal Oswal Nifty Microcap 250 Index Fund - Regular Plan - Growth,MOTILAL_OSWAL_MF,REGULAR,GROWTH,,,,SOURCE_UNAVAILABLE,82100,2026-09-30,AMFI Official Average AUM Disclosure Q2 FY2026-27,VERIFIED,18.4682,2026-10-01
147621,Motilal Oswal Nifty Midcap 150 Index Fund - Regular Plan - Growth,MOTILAL_OSWAL_MF,REGULAR,GROWTH,,,,SOURCE_UNAVAILABLE,82100,2026-09-30,AMFI Official Average AUM Disclosure Q2 FY2026-27,VERIFIED,37.3071,2026-10-01
153026,Motilal Oswal Nifty MidSmall Financial Services Index Fund - Regular Plan - Growth,MOTILAL_OSWAL_MF,REGULAR,GROWTH,,,,SOURCE_UNAVAILABLE,82100,2026-09-30,AMFI Official Average AUM Disclosure Q2 FY2026-27,VERIFIED,13.4371,2026-10-01
153022,Motilal Oswal Nifty MidSmall Healthcare Index Fund - Regular Plan - Growth,MOTILAL_OSWAL_MF,REGULAR,GROWTH,,,,SOURCE_UNAVAILABLE,82100,2026-09-30,AMFI Official Average AUM Disclosure Q2 FY2026-27,VERIFIED,12.2039,2026-09-29
153024,Motilal Oswal Nifty MidSmall India Consumption Index Fund - Regular Plan - Growth,MOTILAL_OSWAL_MF,REGULAR,GROWTH,,,,SOURCE_UNAVAILABLE,82100,2026-09-30,AMFI Official Average AUM Disclosure Q2 FY2026-27,VERIFIED,9.1078,2026-10-01
153028,Motilal Oswal Nifty MidSmall IT and Telecom Index Fund - Regular Plan - Growth,MOTILAL_OSWAL_MF,REGULAR,GROWTH,,,,SOURCE_UNAVAILABLE,82100,2026-09-30,AMFI Official Average AUM Disclosure Q2 FY2026-27,VERIFIED,9.1663,2026-10-01
147797,Motilal Oswal Nifty Next 50 Index Fund - Regular Plan - Growth,MOTILAL_OSWAL_MF,REGULAR,GROWTH,,,,SOURCE_UNAVAILABLE,82100,2026-09-30,AMFI Official Average AUM Disclosure Q2 FY2026-27,VERIFIED,23.6788,2026-10-01
147624,Motilal Oswal Nifty Smallcap 250 Index Fund - Regular Plan - GROWTH,MOTILAL_OSWAL_MF,REGULAR,GROWTH,,,,SOURCE_UNAVAILABLE,82100,2026-09-30,AMFI Official Average AUM Disclosure Q2 FY2026-27,VERIFIED,37.5257,2026-10-01
148382,Motilal Oswal S&P 500 Index Fund - Regular Plan - GROWTH,MOTILAL_OSWAL_MF,REGULAR,GROWTH,,,,SOURCE_UNAVAILABLE,82100,2026-09-30,AMFI Official Average AUM Disclosure Q2 FY2026-27,VERIFIED,32.8578,2026-10-01
152061,NAVI BSE SENSEX INDEX FUND - Regular Plan - GROWTH,NAVI_MF,REGULAR,GROWTH,,,,SOURCE_UNAVAILABLE,6500,2026-09-30,AMFI Official Average AUM Disclosure Q2 FY2026-27,VERIFIED,10.9868,2026-10-01
149040,Navi Nifty 50 Index Fund - Regular Plan - Growth,NAVI_MF,REGULAR,GROWTH,,,,SOURCE_UNAVAILABLE,6500,2026-09-30,AMFI Official Average AUM Disclosure Q2 FY2026-27,VERIFIED,14.6586,2026-10-01
152750,Navi Nifty 500 Multicap 50:25:25 Index Fund - Regular Plan - Growth,NAVI_MF,REGULAR,GROWTH,,,,SOURCE_UNAVAILABLE,6500,2026-09-30,AMFI Official Average AUM Disclosure Q2 FY2026-27,VERIFIED,9.5053,2026-10-01
149805,Navi Nifty Bank Index Fund - Regular Plan - Growth,NAVI_MF,REGULAR,GROWTH,,,,SOURCE_UNAVAILABLE,6500,2026-09-30,AMFI Official Average AUM Disclosure Q2 FY2026-27,VERIFIED,13.9349,2026-09-29
150516,Navi Nifty India Manufacturing Index Fund - Regular Plan - Growth,NAVI_MF,REGULAR,GROWTH,,,,SOURCE_UNAVAILABLE,6500,2026-09-30,AMFI Official Average AUM Disclosure Q2 FY2026-27,VERIFIED,17.9409,2026-10-01
154026,Navi Nifty Midsmallcap 400 Index Fund - Regular Plan - Growth,NAVI_MF,REGULAR,GROWTH,,,,SOURCE_UNAVAILABLE,6500,2026-09-30,AMFI Official Average AUM Disclosure Q2 FY2026-27,VERIFIED,10.1612,2026-10-01
149448,Navi Nifty Next 50 Index Fund - Regular Plan - Growth,NAVI_MF,REGULAR,GROWTH,,,,SOURCE_UNAVAILABLE,6500,2026-09-30,AMFI Official Average AUM Disclosure Q2 FY2026-27,VERIFIED,16.0256,2026-10-01
153363,Navi Nifty Smallcap250 Momentum Quality 100 Index Fund - Regular Plan - Growth,NAVI_MF,REGULAR,GROWTH,,,,SOURCE_UNAVAILABLE,6500,2026-09-30,AMFI Official Average AUM Disclosure Q2 FY2026-27,VERIFIED,11.7983,2026-10-01
152536,Navi NiftyIT Index Fund - Regular Plan - Growth,NAVI_MF,REGULAR,GROWTH,,,,SOURCE_UNAVAILABLE,6500,2026-09-30,AMFI Official Average AUM Disclosure Q2 FY2026-27,VERIFIED,8.3026,2026-10-01
153566,Nippon India BSE Sensex Next 30 Index Fund - Regular Plan - Growth Option,NIPPON_INDIA_MF,REGULAR,GROWTH,,,,SOURCE_UNAVAILABLE,525140.2,2026-09-30,AMFI Official Average AUM Disclosure Q2 FY2026-27,VERIFIED,10.2692,2026-10-01
152994,Nippon India CRISIL - IBX AAA Financial Services - Dec 2026 Index Fund - Regular Plan - Growth Option,NIPPON_INDIA_MF,REGULAR,GROWTH,,,,SOURCE_UNAVAILABLE,525140.2,2026-09-30,AMFI Official Average AUM Disclosure Q2 FY2026-27,VERIFIED,11.4602,2026-09-26
152998,Nippon India CRISIL - IBX AAA Financial Services - Jan 2028 Index Fund - Regular Plan - Growth Option,NIPPON_INDIA_MF,REGULAR,GROWTH,,,,SOURCE_UNAVAILABLE,525140.2,2026-09-30,AMFI Official Average AUM Disclosure Q2 FY2026-27,VERIFIED,11.4167,2026-09-26
154274,Nippon India CRISIL-IBX Financial Services 3-6 Months Debt Index Fund - Regular Plan - Growth Option,NIPPON_INDIA_MF,REGULAR,GROWTH,,,,SOURCE_UNAVAILABLE,525140.2,2026-09-30,AMFI Official Average AUM Disclosure Q2 FY2026-27,VERIFIED,10.3985,2026-09-26
154255,Nippon India CRISIL-IBX Financial Services 9-12 Months Debt Index Fund - Regular Plan - Growth Option,NIPPON_INDIA_MF,REGULAR,GROWTH,,,,SOURCE_UNAVAILABLE,525140.2,2026-09-30,AMFI Official Average AUM Disclosure Q2 FY2026-27,VERIFIED,10.3705,2026-09-26
113269,Nippon India Index Fund - BSE Sensex Plan - Regular Plan - Growth Option,NIPPON_INDIA_MF,REGULAR,GROWTH,,,,SOURCE_UNAVAILABLE,525140.2,2026-09-30,AMFI Official Average AUM Disclosure Q2 FY2026-27,VERIFIED,36.8041,2026-10-01
113296,Nippon India Index Fund - Nifty 50 Plan - Regular Plan - Growth Option,NIPPON_INDIA_MF,REGULAR,GROWTH,,,,SOURCE_UNAVAILABLE,525140.2,2026-09-30,AMFI Official Average AUM Disclosure Q2 FY2026-27,VERIFIED,38.3094,2026-10-01
148719,Nippon India Nifty 50 Value 20 Index Fund - Regular Plan - Growth Option,NIPPON_INDIA_MF,REGULAR,GROWTH,,,,SOURCE_UNAVAILABLE,525140.2,2026-09-30,AMFI Official Average AUM Disclosure Q2 FY2026-27,VERIFIED,16.0576,2026-10-01
152840,Nippon India Nifty 500 Equal Weight Index Fund - Regular Plan - Growth Option,NIPPON_INDIA_MF,REGULAR,GROWTH,,,,SOURCE_UNAVAILABLE,525140.2,2026-09-30,AMFI Official Average AUM Disclosure Q2 FY2026-27,VERIFIED,9.2561,2026-10-01
153475,Nippon India Nifty 500 Low Volatility 50 Index Fund - Regular Plan - Growth Option,NIPPON_INDIA_MF,REGULAR,GROWTH,,,,SOURCE_UNAVAILABLE,525140.2,2026-09-30,AMFI Official Average AUM Disclosure Q2 FY2026-27,VERIFIED,9.9712,2026-10-01
152883,Nippon India Nifty 500 Momentum 50 Index Fund - Regular Plan - Growth Option,NIPPON_INDIA_MF,REGULAR,GROWTH,,,,SOURCE_UNAVAILABLE,525140.2,2026-09-30,AMFI Official Average AUM Disclosure Q2 FY2026-27,VERIFIED,8.1737,2026-09-29
153472,Nippon India Nifty 500 Quality 50 Index Fund - Regular Plan - Growth Option,NIPPON_INDIA_MF,REGULAR,GROWTH,,,,SOURCE_UNAVAILABLE,525140.2,2026-09-30,AMFI Official Average AUM Disclosure Q2 FY2026-27,VERIFIED,10.1167,2026-10-01
150011,Nippon India Nifty AAA CPSE Bond Plus SDL - Apr 2027 Maturity 60:40 Index Fund - Regular Plan - Growth Option,NIPPON_INDIA_MF,REGULAR,GROWTH,,,,SOURCE_UNAVAILABLE,525140.2,2026-09-30,AMFI Official Average AUM Disclosure Q2 FY2026-27,VERIFIED,13.0975,2026-09-26
150752,Nippon India Nifty AAA PSU Bond Plus SDL - Sep 2026 Maturity 50:50 Index Fund - Regular Plan - Growth Option,NIPPON_INDIA_MF,REGULAR,GROWTH,,,,SOURCE_UNAVAILABLE,525140.2,2026-09-30,AMFI Official Average AUM Disclosure Q2 FY2026-27,VERIFIED,12.9997,2026-09-26
150490,Nippon India Nifty Alpha Low Volatility 30 Index Fund - Regular Plan - Growth Option,NIPPON_INDIA_MF,REGULAR,GROWTH,,,,SOURCE_UNAVAILABLE,525140.2,2026-09-30,AMFI Official Average AUM Disclosure Q2 FY2026-27,VERIFIED,14.7179,2026-10-01
153066,Nippon India Nifty Auto Index Fund - Regular Plan - Growth Option,NIPPON_INDIA_MF,REGULAR,GROWTH,,,,SOURCE_UNAVAILABLE,525140.2,2026-09-30,AMFI Official Average AUM Disclosure Q2 FY2026-27,VERIFIED,10.7935,2026-10-01
152387,Nippon India Nifty Bank Index Fund - Regular Plan - Growth Option,NIPPON_INDIA_MF,REGULAR,GROWTH,,,,SOURCE_UNAVAILABLE,525140.2,2026-09-30,AMFI Official Average AUM Disclosure Q2 FY2026-27,VERIFIED,11.6229,2026-09-29
150923,Nippon India Nifty G-Sec Jun 2036 Maturity Index Fund - Regular Plan - Growth Option,NIPPON_INDIA_MF,REGULAR,GROWTH,,,,SOURCE_UNAVAILABLE,525140.2,2026-09-30,AMFI Official Average AUM Disclosure Q2 FY2026-27,VERIFIED,13.0259,2026-09-26
151439,Nippon India Nifty G-Sec Oct 2028 Maturity Index Fund - Regular Plan - Growth Option,NIPPON_INDIA_MF,REGULAR,GROWTH,,,,SOURCE_UNAVAILABLE,525140.2,2026-09-30,AMFI Official Average AUM Disclosure Q2 FY2026-27,VERIFIED,12.8882,2026-09-26
150904,Nippon India Nifty G-Sec Sep 2027 Maturity Index Fund - Regular Plan - Growth Option,NIPPON_INDIA_MF,REGULAR,GROWTH,,,,SOURCE_UNAVAILABLE,525140.2,2026-09-30,AMFI Official Average AUM Disclosure Q2 FY2026-27,VERIFIED,12.9034,2026-09-26
153809,Nippon India Nifty India Manufacturing Index Fund - Regular Plan - Growth Option,NIPPON_INDIA_MF,REGULAR,GROWTH,,,,SOURCE_UNAVAILABLE,525140.2,2026-09-30,AMFI Official Average AUM Disclosure Q2 FY2026-27,VERIFIED,10.5543,2026-10-01
152391,Nippon India Nifty IT Index Fund - Regular Plan - Growth Option,NIPPON_INDIA_MF,REGULAR,GROWTH,,,,SOURCE_UNAVAILABLE,525140.2,2026-09-30,AMFI Official Average AUM Disclosure Q2 FY2026-27,VERIFIED,7.6413,2026-10-01
148723,Nippon India Nifty Midcap 150 Index Fund - Regular Plan - Growth Option,NIPPON_INDIA_MF,REGULAR,GROWTH,,,,SOURCE_UNAVAILABLE,525140.2,2026-09-30,AMFI Official Average AUM Disclosure Q2 FY2026-27,VERIFIED,24.3386,2026-10-01
153061,Nippon India Nifty Realty Index Fund - Regular Plan - Growth Option,NIPPON_INDIA_MF,REGULAR,GROWTH,,,,SOURCE_UNAVAILABLE,525140.2,2026-09-30,AMFI Official Average AUM Disclosure Q2 FY2026-27,VERIFIED,7.6658,2026-10-01
150825,Nippon India Nifty SDL Plus G-Sec - Jun 2028 Maturity 70:30 Index Fund - Regular Plan - Growth Option,NIPPON_INDIA_MF,REGULAR,GROWTH,,,,SOURCE_UNAVAILABLE,525140.2,2026-09-30,AMFI Official Average AUM Disclosure Q2 FY2026-27,VERIFIED,13.0672,2026-09-26
151392,Nippon India Nifty SDL Plus G-Sec - Jun 2029 Maturity 70:30 Index Fund - Regular Plan - Growth Option,NIPPON_INDIA_MF,REGULAR,GROWTH,,,,SOURCE_UNAVAILABLE,525140.2,2026-09-30,AMFI Official Average AUM Disclosure Q2 FY2026-27,VERIFIED,12.8992,2026-09-26
148518,Nippon India Nifty Smallcap 250 Index Fund - Regular Plan - Growth Option,NIPPON_INDIA_MF,REGULAR,GROWTH,,,,SOURCE_UNAVAILABLE,525140.2,2026-09-30,AMFI Official Average AUM Disclosure Q2 FY2026-27,VERIFIED,33.5038,2026-10-01
151404,PGIM India CRISIL IBX Gilt Index - Apr 2028 Fund - Regular Plan - Regular Growth,PGIM_INDIA_MF,REGULAR,GROWTH,,,,SOURCE_UNAVAILABLE,27800,2026-09-30,AMFI Official Average AUM Disclosure Q2 FY2026-27,VERIFIED,12.8312,2026-09-26
153434,SBI BSE PSU BANK INDEX FUND - Regular Plan - Growth,SBI_MF,REGULAR,GROWTH,,,,SOURCE_UNAVAILABLE,1052450,2026-09-30,AMFI Official Average AUM Disclosure Q2 FY2026-27,VERIFIED,12.7102,2026-10-01
151765,SBI BSE Sensex Index Fund - Regular Plan - Growth,SBI_MF,REGULAR,GROWTH,,,,SOURCE_UNAVAILABLE,1052450,2026-09-30,AMFI Official Average AUM Disclosure Q2 FY2026-27,VERIFIED,11.7842,2026-10-01
149472,SBI CPSE Bond Plus SDL Sep 2026 50:50 Index Fund - Regular Plan - Growth,SBI_MF,REGULAR,GROWTH,,,,SOURCE_UNAVAILABLE,1052450,2026-09-30,AMFI Official Average AUM Disclosure Q2 FY2026-27,VERIFIED,13.154,2026-09-26
150707,SBI CRISIL IBX Gilt Index - April 2029 Fund - Regular Plan - Growth,SBI_MF,REGULAR,GROWTH,,,,SOURCE_UNAVAILABLE,1052450,2026-09-30,AMFI Official Average AUM Disclosure Q2 FY2026-27,VERIFIED,13.2407,2026-09-26
150683,SBI CRISIL IBX Gilt Index - June 2036 Fund - Regular Plan - Growth,SBI_MF,REGULAR,GROWTH,,,,SOURCE_UNAVAILABLE,1052450,2026-09-30,AMFI Official Average AUM Disclosure Q2 FY2026-27,VERIFIED,13.2797,2026-09-26
150712,SBI CRISIL IBX SDL Index - September 2027 Fund - Regular Plan - Growth,SBI_MF,REGULAR,GROWTH,,,,SOURCE_UNAVAILABLE,1052450,2026-09-30,AMFI Official Average AUM Disclosure Q2 FY2026-27,VERIFIED,13.2238,2026-09-26
154363,SBI CRISIL-IBX 10:90 Gilt + SDL Index - Dec 2029 Index Fund - Regular Plan - Growth,SBI_MF,REGULAR,GROWTH,,,,SOURCE_UNAVAILABLE,1052450,2026-09-30,AMFI Official Average AUM Disclosure Q2 FY2026-27,VERIFIED,10.2452,2026-09-26
154329,SBI CRISIL-IBX Financial Services 3-6 Months Debt Index Fund - Regular Plan - Growth,SBI_MF,REGULAR,GROWTH,,,,SOURCE_UNAVAILABLE,1052450,2026-09-30,AMFI Official Average AUM Disclosure Q2 FY2026-27,VERIFIED,10.2914,2026-09-26
154328,SBI CRISIL-IBX Financial Services 9-12 Months Debt Index Fund - Regular Plan - Growth,SBI_MF,REGULAR,GROWTH,,,,SOURCE_UNAVAILABLE,1052450,2026-09-30,AMFI Official Average AUM Disclosure Q2 FY2026-27,VERIFIED,10.262,2026-09-26
152906,SBI Nifty 500 Index Fund - Regular Plan - Growth,SBI_MF,REGULAR,GROWTH,,,,SOURCE_UNAVAILABLE,1052450,2026-09-30,AMFI Official Average AUM Disclosure Q2 FY2026-27,VERIFIED,9.0313,2026-10-01
153253,SBI Nifty Bank Index Fund - Regular Plan - Growth,SBI_MF,REGULAR,GROWTH,,,,SOURCE_UNAVAILABLE,1052450,2026-09-30,AMFI Official Average AUM Disclosure Q2 FY2026-27,VERIFIED,10.8835,2026-09-29
154362,SBI Nifty G-sec Jul 2031 Index Fund - Regular Plan - Growth,SBI_MF,REGULAR,GROWTH,,,,SOURCE_UNAVAILABLE,1052450,2026-09-30,AMFI Official Average AUM Disclosure Q2 FY2026-27,VERIFIED,10.1998,2026-09-26
102272,SBI NIFTY INDEX FUND - Regular Plan - Growth,SBI_MF,REGULAR,GROWTH,,,,SOURCE_UNAVAILABLE,1052450,2026-09-30,AMFI Official Average AUM Disclosure Q2 FY2026-27,VERIFIED,199.5074,2026-10-01
153012,SBI Nifty India Consumption Index Fund - Regular Plan - Growth,SBI_MF,REGULAR,GROWTH,,,,SOURCE_UNAVAILABLE,1052450,2026-09-30,AMFI Official Average AUM Disclosure Q2 FY2026-27,VERIFIED,9.4018,2026-10-01
153323,SBI Nifty IT Index Fund - Regular Plan - Growth,SBI_MF,REGULAR,GROWTH,,,,SOURCE_UNAVAILABLE,1052450,2026-09-30,AMFI Official Average AUM Disclosure Q2 FY2026-27,VERIFIED,7.1118,2026-10-01
150672,SBI Nifty Midcap 150 Index Fund - Regular Plan - Growth,SBI_MF,REGULAR,GROWTH,,,,SOURCE_UNAVAILABLE,1052450,2026-09-30,AMFI Official Average AUM Disclosure Q2 FY2026-27,VERIFIED,18.4974,2026-10-01
148943,SBI Nifty Next 50 Index Fund - Regular Plan - Growth,SBI_MF,REGULAR,GROWTH,,,,SOURCE_UNAVAILABLE,1052450,2026-09-30,AMFI Official Average AUM Disclosure Q2 FY2026-27,VERIFIED,18.6898,2026-10-01
150676,SBI Nifty Smallcap 250 Index Fund - Regular Plan - Growth,SBI_MF,REGULAR,GROWTH,,,,SOURCE_UNAVAILABLE,1052450,2026-09-30,AMFI Official Average AUM Disclosure Q2 FY2026-27,VERIFIED,18.771,2026-10-01
153716,SBI Nifty100 Low Volatility 30 Index Fund - Regular Plan - Growth,SBI_MF,REGULAR,GROWTH,,,,SOURCE_UNAVAILABLE,1052450,2026-09-30,AMFI Official Average AUM Disclosure Q2 FY2026-27,VERIFIED,9.3926,2026-10-01
153663,SBI Nifty200 Momentum 30 Index Fund - Regular Plan - Growth,SBI_MF,REGULAR,GROWTH,,,,SOURCE_UNAVAILABLE,1052450,2026-09-30,AMFI Official Average AUM Disclosure Q2 FY2026-27,VERIFIED,9.2314,2026-10-01
153554,SBI Nifty200 Quality 30 Index Fund - Regular Plan - Growth,SBI_MF,REGULAR,GROWTH,,,,SOURCE_UNAVAILABLE,1052450,2026-09-30,AMFI Official Average AUM Disclosure Q2 FY2026-27,VERIFIED,9.25,2026-10-01
152372,SBI Nifty50 Equal Weight Index Fund - Regular Plan - Growth,SBI_MF,REGULAR,GROWTH,,,,SOURCE_UNAVAILABLE,1052450,2026-09-30,AMFI Official Average AUM Disclosure Q2 FY2026-27,VERIFIED,11.2646,2026-10-01
149481,Sundaram Nifty 100 Equal Weight Fund (Formerly Known as Principal Nifty 100 Equal Weight Fund) - Regular Plan - GROWTH,SUNDARAM_MF,REGULAR,GROWTH,,,,SOURCE_UNAVAILABLE,72400,2026-09-30,AMFI Official Average AUM Disclosure Q2 FY2026-27,VERIFIED,172.8859,2026-10-01
154064,Tata BSE Multicap Consumption 50:30:20 Index Fund - Regular Plan - Growth Option,TATA_MF,REGULAR,GROWTH,,,,SOURCE_UNAVAILABLE,175400,2026-09-30,AMFI Official Average AUM Disclosure Q2 FY2026-27,VERIFIED,9.0617,2026-10-01
153425,Tata BSE Quality Index Fund - Regular Plan - Growth Option,TATA_MF,REGULAR,GROWTH,,,,SOURCE_UNAVAILABLE,175400,2026-09-30,AMFI Official Average AUM Disclosure Q2 FY2026-27,VERIFIED,10.5333,2026-10-01
153134,Tata BSE Select Business Groups Index Fund - Regular Plan - Growth Option,TATA_MF,REGULAR,GROWTH,,,,SOURCE_UNAVAILABLE,175400,2026-09-30,AMFI Official Average AUM Disclosure Q2 FY2026-27,VERIFIED,9.332,2026-10-01
150694,TATA CRISIL-IBX GILT INDEX - APRIL 2026 INDEX FUND - Regular Plan - GROWTH OPTION,TATA_MF,REGULAR,GROWTH,,,,SOURCE_UNAVAILABLE,175400,2026-09-30,AMFI Official Average AUM Disclosure Q2 FY2026-27,VERIFIED,12.5644,2026-09-26
152560,Tata Nifty Auto Index Fund - Regular Plan - Growth Option,TATA_MF,REGULAR,GROWTH,,,,SOURCE_UNAVAILABLE,175400,2026-09-30,AMFI Official Average AUM Disclosure Q2 FY2026-27,VERIFIED,11.4058,2026-10-01
152954,Tata Nifty Capital Markets Index Fund - Regular Plan - Growth Option,TATA_MF,REGULAR,GROWTH,,,,SOURCE_UNAVAILABLE,175400,2026-09-30,AMFI Official Average AUM Disclosure Q2 FY2026-27,VERIFIED,13.5688,2026-10-01
152574,Tata Nifty Financial Services Index Fund - Regular Plan - Growth Option,TATA_MF,REGULAR,GROWTH,,,,SOURCE_UNAVAILABLE,175400,2026-09-30,AMFI Official Average AUM Disclosure Q2 FY2026-27,VERIFIED,11.4226,2026-09-29
151306,Tata Nifty G-Sec Dec 2026 Index Fund - Regular Plan - Growth Option,TATA_MF,REGULAR,GROWTH,,,,SOURCE_UNAVAILABLE,175400,2026-09-30,AMFI Official Average AUM Disclosure Q2 FY2026-27,VERIFIED,12.7404,2026-09-26
151275,Tata Nifty G-Sec Dec 2029 Index Fund - Regular Plan - Growth Option,TATA_MF,REGULAR,GROWTH,,,,SOURCE_UNAVAILABLE,175400,2026-09-30,AMFI Official Average AUM Disclosure Q2 FY2026-27,VERIFIED,12.9075,2026-09-26
152746,Tata Nifty India Tourism Index Fund - Regular Plan - Growth Option,TATA_MF,REGULAR,GROWTH,,,,SOURCE_UNAVAILABLE,175400,2026-09-30,AMFI Official Average AUM Disclosure Q2 FY2026-27,VERIFIED,8.5508,2026-10-01
153580,Tata Nifty Midcap 150 Index Fund - Regular Plan - Growth Option,TATA_MF,REGULAR,GROWTH,,,,SOURCE_UNAVAILABLE,175400,2026-09-30,AMFI Official Average AUM Disclosure Q2 FY2026-27,VERIFIED,10.1773,2026-10-01
150741,Tata Nifty Midcap 150 Momentum 50 Index Fund - Regular Plan - Growth Option,TATA_MF,REGULAR,GROWTH,,,,SOURCE_UNAVAILABLE,175400,2026-09-30,AMFI Official Average AUM Disclosure Q2 FY2026-27,VERIFIED,17.2287,2026-10-01
152567,Tata Nifty MidSmall Healthcare Index Fund - Regular Plan - Growth Option,TATA_MF,REGULAR,GROWTH,,,,SOURCE_UNAVAILABLE,175400,2026-09-30,AMFI Official Average AUM Disclosure Q2 FY2026-27,VERIFIED,14.7345,2026-09-29
153855,Tata Nifty Next 50 Index Fund - Regular Plan - Growth Option,TATA_MF,REGULAR,GROWTH,,,,SOURCE_UNAVAILABLE,175400,2026-09-30,AMFI Official Average AUM Disclosure Q2 FY2026-27,VERIFIED,10.0935,2026-10-01
152573,Tata Nifty Realty Index Fund - Regular Plan - Growth Option,TATA_MF,REGULAR,GROWTH,,,,SOURCE_UNAVAILABLE,175400,2026-09-30,AMFI Official Average AUM Disclosure Q2 FY2026-27,VERIFIED,8.4427,2026-10-01
150330,Tata Nifty SDL Plus AAA PSU Bond Dec 2027 60 40 Index Fund - Regular Plan - Growth Option,TATA_MF,REGULAR,GROWTH,,,,SOURCE_UNAVAILABLE,175400,2026-09-30,AMFI Official Average AUM Disclosure Q2 FY2026-27,VERIFIED,13.2325,2026-09-26
152834,Tata Nifty200 Alpha 30 Index Fund - Regular Plan - Growth Option,TATA_MF,REGULAR,GROWTH,,,,SOURCE_UNAVAILABLE,175400,2026-09-30,AMFI Official Average AUM Disclosure Q2 FY2026-27,VERIFIED,8.4077,2026-10-01
152590,Tata Nifty500 Multicap India Manufacturing 50:30:20 Index Fund - Regular Plan - Growth Option,TATA_MF,REGULAR,GROWTH,,,,SOURCE_UNAVAILABLE,175400,2026-09-30,AMFI Official Average AUM Disclosure Q2 FY2026-27,VERIFIED,11.521,2026-10-01
152596,Tata Nifty500 Multicap Infrastructure 50:30:20 Index Fund - Regular Plan - Growth Option,TATA_MF,REGULAR,GROWTH,,,,SOURCE_UNAVAILABLE,175400,2026-09-30,AMFI Official Average AUM Disclosure Q2 FY2026-27,VERIFIED,10.2043,2026-10-01
112948,Taurus Nifty 50 Index Fund - Regular Plan - Growth,TAURUS_MF,REGULAR,GROWTH,,,,SOURCE_UNAVAILABLE,820,2026-09-30,AMFI Official Average AUM Disclosure Q2 FY2026-27,VERIFIED,42.6768,2026-10-01
100822,UTI Nifty 50 Index Fund - Regular Plan - Growth,UTI_MF,REGULAR,GROWTH,18420.5,2026-09-30,UTI AMC Monthly Factsheet - September 2026,VERIFIED,312500,2026-09-30,AMFI Official Average AUM Disclosure Q2 FY2026-27,VERIFIED,155.4782,2026-10-01
152638,Bajaj Finserv Nifty 1D Rate Liquid ETF - Regular Plan - Growth,BAJAJ_FINSERV_MF,REGULAR,GROWTH,,,,SOURCE_UNAVAILABLE,19400,2026-09-30,AMFI Official Average AUM Disclosure Q2 FY2026-27,VERIFIED,1101.4827,2026-10-04
139840,BANDHAN BSE Sensex ETF - Regular Plan - Growth,BANDHAN_MF,REGULAR,GROWTH,,,,SOURCE_UNAVAILABLE,155800,2026-09-30,AMFI Official Average AUM Disclosure Q2 FY2026-27,VERIFIED,782.789,2026-10-01
139839,BANDHAN Nifty 50 ETF - Regular Plan - Growth,BANDHAN_MF,REGULAR,GROWTH,,,,SOURCE_UNAVAILABLE,155800,2026-09-30,AMFI Official Average AUM Disclosure Q2 FY2026-27,VERIFIED,248.0673,2026-10-01
153929,Bandhan Silver ETF - Regular Plan - Growth,BANDHAN_MF,REGULAR,GROWTH,,,,SOURCE_UNAVAILABLE,155800,2026-09-30,AMFI Official Average AUM Disclosure Q2 FY2026-27,VERIFIED,220.2686,2026-10-01
152683,Baroda BNP Paribas Nifty Bank ETF - Regular Plan - Growth Option,BARODA_BNP_PARI_MF,REGULAR,GROWTH,,,,SOURCE_UNAVAILABLE,42500,2026-09-30,AMFI Official Average AUM Disclosure Q2 FY2026-27,VERIFIED,54.9528,2026-10-01
153920,Edelweiss Nifty 1D Rate Liquid ETF - Regular Plan - Growth,EDELWEISS_MF,REGULAR,GROWTH,,,,SOURCE_UNAVAILABLE,138200,2026-09-30,AMFI Official Average AUM Disclosure Q2 FY2026-27,VERIFIED,1050.3907,2026-10-04
151376,HDFC BSE 500 ETF - Growth Option - Regular Plan - Growth,HDFC_MF,REGULAR,GROWTH,,,,SOURCE_UNAVAILABLE,745890.75,2026-09-30,AMFI Official Average AUM Disclosure Q2 FY2026-27,VERIFIED,35.1731,2026-10-01
135854,HDFC BSE Sensex ETF - Growth Option - Regular Plan - Growth,HDFC_MF,REGULAR,GROWTH,,,,SOURCE_UNAVAILABLE,745890.75,2026-09-30,AMFI Official Average AUM Disclosure Q2 FY2026-27,VERIFIED,81.6597,2026-10-01
150476,HDFC NIFTY 100 ETF - Growth Option - Regular Plan - Growth,HDFC_MF,REGULAR,GROWTH,,,,SOURCE_UNAVAILABLE,745890.75,2026-09-30,AMFI Official Average AUM Disclosure Q2 FY2026-27,VERIFIED,24.3368,2026-10-01
153403,HDFC NIFTY 1D Rate Liquid ETF - Growth Option - Regular Plan - Growth,HDFC_MF,REGULAR,GROWTH,,,,SOURCE_UNAVAILABLE,745890.75,2026-09-30,AMFI Official Average AUM Disclosure Q2 FY2026-27,VERIFIED,1080.6251,2026-10-04
135853,HDFC NIFTY 50 ETF - Growth Option - Regular Plan - Growth,HDFC_MF,REGULAR,GROWTH,,,,SOURCE_UNAVAILABLE,745890.75,2026-09-30,AMFI Official Average AUM Disclosure Q2 FY2026-27,VERIFIED,252.9587,2026-10-01
148461,HDFC NIFTY BANK ETF - Growth Option - Regular Plan - Growth,HDFC_MF,REGULAR,GROWTH,,,,SOURCE_UNAVAILABLE,745890.75,2026-09-30,AMFI Official Average AUM Disclosure Q2 FY2026-27,VERIFIED,56.1244,2026-10-01
150621,HDFC NIFTY GROWTH SECTORS 15 ETF - Growth Option - Regular Plan - Growth,HDFC_MF,REGULAR,GROWTH,,,,SOURCE_UNAVAILABLE,745890.75,2026-09-30,AMFI Official Average AUM Disclosure Q2 FY2026-27,VERIFIED,109.8589,2026-10-01
150801,HDFC NIFTY IT ETF - Growth Option - Regular Plan - Growth,HDFC_MF,REGULAR,GROWTH,,,,SOURCE_UNAVAILABLE,745890.75,2026-09-30,AMFI Official Average AUM Disclosure Q2 FY2026-27,VERIFIED,30.2612,2026-10-01
151374,HDFC NIFTY Midcap 150 ETF - Growth Option - Regular Plan - Growth,HDFC_MF,REGULAR,GROWTH,,,,SOURCE_UNAVAILABLE,745890.75,2026-09-30,AMFI Official Average AUM Disclosure Q2 FY2026-27,VERIFIED,21.9253,2026-10-01
150477,HDFC NIFTY NEXT 50 ETF - Growth Option - Regular Plan - Growth,HDFC_MF,REGULAR,GROWTH,,,,SOURCE_UNAVAILABLE,745890.75,2026-09-30,AMFI Official Average AUM Disclosure Q2 FY2026-27,VERIFIED,70.5634,2026-10-01
150802,HDFC NIFTY Private Bank ETF - Growth Option - Regular Plan - Growth,HDFC_MF,REGULAR,GROWTH,,,,SOURCE_UNAVAILABLE,745890.75,2026-09-30,AMFI Official Average AUM Disclosure Q2 FY2026-27,VERIFIED,27.2439,2026-09-29
152350,HDFC NIFTY PSU BANK ETF - Growth Option - Regular Plan - Growth,HDFC_MF,REGULAR,GROWTH,,,,SOURCE_UNAVAILABLE,745890.75,2026-09-30,AMFI Official Average AUM Disclosure Q2 FY2026-27,VERIFIED,80.3155,2026-10-01
151375,HDFC NIFTY Smallcap 250 ETF - Growth Option - Regular Plan - Growth,HDFC_MF,REGULAR,GROWTH,,,,SOURCE_UNAVAILABLE,745890.75,2026-09-30,AMFI Official Average AUM Disclosure Q2 FY2026-27,VERIFIED,177.0909,2026-10-01
150658,HDFC NIFTY100 Low Volatility 30 ETF - Growth Option - Regular Plan - Growth,HDFC_MF,REGULAR,GROWTH,,,,SOURCE_UNAVAILABLE,745890.75,2026-09-30,AMFI Official Average AUM Disclosure Q2 FY2026-27,VERIFIED,19.1069,2026-10-01
150620,HDFC NIFTY100 QUALITY 30 ETF - Growth Option - Regular Plan - Growth,HDFC_MF,REGULAR,GROWTH,,,,SOURCE_UNAVAILABLE,745890.75,2026-09-30,AMFI Official Average AUM Disclosure Q2 FY2026-27,VERIFIED,54.7924,2026-10-01
150657,HDFC NIFTY200 MOMENTUM 30 ETF - Growth Option - Regular Plan - Growth,HDFC_MF,REGULAR,GROWTH,,,,SOURCE_UNAVAILABLE,745890.75,2026-09-30,AMFI Official Average AUM Disclosure Q2 FY2026-27,VERIFIED,29.4959,2026-10-01
150619,HDFC NIFTY50 VALUE 20 ETF - Growth Option - Regular Plan - Growth,HDFC_MF,REGULAR,GROWTH,,,,SOURCE_UNAVAILABLE,745890.75,2026-09-30,AMFI Official Average AUM Disclosure Q2 FY2026-27,VERIFIED,117.8058,2026-10-01
150556,HDFC Silver ETF - Growth Option - Regular Plan - Growth,HDFC_MF,REGULAR,GROWTH,,,,SOURCE_UNAVAILABLE,745890.75,2026-09-30,AMFI Official Average AUM Disclosure Q2 FY2026-27,VERIFIED,209.7977,2026-10-01
153378,ICICI Prudential BSE Liquid Rate ETF - Growth - Regular Plan - Growth,ICICI_PRUDENTIA_MF,REGULAR,GROWTH,,,,SOURCE_UNAVAILABLE,785230.5,2026-09-30,AMFI Official Average AUM Disclosure Q2 FY2026-27,VERIFIED,1082.2553,2026-10-04
153796,SBI NIFTY 1D Rate Liquid ETF - Growth - Regular Plan - Growth,SBI_MF,REGULAR,GROWTH,,,,SOURCE_UNAVAILABLE,1052450,2026-09-30,AMFI Official Average AUM Disclosure Q2 FY2026-27,VERIFIED,1058.619,2026-10-04
152725,SBI Silver ETF - Regular Plan - Growth,SBI_MF,REGULAR,GROWTH,,,,SOURCE_UNAVAILABLE,1052450,2026-09-30,AMFI Official Average AUM Disclosure Q2 FY2026-27,VERIFIED,215.1656,2026-10-01
149290,Aditya Birla Sun Life US Equity Passive FOF - Regular Plan - GROWTH,ADITYA_BIRLA_SU_MF,REGULAR,GROWTH,,,,SOURCE_UNAVAILABLE,362480,2026-09-30,AMFI Official Average AUM Disclosure Q2 FY2026-27,VERIFIED,23.5353,2026-10-01
148486,Axis Global Equity Alpha Fund of Fund - Regular Plan - Growth Option,AXIS_MF,REGULAR,GROWTH,,,,SOURCE_UNAVAILABLE,295420,2026-09-30,AMFI Official Average AUM Disclosure Q2 FY2026-27,VERIFIED,25.1503,2026-10-01
148953,Axis Global Innovation Fund of Fund - Regular Plan - Growth Option,AXIS_MF,REGULAR,GROWTH,,,,SOURCE_UNAVAILABLE,295420,2026-09-30,AMFI Official Average AUM Disclosure Q2 FY2026-27,VERIFIED,19.62,2026-10-01
148701,Axis Greater China Equity Fund of Fund - Regular Plan - Growth Option,AXIS_MF,REGULAR,GROWTH,,,,SOURCE_UNAVAILABLE,295420,2026-09-30,AMFI Official Average AUM Disclosure Q2 FY2026-27,VERIFIED,12.02,2026-09-30
150750,Axis NASDAQ 100 US Specific Equity Passive FOF - Regular Plan - Growth Option,AXIS_MF,REGULAR,GROWTH,,,,SOURCE_UNAVAILABLE,295420,2026-09-30,AMFI Official Average AUM Disclosure Q2 FY2026-27,VERIFIED,30.3933,2026-09-28
152239,Axis US Specific Treasury Dynamic Debt Passive FOF - Regular Plan - Growth Option,AXIS_MF,REGULAR,GROWTH,,,,SOURCE_UNAVAILABLE,295420,2026-09-30,AMFI Official Average AUM Disclosure Q2 FY2026-27,VERIFIED,11.8896,2026-09-26
115116,HSBC Brazil Fund - Regular Plan - Growth,HSBC_MF,REGULAR,GROWTH,,,,SOURCE_UNAVAILABLE,115300,2026-09-30,AMFI Official Average AUM Disclosure Q2 FY2026-27,VERIFIED,10.5629,2026-10-01
107988,HSBC Global Emerging Markets Fund - Regular Plan - Growth,HSBC_MF,REGULAR,GROWTH,,,,SOURCE_UNAVAILABLE,115300,2026-09-30,AMFI Official Average AUM Disclosure Q2 FY2026-27,VERIFIED,34.3846,2026-09-28
149960,Invesco India - Invesco EQQQ Nasdaq-100 ETF Fund of Fund - Regular Plan - Growth,INVESCO_MF,REGULAR,GROWTH,,,,SOURCE_UNAVAILABLE,92450,2026-09-30,AMFI Official Average AUM Disclosure Q2 FY2026-27,VERIFIED,27.0396,2026-10-01
148613,Invesco India - Invesco Global Consumer Trends Fund of Fund - Regular Plan - Growth,INVESCO_MF,REGULAR,GROWTH,,,,SOURCE_UNAVAILABLE,92450,2026-09-30,AMFI Official Average AUM Disclosure Q2 FY2026-27,VERIFIED,12.5703,2026-10-01
129187,Invesco India - Invesco Global Equity Income Fund of Fund - Regular Plan - Growth,INVESCO_MF,REGULAR,GROWTH,,,,SOURCE_UNAVAILABLE,92450,2026-09-30,AMFI Official Average AUM Disclosure Q2 FY2026-27,VERIFIED,36.7787,2026-10-01
126351,Invesco India - Invesco Pan European Equity Fund of Fund - Regular Plan - Growth,INVESCO_MF,REGULAR,GROWTH,,,,SOURCE_UNAVAILABLE,92450,2026-09-30,AMFI Official Average AUM Disclosure Q2 FY2026-27,VERIFIED,26.1015,2026-10-01
106441,Kotak Global Emerging Market Overseas Equity Active FOF - Regular Plan - Growth,KOTAK_MAHINDRA_MF,REGULAR,GROWTH,,,,SOURCE_UNAVAILABLE,435670,2026-09-30,AMFI Official Average AUM Disclosure Q2 FY2026-27,VERIFIED,40.032,2026-10-01
149056,Kotak Global Innovation Overseas Equity Active FOF - Regular Plan - Growth,KOTAK_MAHINDRA_MF,REGULAR,GROWTH,,,,SOURCE_UNAVAILABLE,435670,2026-09-30,AMFI Official Average AUM Disclosure Q2 FY2026-27,VERIFIED,15.2352,2026-09-26
148645,Kotak International REIT Overseas Equity Active FOF - Regular Plan - Growth,KOTAK_MAHINDRA_MF,REGULAR,GROWTH,,,,SOURCE_UNAVAILABLE,435670,2026-09-30,AMFI Official Average AUM Disclosure Q2 FY2026-27,VERIFIED,11.1343,2026-09-30
154286,Kotak Quality Overseas Equity Active FOF - Regular Plan - Growth,KOTAK_MAHINDRA_MF,REGULAR,GROWTH,,,,SOURCE_UNAVAILABLE,435670,2026-09-30,AMFI Official Average AUM Disclosure Q2 FY2026-27,VERIFIED,11.464,2026-10-01
150594,Mirae Asset Global Electric & Autonomous Vehicles Equity Passive FOF - Regular Plan - Growth,MIRAE_ASSET_MF,REGULAR,GROWTH,,,,SOURCE_UNAVAILABLE,185600,2026-09-30,AMFI Official Average AUM Disclosure Q2 FY2026-27,VERIFIED,15.349,2026-09-28
150596,Mirae Asset Global X Artificial Intelligence & Technology ETF Fund of Fund - Regular Plan - Growth,MIRAE_ASSET_MF,REGULAR,GROWTH,,,,SOURCE_UNAVAILABLE,185600,2026-09-30,AMFI Official Average AUM Disclosure Q2 FY2026-27,VERIFIED,36.772,2026-10-01
146409,ADITYA BIRLA SUN LIFE BAL BHAVISHYA YOJNA - Regular Plan - GROWTH,ADITYA_BIRLA_SU_MF,REGULAR,GROWTH,,,,SOURCE_UNAVAILABLE,362480,2026-09-30,AMFI Official Average AUM Disclosure Q2 FY2026-27,VERIFIED,19.82,2026-10-01
153170,Baroda BNP Paribas Children's Fund - Regular Plan - Growth Option,BARODA_BNP_PARI_MF,REGULAR,GROWTH,,,,SOURCE_UNAVAILABLE,42500,2026-09-30,AMFI Official Average AUM Disclosure Q2 FY2026-27,VERIFIED,10.5986,2026-10-01
100900,HDFC Children's Fund - Regular Plan - Growth Option,HDFC_MF,REGULAR,GROWTH,,,,SOURCE_UNAVAILABLE,745890.75,2026-09-30,AMFI Official Average AUM Disclosure Q2 FY2026-27,VERIFIED,281.823,2026-10-01
101127,ICICI Prudential Children's Fund - Regular Plan - Growth,ICICI_PRUDENTIA_MF,REGULAR,GROWTH,,,,SOURCE_UNAVAILABLE,785230.5,2026-09-30,AMFI Official Average AUM Disclosure Q2 FY2026-27,VERIFIED,312.9,2026-10-01
101271,LIC MF Children's Fund - Regular Plan - Growth,LIC_MF,REGULAR,GROWTH,,,,SOURCE_UNAVAILABLE,34200,2026-09-30,AMFI Official Average AUM Disclosure Q2 FY2026-27,VERIFIED,33.2467,2026-10-01
148489,SBI Children's Fund - Investment Plan - Regular Plan - Growth,SBI_MF,REGULAR,GROWTH,,,,SOURCE_UNAVAILABLE,1052450,2026-09-30,AMFI Official Average AUM Disclosure Q2 FY2026-27,VERIFIED,49.2819,2026-10-01
101169,SBI CHILDREN'S FUND - SAVINGS PLAN - Regular Plan - Growth,SBI_MF,REGULAR,GROWTH,,,,SOURCE_UNAVAILABLE,1052450,2026-09-30,AMFI Official Average AUM Disclosure Q2 FY2026-27,VERIFIED,119.8814,2026-10-01
101491,Tata Childrens Fund - Regular Plan - Growth Option,TATA_MF,REGULAR,GROWTH,,,,SOURCE_UNAVAILABLE,175400,2026-09-30,AMFI Official Average AUM Disclosure Q2 FY2026-27,VERIFIED,52.6478,2026-10-01
152217,Union Children's Fund - Regular Plan - Growth Option,UNION_MF,REGULAR,GROWTH,,,,SOURCE_UNAVAILABLE,16800,2026-09-30,AMFI Official Average AUM Disclosure Q2 FY2026-27,VERIFIED,12.21,2026-10-01
102267,UTI Children's Equity Fund - Regular Plan - Growth,UTI_MF,REGULAR,GROWTH,,,,SOURCE_UNAVAILABLE,312500,2026-09-30,AMFI Official Average AUM Disclosure Q2 FY2026-27,VERIFIED,75.9183,2026-10-01
100678,UTI Children's Hybrid Fund - Regular Plan - Growth,UTI_MF,REGULAR,GROWTH,,,,SOURCE_UNAVAILABLE,312500,2026-09-30,AMFI Official Average AUM Disclosure Q2 FY2026-27,VERIFIED,39.4395,2026-10-01
146577,Aditya Birla Sun Life Retirement Fund-The 30s Plan - Regular Plan - GROWTH,ADITYA_BIRLA_SU_MF,REGULAR,GROWTH,,,,SOURCE_UNAVAILABLE,362480,2026-09-30,AMFI Official Average AUM Disclosure Q2 FY2026-27,VERIFIED,21.835,2026-10-01
146929,Aditya Birla Sun Life Retirement Fund-The 40s Plan - Regular Plan - GROWTH,ADITYA_BIRLA_SU_MF,REGULAR,GROWTH,,,,SOURCE_UNAVAILABLE,362480,2026-09-30,AMFI Official Average AUM Disclosure Q2 FY2026-27,VERIFIED,18.564,2026-10-01
146938,Aditya Birla Sun Life Retirement Fund-The 50s Plan - Regular Plan - GROWTH,ADITYA_BIRLA_SU_MF,REGULAR,GROWTH,,,,SOURCE_UNAVAILABLE,362480,2026-09-30,AMFI Official Average AUM Disclosure Q2 FY2026-27,VERIFIED,14.9467,2026-09-29
146941,Aditya Birla Sun Life Retirement Fund-The 50s Plus-Debt Plan - Regular Plan - GROWTH,ADITYA_BIRLA_SU_MF,REGULAR,GROWTH,,,,SOURCE_UNAVAILABLE,362480,2026-09-30,AMFI Official Average AUM Disclosure Q2 FY2026-27,VERIFIED,13.586,2026-09-26
152103,BANDHAN RETIREMENT FUND - Regular Plan - Growth,BANDHAN_MF,REGULAR,GROWTH,,,,SOURCE_UNAVAILABLE,155800,2026-09-30,AMFI Official Average AUM Disclosure Q2 FY2026-27,VERIFIED,12.071,2026-10-01
100536,Franklin India Retirement Fund - Regular Plan - Growth,FRANKLIN_TEMPLE_MF,REGULAR,GROWTH,,,,SOURCE_UNAVAILABLE,98200,2026-09-30,AMFI Official Average AUM Disclosure Q2 FY2026-27,VERIFIED,214.0576,2026-10-01
146722,ICICI Prudential Retirement Fund Hybrid Aggressive Plan - Regular Plan - Growth,ICICI_PRUDENTIA_MF,REGULAR,GROWTH,,,,SOURCE_UNAVAILABLE,785230.5,2026-09-30,AMFI Official Average AUM Disclosure Q2 FY2026-27,VERIFIED,26.84,2026-10-01
146717,ICICI Prudential Retirement Fund Hybrid Conservative Plan - Regular Plan - Growth,ICICI_PRUDENTIA_MF,REGULAR,GROWTH,,,,SOURCE_UNAVAILABLE,785230.5,2026-09-30,AMFI Official Average AUM Disclosure Q2 FY2026-27,VERIFIED,18.0124,2026-10-01
146726,ICICI Prudential Retirement Fund Pure Debt Plan - Regular Plan - Growth,ICICI_PRUDENTIA_MF,REGULAR,GROWTH,,,,SOURCE_UNAVAILABLE,785230.5,2026-09-30,AMFI Official Average AUM Disclosure Q2 FY2026-27,VERIFIED,15.6682,2026-09-26
146346,ICICI Prudential Retirement Fund Pure Equity Plan - Regular Plan - Growth,ICICI_PRUDENTIA_MF,REGULAR,GROWTH,,,,SOURCE_UNAVAILABLE,785230.5,2026-09-30,AMFI Official Average AUM Disclosure Q2 FY2026-27,VERIFIED,33.43,2026-10-01
133572,Nippon India Retirement Fund- Income Generation Scheme - Regular Plan - Growth Option,NIPPON_INDIA_MF,REGULAR,GROWTH,,,,SOURCE_UNAVAILABLE,525140.2,2026-09-30,AMFI Official Average AUM Disclosure Q2 FY2026-27,VERIFIED,19.861,2026-09-29
133565,Nippon India Retirement Fund- Wealth Creation Scheme - Regular Plan - Growth Option,NIPPON_INDIA_MF,REGULAR,GROWTH,,,,SOURCE_UNAVAILABLE,525140.2,2026-09-30,AMFI Official Average AUM Disclosure Q2 FY2026-27,VERIFIED,27.0916,2026-10-01
152538,PGIM India Retirement Fund - Regular Plan - Regular Growth,PGIM_INDIA_MF,REGULAR,GROWTH,,,,SOURCE_UNAVAILABLE,27800,2026-09-30,AMFI Official Average AUM Disclosure Q2 FY2026-27,VERIFIED,11.78,2026-10-01
148695,SBI Retirement Benefit Fund - Aggressive Hybrid Plan - Regular Plan - Growth,SBI_MF,REGULAR,GROWTH,,,,SOURCE_UNAVAILABLE,1052450,2026-09-30,AMFI Official Average AUM Disclosure Q2 FY2026-27,VERIFIED,18.9315,2026-10-01
148698,SBI Retirement Benefit Fund - Aggressive Plan - Regular Plan - Growth,SBI_MF,REGULAR,GROWTH,,,,SOURCE_UNAVAILABLE,1052450,2026-09-30,AMFI Official Average AUM Disclosure Q2 FY2026-27,VERIFIED,19.4434,2026-10-01
148692,SBI Retirement Benefit Fund - Conservative Hybrid Plan - Regular Plan - Growth,SBI_MF,REGULAR,GROWTH,,,,SOURCE_UNAVAILABLE,1052450,2026-09-30,AMFI Official Average AUM Disclosure Q2 FY2026-27,VERIFIED,15.6272,2026-09-29
148696,SBI Retirement Benefit Fund - Conservative Plan - Regular Plan - Growth,SBI_MF,REGULAR,GROWTH,,,,SOURCE_UNAVAILABLE,1052450,2026-09-30,AMFI Official Average AUM Disclosure Q2 FY2026-27,VERIFIED,14.5228,2026-09-29
115944,Tata Retirement Savings Fund-Conservative Plan - Regular Plan - Growth Option,TATA_MF,REGULAR,GROWTH,,,,SOURCE_UNAVAILABLE,175400,2026-09-30,AMFI Official Average AUM Disclosure Q2 FY2026-27,VERIFIED,32.1215,2026-10-01
115943,Tata Retirement Savings Fund-Moderate Plan - Regular Plan - Growth Option,TATA_MF,REGULAR,GROWTH,,,,SOURCE_UNAVAILABLE,175400,2026-09-30,AMFI Official Average AUM Disclosure Q2 FY2026-27,VERIFIED,64.3994,2026-10-01
115942,Tata Retirement Savings Fund-Progressive Plan - Regular Plan - Growth Option,TATA_MF,REGULAR,GROWTH,,,,SOURCE_UNAVAILABLE,175400,2026-09-30,AMFI Official Average AUM Disclosure Q2 FY2026-27,VERIFIED,64.6999,2026-10-01
150552,Union Retirement Fund - Regular Plan - Growth Option,UNION_MF,REGULAR,GROWTH,,,,SOURCE_UNAVAILABLE,16800,2026-09-30,AMFI Official Average AUM Disclosure Q2 FY2026-27,VERIFIED,15.68,2026-10-01
100682,UTI Retirement Fund - Regular Plan - Growth,UTI_MF,REGULAR,GROWTH,,,,SOURCE_UNAVAILABLE,312500,2026-09-30,AMFI Official Average AUM Disclosure Q2 FY2026-27,VERIFIED,49.3228,2026-10-01
147823,Axis Retirement Fund - Aggressive Plan - Regular Plan - Growth Option,AXIS_MF,REGULAR,GROWTH,,,,SOURCE_UNAVAILABLE,295420,2026-09-30,AMFI Official Average AUM Disclosure Q2 FY2026-27,VERIFIED,17.58,2026-10-01
147832,Axis Retirement Fund - Conservative Plan - Regular Plan - Growth Option,AXIS_MF,REGULAR,GROWTH,,,,SOURCE_UNAVAILABLE,295420,2026-09-30,AMFI Official Average AUM Disclosure Q2 FY2026-27,VERIFIED,15.4992,2026-09-29
147828,Axis Retirement Fund - Dynamic Plan - Regular Plan - Growth Option,AXIS_MF,REGULAR,GROWTH,,,,SOURCE_UNAVAILABLE,295420,2026-09-30,AMFI Official Average AUM Disclosure Q2 FY2026-27,VERIFIED,18.75,2026-10-01
152625,Baroda BNP Paribas Retirement Fund - Regular Plan - Growth Option,BARODA_BNP_PARI_MF,REGULAR,GROWTH,,,,SOURCE_UNAVAILABLE,42500,2026-09-30,AMFI Official Average AUM Disclosure Q2 FY2026-27,VERIFIED,11.17,2026-10-01
136090,HDFC Retirement Fund - Equity Plan - Regular Plan - Growth Option,HDFC_MF,REGULAR,GROWTH,,,,SOURCE_UNAVAILABLE,745890.75,2026-09-30,AMFI Official Average AUM Disclosure Q2 FY2026-27,VERIFIED,46.185,2026-10-01
136466,HDFC Retirement Fund - Hybrid-Debt Plan - Regular Plan - Growth Option,HDFC_MF,REGULAR,GROWTH,,,,SOURCE_UNAVAILABLE,745890.75,2026-09-30,AMFI Official Average AUM Disclosure Q2 FY2026-27,VERIFIED,21.3918,2026-10-01
136463,HDFC Retirement Fund - Hybrid-Equity Plan - Regular Plan - Growth Option,HDFC_MF,REGULAR,GROWTH,,,,SOURCE_UNAVAILABLE,745890.75,2026-09-30,AMFI Official Average AUM Disclosure Q2 FY2026-27,VERIFIED,35.569,2026-10-01
105689,Nippon India Interval Fund-Quarterly Interval Fund Serie-II - Regular Plan - Growth Option,NIPPON_INDIA_MF,REGULAR,GROWTH,,,,SOURCE_UNAVAILABLE,525140.2,2026-09-30,AMFI Official Average AUM Disclosure Q2 FY2026-27,VERIFIED,38.6206,2026-09-26
141952,BANK OF INDIA MID CAP TAX FUND SERIES 1 - Regular Plan - Growth,BANK_OF_INDIA_MF,REGULAR,GROWTH,,,,SOURCE_UNAVAILABLE,11200,2026-09-30,AMFI Official Average AUM Disclosure Q2 FY2026-27,VERIFIED,29.33,2026-10-01
144314,BANK OF INDIA MID CAP TAX FUND Series 2 - Regular Plan - Growth,BANK_OF_INDIA_MF,REGULAR,GROWTH,,,,SOURCE_UNAVAILABLE,11200,2026-09-30,AMFI Official Average AUM Disclosure Q2 FY2026-27,VERIFIED,33.88,2026-10-01
140488,SBI Long Term Advantage Fund - Series IV - Regular Plan - Growth,SBI_MF,REGULAR,GROWTH,,,,SOURCE_UNAVAILABLE,1052450,2026-09-30,AMFI Official Average AUM Disclosure Q2 FY2026-27,VERIFIED,43.6299,2026-10-01
142139,SBI Long Term Advantage Fund - Series V - Regular Plan - Growth,SBI_MF,REGULAR,GROWTH,,,,SOURCE_UNAVAILABLE,1052450,2026-09-30,AMFI Official Average AUM Disclosure Q2 FY2026-27,VERIFIED,31.0814,2026-10-01
143176,SBI Long Term Advantage Fund - Series VI - Regular Plan - Growth,SBI_MF,REGULAR,GROWTH,,,,SOURCE_UNAVAILABLE,1052450,2026-09-30,AMFI Official Average AUM Disclosure Q2 FY2026-27,VERIFIED,29.4744,2026-10-01
130003,ICICI Prudential Growth Fund - Series 1 - Regular Plan - Growth,ICICI_PRUDENTIA_MF,REGULAR,GROWTH,,,,SOURCE_UNAVAILABLE,785230.5,2026-09-30,AMFI Official Average AUM Disclosure Q2 FY2026-27,VERIFIED,14.47,2026-09-26
130004,ICICI Prudential Growth Fund - Series 1 - Regular Plan - Growth,ICICI_PRUDENTIA_MF,REGULAR,GROWTH,,,,SOURCE_UNAVAILABLE,785230.5,2026-09-30,AMFI Official Average AUM Disclosure Q2 FY2026-27,VERIFIED,13.23,2026-09-26
130593,ICICI Prudential Growth Fund - Series 2 - Regular Plan - Growth,ICICI_PRUDENTIA_MF,REGULAR,GROWTH,,,,SOURCE_UNAVAILABLE,785230.5,2026-09-30,AMFI Official Average AUM Disclosure Q2 FY2026-27,VERIFIED,16.02,2026-09-26
130594,ICICI Prudential Growth Fund - Series 2 - Regular Plan - Growth,ICICI_PRUDENTIA_MF,REGULAR,GROWTH,,,,SOURCE_UNAVAILABLE,785230.5,2026-09-30,AMFI Official Average AUM Disclosure Q2 FY2026-27,VERIFIED,14.68,2026-09-26
131317,ICICI Prudential Growth Fund - Series 3 - Regular Plan - Growth,ICICI_PRUDENTIA_MF,REGULAR,GROWTH,,,,SOURCE_UNAVAILABLE,785230.5,2026-09-30,AMFI Official Average AUM Disclosure Q2 FY2026-27,VERIFIED,13.67,2026-09-26
131318,ICICI Prudential Growth Fund - Series 3 - Regular Plan - Growth,ICICI_PRUDENTIA_MF,REGULAR,GROWTH,,,,SOURCE_UNAVAILABLE,785230.5,2026-09-30,AMFI Official Average AUM Disclosure Q2 FY2026-27,VERIFIED,12.5,2026-09-26
131545,ICICI Prudential Growth Fund - Series 4 - Regular Plan - Growth,ICICI_PRUDENTIA_MF,REGULAR,GROWTH,,,,SOURCE_UNAVAILABLE,785230.5,2026-09-30,AMFI Official Average AUM Disclosure Q2 FY2026-27,VERIFIED,11.62,2026-09-26
131546,ICICI Prudential Growth Fund - Series 4 - Regular Plan - Growth,ICICI_PRUDENTIA_MF,REGULAR,GROWTH,,,,SOURCE_UNAVAILABLE,785230.5,2026-09-30,AMFI Official Average AUM Disclosure Q2 FY2026-27,VERIFIED,10.89,2026-09-26
133128,ICICI Prudential Growth Fund - Series 5 - Regular Plan - Growth,ICICI_PRUDENTIA_MF,REGULAR,GROWTH,,,,SOURCE_UNAVAILABLE,785230.5,2026-09-30,AMFI Official Average AUM Disclosure Q2 FY2026-27,VERIFIED,11.11,2026-09-26
133129,ICICI Prudential Growth Fund - Series 5 - Regular Plan - Growth,ICICI_PRUDENTIA_MF,REGULAR,GROWTH,,,,SOURCE_UNAVAILABLE,785230.5,2026-09-30,AMFI Official Average AUM Disclosure Q2 FY2026-27,VERIFIED,10.47,2026-09-26
133274,ICICI Prudential Growth Fund - Series 6 - Regular Plan - Growth,ICICI_PRUDENTIA_MF,REGULAR,GROWTH,,,,SOURCE_UNAVAILABLE,785230.5,2026-09-30,AMFI Official Average AUM Disclosure Q2 FY2026-27,VERIFIED,10.29,2026-09-26
133275,ICICI Prudential Growth Fund - Series 6 - Regular Plan - Growth,ICICI_PRUDENTIA_MF,REGULAR,GROWTH,,,,SOURCE_UNAVAILABLE,785230.5,2026-09-30,AMFI Official Average AUM Disclosure Q2 FY2026-27,VERIFIED,10.97,2026-09-26
133425,ICICI Prudential Growth Fund - Series 7 - Regular Plan - Growth,ICICI_PRUDENTIA_MF,REGULAR,GROWTH,,,,SOURCE_UNAVAILABLE,785230.5,2026-09-30,AMFI Official Average AUM Disclosure Q2 FY2026-27,VERIFIED,9.98,2026-09-26
133426,ICICI Prudential Growth Fund - Series 7 - Regular Plan - Growth,ICICI_PRUDENTIA_MF,REGULAR,GROWTH,,,,SOURCE_UNAVAILABLE,785230.5,2026-09-30,AMFI Official Average AUM Disclosure Q2 FY2026-27,VERIFIED,10.54,2026-09-26
133468,ICICI Prudential Growth Fund - Series 8 - Regular Plan - Growth,ICICI_PRUDENTIA_MF,REGULAR,GROWTH,,,,SOURCE_UNAVAILABLE,785230.5,2026-09-30,AMFI Official Average AUM Disclosure Q2 FY2026-27,VERIFIED,10.71,2026-09-26
133467,ICICI Prudential Growth Fund - Series 8 - Regular Plan - Growth,ICICI_PRUDENTIA_MF,REGULAR,GROWTH,,,,SOURCE_UNAVAILABLE,785230.5,2026-09-30,AMFI Official Average AUM Disclosure Q2 FY2026-27,VERIFIED,10.82,2026-09-26
134568,Kotak India Growth Fund - Series I - Regular Plan - Growth,KOTAK_MAHINDRA_MF,REGULAR,GROWTH,,,,SOURCE_UNAVAILABLE,435670,2026-09-30,AMFI Official Average AUM Disclosure Q2 FY2026-27,VERIFIED,11.21277657,2026-09-26
134567,Kotak India Growth Fund - Series I - Regular Plan - Growth,KOTAK_MAHINDRA_MF,REGULAR,GROWTH,,,,SOURCE_UNAVAILABLE,435670,2026-09-30,AMFI Official Average AUM Disclosure Q2 FY2026-27,VERIFIED,13.27862178,2026-09-26
134566,Kotak India Growth Fund - Series I - Regular Plan - Growth,KOTAK_MAHINDRA_MF,REGULAR,GROWTH,,,,SOURCE_UNAVAILABLE,435670,2026-09-30,AMFI Official Average AUM Disclosure Q2 FY2026-27,VERIFIED,11.00627096,2026-09-26
134565,Kotak India Growth Fund - Series I - Regular Plan - Growth,KOTAK_MAHINDRA_MF,REGULAR,GROWTH,,,,SOURCE_UNAVAILABLE,435670,2026-09-30,AMFI Official Average AUM Disclosure Q2 FY2026-27,VERIFIED,13.07073144,2026-09-26
142417,Kotak India Growth Fund Series 4 - Regular Plan - Growth,KOTAK_MAHINDRA_MF,REGULAR,GROWTH,,,,SOURCE_UNAVAILABLE,435670,2026-09-30,AMFI Official Average AUM Disclosure Q2 FY2026-27,VERIFIED,29.1871004,2026-09-26
142418,Kotak India Growth Fund Series 4 - Regular Plan - Growth,KOTAK_MAHINDRA_MF,REGULAR,GROWTH,,,,SOURCE_UNAVAILABLE,435670,2026-09-30,AMFI Official Average AUM Disclosure Q2 FY2026-27,VERIFIED,31.06262646,2026-09-26
142415,Kotak India Growth Fund Series 4 - Regular Plan - Growth,KOTAK_MAHINDRA_MF,REGULAR,GROWTH,,,,SOURCE_UNAVAILABLE,435670,2026-09-30,AMFI Official Average AUM Disclosure Q2 FY2026-27,VERIFIED,30.84950529,2026-09-26
142416,Kotak India Growth Fund Series 4 - Regular Plan - Growth,KOTAK_MAHINDRA_MF,REGULAR,GROWTH,,,,SOURCE_UNAVAILABLE,435670,2026-09-30,AMFI Official Average AUM Disclosure Q2 FY2026-27,VERIFIED,29.18842837,2026-09-26
143245,Kotak India Growth Fund Series 5 - Regular Plan - Growth,KOTAK_MAHINDRA_MF,REGULAR,GROWTH,,,,SOURCE_UNAVAILABLE,435670,2026-09-30,AMFI Official Average AUM Disclosure Q2 FY2026-27,VERIFIED,14.74284682,2026-09-26
143244,Kotak India Growth Fund Series 5 - Regular Plan - Growth,KOTAK_MAHINDRA_MF,REGULAR,GROWTH,,,,SOURCE_UNAVAILABLE,435670,2026-09-30,AMFI Official Average AUM Disclosure Q2 FY2026-27,VERIFIED,14.74283395,2026-09-26
143246,Kotak India Growth Fund Series 5 - Regular Plan - Growth,KOTAK_MAHINDRA_MF,REGULAR,GROWTH,,,,SOURCE_UNAVAILABLE,435670,2026-09-30,AMFI Official Average AUM Disclosure Q2 FY2026-27,VERIFIED,14.6365481,2026-09-26
143243,Kotak India Growth Fund Series 5 - Regular Plan - Growth,KOTAK_MAHINDRA_MF,REGULAR,GROWTH,,,,SOURCE_UNAVAILABLE,435670,2026-09-30,AMFI Official Average AUM Disclosure Q2 FY2026-27,VERIFIED,14.63654539,2026-09-26
144673,Kotak India Growth Fund Series 7 - Regular Plan - Growth,KOTAK_MAHINDRA_MF,REGULAR,GROWTH,,,,SOURCE_UNAVAILABLE,435670,2026-09-30,AMFI Official Average AUM Disclosure Q2 FY2026-27,VERIFIED,15.09747791,2026-09-26
144674,Kotak India Growth Fund Series 7 - Regular Plan - Growth,KOTAK_MAHINDRA_MF,REGULAR,GROWTH,,,,SOURCE_UNAVAILABLE,435670,2026-09-30,AMFI Official Average AUM Disclosure Q2 FY2026-27,VERIFIED,14.61685259,2026-09-26
144676,Kotak India Growth Fund Series 7 - Regular Plan - Growth,KOTAK_MAHINDRA_MF,REGULAR,GROWTH,,,,SOURCE_UNAVAILABLE,435670,2026-09-30,AMFI Official Average AUM Disclosure Q2 FY2026-27,VERIFIED,14.61685271,2026-09-26
144675,Kotak India Growth Fund Series 7 - Regular Plan - Growth,KOTAK_MAHINDRA_MF,REGULAR,GROWTH,,,,SOURCE_UNAVAILABLE,435670,2026-09-30,AMFI Official Average AUM Disclosure Q2 FY2026-27,VERIFIED,15.09752459,2026-09-26
151588,Axis Fixed Term Plan - Series 113 (1228 Days) - Regular Plan - Growth Option,AXIS_MF,REGULAR,GROWTH,,,,SOURCE_UNAVAILABLE,295420,2026-09-30,AMFI Official Average AUM Disclosure Q2 FY2026-27,VERIFIED,12.5988,2026-09-26
146695,BANDHAN FIXED TERM PLAN SERIES - 179 (3652 DAYS) - Regular Plan - Growth,BANDHAN_MF,REGULAR,GROWTH,,,,SOURCE_UNAVAILABLE,155800,2026-09-30,AMFI Official Average AUM Disclosure Q2 FY2026-27,VERIFIED,17.83,2026-09-26
149922,HDFC FMP 1861D March 2022 - Regular Plan - Growth Option,HDFC_MF,REGULAR,GROWTH,,,,SOURCE_UNAVAILABLE,745890.75,2026-09-30,AMFI Official Average AUM Disclosure Q2 FY2026-27,VERIFIED,13.2973,2026-09-26
150001,HDFC FMP 1876D March 2022 - Regular Plan - Growth Option,HDFC_MF,REGULAR,GROWTH,,,,SOURCE_UNAVAILABLE,745890.75,2026-09-30,AMFI Official Average AUM Disclosure Q2 FY2026-27,VERIFIED,13.2585,2026-09-26
151285,Kotak FMP Series 304 - Regular Plan - Growth Option,KOTAK_MAHINDRA_MF,REGULAR,GROWTH,,,,SOURCE_UNAVAILABLE,435670,2026-09-30,AMFI Official Average AUM Disclosure Q2 FY2026-27,VERIFIED,13.1565,2026-09-26
139335,Nippon India Dual Advantage Fixed Tenure Fund IX- Plan D - Regular Plan - Growth Option,NIPPON_INDIA_MF,REGULAR,GROWTH,,,,SOURCE_UNAVAILABLE,525140.2,2026-09-30,AMFI Official Average AUM Disclosure Q2 FY2026-27,VERIFIED,12.9173,2026-09-26
139569,Nippon India Dual Advantage Fixed Tenure Fund IX- Plan E - Regular Plan - Growth Option,NIPPON_INDIA_MF,REGULAR,GROWTH,,,,SOURCE_UNAVAILABLE,525140.2,2026-09-30,AMFI Official Average AUM Disclosure Q2 FY2026-27,VERIFIED,12.6215,2026-09-26
139598,Nippon India Dual Advantage Fixed Tenure Fund IX- Plan F - Regular Plan - Growth Option,NIPPON_INDIA_MF,REGULAR,GROWTH,,,,SOURCE_UNAVAILABLE,525140.2,2026-09-30,AMFI Official Average AUM Disclosure Q2 FY2026-27,VERIFIED,12.1429,2026-09-26
140056,Nippon India Dual Advantage Fixed Tenure Fund X- Plan A - Regular Plan - Growth Option,NIPPON_INDIA_MF,REGULAR,GROWTH,,,,SOURCE_UNAVAILABLE,525140.2,2026-09-30,AMFI Official Average AUM Disclosure Q2 FY2026-27,VERIFIED,12.0793,2026-09-26
140148,Nippon India Dual Advantage Fixed Tenure Fund X- Plan B - Regular Plan - Growth Option,NIPPON_INDIA_MF,REGULAR,GROWTH,,,,SOURCE_UNAVAILABLE,525140.2,2026-09-30,AMFI Official Average AUM Disclosure Q2 FY2026-27,VERIFIED,12.1527,2026-09-26
140407,Nippon India Dual Advantage Fixed Tenure Fund X- Plan C - Regular Plan - Growth Option,NIPPON_INDIA_MF,REGULAR,GROWTH,,,,SOURCE_UNAVAILABLE,525140.2,2026-09-30,AMFI Official Average AUM Disclosure Q2 FY2026-27,VERIFIED,12.1359,2026-09-26
140429,Nippon India Dual Advantage Fixed Tenure Fund X- Plan D - Regular Plan - Growth Option,NIPPON_INDIA_MF,REGULAR,GROWTH,,,,SOURCE_UNAVAILABLE,525140.2,2026-09-30,AMFI Official Average AUM Disclosure Q2 FY2026-27,VERIFIED,12.0577,2026-09-26
140440,Nippon India Dual Advantage Fixed Tenure Fund X- Plan E - Regular Plan - Growth Option,NIPPON_INDIA_MF,REGULAR,GROWTH,,,,SOURCE_UNAVAILABLE,525140.2,2026-09-30,AMFI Official Average AUM Disclosure Q2 FY2026-27,VERIFIED,12.1021,2026-09-26
140516,Nippon India Dual Advantage Fixed Tenure Fund X- Plan F - Regular Plan - Growth Option,NIPPON_INDIA_MF,REGULAR,GROWTH,,,,SOURCE_UNAVAILABLE,525140.2,2026-09-30,AMFI Official Average AUM Disclosure Q2 FY2026-27,VERIFIED,11.9817,2026-09-26
141155,Nippon India Dual Advantage Fixed Tenure Fund XI- Plan A - Regular Plan - Growth Option,NIPPON_INDIA_MF,REGULAR,GROWTH,,,,SOURCE_UNAVAILABLE,525140.2,2026-09-30,AMFI Official Average AUM Disclosure Q2 FY2026-27,VERIFIED,11.5027,2026-09-26
141416,Nippon India Dual Advantage Fixed Tenure Fund- XI- Plan B - Regular Plan - Growth Option,NIPPON_INDIA_MF,REGULAR,GROWTH,,,,SOURCE_UNAVAILABLE,525140.2,2026-09-30,AMFI Official Average AUM Disclosure Q2 FY2026-27,VERIFIED,11.3772,2026-09-26
141584,Nippon India Dual Advantege Fixed Tenure Fund XI- Plan C - Regular Plan - Growth Option,NIPPON_INDIA_MF,REGULAR,GROWTH,,,,SOURCE_UNAVAILABLE,525140.2,2026-09-30,AMFI Official Average AUM Disclosure Q2 FY2026-27,VERIFIED,12.3543,2026-09-26
141692,Nippon India Dual Advantege Fixed Tenure Fund XI- Plan D - Regular Plan - Growth Option,NIPPON_INDIA_MF,REGULAR,GROWTH,,,,SOURCE_UNAVAILABLE,525140.2,2026-09-30,AMFI Official Average AUM Disclosure Q2 FY2026-27,VERIFIED,12.3884,2026-09-26
141799,Nippon India Dual Advantege Fixed Tenure Fund XI- Plan E - Regular Plan - Growth Option,NIPPON_INDIA_MF,REGULAR,GROWTH,,,,SOURCE_UNAVAILABLE,525140.2,2026-09-30,AMFI Official Average AUM Disclosure Q2 FY2026-27,VERIFIED,12.358,2026-09-26
142103,Nippon India Dual Advantege Fixed Tenure Fund XII- Plan A - Regular Plan - Growth Option,NIPPON_INDIA_MF,REGULAR,GROWTH,,,,SOURCE_UNAVAILABLE,525140.2,2026-09-30,AMFI Official Average AUM Disclosure Q2 FY2026-27,VERIFIED,12.1211,2026-09-26
146673,Nippon India Fixed Horizon Fund - XLI - Series 1 - Regular Plan - Growth Option,NIPPON_INDIA_MF,REGULAR,GROWTH,,,,SOURCE_UNAVAILABLE,525140.2,2026-09-30,AMFI Official Average AUM Disclosure Q2 FY2026-27,VERIFIED,12.5474,2026-09-26
147351,Nippon India Fixed Horizon Fund - XLI - Series 10 - Regular Plan - Growth Option,NIPPON_INDIA_MF,REGULAR,GROWTH,,,,SOURCE_UNAVAILABLE,525140.2,2026-09-30,AMFI Official Average AUM Disclosure Q2 FY2026-27,VERIFIED,12.757,2026-09-26
147357,Nippon India Fixed Horizon Fund - XLI - Series 11 - Regular Plan - Growth Option,NIPPON_INDIA_MF,REGULAR,GROWTH,,,,SOURCE_UNAVAILABLE,525140.2,2026-09-30,AMFI Official Average AUM Disclosure Q2 FY2026-27,VERIFIED,12.3645,2026-09-26
147462,Nippon India Fixed Horizon Fund - XLI - Series 12 - Regular Plan - Growth Option,NIPPON_INDIA_MF,REGULAR,GROWTH,,,,SOURCE_UNAVAILABLE,525140.2,2026-09-30,AMFI Official Average AUM Disclosure Q2 FY2026-27,VERIFIED,12.7315,2026-09-26
147097,Nippon India Fixed Maturity Plan - XLI - Series 8 - Regular Plan - Growth Option,NIPPON_INDIA_MF,REGULAR,GROWTH,,,,SOURCE_UNAVAILABLE,525140.2,2026-09-30,AMFI Official Average AUM Disclosure Q2 FY2026-27,VERIFIED,17.4078,2026-09-26
149915,Nippon India Fixed Maturity Plan - XLIII - Series 5 - Regular Plan - Growth Option,NIPPON_INDIA_MF,REGULAR,GROWTH,,,,SOURCE_UNAVAILABLE,525140.2,2026-09-30,AMFI Official Average AUM Disclosure Q2 FY2026-27,VERIFIED,13.4521,2026-09-26
150629,Nippon India Fixed Maturity Plan - XLIV - Series 1 - Regular Plan - Growth Option,NIPPON_INDIA_MF,REGULAR,GROWTH,,,,SOURCE_UNAVAILABLE,525140.2,2026-09-30,AMFI Official Average AUM Disclosure Q2 FY2026-27,VERIFIED,13.3336,2026-09-26
151710,Nippon India Fixed Maturity Plan - XLV - Series 5 - Regular Plan - Growth Option,NIPPON_INDIA_MF,REGULAR,GROWTH,,,,SOURCE_UNAVAILABLE,525140.2,2026-09-30,AMFI Official Average AUM Disclosure Q2 FY2026-27,VERIFIED,13.2364,2026-09-26
146976,SBI Fixed Maturity Plan (FMP) - Series 1 (3668 Days) - Regular Plan - Growth,SBI_MF,REGULAR,GROWTH,,,,SOURCE_UNAVAILABLE,1052450,2026-09-30,AMFI Official Average AUM Disclosure Q2 FY2026-27,VERIFIED,17.5268,2026-09-26
148389,SBI Fixed Maturity Plan (FMP) - Series 34 (3682 Days) - Regular Plan - Growth,SBI_MF,REGULAR,GROWTH,,,,SOURCE_UNAVAILABLE,1052450,2026-09-30,AMFI Official Average AUM Disclosure Q2 FY2026-27,VERIFIED,14.6521,2026-09-26
149145,SBI Fixed Maturity Plan (FMP) - Series 49 (1823 Days) - Regular Plan - Growth,SBI_MF,REGULAR,GROWTH,,,,SOURCE_UNAVAILABLE,1052450,2026-09-30,AMFI Official Average AUM Disclosure Q2 FY2026-27,VERIFIED,13.4165,2026-09-26
149172,SBI Fixed Maturity Plan (FMP) - Series 50 (1843 Days) - Regular Plan - Growth,SBI_MF,REGULAR,GROWTH,,,,SOURCE_UNAVAILABLE,1052450,2026-09-30,AMFI Official Average AUM Disclosure Q2 FY2026-27,VERIFIED,13.3326,2026-09-26
149197,SBI Fixed Maturity Plan (FMP) - Series 51 (1846 Days) - Regular Plan - Growth,SBI_MF,REGULAR,GROWTH,,,,SOURCE_UNAVAILABLE,1052450,2026-09-30,AMFI Official Average AUM Disclosure Q2 FY2026-27,VERIFIED,13.3476,2026-09-26
149235,SBI Fixed Maturity Plan (FMP) - Series 52 (1848 Days) - Regular Plan - Growth,SBI_MF,REGULAR,GROWTH,,,,SOURCE_UNAVAILABLE,1052450,2026-09-30,AMFI Official Average AUM Disclosure Q2 FY2026-27,VERIFIED,13.329,2026-09-26
149278,SBI Fixed Maturity Plan (FMP) - Series 53 (1839 Days) - Regular Plan - Growth,SBI_MF,REGULAR,GROWTH,,,,SOURCE_UNAVAILABLE,1052450,2026-09-30,AMFI Official Average AUM Disclosure Q2 FY2026-27,VERIFIED,13.3645,2026-09-26
149308,SBI Fixed Maturity Plan (FMP) - Series 54 (1842 Days) - Regular Plan - Growth,SBI_MF,REGULAR,GROWTH,,,,SOURCE_UNAVAILABLE,1052450,2026-09-30,AMFI Official Average AUM Disclosure Q2 FY2026-27,VERIFIED,13.3449,2026-09-26
149347,SBI Fixed Maturity Plan (FMP) - Series 55 (1849 Days) - Regular Plan - Growth,SBI_MF,REGULAR,GROWTH,,,,SOURCE_UNAVAILABLE,1052450,2026-09-30,AMFI Official Average AUM Disclosure Q2 FY2026-27,VERIFIED,13.3169,2026-09-26
149432,SBI Fixed Maturity Plan (FMP) - Series 57 (1835 Days) - Regular Plan - Growth,SBI_MF,REGULAR,GROWTH,,,,SOURCE_UNAVAILABLE,1052450,2026-09-30,AMFI Official Average AUM Disclosure Q2 FY2026-27,VERIFIED,13.2325,2026-09-26
149459,SBI Fixed Maturity Plan (FMP) - Series 58 (1842 Days) - Regular Plan - Growth,SBI_MF,REGULAR,GROWTH,,,,SOURCE_UNAVAILABLE,1052450,2026-09-30,AMFI Official Average AUM Disclosure Q2 FY2026-27,VERIFIED,13.3448,2026-09-26
147247,SBI Fixed Maturity Plan (FMP) - Series 6 (3668 Days) - Regular Plan - Growth,SBI_MF,REGULAR,GROWTH,,,,SOURCE_UNAVAILABLE,1052450,2026-09-30,AMFI Official Average AUM Disclosure Q2 FY2026-27,VERIFIED,16.9643,2026-09-26
149876,SBI Fixed Maturity Plan (FMP) - Series 60 (1878 Days) - Regular Plan - Growth,SBI_MF,REGULAR,GROWTH,,,,SOURCE_UNAVAILABLE,1052450,2026-09-30,AMFI Official Average AUM Disclosure Q2 FY2026-27,VERIFIED,13.2583,2026-09-26
149994,SBI Fixed Maturity Plan (FMP) - Series 61 (1927 Days) - Regular Plan - Growth,SBI_MF,REGULAR,GROWTH,,,,SOURCE_UNAVAILABLE,1052450,2026-09-30,AMFI Official Average AUM Disclosure Q2 FY2026-27,VERIFIED,13.296,2026-09-26
154241,Axis Fixed Maturity Plan - Series 129 (108 Days) - Regular Plan - Growth Option,AXIS_MF,REGULAR,GROWTH,,,,SOURCE_UNAVAILABLE,295420,2026-09-30,AMFI Official Average AUM Disclosure Q2 FY2026-27,VERIFIED,10.2032,2026-09-26
154290,Axis Fixed Maturity Plan - Series 130 (92 Days) - Regular Plan - Growth Option,AXIS_MF,REGULAR,GROWTH,,,,SOURCE_UNAVAILABLE,295420,2026-09-30,AMFI Official Average AUM Disclosure Q2 FY2026-27,VERIFIED,10.1781,2026-09-26
151483,UTI Fixed Term Income Fund Series XXXVI - I (1574 Days) - Regular Plan - Growth,UTI_MF,REGULAR,GROWTH,,,,SOURCE_UNAVAILABLE,312500,2026-09-30,AMFI Official Average AUM Disclosure Q2 FY2026-27,VERIFIED,12.8883,2026-09-26
106183,UTI Annual Interval Fund - I - Regular Plan - Growth,UTI_MF,REGULAR,GROWTH,,,,SOURCE_UNAVAILABLE,312500,2026-09-30,AMFI Official Average AUM Disclosure Q2 FY2026-27,VERIFIED,36.5759,2026-09-26