schemeCode,schemeName,amc,amcCode,isin,plan,option,portfolioAsOf,sourceStatus,sourceType,sourceURL,sourceHash,totalSourceRows,validPositionRows,storedRows,apiRows,uiRows,equityCount,debtCount,moneyMarketCount,repoReverseRepoCount,cashEquivalentCount,derivativeCount,otherCount,missingRows,duplicateRows,weightMismatches,identityMismatch,parserStatus
"152075","360 ONE Balanced Hybrid Fund - Regular Plan - GROWTH Option","360 ONE Mutual Fund","360_ONE_MF","INF579M01AV5","REGULAR","GROWTH","","SOURCE_UNAVAILABLE","AMC_MONTHLY_PORTFOLIO","https://www.iiflmf.com/statutory-disclosures/monthly-portfolio","",0,0,0,0,0,0,0,0,0,0,0,0,0,0,0,false,"AWAITING_MONTHLY_DISCLOSURE"
"122612","360 ONE Dynamic Term Fund - Regular Plan - GROWTH Option","360 ONE Mutual Fund","360_ONE_MF","INF579M01183","REGULAR","GROWTH","","SOURCE_UNAVAILABLE","AMC_MONTHLY_PORTFOLIO","https://www.iiflmf.com/statutory-disclosures/monthly-portfolio","",0,0,0,0,0,0,0,0,0,0,0,0,0,0,0,false,"AWAITING_MONTHLY_DISCLOSURE"
"122711","360 ONE Dynamic Term Fund - Regular Plan - GROWTH Option","360 ONE Mutual Fund","360_ONE_MF","INF579M01191","REGULAR","GROWTH","","SOURCE_UNAVAILABLE","AMC_MONTHLY_PORTFOLIO","https://www.iiflmf.com/statutory-disclosures/monthly-portfolio","",0,0,0,0,0,0,0,0,0,0,0,0,0,0,0,false,"AWAITING_MONTHLY_DISCLOSURE"
"151164","360 ONE ELSS Tax Saver Nifty 50 Index Fund - Regular Plan - GROWTH Option","360 ONE Mutual Fund","360_ONE_MF","INF579M01AL6","REGULAR","GROWTH","","SOURCE_UNAVAILABLE","AMC_MONTHLY_PORTFOLIO","https://www.iiflmf.com/statutory-disclosures/monthly-portfolio","",0,0,0,0,0,0,0,0,0,0,0,0,0,0,0,false,"AWAITING_MONTHLY_DISCLOSURE"
"151799","360 ONE Flexicap Fund - Regular Plan - GROWTH Option","360 ONE Mutual Fund","360_ONE_MF","INF579M01AP7","REGULAR","GROWTH","","SOURCE_UNAVAILABLE","AMC_MONTHLY_PORTFOLIO","https://www.iiflmf.com/statutory-disclosures/monthly-portfolio","",0,0,0,0,0,0,0,0,0,0,0,0,0,0,0,false,"AWAITING_MONTHLY_DISCLOSURE"
"131578","360 ONE Focused Fund - Regular Plan - GROWTH Option","360 ONE Mutual Fund","360_ONE_MF","INF579M01878","REGULAR","GROWTH","","SOURCE_UNAVAILABLE","AMC_MONTHLY_PORTFOLIO","https://www.iiflmf.com/statutory-disclosures/monthly-portfolio","",0,0,0,0,0,0,0,0,0,0,0,0,0,0,0,false,"AWAITING_MONTHLY_DISCLOSURE"
"125259","360 ONE Liquid Fund - Regular Plan - GROWTH Option","360 ONE Mutual Fund","360_ONE_MF","INF579M01506","REGULAR","GROWTH","","SOURCE_UNAVAILABLE","AMC_MONTHLY_PORTFOLIO","https://www.iiflmf.com/statutory-disclosures/monthly-portfolio","",0,0,0,0,0,0,0,0,0,0,0,0,0,0,0,false,"AWAITING_MONTHLY_DISCLOSURE"
"153772","360 ONE Multi Asset Allocation Fund - Regular Plan - GROWTH Option","360 ONE Mutual Fund","360_ONE_MF","INF579M01BJ8","REGULAR","GROWTH","","SOURCE_UNAVAILABLE","AMC_MONTHLY_PORTFOLIO","https://www.iiflmf.com/statutory-disclosures/monthly-portfolio","",0,0,0,0,0,0,0,0,0,0,0,0,0,0,0,false,"AWAITING_MONTHLY_DISCLOSURE"
"153700","360 ONE Overnight Fund - Regular Plan - GROWTH Option","360 ONE Mutual Fund","360_ONE_MF","INF579M01BD1","REGULAR","GROWTH","","SOURCE_UNAVAILABLE","AMC_MONTHLY_PORTFOLIO","https://www.iiflmf.com/statutory-disclosures/monthly-portfolio","",0,0,0,0,0,0,0,0,0,0,0,0,0,0,0,false,"AWAITING_MONTHLY_DISCLOSURE"
"149317","360 ONE QUANT FUND - Regular Plan - GROWTH Option","360 ONE Mutual Fund","360_ONE_MF","INF579M01AF8","REGULAR","GROWTH","","SOURCE_UNAVAILABLE","AMC_MONTHLY_PORTFOLIO","https://www.iiflmf.com/statutory-disclosures/monthly-portfolio","",0,0,0,0,0,0,0,0,0,0,0,0,0,0,0,false,"AWAITING_MONTHLY_DISCLOSURE"
"154581","ASK Liquid Fund - Regular Plan - Growth","Abakkus Mutual Fund","ABAKKUS_MF","INF2XUU01021","REGULAR","GROWTH","","SOURCE_UNAVAILABLE","AMC_MONTHLY_PORTFOLIO","https://abakkusinvest.com/statutory-disclosures/monthly-portfolio","",0,0,0,0,0,0,0,0,0,0,0,0,0,0,0,false,"AWAITING_MONTHLY_DISCLOSURE"
"154041","Abakkus Flexi Cap Fund - Regular Plan - Growth","Abakkus Mutual Fund","ABAKKUS_MF","INF2JJD01169","REGULAR","GROWTH","","SOURCE_UNAVAILABLE","AMC_MONTHLY_PORTFOLIO","https://abakkusinvest.com/statutory-disclosures/monthly-portfolio","",0,0,0,0,0,0,0,0,0,0,0,0,0,0,0,false,"AWAITING_MONTHLY_DISCLOSURE"
"154478","Abakkus Large & Mid Cap Fund - Regular Plan - Growth","Abakkus Mutual Fund","ABAKKUS_MF","INF2JJD01201","REGULAR","GROWTH","","SOURCE_UNAVAILABLE","AMC_MONTHLY_PORTFOLIO","https://abakkusinvest.com/statutory-disclosures/monthly-portfolio","",0,0,0,0,0,0,0,0,0,0,0,0,0,0,0,false,"AWAITING_MONTHLY_DISCLOSURE"
"154047","Abakkus Liquid Fund - Regular Plan - Growth","Abakkus Mutual Fund","ABAKKUS_MF","INF2JJD01078","REGULAR","GROWTH","","SOURCE_UNAVAILABLE","AMC_MONTHLY_PORTFOLIO","https://abakkusinvest.com/statutory-disclosures/monthly-portfolio","",0,0,0,0,0,0,0,0,0,0,0,0,0,0,0,false,"AWAITING_MONTHLY_DISCLOSURE"
"154214","Abakkus Small Cap Fund - Regular Plan - Growth","Abakkus Mutual Fund","ABAKKUS_MF","INF2JJD01185","REGULAR","GROWTH","","SOURCE_UNAVAILABLE","AMC_MONTHLY_PORTFOLIO","https://abakkusinvest.com/statutory-disclosures/monthly-portfolio","",0,0,0,0,0,0,0,0,0,0,0,0,0,0,0,false,"AWAITING_MONTHLY_DISCLOSURE"
"112088","ADITYA BIRLA SUN LIFE ARBITRAGE FUND - Regular Plan - GROWTH","Aditya Birla Sun Life Mutual Fund","ADITYA_BIRLA_SU_MF","INF209K01264","REGULAR","GROWTH","","SOURCE_UNAVAILABLE","AMC_MONTHLY_PORTFOLIO","https://mutualfund.adityabirlacapital.com/statutory-disclosures/monthly-portfolio","",0,0,0,0,0,0,0,0,0,0,0,0,0,0,0,false,"AWAITING_MONTHLY_DISCLOSURE"
"146409","ADITYA BIRLA SUN LIFE BAL BHAVISHYA YOJNA - Regular Plan - GROWTH","Aditya Birla Sun Life Mutual Fund","ADITYA_BIRLA_SU_MF","INF209KB1E76","REGULAR","GROWTH","","SOURCE_UNAVAILABLE","AMC_MONTHLY_PORTFOLIO","https://mutualfund.adityabirlacapital.com/statutory-disclosures/monthly-portfolio","",0,0,0,0,0,0,0,0,0,0,0,0,0,0,0,false,"AWAITING_MONTHLY_DISCLOSURE"
"145481","ADITYA BIRLA SUN LIFE OVERNIGHT FUND - Regular Plan - GROWTH","Aditya Birla Sun Life Mutual Fund","ADITYA_BIRLA_SU_MF","INF209KB1ZC3","REGULAR","GROWTH","","SOURCE_UNAVAILABLE","AMC_MONTHLY_PORTFOLIO","https://mutualfund.adityabirlacapital.com/statutory-disclosures/monthly-portfolio","",0,0,0,0,0,0,0,0,0,0,0,0,0,0,0,false,"AWAITING_MONTHLY_DISCLOSURE"
"103155","Aditya Birla Sun Life Aggressive Hybrid Fund - Regular Plan - GROWTH","Aditya Birla Sun Life Mutual Fund","ADITYA_BIRLA_SU_MF","INF209K01BT5","REGULAR","GROWTH","","SOURCE_UNAVAILABLE","AMC_MONTHLY_PORTFOLIO","https://mutualfund.adityabirlacapital.com/statutory-disclosures/monthly-portfolio","",0,0,0,0,0,0,0,0,0,0,0,0,0,0,0,false,"AWAITING_MONTHLY_DISCLOSURE"
"132174","Aditya Birla Sun Life Aggressive Hybrid Omni FOF - Regular Plan - GROWTH","Aditya Birla Sun Life Mutual Fund","ADITYA_BIRLA_SU_MF","INF084M01077","REGULAR","GROWTH","","SOURCE_UNAVAILABLE","AMC_MONTHLY_PORTFOLIO","https://mutualfund.adityabirlacapital.com/statutory-disclosures/monthly-portfolio","",0,0,0,0,0,0,0,0,0,0,0,0,0,0,0,false,"AWAITING_MONTHLY_DISCLOSURE"
"153735","Aditya Birla Sun Life BSE 500 Momentum 50 Index Fund - Regular Plan - GROWTH","Aditya Birla Sun Life Mutual Fund","ADITYA_BIRLA_SU_MF","INF209KC1605","REGULAR","GROWTH","","SOURCE_UNAVAILABLE","AMC_MONTHLY_PORTFOLIO","https://mutualfund.adityabirlacapital.com/statutory-disclosures/monthly-portfolio","",0,0,0,0,0,0,0,0,0,0,0,0,0,0,0,false,"AWAITING_MONTHLY_DISCLOSURE"
"153742","Aditya Birla Sun Life BSE 500 Quality 50 Index Fund - Regular Plan - GROWTH","Aditya Birla Sun Life Mutual Fund","ADITYA_BIRLA_SU_MF","INF209KC1639","REGULAR","GROWTH","","SOURCE_UNAVAILABLE","AMC_MONTHLY_PORTFOLIO","https://mutualfund.adityabirlacapital.com/statutory-disclosures/monthly-portfolio","",0,0,0,0,0,0,0,0,0,0,0,0,0,0,0,false,"AWAITING_MONTHLY_DISCLOSURE"
"153080","Aditya Birla Sun Life BSE India Infrastructure Index Fund - Regular Plan - GROWTH","Aditya Birla Sun Life Mutual Fund","ADITYA_BIRLA_SU_MF","INF209KC1357","REGULAR","GROWTH","","SOURCE_UNAVAILABLE","AMC_MONTHLY_PORTFOLIO","https://mutualfund.adityabirlacapital.com/statutory-disclosures/monthly-portfolio","",0,0,0,0,0,0,0,0,0,0,0,0,0,0,0,false,"AWAITING_MONTHLY_DISCLOSURE"
"131666","Aditya Birla Sun Life Balanced Advantage Fund - Regular Plan - GROWTH","Aditya Birla Sun Life Mutual Fund","ADITYA_BIRLA_SU_MF","INF084M01AB8","REGULAR","GROWTH","","SOURCE_UNAVAILABLE","AMC_MONTHLY_PORTFOLIO","https://mutualfund.adityabirlacapital.com/statutory-disclosures/monthly-portfolio","",0,0,0,0,0,0,0,0,0,0,0,0,0,0,0,false,"AWAITING_MONTHLY_DISCLOSURE"
"108273","Aditya Birla Sun Life Banking & PSU Debt Fund - Regular Plan - GROWTH","Aditya Birla Sun Life Mutual Fund","ADITYA_BIRLA_SU_MF","INF209K01LV0","REGULAR","GROWTH","","SOURCE_UNAVAILABLE","AMC_MONTHLY_PORTFOLIO","https://mutualfund.adityabirlacapital.com/statutory-disclosures/monthly-portfolio","",0,0,0,0,0,0,0,0,0,0,0,0,0,0,0,false,"AWAITING_MONTHLY_DISCLOSURE"
"125595","Aditya Birla Sun Life Banking and Financial Services Fund - Regular Plan - GROWTH","Aditya Birla Sun Life Mutual Fund","ADITYA_BIRLA_SU_MF","INF209K011W7","REGULAR","GROWTH","","SOURCE_UNAVAILABLE","AMC_MONTHLY_PORTFOLIO","https://mutualfund.adityabirlacapital.com/statutory-disclosures/monthly-portfolio","",0,0,0,0,0,0,0,0,0,0,0,0,0,0,0,false,"AWAITING_MONTHLY_DISCLOSURE"
"149296","Aditya Birla Sun Life Business Cycle Fund - Regular Plan - GROWTH","Aditya Birla Sun Life Mutual Fund","ADITYA_BIRLA_SU_MF","INF209KB12D6","REGULAR","GROWTH","","SOURCE_UNAVAILABLE","AMC_MONTHLY_PORTFOLIO","https://mutualfund.adityabirlacapital.com/statutory-disclosures/monthly-portfolio","",0,0,0,0,0,0,0,0,0,0,0,0,0,0,0,false,"AWAITING_MONTHLY_DISCLOSURE"
"151428","Aditya Birla Sun Life CRISIL IBX SDL Jun 2032 Index Fund - Regular Plan - GROWTH","Aditya Birla Sun Life Mutual Fund","ADITYA_BIRLA_SU_MF","INF209KB12S4","REGULAR","GROWTH","","SOURCE_UNAVAILABLE","AMC_MONTHLY_PORTFOLIO","https://mutualfund.adityabirlacapital.com/statutory-disclosures/monthly-portfolio","",0,0,0,0,0,0,0,0,0,0,0,0,0,0,0,false,"AWAITING_MONTHLY_DISCLOSURE"
"153127","Aditya Birla Sun Life Conglomerate Fund - Regular Plan - GROWTH","Aditya Birla Sun Life Mutual Fund","ADITYA_BIRLA_SU_MF","INF209KC1399","REGULAR","GROWTH","","SOURCE_UNAVAILABLE","AMC_MONTHLY_PORTFOLIO","https://mutualfund.adityabirlacapital.com/statutory-disclosures/monthly-portfolio","",0,0,0,0,0,0,0,0,0,0,0,0,0,0,0,false,"AWAITING_MONTHLY_DISCLOSURE"
"132178","Aditya Birla Sun Life Conservative Hybrid Active FOF - Regular Plan - GROWTH","Aditya Birla Sun Life Mutual Fund","ADITYA_BIRLA_SU_MF","INF084M01044","REGULAR","GROWTH","","SOURCE_UNAVAILABLE","AMC_MONTHLY_PORTFOLIO","https://mutualfund.adityabirlacapital.com/statutory-disclosures/monthly-portfolio","",0,0,0,0,0,0,0,0,0,0,0,0,0,0,0,false,"AWAITING_MONTHLY_DISCLOSURE"
"101818","Aditya Birla Sun Life Conservative Hybrid Fund - Regular Plan - GROWTH","Aditya Birla Sun Life Mutual Fund","ADITYA_BIRLA_SU_MF","INF209K01751","REGULAR","GROWTH","","SOURCE_UNAVAILABLE","AMC_MONTHLY_PORTFOLIO","https://mutualfund.adityabirlacapital.com/statutory-disclosures/monthly-portfolio","",0,0,0,0,0,0,0,0,0,0,0,0,0,0,0,false,"AWAITING_MONTHLY_DISCLOSURE"
"103111","Aditya Birla Sun Life Consumption Fund - Regular Plan - GROWTH","Aditya Birla Sun Life Mutual Fund","ADITYA_BIRLA_SU_MF","INF209K01447","REGULAR","GROWTH","","SOURCE_UNAVAILABLE","AMC_MONTHLY_PORTFOLIO","https://mutualfund.adityabirlacapital.com/statutory-disclosures/monthly-portfolio","",0,0,0,0,0,0,0,0,0,0,0,0,0,0,0,false,"AWAITING_MONTHLY_DISCLOSURE"
"103178","Aditya Birla Sun Life Corporate Bond Fund - Regular Plan - GROWTH","Aditya Birla Sun Life Mutual Fund","ADITYA_BIRLA_SU_MF","INF209K01785","REGULAR","GROWTH","","SOURCE_UNAVAILABLE","AMC_MONTHLY_PORTFOLIO","https://mutualfund.adityabirlacapital.com/statutory-disclosures/monthly-portfolio","",0,0,0,0,0,0,0,0,0,0,0,0,0,0,0,false,"AWAITING_MONTHLY_DISCLOSURE"
"134383","Aditya Birla Sun Life Credit Risk Fund - Regular Plan - GROWTH","Aditya Birla Sun Life Mutual Fund","ADITYA_BIRLA_SU_MF","INF209KA1K47","REGULAR","GROWTH","","SOURCE_UNAVAILABLE","AMC_MONTHLY_PORTFOLIO","https://mutualfund.adityabirlacapital.com/statutory-disclosures/monthly-portfolio","",0,0,0,0,0,0,0,0,0,0,0,0,0,0,0,false,"AWAITING_MONTHLY_DISCLOSURE"
"150703","Aditya Birla Sun Life Crisil IBX 50:50 Gilt Plus SDL Apr 2028 Index Fund - Regular Plan - GROWTH","Aditya Birla Sun Life Mutual Fund","ADITYA_BIRLA_SU_MF","INF209KB12N5","REGULAR","GROWTH","","SOURCE_UNAVAILABLE","AMC_MONTHLY_PORTFOLIO","https://mutualfund.adityabirlacapital.com/statutory-disclosures/monthly-portfolio","",0,0,0,0,0,0,0,0,0,0,0,0,0,0,0,false,"AWAITING_MONTHLY_DISCLOSURE"
"150351","Aditya Birla Sun Life Crisil IBX 60:40 SDL+AAA PSU-APR 2027 Index Fund - Regular Plan - GROWTH","Aditya Birla Sun Life Mutual Fund","ADITYA_BIRLA_SU_MF","INF209KB17H6","REGULAR","GROWTH","","SOURCE_UNAVAILABLE","AMC_MONTHLY_PORTFOLIO","https://mutualfund.adityabirlacapital.com/statutory-disclosures/monthly-portfolio","",0,0,0,0,0,0,0,0,0,0,0,0,0,0,0,false,"AWAITING_MONTHLY_DISCLOSURE"
"150777","Aditya Birla Sun Life Crisil IBX Gilt -Apr 2029 Index Fund - Regular Plan - GROWTH","Aditya Birla Sun Life Mutual Fund","ADITYA_BIRLA_SU_MF","INF209KB10O7","REGULAR","GROWTH","","SOURCE_UNAVAILABLE","AMC_MONTHLY_PORTFOLIO","https://mutualfund.adityabirlacapital.com/statutory-disclosures/monthly-portfolio","",0,0,0,0,0,0,0,0,0,0,0,0,0,0,0,false,"AWAITING_MONTHLY_DISCLOSURE"
"151583","Aditya Birla Sun Life Crisil IBX Gilt Apr 2028 Index Fund - Regular Plan - GROWTH","Aditya Birla Sun Life Mutual Fund","ADITYA_BIRLA_SU_MF","INF209KB19T7","REGULAR","GROWTH","","SOURCE_UNAVAILABLE","AMC_MONTHLY_PORTFOLIO","https://mutualfund.adityabirlacapital.com/statutory-disclosures/monthly-portfolio","",0,0,0,0,0,0,0,0,0,0,0,0,0,0,0,false,"AWAITING_MONTHLY_DISCLOSURE"
"152268","Aditya Birla Sun Life Crisil IBX Gilt April 2033 Index Fund - Regular Plan - GROWTH","Aditya Birla Sun Life Mutual Fund","ADITYA_BIRLA_SU_MF","INF209KB17Y1","REGULAR","GROWTH","","SOURCE_UNAVAILABLE","AMC_MONTHLY_PORTFOLIO","https://mutualfund.adityabirlacapital.com/statutory-disclosures/monthly-portfolio","",0,0,0,0,0,0,0,0,0,0,0,0,0,0,0,false,"AWAITING_MONTHLY_DISCLOSURE"
"152660","Aditya Birla Sun Life Crisil IBX Gilt June 2027 Index Fund - Regular Plan - GROWTH","Aditya Birla Sun Life Mutual Fund","ADITYA_BIRLA_SU_MF","INF209KC1050","REGULAR","GROWTH","","SOURCE_UNAVAILABLE","AMC_MONTHLY_PORTFOLIO","https://mutualfund.adityabirlacapital.com/statutory-disclosures/monthly-portfolio","",0,0,0,0,0,0,0,0,0,0,0,0,0,0,0,false,"AWAITING_MONTHLY_DISCLOSURE"
"153033","Aditya Birla Sun Life Crisil-IBX AAA Financial Services Index-Sep 2027 Fund - Regular Plan - Growth","Aditya Birla Sun Life Mutual Fund","ADITYA_BIRLA_SU_MF","INF209KC1316","REGULAR","GROWTH","","SOURCE_UNAVAILABLE","AMC_MONTHLY_PORTFOLIO","https://mutualfund.adityabirlacapital.com/statutory-disclosures/monthly-portfolio","",0,0,0,0,0,0,0,0,0,0,0,0,0,0,0,false,"AWAITING_MONTHLY_DISCLOSURE"
"152945","Aditya Birla Sun Life Crisil-IBX AAA NBFC-HFC INDEX-Sep 2026 Fund - Regular Plan - Growth","Aditya Birla Sun Life Mutual Fund","ADITYA_BIRLA_SU_MF","INF209KC1233","REGULAR","GROWTH","","SOURCE_UNAVAILABLE","AMC_MONTHLY_PORTFOLIO","https://mutualfund.adityabirlacapital.com/statutory-disclosures/monthly-portfolio","",0,0,0,0,0,0,0,0,0,0,0,0,0,0,0,false,"AWAITING_MONTHLY_DISCLOSURE"
"153177","Aditya Birla Sun Life Crisil-IBX Financial Services 3 to 6 months Debt Index Fund - Regular Plan - GROWTH","Aditya Birla Sun Life Mutual Fund","ADITYA_BIRLA_SU_MF","INF209KC1472","REGULAR","GROWTH","","SOURCE_UNAVAILABLE","AMC_MONTHLY_PORTFOLIO","https://mutualfund.adityabirlacapital.com/statutory-disclosures/monthly-portfolio","",0,0,0,0,0,0,0,0,0,0,0,0,0,0,0,false,"AWAITING_MONTHLY_DISCLOSURE"
"153445","Aditya Birla Sun Life Crisil-IBX Financial Services 9-12 Months Debt Index Fund - Regular Plan - GROWTH","Aditya Birla Sun Life Mutual Fund","ADITYA_BIRLA_SU_MF","INF209KC1514","REGULAR","GROWTH","","SOURCE_UNAVAILABLE","AMC_MONTHLY_PORTFOLIO","https://mutualfund.adityabirlacapital.com/statutory-disclosures/monthly-portfolio","",0,0,0,0,0,0,0,0,0,0,0,0,0,0,0,false,"AWAITING_MONTHLY_DISCLOSURE"
"103168","Aditya Birla Sun Life Digital India Fund - Regular Plan - GROWTH","Aditya Birla Sun Life Mutual Fund","ADITYA_BIRLA_SU_MF","INF209K01140","REGULAR","GROWTH","","SOURCE_UNAVAILABLE","AMC_MONTHLY_PORTFOLIO","https://mutualfund.adityabirlacapital.com/statutory-disclosures/monthly-portfolio","",0,0,0,0,0,0,0,0,0,0,0,0,0,0,0,false,"AWAITING_MONTHLY_DISCLOSURE"
"132180","Aditya Birla Sun Life Dynamic Asset Allocation Omni FOF - Regular Plan - GROWTH","Aditya Birla Sun Life Mutual Fund","ADITYA_BIRLA_SU_MF","INF084M01101","REGULAR","GROWTH","","SOURCE_UNAVAILABLE","AMC_MONTHLY_PORTFOLIO","https://mutualfund.adityabirlacapital.com/statutory-disclosures/monthly-portfolio","",0,0,0,0,0,0,0,0,0,0,0,0,0,0,0,false,"AWAITING_MONTHLY_DISCLOSURE"
"102767","Aditya Birla Sun Life Dynamic Term Fund - Regular Plan - Growth","Aditya Birla Sun Life Mutual Fund","ADITYA_BIRLA_SU_MF","INF209K01793","REGULAR","GROWTH","","SOURCE_UNAVAILABLE","AMC_MONTHLY_PORTFOLIO","https://mutualfund.adityabirlacapital.com/statutory-disclosures/monthly-portfolio","",0,0,0,0,0,0,0,0,0,0,0,0,0,0,0,false,"AWAITING_MONTHLY_DISCLOSURE"
"107745","Aditya Birla Sun Life ELSS Tax Saver Fund - Regular Plan - GROWTH","Aditya Birla Sun Life Mutual Fund","ADITYA_BIRLA_SU_MF","INF209K01108","REGULAR","GROWTH","","SOURCE_UNAVAILABLE","AMC_MONTHLY_PORTFOLIO","https://mutualfund.adityabirlacapital.com/statutory-disclosures/monthly-portfolio","",0,0,0,0,0,0,0,0,0,0,0,0,0,0,0,false,"AWAITING_MONTHLY_DISCLOSURE"
"148635","Aditya Birla Sun Life ESG Integration Strategy Fund - Regular Plan - GROWTH","Aditya Birla Sun Life Mutual Fund","ADITYA_BIRLA_SU_MF","INF209KB1U43","REGULAR","GROWTH","","SOURCE_UNAVAILABLE","AMC_MONTHLY_PORTFOLIO","https://mutualfund.adityabirlacapital.com/statutory-disclosures/monthly-portfolio","",0,0,0,0,0,0,0,0,0,0,0,0,0,0,0,false,"AWAITING_MONTHLY_DISCLOSURE"
"132998","Aditya Birla Sun Life Equity Savings Fund - Regular Plan - GROWTH","Aditya Birla Sun Life Mutual Fund","ADITYA_BIRLA_SU_MF","INF209KA1TS3","REGULAR","GROWTH","","SOURCE_UNAVAILABLE","AMC_MONTHLY_PORTFOLIO","https://mutualfund.adityabirlacapital.com/statutory-disclosures/monthly-portfolio","",0,0,0,0,0,0,0,0,0,0,0,0,0,0,0,false,"AWAITING_MONTHLY_DISCLOSURE"
"103166","Aditya Birla Sun Life Flexi Cap Fund - Regular Plan - GROWTH","Aditya Birla Sun Life Mutual Fund","ADITYA_BIRLA_SU_MF","INF209K01AJ8","REGULAR","GROWTH","","SOURCE_UNAVAILABLE","AMC_MONTHLY_PORTFOLIO","https://mutualfund.adityabirlacapital.com/statutory-disclosures/monthly-portfolio","",0,0,0,0,0,0,0,0,0,0,0,0,0,0,0,false,"AWAITING_MONTHLY_DISCLOSURE"
"122644","Aditya Birla Sun Life Floating Interest Rates Fund - Regular Plan - GROWTH","Aditya Birla Sun Life Mutual Fund","ADITYA_BIRLA_SU_MF","INF209K01MG9","REGULAR","GROWTH","","SOURCE_UNAVAILABLE","AMC_MONTHLY_PORTFOLIO","https://mutualfund.adityabirlacapital.com/statutory-disclosures/monthly-portfolio","",0,0,0,0,0,0,0,0,0,0,0,0,0,0,0,false,"AWAITING_MONTHLY_DISCLOSURE"
"103309","Aditya Birla Sun Life Focused Fund - Regular Plan - GROWTH","Aditya Birla Sun Life Mutual Fund","ADITYA_BIRLA_SU_MF","INF209K01462","REGULAR","GROWTH","","SOURCE_UNAVAILABLE","AMC_MONTHLY_PORTFOLIO","https://mutualfund.adityabirlacapital.com/statutory-disclosures/monthly-portfolio","",0,0,0,0,0,0,0,0,0,0,0,0,0,0,0,false,"AWAITING_MONTHLY_DISCLOSURE"
"100058","Aditya Birla Sun Life Gilt Fund - Regular Plan - GROWTH","Aditya Birla Sun Life Mutual Fund","ADITYA_BIRLA_SU_MF","INF209K01AC3","REGULAR","GROWTH","","SOURCE_UNAVAILABLE","AMC_MONTHLY_PORTFOLIO","https://mutualfund.adityabirlacapital.com/statutory-disclosures/monthly-portfolio","",0,0,0,0,0,0,0,0,0,0,0,0,0,0,0,false,"AWAITING_MONTHLY_DISCLOSURE"
"132138","Aditya Birla Sun Life Global Emerging Opportunities Fund - Regular Plan - GROWTH","Aditya Birla Sun Life Mutual Fund","ADITYA_BIRLA_SU_MF","INF084M01AT0","REGULAR","GROWTH","","SOURCE_UNAVAILABLE","AMC_MONTHLY_PORTFOLIO","https://mutualfund.adityabirlacapital.com/statutory-disclosures/monthly-portfolio","",0,0,0,0,0,0,0,0,0,0,0,0,0,0,0,false,"AWAITING_MONTHLY_DISCLOSURE"
"132005","Aditya Birla Sun Life Global Excellence Equity Fund Of Fund - Regular Plan - GROWTH","Aditya Birla Sun Life Mutual Fund","ADITYA_BIRLA_SU_MF","INF084M01AZ7","REGULAR","GROWTH","","SOURCE_UNAVAILABLE","AMC_MONTHLY_PORTFOLIO","https://mutualfund.adityabirlacapital.com/statutory-disclosures/monthly-portfolio","",0,0,0,0,0,0,0,0,0,0,0,0,0,0,0,false,"AWAITING_MONTHLY_DISCLOSURE"
"116796","Aditya Birla Sun Life Gold Fund - Regular Plan - GROWTH","Aditya Birla Sun Life Mutual Fund","ADITYA_BIRLA_SU_MF","INF209K01PF4","REGULAR","GROWTH","","SOURCE_UNAVAILABLE","AMC_MONTHLY_PORTFOLIO","https://mutualfund.adityabirlacapital.com/statutory-disclosures/monthly-portfolio","",0,0,0,0,0,0,0,0,0,0,0,0,0,0,0,false,"AWAITING_MONTHLY_DISCLOSURE"
"131896","Aditya Birla Sun Life Income Plus Arbitrage Active FOF - Regular Plan - GROWTH","Aditya Birla Sun Life Mutual Fund","ADITYA_BIRLA_SU_MF","INF084M01AH5","REGULAR","GROWTH","","SOURCE_UNAVAILABLE","AMC_MONTHLY_PORTFOLIO","https://mutualfund.adityabirlacapital.com/statutory-disclosures/monthly-portfolio","",0,0,0,0,0,0,0,0,0,0,0,0,0,0,0,false,"AWAITING_MONTHLY_DISCLOSURE"
"103476","Aditya Birla Sun Life Infrastructure Fund - Regular Plan - GROWTH","Aditya Birla Sun Life Mutual Fund","ADITYA_BIRLA_SU_MF","INF209K01504","REGULAR","GROWTH","","SOURCE_UNAVAILABLE","AMC_MONTHLY_PORTFOLIO","https://mutualfund.adityabirlacapital.com/statutory-disclosures/monthly-portfolio","",0,0,0,0,0,0,0,0,0,0,0,0,0,0,0,false,"AWAITING_MONTHLY_DISCLOSURE"
"106873","Aditya Birla Sun Life International Equity Fund - Regular Plan - GROWTH","Aditya Birla Sun Life Mutual Fund","ADITYA_BIRLA_SU_MF","INF209K01520","REGULAR","GROWTH","","SOURCE_UNAVAILABLE","AMC_MONTHLY_PORTFOLIO","https://mutualfund.adityabirlacapital.com/statutory-disclosures/monthly-portfolio","",0,0,0,0,0,0,0,0,0,0,0,0,0,0,0,false,"AWAITING_MONTHLY_DISCLOSURE"
"100033","Aditya Birla Sun Life Large & Mid Cap Fund - Regular Plan - GROWTH","Aditya Birla Sun Life Mutual Fund","ADITYA_BIRLA_SU_MF","INF209K01165","REGULAR","GROWTH","","SOURCE_UNAVAILABLE","AMC_MONTHLY_PORTFOLIO","https://mutualfund.adityabirlacapital.com/statutory-disclosures/monthly-portfolio","",0,0,0,0,0,0,0,0,0,0,0,0,0,0,0,false,"AWAITING_MONTHLY_DISCLOSURE"
"103174","Aditya Birla Sun Life Large Cap Fund - Regular Plan - GROWTH","Aditya Birla Sun Life Mutual Fund","ADITYA_BIRLA_SU_MF","INF209K01BR9","REGULAR","GROWTH","","SOURCE_UNAVAILABLE","AMC_MONTHLY_PORTFOLIO","https://mutualfund.adityabirlacapital.com/statutory-disclosures/monthly-portfolio","",0,0,0,0,0,0,0,0,0,0,0,0,0,0,0,false,"AWAITING_MONTHLY_DISCLOSURE"
"100047","Aditya Birla Sun Life Liquid Fund - Regular Plan - GROWTH","Aditya Birla Sun Life Mutual Fund","ADITYA_BIRLA_SU_MF","INF209K01RU9","REGULAR","GROWTH","","SOURCE_UNAVAILABLE","AMC_MONTHLY_PORTFOLIO","https://mutualfund.adityabirlacapital.com/statutory-disclosures/monthly-portfolio","",0,0,0,0,0,0,0,0,0,0,0,0,0,0,0,false,"AWAITING_MONTHLY_DISCLOSURE"
"150482","Aditya Birla Sun Life Long Term Fund - Regular Plan - GROWTH","Aditya Birla Sun Life Mutual Fund","ADITYA_BIRLA_SU_MF","INF209KB14J9","REGULAR","GROWTH","","SOURCE_UNAVAILABLE","AMC_MONTHLY_PORTFOLIO","https://mutualfund.adityabirlacapital.com/statutory-disclosures/monthly-portfolio","",0,0,0,0,0,0,0,0,0,0,0,0,0,0,0,false,"AWAITING_MONTHLY_DISCLOSURE"
"100064","Aditya Birla Sun Life MNC Fund - Regular Plan - GROWTH","Aditya Birla Sun Life Mutual Fund","ADITYA_BIRLA_SU_MF","INF209K01322","REGULAR","GROWTH","","SOURCE_UNAVAILABLE","AMC_MONTHLY_PORTFOLIO","https://mutualfund.adityabirlacapital.com/statutory-disclosures/monthly-portfolio","",0,0,0,0,0,0,0,0,0,0,0,0,0,0,0,false,"AWAITING_MONTHLY_DISCLOSURE"
"133513","Aditya Birla Sun Life Manufacturing Equity Fund - Regular Plan - GROWTH","Aditya Birla Sun Life Mutual Fund","ADITYA_BIRLA_SU_MF","INF209KA1YH6","REGULAR","GROWTH","","SOURCE_UNAVAILABLE","AMC_MONTHLY_PORTFOLIO","https://mutualfund.adityabirlacapital.com/statutory-disclosures/monthly-portfolio","",0,0,0,0,0,0,0,0,0,0,0,0,0,0,0,false,"AWAITING_MONTHLY_DISCLOSURE"
"111803","Aditya Birla Sun Life Medium Term Fund - Regular Plan - GROWTH","Aditya Birla Sun Life Mutual Fund","ADITYA_BIRLA_SU_MF","INF209K01603","REGULAR","GROWTH","","SOURCE_UNAVAILABLE","AMC_MONTHLY_PORTFOLIO","https://mutualfund.adityabirlacapital.com/statutory-disclosures/monthly-portfolio","",0,0,0,0,0,0,0,0,0,0,0,0,0,0,0,false,"AWAITING_MONTHLY_DISCLOSURE"
"100038","Aditya Birla Sun Life Medium to Long Term Fund - Regular Plan - GROWTH","Aditya Birla Sun Life Mutual Fund","ADITYA_BIRLA_SU_MF","INF209K01579","REGULAR","GROWTH","","SOURCE_UNAVAILABLE","AMC_MONTHLY_PORTFOLIO","https://mutualfund.adityabirlacapital.com/statutory-disclosures/monthly-portfolio","",0,0,0,0,0,0,0,0,0,0,0,0,0,0,0,false,"AWAITING_MONTHLY_DISCLOSURE"
"101592","Aditya Birla Sun Life Midcap Fund - Regular Plan - GROWTH","Aditya Birla Sun Life Mutual Fund","ADITYA_BIRLA_SU_MF","INF209K01363","REGULAR","GROWTH","","SOURCE_UNAVAILABLE","AMC_MONTHLY_PORTFOLIO","https://mutualfund.adityabirlacapital.com/statutory-disclosures/monthly-portfolio","",0,0,0,0,0,0,0,0,0,0,0,0,0,0,0,false,"AWAITING_MONTHLY_DISCLOSURE"
"101976","Aditya Birla Sun Life Money Market Fund - Regular Plan - GROWTH","Aditya Birla Sun Life Mutual Fund","ADITYA_BIRLA_SU_MF","INF209K01RV7","REGULAR","GROWTH","","SOURCE_UNAVAILABLE","AMC_MONTHLY_PORTFOLIO","https://mutualfund.adityabirlacapital.com/statutory-disclosures/monthly-portfolio","",0,0,0,0,0,0,0,0,0,0,0,0,0,0,0,false,"AWAITING_MONTHLY_DISCLOSURE"
"151309","Aditya Birla Sun Life Multi Asset Allocation Fund - Regular Plan - GROWTH","Aditya Birla Sun Life Mutual Fund","ADITYA_BIRLA_SU_MF","INF209KB12R6","REGULAR","GROWTH","","SOURCE_UNAVAILABLE","AMC_MONTHLY_PORTFOLIO","https://mutualfund.adityabirlacapital.com/statutory-disclosures/monthly-portfolio","",0,0,0,0,0,0,0,0,0,0,0,0,0,0,0,false,"AWAITING_MONTHLY_DISCLOSURE"
"131864","Aditya Birla Sun Life Multi Asset Omni FoF - Regular Plan - GROWTH","Aditya Birla Sun Life Mutual Fund","ADITYA_BIRLA_SU_MF","INF084M01AE2","REGULAR","GROWTH","","SOURCE_UNAVAILABLE","AMC_MONTHLY_PORTFOLIO","https://mutualfund.adityabirlacapital.com/statutory-disclosures/monthly-portfolio","",0,0,0,0,0,0,0,0,0,0,0,0,0,0,0,false,"AWAITING_MONTHLY_DISCLOSURE"
"150690","Aditya Birla Sun Life Multi-Asset Passive FOF - Regular Plan - GROWTH","Aditya Birla Sun Life Mutual Fund","ADITYA_BIRLA_SU_MF","INF209KB12M7","REGULAR","GROWTH","","SOURCE_UNAVAILABLE","AMC_MONTHLY_PORTFOLIO","https://mutualfund.adityabirlacapital.com/statutory-disclosures/monthly-portfolio","",0,0,0,0,0,0,0,0,0,0,0,0,0,0,0,false,"AWAITING_MONTHLY_DISCLOSURE"
"148918","Aditya Birla Sun Life Multi-Cap Fund - Regular Plan - GROWTH","Aditya Birla Sun Life Mutual Fund","ADITYA_BIRLA_SU_MF","INF209KB1Y23","REGULAR","GROWTH","","SOURCE_UNAVAILABLE","AMC_MONTHLY_PORTFOLIO","https://mutualfund.adityabirlacapital.com/statutory-disclosures/monthly-portfolio","",0,0,0,0,0,0,0,0,0,0,0,0,0,0,0,false,"AWAITING_MONTHLY_DISCLOSURE"
"148965","Aditya Birla Sun Life Nifty 50 Equal Weight index Fund - Regular Plan - GROWTH","Aditya Birla Sun Life Mutual Fund","ADITYA_BIRLA_SU_MF","INF209KB1Z48","REGULAR","GROWTH","","SOURCE_UNAVAILABLE","AMC_MONTHLY_PORTFOLIO","https://mutualfund.adityabirlacapital.com/statutory-disclosures/monthly-portfolio","",0,0,0,0,0,0,0,0,0,0,0,0,0,0,0,false,"AWAITING_MONTHLY_DISCLOSURE"
"101314","Aditya Birla Sun Life Nifty 50 Index Fund - Regular Plan - GROWTH","Aditya Birla Sun Life Mutual Fund","ADITYA_BIRLA_SU_MF","INF209K01LB2","REGULAR","GROWTH","","SOURCE_UNAVAILABLE","AMC_MONTHLY_PORTFOLIO","https://mutualfund.adityabirlacapital.com/statutory-disclosures/monthly-portfolio","",0,0,0,0,0,0,0,0,0,0,0,0,0,0,0,false,"AWAITING_MONTHLY_DISCLOSURE"
"152800","Aditya Birla Sun Life Nifty India Defence Index Fund - Regular Plan - GROWTH","Aditya Birla Sun Life Mutual Fund","ADITYA_BIRLA_SU_MF","INF209KC1159","REGULAR","GROWTH","","SOURCE_UNAVAILABLE","AMC_MONTHLY_PORTFOLIO","https://mutualfund.adityabirlacapital.com/statutory-disclosures/monthly-portfolio","",0,0,0,0,0,0,0,0,0,0,0,0,0,0,0,false,"AWAITING_MONTHLY_DISCLOSURE"
"148805","Aditya Birla Sun Life Nifty Midcap 150 Index Fund - Regular Plan - GROWTH","Aditya Birla Sun Life Mutual Fund","ADITYA_BIRLA_SU_MF","INF209KB1W41","REGULAR","GROWTH","","SOURCE_UNAVAILABLE","AMC_MONTHLY_PORTFOLIO","https://mutualfund.adityabirlacapital.com/statutory-disclosures/monthly-portfolio","",0,0,0,0,0,0,0,0,0,0,0,0,0,0,0,false,"AWAITING_MONTHLY_DISCLOSURE"
"149837","Aditya Birla Sun Life Nifty Next 50 Index Fund - Regular Plan - GROWTH","Aditya Birla Sun Life Mutual Fund","ADITYA_BIRLA_SU_MF","INF209KB12G9","REGULAR","GROWTH","","SOURCE_UNAVAILABLE","AMC_MONTHLY_PORTFOLIO","https://mutualfund.adityabirlacapital.com/statutory-disclosures/monthly-portfolio","",0,0,0,0,0,0,0,0,0,0,0,0,0,0,0,false,"AWAITING_MONTHLY_DISCLOSURE"
"149792","Aditya Birla Sun Life Nifty SDL Apr 2027 Index Fund - Regular Plan - GROWTH","Aditya Birla Sun Life Mutual Fund","ADITYA_BIRLA_SU_MF","INF209KB19E9","REGULAR","GROWTH","","SOURCE_UNAVAILABLE","AMC_MONTHLY_PORTFOLIO","https://mutualfund.adityabirlacapital.com/statutory-disclosures/monthly-portfolio","",0,0,0,0,0,0,0,0,0,0,0,0,0,0,0,false,"AWAITING_MONTHLY_DISCLOSURE"
"149198","Aditya Birla Sun Life Nifty SDL Plus PSU Bond SEP 2026 60:40 Index Fund - Regular Plan - GROWTH","Aditya Birla Sun Life Mutual Fund","ADITYA_BIRLA_SU_MF","INF209KB16B1","REGULAR","GROWTH","","SOURCE_UNAVAILABLE","AMC_MONTHLY_PORTFOLIO","https://mutualfund.adityabirlacapital.com/statutory-disclosures/monthly-portfolio","",0,0,0,0,0,0,0,0,0,0,0,0,0,0,0,false,"AWAITING_MONTHLY_DISCLOSURE"
"151560","Aditya Birla Sun Life Nifty SDL SEP 2027 Index Fund - Regular Plan - GROWTH","Aditya Birla Sun Life Mutual Fund","ADITYA_BIRLA_SU_MF","INF209KB14T8","REGULAR","GROWTH","","SOURCE_UNAVAILABLE","AMC_MONTHLY_PORTFOLIO","https://mutualfund.adityabirlacapital.com/statutory-disclosures/monthly-portfolio","",0,0,0,0,0,0,0,0,0,0,0,0,0,0,0,false,"AWAITING_MONTHLY_DISCLOSURE"
"148811","Aditya Birla Sun Life Nifty Smallcap 50 Index Fund - Regular Plan - GROWTH","Aditya Birla Sun Life Mutual Fund","ADITYA_BIRLA_SU_MF","INF209KB1V83","REGULAR","GROWTH","","SOURCE_UNAVAILABLE","AMC_MONTHLY_PORTFOLIO","https://mutualfund.adityabirlacapital.com/statutory-disclosures/monthly-portfolio","",0,0,0,0,0,0,0,0,0,0,0,0,0,0,0,false,"AWAITING_MONTHLY_DISCLOSURE"
"147846","Aditya Birla Sun Life PSU Equity Fund - Regular Plan - GROWTH","Aditya Birla Sun Life Mutual Fund","ADITYA_BIRLA_SU_MF","INF209KB1O66","REGULAR","GROWTH","","SOURCE_UNAVAILABLE","AMC_MONTHLY_PORTFOLIO","https://mutualfund.adityabirlacapital.com/statutory-disclosures/monthly-portfolio","",0,0,0,0,0,0,0,0,0,0,0,0,0,0,0,false,"AWAITING_MONTHLY_DISCLOSURE"
"147407","Aditya Birla Sun Life Pharma and Healthcare Fund - Regular Plan - Growth","Aditya Birla Sun Life Mutual Fund","ADITYA_BIRLA_SU_MF","INF209KB1N91","REGULAR","GROWTH","","SOURCE_UNAVAILABLE","AMC_MONTHLY_PORTFOLIO","https://mutualfund.adityabirlacapital.com/statutory-disclosures/monthly-portfolio","",0,0,0,0,0,0,0,0,0,0,0,0,0,0,0,false,"AWAITING_MONTHLY_DISCLOSURE"
"152686","Aditya Birla Sun Life Quant Fund - Regular Plan - GROWTH","Aditya Birla Sun Life Mutual Fund","ADITYA_BIRLA_SU_MF","INF209KC1092","REGULAR","GROWTH","","SOURCE_UNAVAILABLE","AMC_MONTHLY_PORTFOLIO","https://mutualfund.adityabirlacapital.com/statutory-disclosures/monthly-portfolio","",0,0,0,0,0,0,0,0,0,0,0,0,0,0,0,false,"AWAITING_MONTHLY_DISCLOSURE"
"146577","Aditya Birla Sun Life Retirement Fund-The 30s Plan - Regular Plan - GROWTH","Aditya Birla Sun Life Mutual Fund","ADITYA_BIRLA_SU_MF","INF209KB1H99","REGULAR","GROWTH","","SOURCE_UNAVAILABLE","AMC_MONTHLY_PORTFOLIO","https://mutualfund.adityabirlacapital.com/statutory-disclosures/monthly-portfolio","",0,0,0,0,0,0,0,0,0,0,0,0,0,0,0,false,"AWAITING_MONTHLY_DISCLOSURE"
"146929","Aditya Birla Sun Life Retirement Fund-The 40s Plan - Regular Plan - GROWTH","Aditya Birla Sun Life Mutual Fund","ADITYA_BIRLA_SU_MF","INF209KB1I56","REGULAR","GROWTH","","SOURCE_UNAVAILABLE","AMC_MONTHLY_PORTFOLIO","https://mutualfund.adityabirlacapital.com/statutory-disclosures/monthly-portfolio","",0,0,0,0,0,0,0,0,0,0,0,0,0,0,0,false,"AWAITING_MONTHLY_DISCLOSURE"
"146938","Aditya Birla Sun Life Retirement Fund-The 50s Plan - Regular Plan - GROWTH","Aditya Birla Sun Life Mutual Fund","ADITYA_BIRLA_SU_MF","INF209KB1J14","REGULAR","GROWTH","","SOURCE_UNAVAILABLE","AMC_MONTHLY_PORTFOLIO","https://mutualfund.adityabirlacapital.com/statutory-disclosures/monthly-portfolio","",0,0,0,0,0,0,0,0,0,0,0,0,0,0,0,false,"AWAITING_MONTHLY_DISCLOSURE"
"146941","Aditya Birla Sun Life Retirement Fund-The 50s Plus-Debt Plan - Regular Plan - GROWTH","Aditya Birla Sun Life Mutual Fund","ADITYA_BIRLA_SU_MF","INF209KB1J71","REGULAR","GROWTH","","SOURCE_UNAVAILABLE","AMC_MONTHLY_PORTFOLIO","https://mutualfund.adityabirlacapital.com/statutory-disclosures/monthly-portfolio","",0,0,0,0,0,0,0,0,0,0,0,0,0,0,0,false,"AWAITING_MONTHLY_DISCLOSURE"
"101844","Aditya Birla Sun Life Short Term Fund - Regular Plan - GROWTH","Aditya Birla Sun Life Mutual Fund","ADITYA_BIRLA_SU_MF","INF209K01942","REGULAR","GROWTH","","SOURCE_UNAVAILABLE","AMC_MONTHLY_PORTFOLIO","https://mutualfund.adityabirlacapital.com/statutory-disclosures/monthly-portfolio","",0,0,0,0,0,0,0,0,0,0,0,0,0,0,0,false,"AWAITING_MONTHLY_DISCLOSURE"
"149783","Aditya Birla Sun Life Silver ETF FOF - Regular Plan - GROWTH","Aditya Birla Sun Life Mutual Fund","ADITYA_BIRLA_SU_MF","INF209KB13F9","REGULAR","GROWTH","","SOURCE_UNAVAILABLE","AMC_MONTHLY_PORTFOLIO","https://mutualfund.adityabirlacapital.com/statutory-disclosures/monthly-portfolio","",0,0,0,0,0,0,0,0,0,0,0,0,0,0,0,false,"AWAITING_MONTHLY_DISCLOSURE"
"105804","Aditya Birla Sun Life Small Cap Fund - Regular Plan - GROWTH","Aditya Birla Sun Life Mutual Fund","ADITYA_BIRLA_SU_MF","INF209K01EN2","REGULAR","GROWTH","","SOURCE_UNAVAILABLE","AMC_MONTHLY_PORTFOLIO","https://mutualfund.adityabirlacapital.com/statutory-disclosures/monthly-portfolio","",0,0,0,0,0,0,0,0,0,0,0,0,0,0,0,false,"AWAITING_MONTHLY_DISCLOSURE"
"148537","Aditya Birla Sun Life Special Opportunities Fund - Regular Plan - GROWTH","Aditya Birla Sun Life Mutual Fund","ADITYA_BIRLA_SU_MF","INF209KB1T46","REGULAR","GROWTH","","SOURCE_UNAVAILABLE","AMC_MONTHLY_PORTFOLIO","https://mutualfund.adityabirlacapital.com/statutory-disclosures/monthly-portfolio","",0,0,0,0,0,0,0,0,0,0,0,0,0,0,0,false,"AWAITING_MONTHLY_DISCLOSURE"
"152161","Aditya Birla Sun Life Transportation and Logistics Fund - Regular Plan - GROWTH","Aditya Birla Sun Life Mutual Fund","ADITYA_BIRLA_SU_MF","INF209KB17X3","REGULAR","GROWTH","","SOURCE_UNAVAILABLE","AMC_MONTHLY_PORTFOLIO","https://mutualfund.adityabirlacapital.com/statutory-disclosures/monthly-portfolio","",0,0,0,0,0,0,0,0,0,0,0,0,0,0,0,false,"AWAITING_MONTHLY_DISCLOSURE"
"149290","Aditya Birla Sun Life US Equity Passive FOF - Regular Plan - GROWTH","Aditya Birla Sun Life Mutual Fund","ADITYA_BIRLA_SU_MF","INF209KB15C1","REGULAR","GROWTH","","SOURCE_UNAVAILABLE","AMC_MONTHLY_PORTFOLIO","https://mutualfund.adityabirlacapital.com/statutory-disclosures/monthly-portfolio","",0,0,0,0,0,0,0,0,0,0,0,0,0,0,0,false,"AWAITING_MONTHLY_DISCLOSURE"
"152142","Aditya Birla Sun Life US Treasury 1-3 Year Bond ETFs Passive FOF - Regular Plan - GROWTH","Aditya Birla Sun Life Mutual Fund","ADITYA_BIRLA_SU_MF","INF209KB13W4","REGULAR","GROWTH","","SOURCE_UNAVAILABLE","AMC_MONTHLY_PORTFOLIO","https://mutualfund.adityabirlacapital.com/statutory-disclosures/monthly-portfolio","",0,0,0,0,0,0,0,0,0,0,0,0,0,0,0,false,"AWAITING_MONTHLY_DISCLOSURE"
"152147","Aditya Birla Sun Life US Treasury 3-10 Year Bond ETFs Passive FOF - Regular Plan - GROWTH","Aditya Birla Sun Life Mutual Fund","ADITYA_BIRLA_SU_MF","INF209KB19W1","REGULAR","GROWTH","","SOURCE_UNAVAILABLE","AMC_MONTHLY_PORTFOLIO","https://mutualfund.adityabirlacapital.com/statutory-disclosures/monthly-portfolio","",0,0,0,0,0,0,0,0,0,0,0,0,0,0,0,false,"AWAITING_MONTHLY_DISCLOSURE"
"101317","Aditya Birla Sun Life Ultra Short Term Fund - Regular Plan - GROWTH","Aditya Birla Sun Life Mutual Fund","ADITYA_BIRLA_SU_MF","INF209K01LZ1","REGULAR","GROWTH","","SOURCE_UNAVAILABLE","AMC_MONTHLY_PORTFOLIO","https://mutualfund.adityabirlacapital.com/statutory-disclosures/monthly-portfolio","",0,0,0,0,0,0,0,0,0,0,0,0,0,0,0,false,"AWAITING_MONTHLY_DISCLOSURE"
"103192","Aditya Birla Sun Life Ultra short to short term Fund - Regular Plan - GROWTH","Aditya Birla Sun Life Mutual Fund","ADITYA_BIRLA_SU_MF","INF209K01LQ0","REGULAR","GROWTH","","SOURCE_UNAVAILABLE","AMC_MONTHLY_PORTFOLIO","https://mutualfund.adityabirlacapital.com/statutory-disclosures/monthly-portfolio","",0,0,0,0,0,0,0,0,0,0,0,0,0,0,0,false,"AWAITING_MONTHLY_DISCLOSURE"
"108167","Aditya Birla Sun Life Value Fund - Regular Plan - GROWTH","Aditya Birla Sun Life Mutual Fund","ADITYA_BIRLA_SU_MF","INF209K01LF3","REGULAR","GROWTH","","SOURCE_UNAVAILABLE","AMC_MONTHLY_PORTFOLIO","https://mutualfund.adityabirlacapital.com/statutory-disclosures/monthly-portfolio","",0,0,0,0,0,0,0,0,0,0,0,0,0,0,0,false,"AWAITING_MONTHLY_DISCLOSURE"
"154567","ALPHAGREP LIQUID OMNI FOF - Regular Plan - Growth","AlphaGrep Mutual Fund","ALPHAGREP_MF","INF2VOA01160","REGULAR","GROWTH","","SOURCE_UNAVAILABLE","AMC_MONTHLY_PORTFOLIO","https://www.alphagrepamc.com/statutory-disclosures/monthly-portfolio","",0,0,0,0,0,0,0,0,0,0,0,0,0,0,0,false,"AWAITING_MONTHLY_DISCLOSURE"
"154519","AlphaGrep Flexi Cap Fund - Regular Plan - Growth","AlphaGrep Mutual Fund","ALPHAGREP_MF","INF2VOA01103","REGULAR","GROWTH","","SOURCE_UNAVAILABLE","AMC_MONTHLY_PORTFOLIO","https://www.alphagrepamc.com/statutory-disclosures/monthly-portfolio","",0,0,0,0,0,0,0,0,0,0,0,0,0,0,0,false,"AWAITING_MONTHLY_DISCLOSURE"
"154440","AlphaGrep Multi Asset Allocation Fund - Regular Plan - Growth","AlphaGrep Mutual Fund","ALPHAGREP_MF","INF2VOA01046","REGULAR","GROWTH","","SOURCE_UNAVAILABLE","AMC_MONTHLY_PORTFOLIO","https://www.alphagrepamc.com/statutory-disclosures/monthly-portfolio","",0,0,0,0,0,0,0,0,0,0,0,0,0,0,0,false,"AWAITING_MONTHLY_DISCLOSURE"
"153828","ANGEL ONE GOLD ETF FOF - Regular Plan - Growth","Angel One Mutual Fund","ANGEL_ONE_MF","INF1J2R01106","REGULAR","GROWTH","","SOURCE_UNAVAILABLE","AMC_MONTHLY_PORTFOLIO","https://www.angelonemf.com/statutory-disclosures/monthly-portfolio","",0,0,0,0,0,0,0,0,0,0,0,0,0,0,0,false,"AWAITING_MONTHLY_DISCLOSURE"
"153530","ANGEL ONE NIFTY 50 INDEX FUND - Regular Plan - Growth","Angel One Mutual Fund","ANGEL_ONE_MF","INF1J2R01080","REGULAR","GROWTH","","SOURCE_UNAVAILABLE","AMC_MONTHLY_PORTFOLIO","https://www.angelonemf.com/statutory-disclosures/monthly-portfolio","",0,0,0,0,0,0,0,0,0,0,0,0,0,0,0,false,"AWAITING_MONTHLY_DISCLOSURE"
"153331","ANGEL ONE NIFTY TOTAL MARKET INDEX FUND - Regular Plan - Growth","Angel One Mutual Fund","ANGEL_ONE_MF","INF1J2R01031","REGULAR","GROWTH","","SOURCE_UNAVAILABLE","AMC_MONTHLY_PORTFOLIO","https://www.angelonemf.com/statutory-disclosures/monthly-portfolio","",0,0,0,0,0,0,0,0,0,0,0,0,0,0,0,false,"AWAITING_MONTHLY_DISCLOSURE"
"153955","ANGEL ONE NIFTY TOTAL MARKET MOMENTUM QUALITY 50 INDEX FUND - Regular Plan - Growth","Angel One Mutual Fund","ANGEL_ONE_MF","INF1J2R01130","REGULAR","GROWTH","","SOURCE_UNAVAILABLE","AMC_MONTHLY_PORTFOLIO","https://www.angelonemf.com/statutory-disclosures/monthly-portfolio","",0,0,0,0,0,0,0,0,0,0,0,0,0,0,0,false,"AWAITING_MONTHLY_DISCLOSURE"
"154207","ANGEL ONE SILVER ETF FOF - Regular Plan - Growth","Angel One Mutual Fund","ANGEL_ONE_MF","INF1J2R01163","REGULAR","GROWTH","","SOURCE_UNAVAILABLE","AMC_MONTHLY_PORTFOLIO","https://www.angelonemf.com/statutory-disclosures/monthly-portfolio","",0,0,0,0,0,0,0,0,0,0,0,0,0,0,0,false,"AWAITING_MONTHLY_DISCLOSURE"
"141593","AXIS Corporate Bond Fund - Regular Plan - Growth Option","Axis Mutual Fund","AXIS_MF","INF846K01ZU1","REGULAR","GROWTH","","SOURCE_UNAVAILABLE","AMC_MONTHLY_PORTFOLIO","https://www.axismf.com/statutory-disclosures/monthly-portfolio","",0,0,0,0,0,0,0,0,0,0,0,0,0,0,0,false,"AWAITING_MONTHLY_DISCLOSURE"
"144393","Axis Aggressive Hybrid Fund - Regular Plan - Growth Option","Axis Mutual Fund","AXIS_MF","INF846K01E90","REGULAR","GROWTH","","SOURCE_UNAVAILABLE","AMC_MONTHLY_PORTFOLIO","https://www.axismf.com/statutory-disclosures/monthly-portfolio","",0,0,0,0,0,0,0,0,0,0,0,0,0,0,0,false,"AWAITING_MONTHLY_DISCLOSURE"
"130771","Axis Arbitrage Fund - Regular Plan - Growth Option","Axis Mutual Fund","AXIS_MF","INF846K01QC8","REGULAR","GROWTH","","SOURCE_UNAVAILABLE","AMC_MONTHLY_PORTFOLIO","https://www.axismf.com/statutory-disclosures/monthly-portfolio","",0,0,0,0,0,0,0,0,0,0,0,0,0,0,0,false,"AWAITING_MONTHLY_DISCLOSURE"
"154170","Axis BSE India Sector Leaders Index Fund - Regular Plan - Growth Option","Axis Mutual Fund","AXIS_MF","INF846KA1416","REGULAR","GROWTH","","SOURCE_UNAVAILABLE","AMC_MONTHLY_PORTFOLIO","https://www.axismf.com/statutory-disclosures/monthly-portfolio","",0,0,0,0,0,0,0,0,0,0,0,0,0,0,0,false,"AWAITING_MONTHLY_DISCLOSURE"
"152421","Axis BSE Sensex Index Fund - Regular Plan - Growth Option","Axis Mutual Fund","AXIS_MF","INF846K014V2","REGULAR","GROWTH","","SOURCE_UNAVAILABLE","AMC_MONTHLY_PORTFOLIO","https://www.axismf.com/statutory-disclosures/monthly-portfolio","",0,0,0,0,0,0,0,0,0,0,0,0,0,0,0,false,"AWAITING_MONTHLY_DISCLOSURE"
"141644","Axis Balanced Advantage Fund - Regular Plan - Growth Option","Axis Mutual Fund","AXIS_MF","INF846K01A52","REGULAR","GROWTH","","SOURCE_UNAVAILABLE","AMC_MONTHLY_PORTFOLIO","https://www.axismf.com/statutory-disclosures/monthly-portfolio","",0,0,0,0,0,0,0,0,0,0,0,0,0,0,0,false,"AWAITING_MONTHLY_DISCLOSURE"
"117446","Axis Banking and PSU Debt Fund - Regular Plan - Growth option","Axis Mutual Fund","AXIS_MF","INF846K01CB0","REGULAR","GROWTH","","SOURCE_UNAVAILABLE","AMC_MONTHLY_PORTFOLIO","https://www.axismf.com/statutory-disclosures/monthly-portfolio","",0,0,0,0,0,0,0,0,0,0,0,0,0,0,0,false,"AWAITING_MONTHLY_DISCLOSURE"
"151366","Axis Business Cycles Fund - Regular Plan - Growth Option","Axis Mutual Fund","AXIS_MF","INF846K019N8","REGULAR","GROWTH","","SOURCE_UNAVAILABLE","AMC_MONTHLY_PORTFOLIO","https://www.axismf.com/statutory-disclosures/monthly-portfolio","",0,0,0,0,0,0,0,0,0,0,0,0,0,0,0,false,"AWAITING_MONTHLY_DISCLOSURE"
"151297","Axis CRISIL IBX 50:50 Gilt Plus SDL June 2028 Index Fund - Regular Plan - Growth Option","Axis Mutual Fund","AXIS_MF","INF846K013N1","REGULAR","GROWTH","","SOURCE_UNAVAILABLE","AMC_MONTHLY_PORTFOLIO","https://www.axismf.com/statutory-disclosures/monthly-portfolio","",0,0,0,0,0,0,0,0,0,0,0,0,0,0,0,false,"AWAITING_MONTHLY_DISCLOSURE"
"149872","Axis CRISIL IBX SDL May 2027 Index Fund - Regular Plan - Growth Option","Axis Mutual Fund","AXIS_MF","INF846K010H9","REGULAR","GROWTH","","SOURCE_UNAVAILABLE","AMC_MONTHLY_PORTFOLIO","https://www.axismf.com/statutory-disclosures/monthly-portfolio","",0,0,0,0,0,0,0,0,0,0,0,0,0,0,0,false,"AWAITING_MONTHLY_DISCLOSURE"
"153050","Axis CRISIL-IBX AAA Bond Financial Services - Sep 2027 Index Fund - Regular Plan - Growth Option","Axis Mutual Fund","AXIS_MF","INF846K014Y6","REGULAR","GROWTH","","SOURCE_UNAVAILABLE","AMC_MONTHLY_PORTFOLIO","https://www.axismf.com/statutory-disclosures/monthly-portfolio","",0,0,0,0,0,0,0,0,0,0,0,0,0,0,0,false,"AWAITING_MONTHLY_DISCLOSURE"
"152886","Axis CRISIL-IBX AAA Bond NBFC - Jun 2027 Index Fund - Regular Plan - Growth Option","Axis Mutual Fund","AXIS_MF","INF846K016X3","REGULAR","GROWTH","","SOURCE_UNAVAILABLE","AMC_MONTHLY_PORTFOLIO","https://www.axismf.com/statutory-disclosures/monthly-portfolio","",0,0,0,0,0,0,0,0,0,0,0,0,0,0,0,false,"AWAITING_MONTHLY_DISCLOSURE"
"153174","Axis CRISIL-IBX AAA Bond NBFC-HFC - Jun 2027 Index Fund - Regular Plan - Growth option","Axis Mutual Fund","AXIS_MF","INF846K016Z8","REGULAR","GROWTH","","SOURCE_UNAVAILABLE","AMC_MONTHLY_PORTFOLIO","https://www.axismf.com/statutory-disclosures/monthly-portfolio","",0,0,0,0,0,0,0,0,0,0,0,0,0,0,0,false,"AWAITING_MONTHLY_DISCLOSURE"
"153880","Axis CRISIL-IBX Financial Services 3-6 Months Debt Index Fund - Regular Plan - Growth option","Axis Mutual Fund","AXIS_MF","INF846KA1218","REGULAR","GROWTH","","SOURCE_UNAVAILABLE","AMC_MONTHLY_PORTFOLIO","https://www.axismf.com/statutory-disclosures/monthly-portfolio","",0,0,0,0,0,0,0,0,0,0,0,0,0,0,0,false,"AWAITING_MONTHLY_DISCLOSURE"
"135766","Axis Children's Fund - Regular Plan - Growth Option","Axis Mutual Fund","AXIS_MF","INF846K01WM5","REGULAR","GROWTH","","SOURCE_UNAVAILABLE","AMC_MONTHLY_PORTFOLIO","https://www.axismf.com/statutory-disclosures/monthly-portfolio","",0,0,0,0,0,0,0,0,0,0,0,0,0,0,0,false,"AWAITING_MONTHLY_DISCLOSURE"
"135759","Axis Children's Fund - Regular Plan - Growth Option","Axis Mutual Fund","AXIS_MF","INF846K01WJ1","REGULAR","GROWTH","","SOURCE_UNAVAILABLE","AMC_MONTHLY_PORTFOLIO","https://www.axismf.com/statutory-disclosures/monthly-portfolio","",0,0,0,0,0,0,0,0,0,0,0,0,0,0,0,false,"AWAITING_MONTHLY_DISCLOSURE"
"112924","Axis Conservative Hybrid Fund - Regular Plan - Growth Option","Axis Mutual Fund","AXIS_MF","INF846K01693","REGULAR","GROWTH","","SOURCE_UNAVAILABLE","AMC_MONTHLY_PORTFOLIO","https://www.axismf.com/statutory-disclosures/monthly-portfolio","",0,0,0,0,0,0,0,0,0,0,0,0,0,0,0,false,"AWAITING_MONTHLY_DISCLOSURE"
"152804","Axis Consumption Fund - Regular Plan - Growth Option","Axis Mutual Fund","AXIS_MF","INF846K010X6","REGULAR","GROWTH","","SOURCE_UNAVAILABLE","AMC_MONTHLY_PORTFOLIO","https://www.axismf.com/statutory-disclosures/monthly-portfolio","",0,0,0,0,0,0,0,0,0,0,0,0,0,0,0,false,"AWAITING_MONTHLY_DISCLOSURE"
"130309","Axis Credit Risk Fund - Regular Plan - Growth Option","Axis Mutual Fund","AXIS_MF","INF846K01PO5","REGULAR","GROWTH","","SOURCE_UNAVAILABLE","AMC_MONTHLY_PORTFOLIO","https://www.axismf.com/statutory-disclosures/monthly-portfolio","",0,0,0,0,0,0,0,0,0,0,0,0,0,0,0,false,"AWAITING_MONTHLY_DISCLOSURE"
"151433","Axis Crisil IBX 50:50 Gilt Plus SDL September 2027 Index Fund - Regular Plan - Growth Option","Axis Mutual Fund","AXIS_MF","INF846K015O4","REGULAR","GROWTH","","SOURCE_UNAVAILABLE","AMC_MONTHLY_PORTFOLIO","https://www.axismf.com/statutory-disclosures/monthly-portfolio","",0,0,0,0,0,0,0,0,0,0,0,0,0,0,0,false,"AWAITING_MONTHLY_DISCLOSURE"
"115068","Axis Dynamic Term Fund - Regular Plan - Growth Option","Axis Mutual Fund","AXIS_MF","INF846K01917","REGULAR","GROWTH","","SOURCE_UNAVAILABLE","AMC_MONTHLY_PORTFOLIO","https://www.axismf.com/statutory-disclosures/monthly-portfolio","",0,0,0,0,0,0,0,0,0,0,0,0,0,0,0,false,"AWAITING_MONTHLY_DISCLOSURE"
"112323","Axis ELSS- Tax Saver Fund - Regular Plan - Growth Option","Axis Mutual Fund","AXIS_MF","INF846K01131","REGULAR","GROWTH","","SOURCE_UNAVAILABLE","AMC_MONTHLY_PORTFOLIO","https://www.axismf.com/statutory-disclosures/monthly-portfolio","",0,0,0,0,0,0,0,0,0,0,0,0,0,0,0,false,"AWAITING_MONTHLY_DISCLOSURE"
"147929","Axis ESG Integration Strategy Fund - Regular Plan - Growth Option","Axis Mutual Fund","AXIS_MF","INF846K01W56","REGULAR","GROWTH","","SOURCE_UNAVAILABLE","AMC_MONTHLY_PORTFOLIO","https://www.axismf.com/statutory-disclosures/monthly-portfolio","",0,0,0,0,0,0,0,0,0,0,0,0,0,0,0,false,"AWAITING_MONTHLY_DISCLOSURE"
"135122","Axis Equity Savings Fund - Regular Plan - Growth Option","Axis Mutual Fund","AXIS_MF","INF846K01VO3","REGULAR","GROWTH","","SOURCE_UNAVAILABLE","AMC_MONTHLY_PORTFOLIO","https://www.axismf.com/statutory-disclosures/monthly-portfolio","",0,0,0,0,0,0,0,0,0,0,0,0,0,0,0,false,"AWAITING_MONTHLY_DISCLOSURE"
"154241","Axis Fixed Maturity Plan - Series 129 (108 Days) - Regular Plan - Growth Option","Axis Mutual Fund","AXIS_MF","INF846KA1432","REGULAR","GROWTH","","SOURCE_UNAVAILABLE","AMC_MONTHLY_PORTFOLIO","https://www.axismf.com/statutory-disclosures/monthly-portfolio","",0,0,0,0,0,0,0,0,0,0,0,0,0,0,0,false,"AWAITING_MONTHLY_DISCLOSURE"
"154290","Axis Fixed Maturity Plan - Series 130 (92 Days) - Regular Plan - Growth Option","Axis Mutual Fund","AXIS_MF","INF846KA1473","REGULAR","GROWTH","","SOURCE_UNAVAILABLE","AMC_MONTHLY_PORTFOLIO","https://www.axismf.com/statutory-disclosures/monthly-portfolio","",0,0,0,0,0,0,0,0,0,0,0,0,0,0,0,false,"AWAITING_MONTHLY_DISCLOSURE"
"151588","Axis Fixed Term Plan - Series 113 (1228 Days) - Regular Plan - Growth Option","Axis Mutual Fund","AXIS_MF","INF846K014Q2","REGULAR","GROWTH","","SOURCE_UNAVAILABLE","AMC_MONTHLY_PORTFOLIO","https://www.axismf.com/statutory-disclosures/monthly-portfolio","",0,0,0,0,0,0,0,0,0,0,0,0,0,0,0,false,"AWAITING_MONTHLY_DISCLOSURE"
"141927","Axis Flexi Cap Fund - Regular Plan - Growth Option","Axis Mutual Fund","AXIS_MF","INF846K01B51","REGULAR","GROWTH","","SOURCE_UNAVAILABLE","AMC_MONTHLY_PORTFOLIO","https://www.axismf.com/statutory-disclosures/monthly-portfolio","",0,0,0,0,0,0,0,0,0,0,0,0,0,0,0,false,"AWAITING_MONTHLY_DISCLOSURE"
"149048","Axis Floating Interest Rates Fund - Regular Plan - Growth Option","Axis Mutual Fund","AXIS_MF","INF846K012B8","REGULAR","GROWTH","","SOURCE_UNAVAILABLE","AMC_MONTHLY_PORTFOLIO","https://www.axismf.com/statutory-disclosures/monthly-portfolio","",0,0,0,0,0,0,0,0,0,0,0,0,0,0,0,false,"AWAITING_MONTHLY_DISCLOSURE"
"117560","Axis Focused Fund - Regular Plan - Growth Option","Axis Mutual Fund","AXIS_MF","INF846K01CH7","REGULAR","GROWTH","","SOURCE_UNAVAILABLE","AMC_MONTHLY_PORTFOLIO","https://www.axismf.com/statutory-disclosures/monthly-portfolio","",0,0,0,0,0,0,0,0,0,0,0,0,0,0,0,false,"AWAITING_MONTHLY_DISCLOSURE"
"116471","Axis Gilt Fund - Regular Plan - Growth Option","Axis Mutual Fund","AXIS_MF","INF846K01AX8","REGULAR","GROWTH","","SOURCE_UNAVAILABLE","AMC_MONTHLY_PORTFOLIO","https://www.axismf.com/statutory-disclosures/monthly-portfolio","",0,0,0,0,0,0,0,0,0,0,0,0,0,0,0,false,"AWAITING_MONTHLY_DISCLOSURE"
"148486","Axis Global Equity Alpha Fund of Fund - Regular Plan - Growth Option","Axis Mutual Fund","AXIS_MF","INF846K01X30","REGULAR","GROWTH","","SOURCE_UNAVAILABLE","AMC_MONTHLY_PORTFOLIO","https://www.axismf.com/statutory-disclosures/monthly-portfolio","",0,0,0,0,0,0,0,0,0,0,0,0,0,0,0,false,"AWAITING_MONTHLY_DISCLOSURE"
"148953","Axis Global Innovation Fund of Fund - Regular Plan - Growth Option","Axis Mutual Fund","AXIS_MF","INF846K01Z53","REGULAR","GROWTH","","SOURCE_UNAVAILABLE","AMC_MONTHLY_PORTFOLIO","https://www.axismf.com/statutory-disclosures/monthly-portfolio","",0,0,0,0,0,0,0,0,0,0,0,0,0,0,0,false,"AWAITING_MONTHLY_DISCLOSURE"
"115897","Axis Gold Fund - Regular Plan - Growth Option","Axis Mutual Fund","AXIS_MF","INF846K01AL3","REGULAR","GROWTH","","SOURCE_UNAVAILABLE","AMC_MONTHLY_PORTFOLIO","https://www.axismf.com/statutory-disclosures/monthly-portfolio","",0,0,0,0,0,0,0,0,0,0,0,0,0,0,0,false,"AWAITING_MONTHLY_DISCLOSURE"
"154077","Axis Gold and Silver Passive FOF - Regular Plan - Growth Option","Axis Mutual Fund","AXIS_MF","INF846KA1390","REGULAR","GROWTH","","SOURCE_UNAVAILABLE","AMC_MONTHLY_PORTFOLIO","https://www.axismf.com/statutory-disclosures/monthly-portfolio","",0,0,0,0,0,0,0,0,0,0,0,0,0,0,0,false,"AWAITING_MONTHLY_DISCLOSURE"
"148701","Axis Greater China Equity Fund of Fund - Regular Plan - Growth Option","Axis Mutual Fund","AXIS_MF","INF846K01Y62","REGULAR","GROWTH","","SOURCE_UNAVAILABLE","AMC_MONTHLY_PORTFOLIO","https://www.axismf.com/statutory-disclosures/monthly-portfolio","",0,0,0,0,0,0,0,0,0,0,0,0,0,0,0,false,"AWAITING_MONTHLY_DISCLOSURE"
"147890","Axis Income Plus Arbitrage Omni FOF - Regular Plan - Growth Option","Axis Mutual Fund","AXIS_MF","INF846K01V16","REGULAR","GROWTH","","SOURCE_UNAVAILABLE","AMC_MONTHLY_PORTFOLIO","https://www.axismf.com/statutory-disclosures/monthly-portfolio","",0,0,0,0,0,0,0,0,0,0,0,0,0,0,0,false,"AWAITING_MONTHLY_DISCLOSURE"
"153927","Axis Income Plus Arbitrage Passive FOF - Regular Plan - Growth Option","Axis Mutual Fund","AXIS_MF","INF846KA1275","REGULAR","GROWTH","","SOURCE_UNAVAILABLE","AMC_MONTHLY_PORTFOLIO","https://www.axismf.com/statutory-disclosures/monthly-portfolio","",0,0,0,0,0,0,0,0,0,0,0,0,0,0,0,false,"AWAITING_MONTHLY_DISCLOSURE"
"152205","Axis India Manufacturing Fund - Regular Plan - Growth Option","Axis Mutual Fund","AXIS_MF","INF846K013S0","REGULAR","GROWTH","","SOURCE_UNAVAILABLE","AMC_MONTHLY_PORTFOLIO","https://www.axismf.com/statutory-disclosures/monthly-portfolio","",0,0,0,0,0,0,0,0,0,0,0,0,0,0,0,false,"AWAITING_MONTHLY_DISCLOSURE"
"148631","Axis Innovation Fund - Regular Plan - Growth Option","Axis Mutual Fund","AXIS_MF","INF846K01Y05","REGULAR","GROWTH","","SOURCE_UNAVAILABLE","AMC_MONTHLY_PORTFOLIO","https://www.axismf.com/statutory-disclosures/monthly-portfolio","",0,0,0,0,0,0,0,0,0,0,0,0,0,0,0,false,"AWAITING_MONTHLY_DISCLOSURE"
"145112","Axis Large & Mid Cap Fund - Regular Plan - Growth Option","Axis Mutual Fund","AXIS_MF","INF846K01J79","REGULAR","GROWTH","","SOURCE_UNAVAILABLE","AMC_MONTHLY_PORTFOLIO","https://www.axismf.com/statutory-disclosures/monthly-portfolio","",0,0,0,0,0,0,0,0,0,0,0,0,0,0,0,false,"AWAITING_MONTHLY_DISCLOSURE"
"112277","Axis Large Cap Fund - Regular Plan - Growth Option","Axis Mutual Fund","AXIS_MF","INF846K01164","REGULAR","GROWTH","","SOURCE_UNAVAILABLE","AMC_MONTHLY_PORTFOLIO","https://www.axismf.com/statutory-disclosures/monthly-portfolio","",0,0,0,0,0,0,0,0,0,0,0,0,0,0,0,false,"AWAITING_MONTHLY_DISCLOSURE"
"112713","Axis Liquid Fund - Growth Option - Regular Plan - Growth","Axis Mutual Fund","AXIS_MF","INF846K01354","REGULAR","GROWTH","","SOURCE_UNAVAILABLE","AMC_MONTHLY_PORTFOLIO","https://www.axismf.com/statutory-disclosures/monthly-portfolio","",0,0,0,0,0,0,0,0,0,0,0,0,0,0,0,false,"AWAITING_MONTHLY_DISCLOSURE"
"112210","Axis Liquid Fund - Regular Plan - Growth Option","Axis Mutual Fund","AXIS_MF","INF846K01412","REGULAR","GROWTH","","SOURCE_UNAVAILABLE","AMC_MONTHLY_PORTFOLIO","https://www.axismf.com/statutory-disclosures/monthly-portfolio","",0,0,0,0,0,0,0,0,0,0,0,0,0,0,0,false,"AWAITING_MONTHLY_DISCLOSURE"
"151178","Axis Long Term Fund - Regular Plan - Growth Option","Axis Mutual Fund","AXIS_MF","INF846K015L0","REGULAR","GROWTH","","SOURCE_UNAVAILABLE","AMC_MONTHLY_PORTFOLIO","https://www.axismf.com/statutory-disclosures/monthly-portfolio","",0,0,0,0,0,0,0,0,0,0,0,0,0,0,0,false,"AWAITING_MONTHLY_DISCLOSURE"
"116894","Axis Medium Term Fund - Regular Plan - Growth Option","Axis Mutual Fund","AXIS_MF","INF846K01BP2","REGULAR","GROWTH","","SOURCE_UNAVAILABLE","AMC_MONTHLY_PORTFOLIO","https://www.axismf.com/statutory-disclosures/monthly-portfolio","",0,0,0,0,0,0,0,0,0,0,0,0,0,0,0,false,"AWAITING_MONTHLY_DISCLOSURE"
"114564","Axis Midcap Fund - Regular Plan - Growth Option","Axis Mutual Fund","AXIS_MF","INF846K01859","REGULAR","GROWTH","","SOURCE_UNAVAILABLE","AMC_MONTHLY_PORTFOLIO","https://www.axismf.com/statutory-disclosures/monthly-portfolio","",0,0,0,0,0,0,0,0,0,0,0,0,0,0,0,false,"AWAITING_MONTHLY_DISCLOSURE"
"153085","Axis Momentum Fund - Regular Plan - Growth Option","Axis Mutual Fund","AXIS_MF","INF846K010Z1","REGULAR","GROWTH","","SOURCE_UNAVAILABLE","AMC_MONTHLY_PORTFOLIO","https://www.axismf.com/statutory-disclosures/monthly-portfolio","",0,0,0,0,0,0,0,0,0,0,0,0,0,0,0,false,"AWAITING_MONTHLY_DISCLOSURE"
"147568","Axis Money Market Fund - Regular Plan - Growth Option","Axis Mutual Fund","AXIS_MF","INF846K01R46","REGULAR","GROWTH","","SOURCE_UNAVAILABLE","AMC_MONTHLY_PORTFOLIO","https://www.axismf.com/statutory-disclosures/monthly-portfolio","",0,0,0,0,0,0,0,0,0,0,0,0,0,0,0,false,"AWAITING_MONTHLY_DISCLOSURE"
"113064","Axis Multi Asset Allocation Fund - Regular Plan - Growth Option","Axis Mutual Fund","AXIS_MF","INF846K01768","REGULAR","GROWTH","","SOURCE_UNAVAILABLE","AMC_MONTHLY_PORTFOLIO","https://www.axismf.com/statutory-disclosures/monthly-portfolio","",0,0,0,0,0,0,0,0,0,0,0,0,0,0,0,false,"AWAITING_MONTHLY_DISCLOSURE"
"149844","Axis Multi Factor Passive FoF - Regular Plan - Growth Option","Axis Mutual Fund","AXIS_MF","INF846K014G3","REGULAR","GROWTH","","SOURCE_UNAVAILABLE","AMC_MONTHLY_PORTFOLIO","https://www.axismf.com/statutory-disclosures/monthly-portfolio","",0,0,0,0,0,0,0,0,0,0,0,0,0,0,0,false,"AWAITING_MONTHLY_DISCLOSURE"
"153963","Axis Multi-Asset Omni FoF - Regular Plan - Growth Option","Axis Mutual Fund","AXIS_MF","INF846KA1333","REGULAR","GROWTH","","SOURCE_UNAVAILABLE","AMC_MONTHLY_PORTFOLIO","https://www.axismf.com/statutory-disclosures/monthly-portfolio","",0,0,0,0,0,0,0,0,0,0,0,0,0,0,0,false,"AWAITING_MONTHLY_DISCLOSURE"
"149382","Axis Multicap Fund - Regular Plan - Growth Option","Axis Mutual Fund","AXIS_MF","INF846K016E3","REGULAR","GROWTH","","SOURCE_UNAVAILABLE","AMC_MONTHLY_PORTFOLIO","https://www.axismf.com/statutory-disclosures/monthly-portfolio","",0,0,0,0,0,0,0,0,0,0,0,0,0,0,0,false,"AWAITING_MONTHLY_DISCLOSURE"
"150750","Axis NASDAQ 100 US Specific Equity Passive FOF - Regular Plan - Growth Option","Axis Mutual Fund","AXIS_MF","INF846K015K2","REGULAR","GROWTH","","SOURCE_UNAVAILABLE","AMC_MONTHLY_PORTFOLIO","https://www.axismf.com/statutory-disclosures/monthly-portfolio","",0,0,0,0,0,0,0,0,0,0,0,0,0,0,0,false,"AWAITING_MONTHLY_DISCLOSURE"
"147665","Axis Nifty 100 Index Fund - Regular Plan - Growth Option","Axis Mutual Fund","AXIS_MF","INF846K01S52","REGULAR","GROWTH","","SOURCE_UNAVAILABLE","AMC_MONTHLY_PORTFOLIO","https://www.axismf.com/statutory-disclosures/monthly-portfolio","",0,0,0,0,0,0,0,0,0,0,0,0,0,0,0,false,"AWAITING_MONTHLY_DISCLOSURE"
"149371","Axis Nifty 50 Index Fund - Regular Plan - Growth Option","Axis Mutual Fund","AXIS_MF","INF846K016D5","REGULAR","GROWTH","","SOURCE_UNAVAILABLE","AMC_MONTHLY_PORTFOLIO","https://www.axismf.com/statutory-disclosures/monthly-portfolio","",0,0,0,0,0,0,0,0,0,0,0,0,0,0,0,false,"AWAITING_MONTHLY_DISCLOSURE"
"152730","Axis Nifty 500 Index Fund - Regular Plan - Growth Option","Axis Mutual Fund","AXIS_MF","INF846K018W1","REGULAR","GROWTH","","SOURCE_UNAVAILABLE","AMC_MONTHLY_PORTFOLIO","https://www.axismf.com/statutory-disclosures/monthly-portfolio","",0,0,0,0,0,0,0,0,0,0,0,0,0,0,0,false,"AWAITING_MONTHLY_DISCLOSURE"
"152632","Axis Nifty Bank Index Fund - Regular Plan - Growth Option","Axis Mutual Fund","AXIS_MF","INF846K012W4","REGULAR","GROWTH","","SOURCE_UNAVAILABLE","AMC_MONTHLY_PORTFOLIO","https://www.axismf.com/statutory-disclosures/monthly-portfolio","",0,0,0,0,0,0,0,0,0,0,0,0,0,0,0,false,"AWAITING_MONTHLY_DISCLOSURE"
"154597","Axis Nifty Energy Index Fund - Regular Plan - Growth Option","Axis Mutual Fund","AXIS_MF","INF846KA1572","REGULAR","GROWTH","","SOURCE_UNAVAILABLE","AMC_MONTHLY_PORTFOLIO","https://www.axismf.com/statutory-disclosures/monthly-portfolio","",0,0,0,0,0,0,0,0,0,0,0,0,0,0,0,false,"AWAITING_MONTHLY_DISCLOSURE"
"151787","Axis Nifty IT Index Fund - Regular Plan - Growth Option","Axis Mutual Fund","AXIS_MF","INF846K010S6","REGULAR","GROWTH","","SOURCE_UNAVAILABLE","AMC_MONTHLY_PORTFOLIO","https://www.axismf.com/statutory-disclosures/monthly-portfolio","",0,0,0,0,0,0,0,0,0,0,0,0,0,0,0,false,"AWAITING_MONTHLY_DISCLOSURE"
"154327","Axis Nifty India Defence Index Fund - Regular Plan - Growth Option","Axis Mutual Fund","AXIS_MF","INF846KA1515","REGULAR","GROWTH","","SOURCE_UNAVAILABLE","AMC_MONTHLY_PORTFOLIO","https://www.axismf.com/statutory-disclosures/monthly-portfolio","",0,0,0,0,0,0,0,0,0,0,0,0,0,0,0,false,"AWAITING_MONTHLY_DISCLOSURE"
"149938","Axis Nifty Midcap 50 Index Fund - Regular Plan - Growth Option","Axis Mutual Fund","AXIS_MF","INF846K012I3","REGULAR","GROWTH","","SOURCE_UNAVAILABLE","AMC_MONTHLY_PORTFOLIO","https://www.axismf.com/statutory-disclosures/monthly-portfolio","",0,0,0,0,0,0,0,0,0,0,0,0,0,0,0,false,"AWAITING_MONTHLY_DISCLOSURE"
"149467","Axis Nifty Next 50 Index Fund - Regular Plan - Growth Option","Axis Mutual Fund","AXIS_MF","INF846K012F9","REGULAR","GROWTH","","SOURCE_UNAVAILABLE","AMC_MONTHLY_PORTFOLIO","https://www.axismf.com/statutory-disclosures/monthly-portfolio","",0,0,0,0,0,0,0,0,0,0,0,0,0,0,0,false,"AWAITING_MONTHLY_DISCLOSURE"
"150851","Axis Nifty SDL September 2026 Debt Index Fund - Regular Plan - Growth Option","Axis Mutual Fund","AXIS_MF","INF846K011L9","REGULAR","GROWTH","","SOURCE_UNAVAILABLE","AMC_MONTHLY_PORTFOLIO","https://www.axismf.com/statutory-disclosures/monthly-portfolio","",0,0,0,0,0,0,0,0,0,0,0,0,0,0,0,false,"AWAITING_MONTHLY_DISCLOSURE"
"149896","Axis Nifty Smallcap 50 Index Fund - Regular Plan - Growth Option","Axis Mutual Fund","AXIS_MF","INF846K016H6","REGULAR","GROWTH","","SOURCE_UNAVAILABLE","AMC_MONTHLY_PORTFOLIO","https://www.axismf.com/statutory-disclosures/monthly-portfolio","",0,0,0,0,0,0,0,0,0,0,0,0,0,0,0,false,"AWAITING_MONTHLY_DISCLOSURE"
"154459","Axis Nifty50 Equal Weight Index Fund - Regular Plan - Growth Option","Axis Mutual Fund","AXIS_MF","INF846KA1556","REGULAR","GROWTH","","SOURCE_UNAVAILABLE","AMC_MONTHLY_PORTFOLIO","https://www.axismf.com/statutory-disclosures/monthly-portfolio","",0,0,0,0,0,0,0,0,0,0,0,0,0,0,0,false,"AWAITING_MONTHLY_DISCLOSURE"
"153245","Axis Nifty500 Momentum 50 Index Fund - Regular Plan - Growth Option","Axis Mutual Fund","AXIS_MF","INF846KA1036","REGULAR","GROWTH","","SOURCE_UNAVAILABLE","AMC_MONTHLY_PORTFOLIO","https://www.axismf.com/statutory-disclosures/monthly-portfolio","",0,0,0,0,0,0,0,0,0,0,0,0,0,0,0,false,"AWAITING_MONTHLY_DISCLOSURE"
"153830","Axis Nifty500 Quality 50 Index Fund - Regular Plan - Growth Option","Axis Mutual Fund","AXIS_MF","INF846KA1192","REGULAR","GROWTH","","SOURCE_UNAVAILABLE","AMC_MONTHLY_PORTFOLIO","https://www.axismf.com/statutory-disclosures/monthly-portfolio","",0,0,0,0,0,0,0,0,0,0,0,0,0,0,0,false,"AWAITING_MONTHLY_DISCLOSURE"
"152950","Axis Nifty500 Value 50 Index Fund - Regular Plan - Growth Option","Axis Mutual Fund","AXIS_MF","INF846K012Y0","REGULAR","GROWTH","","SOURCE_UNAVAILABLE","AMC_MONTHLY_PORTFOLIO","https://www.axismf.com/statutory-disclosures/monthly-portfolio","",0,0,0,0,0,0,0,0,0,0,0,0,0,0,0,false,"AWAITING_MONTHLY_DISCLOSURE"
"146678","Axis Overnight Fund - Regular Plan - Growth Option","Axis Mutual Fund","AXIS_MF","INF846K01O23","REGULAR","GROWTH","","SOURCE_UNAVAILABLE","AMC_MONTHLY_PORTFOLIO","https://www.axismf.com/statutory-disclosures/monthly-portfolio","",0,0,0,0,0,0,0,0,0,0,0,0,0,0,0,false,"AWAITING_MONTHLY_DISCLOSURE"
"148992","Axis Quant Fund - Regular Plan - Growth Option","Axis Mutual Fund","AXIS_MF","INF846K011A2","REGULAR","GROWTH","","SOURCE_UNAVAILABLE","AMC_MONTHLY_PORTFOLIO","https://www.axismf.com/statutory-disclosures/monthly-portfolio","",0,0,0,0,0,0,0,0,0,0,0,0,0,0,0,false,"AWAITING_MONTHLY_DISCLOSURE"
"147823","Axis Retirement Fund - Aggressive Plan - Regular Plan - Growth Option","Axis Mutual Fund","AXIS_MF","INF846K01T02","REGULAR","GROWTH","","SOURCE_UNAVAILABLE","AMC_MONTHLY_PORTFOLIO","https://www.axismf.com/statutory-disclosures/monthly-portfolio","",0,0,0,0,0,0,0,0,0,0,0,0,0,0,0,false,"AWAITING_MONTHLY_DISCLOSURE"
"147832","Axis Retirement Fund - Conservative Plan - Regular Plan - Growth Option","Axis Mutual Fund","AXIS_MF","INF846K01T85","REGULAR","GROWTH","","SOURCE_UNAVAILABLE","AMC_MONTHLY_PORTFOLIO","https://www.axismf.com/statutory-disclosures/monthly-portfolio","",0,0,0,0,0,0,0,0,0,0,0,0,0,0,0,false,"AWAITING_MONTHLY_DISCLOSURE"
"147828","Axis Retirement Fund - Dynamic Plan - Regular Plan - Growth Option","Axis Mutual Fund","AXIS_MF","INF846K01T44","REGULAR","GROWTH","","SOURCE_UNAVAILABLE","AMC_MONTHLY_PORTFOLIO","https://www.axismf.com/statutory-disclosures/monthly-portfolio","",0,0,0,0,0,0,0,0,0,0,0,0,0,0,0,false,"AWAITING_MONTHLY_DISCLOSURE"
"153621","Axis Services Opportunities Fund - Regular Plan - Growth Option","Axis Mutual Fund","AXIS_MF","INF846KA1135","REGULAR","GROWTH","","SOURCE_UNAVAILABLE","AMC_MONTHLY_PORTFOLIO","https://www.axismf.com/statutory-disclosures/monthly-portfolio","",0,0,0,0,0,0,0,0,0,0,0,0,0,0,0,false,"AWAITING_MONTHLY_DISCLOSURE"
"112721","Axis Short Term Fund - Regular Plan - Growth Option","Axis Mutual Fund","AXIS_MF","INF846K01594","REGULAR","GROWTH","","SOURCE_UNAVAILABLE","AMC_MONTHLY_PORTFOLIO","https://www.axismf.com/statutory-disclosures/monthly-portfolio","",0,0,0,0,0,0,0,0,0,0,0,0,0,0,0,false,"AWAITING_MONTHLY_DISCLOSURE"
"112354","Axis Short Term Fund - Regular Plan - Growth Option","Axis Mutual Fund","AXIS_MF","INF846K01644","REGULAR","GROWTH","","SOURCE_UNAVAILABLE","AMC_MONTHLY_PORTFOLIO","https://www.axismf.com/statutory-disclosures/monthly-portfolio","",0,0,0,0,0,0,0,0,0,0,0,0,0,0,0,false,"AWAITING_MONTHLY_DISCLOSURE"
"150617","Axis Silver Fund of Fund - Regular Plan - Growth Option","Axis Mutual Fund","AXIS_MF","INF846K018J8","REGULAR","GROWTH","","SOURCE_UNAVAILABLE","AMC_MONTHLY_PORTFOLIO","https://www.axismf.com/statutory-disclosures/monthly-portfolio","",0,0,0,0,0,0,0,0,0,0,0,0,0,0,0,false,"AWAITING_MONTHLY_DISCLOSURE"
"125350","Axis Small Cap Fund - Regular Plan - Growth Option","Axis Mutual Fund","AXIS_MF","INF846K01K01","REGULAR","GROWTH","","SOURCE_UNAVAILABLE","AMC_MONTHLY_PORTFOLIO","https://www.axismf.com/statutory-disclosures/monthly-portfolio","",0,0,0,0,0,0,0,0,0,0,0,0,0,0,0,false,"AWAITING_MONTHLY_DISCLOSURE"
"152239","Axis US Specific Treasury Dynamic Debt Passive FOF - Regular Plan - Growth Option","Axis Mutual Fund","AXIS_MF","INF846K013T8","REGULAR","GROWTH","","SOURCE_UNAVAILABLE","AMC_MONTHLY_PORTFOLIO","https://www.axismf.com/statutory-disclosures/monthly-portfolio","",0,0,0,0,0,0,0,0,0,0,0,0,0,0,0,false,"AWAITING_MONTHLY_DISCLOSURE"
"144759","Axis Ultra Short Term Fund - Regular Plan - Growth Option","Axis Mutual Fund","AXIS_MF","INF846K01G23","REGULAR","GROWTH","","SOURCE_UNAVAILABLE","AMC_MONTHLY_PORTFOLIO","https://www.axismf.com/statutory-disclosures/monthly-portfolio","",0,0,0,0,0,0,0,0,0,0,0,0,0,0,0,false,"AWAITING_MONTHLY_DISCLOSURE"
"112214","Axis Ultra Short to Short Term Fund - Regular Plan - Growth Option","Axis Mutual Fund","AXIS_MF","INF846K01537","REGULAR","GROWTH","","SOURCE_UNAVAILABLE","AMC_MONTHLY_PORTFOLIO","https://www.axismf.com/statutory-disclosures/monthly-portfolio","",0,0,0,0,0,0,0,0,0,0,0,0,0,0,0,false,"AWAITING_MONTHLY_DISCLOSURE"
"112717","Axis Ultra Short to Short Term Fund - Regular Plan - Growth Option","Axis Mutual Fund","AXIS_MF","INF846K01479","REGULAR","GROWTH","","SOURCE_UNAVAILABLE","AMC_MONTHLY_PORTFOLIO","https://www.axismf.com/statutory-disclosures/monthly-portfolio","",0,0,0,0,0,0,0,0,0,0,0,0,0,0,0,false,"AWAITING_MONTHLY_DISCLOSURE"
"149167","Axis Value Fund - Regular Plan - Growth Option","Axis Mutual Fund","AXIS_MF","INF846K013C4","REGULAR","GROWTH","","SOURCE_UNAVAILABLE","AMC_MONTHLY_PORTFOLIO","https://www.axismf.com/statutory-disclosures/monthly-portfolio","",0,0,0,0,0,0,0,0,0,0,0,0,0,0,0,false,"AWAITING_MONTHLY_DISCLOSURE"
"152780","BAJAJ FINSERV LARGE CAP FUND - Regular Plan - Growth","Bajaj Finserv Mutual Fund","BAJAJ_FINSERV_MF","INF0QA701862","REGULAR","GROWTH","","SOURCE_UNAVAILABLE","AMC_MONTHLY_PORTFOLIO","https://www.bajajfinservamc.com/statutory-disclosures/monthly-portfolio","",0,0,0,0,0,0,0,0,0,0,0,0,0,0,0,false,"AWAITING_MONTHLY_DISCLOSURE"
"152078","Bajaj Finserv Arbitrage Fund - Regular Plan - Growth","Bajaj Finserv Mutual Fund","BAJAJ_FINSERV_MF","INF0QA701490","REGULAR","GROWTH","","SOURCE_UNAVAILABLE","AMC_MONTHLY_PORTFOLIO","https://www.bajajfinservamc.com/statutory-disclosures/monthly-portfolio","",0,0,0,0,0,0,0,0,0,0,0,0,0,0,0,false,"AWAITING_MONTHLY_DISCLOSURE"
"152196","Bajaj Finserv Balanced Advantage Fund - Regular Plan - Growth","Bajaj Finserv Mutual Fund","BAJAJ_FINSERV_MF","INF0QA701680","REGULAR","GROWTH","","SOURCE_UNAVAILABLE","AMC_MONTHLY_PORTFOLIO","https://www.bajajfinservamc.com/statutory-disclosures/monthly-portfolio","",0,0,0,0,0,0,0,0,0,0,0,0,0,0,0,false,"AWAITING_MONTHLY_DISCLOSURE"
"153935","Bajaj Finserv Banking and Financial Services Fund - Regular Plan - Growth","Bajaj Finserv Mutual Fund","BAJAJ_FINSERV_MF","INF0QA701BW3","REGULAR","GROWTH","","SOURCE_UNAVAILABLE","AMC_MONTHLY_PORTFOLIO","https://www.bajajfinservamc.com/statutory-disclosures/monthly-portfolio","",0,0,0,0,0,0,0,0,0,0,0,0,0,0,0,false,"AWAITING_MONTHLY_DISCLOSURE"
"152165","Bajaj Finserv Banking and PSU Debt Fund - Regular Plan - Growth","Bajaj Finserv Mutual Fund","BAJAJ_FINSERV_MF","INF0QA701557","REGULAR","GROWTH","","SOURCE_UNAVAILABLE","AMC_MONTHLY_PORTFOLIO","https://www.bajajfinservamc.com/statutory-disclosures/monthly-portfolio","",0,0,0,0,0,0,0,0,0,0,0,0,0,0,0,false,"AWAITING_MONTHLY_DISCLOSURE"
"153072","Bajaj Finserv Consumption Fund - Regular Plan - Growth","Bajaj Finserv Mutual Fund","BAJAJ_FINSERV_MF","INF0QA701979","REGULAR","GROWTH","","SOURCE_UNAVAILABLE","AMC_MONTHLY_PORTFOLIO","https://www.bajajfinservamc.com/statutory-disclosures/monthly-portfolio","",0,0,0,0,0,0,0,0,0,0,0,0,0,0,0,false,"AWAITING_MONTHLY_DISCLOSURE"
"153202","Bajaj Finserv ELSS - Tax Saver Fund - Regular Plan - Growth","Bajaj Finserv Mutual Fund","BAJAJ_FINSERV_MF","INF0QA701AI4","REGULAR","GROWTH","","SOURCE_UNAVAILABLE","AMC_MONTHLY_PORTFOLIO","https://www.bajajfinservamc.com/statutory-disclosures/monthly-portfolio","",0,0,0,0,0,0,0,0,0,0,0,0,0,0,0,false,"AWAITING_MONTHLY_DISCLOSURE"
"153769","Bajaj Finserv Equity Savings Fund - Regular Plan - Growth","Bajaj Finserv Mutual Fund","BAJAJ_FINSERV_MF","INF0QA701BQ5","REGULAR","GROWTH","","SOURCE_UNAVAILABLE","AMC_MONTHLY_PORTFOLIO","https://www.bajajfinservamc.com/statutory-disclosures/monthly-portfolio","",0,0,0,0,0,0,0,0,0,0,0,0,0,0,0,false,"AWAITING_MONTHLY_DISCLOSURE"
"151898","Bajaj Finserv Flexi Cap Fund - Regular Plan - Growth","Bajaj Finserv Mutual Fund","BAJAJ_FINSERV_MF","INF0QA701383","REGULAR","GROWTH","","SOURCE_UNAVAILABLE","AMC_MONTHLY_PORTFOLIO","https://www.bajajfinservamc.com/statutory-disclosures/monthly-portfolio","",0,0,0,0,0,0,0,0,0,0,0,0,0,0,0,false,"AWAITING_MONTHLY_DISCLOSURE"
"153211","Bajaj Finserv Gilt Fund - Regular Plan - Growth","Bajaj Finserv Mutual Fund","BAJAJ_FINSERV_MF","INF0QA701AM6","REGULAR","GROWTH","","SOURCE_UNAVAILABLE","AMC_MONTHLY_PORTFOLIO","https://www.bajajfinservamc.com/statutory-disclosures/monthly-portfolio","",0,0,0,0,0,0,0,0,0,0,0,0,0,0,0,false,"AWAITING_MONTHLY_DISCLOSURE"
"153155","Bajaj Finserv Healthcare Fund - Regular Plan - Growth","Bajaj Finserv Mutual Fund","BAJAJ_FINSERV_MF","INF0QA701987","REGULAR","GROWTH","","SOURCE_UNAVAILABLE","AMC_MONTHLY_PORTFOLIO","https://www.bajajfinservamc.com/statutory-disclosures/monthly-portfolio","",0,0,0,0,0,0,0,0,0,0,0,0,0,0,0,false,"AWAITING_MONTHLY_DISCLOSURE"
"152406","Bajaj Finserv Large & Mid Cap Fund - Regular Plan - Growth","Bajaj Finserv Mutual Fund","BAJAJ_FINSERV_MF","INF0QA701730","REGULAR","GROWTH","","SOURCE_UNAVAILABLE","AMC_MONTHLY_PORTFOLIO","https://www.bajajfinservamc.com/statutory-disclosures/monthly-portfolio","",0,0,0,0,0,0,0,0,0,0,0,0,0,0,0,false,"AWAITING_MONTHLY_DISCLOSURE"
"151837","Bajaj Finserv Liquid Fund - Regular Plan - Growth","Bajaj Finserv Mutual Fund","BAJAJ_FINSERV_MF","INF0QA701094","REGULAR","GROWTH","","SOURCE_UNAVAILABLE","AMC_MONTHLY_PORTFOLIO","https://www.bajajfinservamc.com/statutory-disclosures/monthly-portfolio","",0,0,0,0,0,0,0,0,0,0,0,0,0,0,0,false,"AWAITING_MONTHLY_DISCLOSURE"
"151893","Bajaj Finserv Money Market Fund - Regular Plan - Growth","Bajaj Finserv Mutual Fund","BAJAJ_FINSERV_MF","INF0QA701441","REGULAR","GROWTH","","SOURCE_UNAVAILABLE","AMC_MONTHLY_PORTFOLIO","https://www.bajajfinservamc.com/statutory-disclosures/monthly-portfolio","",0,0,0,0,0,0,0,0,0,0,0,0,0,0,0,false,"AWAITING_MONTHLY_DISCLOSURE"
"152642","Bajaj Finserv Multi Asset Allocation Fund - Regular Plan - Growth","Bajaj Finserv Mutual Fund","BAJAJ_FINSERV_MF","INF0QA701797","REGULAR","GROWTH","","SOURCE_UNAVAILABLE","AMC_MONTHLY_PORTFOLIO","https://www.bajajfinservamc.com/statutory-disclosures/monthly-portfolio","",0,0,0,0,0,0,0,0,0,0,0,0,0,0,0,false,"AWAITING_MONTHLY_DISCLOSURE"
"153307","Bajaj Finserv Multi Cap Fund - Regular Plan - Growth","Bajaj Finserv Mutual Fund","BAJAJ_FINSERV_MF","INF0QA701AS3","REGULAR","GROWTH","","SOURCE_UNAVAILABLE","AMC_MONTHLY_PORTFOLIO","https://www.bajajfinservamc.com/statutory-disclosures/monthly-portfolio","",0,0,0,0,0,0,0,0,0,0,0,0,0,0,0,false,"AWAITING_MONTHLY_DISCLOSURE"
"152638","Bajaj Finserv Nifty 1D Rate Liquid ETF - Regular Plan - Growth","Bajaj Finserv Mutual Fund","BAJAJ_FINSERV_MF","INF0QA701854","REGULAR","GROWTH","","SOURCE_UNAVAILABLE","AMC_MONTHLY_PORTFOLIO","https://www.bajajfinservamc.com/statutory-disclosures/monthly-portfolio","",0,0,0,0,0,0,0,0,0,0,0,0,0,0,0,false,"AWAITING_MONTHLY_DISCLOSURE"
"153508","Bajaj Finserv Nifty 50 Index Fund - Regular Plan - Growth","Bajaj Finserv Mutual Fund","BAJAJ_FINSERV_MF","INF0QA701AY1","REGULAR","GROWTH","","SOURCE_UNAVAILABLE","AMC_MONTHLY_PORTFOLIO","https://www.bajajfinservamc.com/statutory-disclosures/monthly-portfolio","",0,0,0,0,0,0,0,0,0,0,0,0,0,0,0,false,"AWAITING_MONTHLY_DISCLOSURE"
"153480","Bajaj Finserv Nifty Next 50 Index Fund - Regular Plan - Growth","Bajaj Finserv Mutual Fund","BAJAJ_FINSERV_MF","INF0QA701BD3","REGULAR","GROWTH","","SOURCE_UNAVAILABLE","AMC_MONTHLY_PORTFOLIO","https://www.bajajfinservamc.com/statutory-disclosures/monthly-portfolio","",0,0,0,0,0,0,0,0,0,0,0,0,0,0,0,false,"AWAITING_MONTHLY_DISCLOSURE"
"151851","Bajaj Finserv Overnight Fund - Regular Plan - Growth","Bajaj Finserv Mutual Fund","BAJAJ_FINSERV_MF","INF0QA701250","REGULAR","GROWTH","","SOURCE_UNAVAILABLE","AMC_MONTHLY_PORTFOLIO","https://www.bajajfinservamc.com/statutory-disclosures/monthly-portfolio","",0,0,0,0,0,0,0,0,0,0,0,0,0,0,0,false,"AWAITING_MONTHLY_DISCLOSURE"
"153609","Bajaj Finserv Small Cap Fund - Regular Plan - Growth","Bajaj Finserv Mutual Fund","BAJAJ_FINSERV_MF","INF0QA701BK8","REGULAR","GROWTH","","SOURCE_UNAVAILABLE","AMC_MONTHLY_PORTFOLIO","https://www.bajajfinservamc.com/statutory-disclosures/monthly-portfolio","",0,0,0,0,0,0,0,0,0,0,0,0,0,0,0,false,"AWAITING_MONTHLY_DISCLOSURE"
"154203","Bajaj Finserv Ultra Short to Short Term Fund - Regular Plan - Growth","Bajaj Finserv Mutual Fund","BAJAJ_FINSERV_MF","INF0QA701CC3","REGULAR","GROWTH","","SOURCE_UNAVAILABLE","AMC_MONTHLY_PORTFOLIO","https://www.bajajfinservamc.com/statutory-disclosures/monthly-portfolio","",0,0,0,0,0,0,0,0,0,0,0,0,0,0,0,false,"AWAITING_MONTHLY_DISCLOSURE"
"108845","BANDHAN Arbitrage Fund - Regular Plan - Growth","Bandhan Mutual Fund","BANDHAN_MF","INF194K01649","REGULAR","GROWTH","","SOURCE_UNAVAILABLE","AMC_MONTHLY_PORTFOLIO","https://bandhanmutual.com/statutory-disclosures/monthly-portfolio","",0,0,0,0,0,0,0,0,0,0,0,0,0,0,0,false,"AWAITING_MONTHLY_DISCLOSURE"
"139840","BANDHAN BSE Sensex ETF - Regular Plan - Growth","Bandhan Mutual Fund","BANDHAN_MF","INF194KA1T91","REGULAR","GROWTH","","SOURCE_UNAVAILABLE","AMC_MONTHLY_PORTFOLIO","https://bandhanmutual.com/statutory-disclosures/monthly-portfolio","",0,0,0,0,0,0,0,0,0,0,0,0,0,0,0,false,"AWAITING_MONTHLY_DISCLOSURE"
"131357","BANDHAN Balanced Advantage Fund - Regular Plan - Growth","Bandhan Mutual Fund","BANDHAN_MF","INF194KA1UE8","REGULAR","GROWTH","","SOURCE_UNAVAILABLE","AMC_MONTHLY_PORTFOLIO","https://bandhanmutual.com/statutory-disclosures/monthly-portfolio","",0,0,0,0,0,0,0,0,0,0,0,0,0,0,0,false,"AWAITING_MONTHLY_DISCLOSURE"
"112353","BANDHAN CONSERVATIVE HYBRID FUND - Regular Plan - Growth","Bandhan Mutual Fund","BANDHAN_MF","INF194K01RW9","REGULAR","GROWTH","","SOURCE_UNAVAILABLE","AMC_MONTHLY_PORTFOLIO","https://bandhanmutual.com/statutory-disclosures/monthly-portfolio","",0,0,0,0,0,0,0,0,0,0,0,0,0,0,0,false,"AWAITING_MONTHLY_DISCLOSURE"
"140609","BANDHAN CREDIT RISK FUND - Regular Plan - Growth","Bandhan Mutual Fund","BANDHAN_MF","INF194KA1W39","REGULAR","GROWTH","","SOURCE_UNAVAILABLE","AMC_MONTHLY_PORTFOLIO","https://bandhanmutual.com/statutory-disclosures/monthly-portfolio","",0,0,0,0,0,0,0,0,0,0,0,0,0,0,0,false,"AWAITING_MONTHLY_DISCLOSURE"
"150873","BANDHAN CRISIL IBX 90:10 SDL PLUS GILT - APRIL 2032 INDEX FUND - Regular Plan - Growth","Bandhan Mutual Fund","BANDHAN_MF","INF194KB1EQ5","REGULAR","GROWTH","","SOURCE_UNAVAILABLE","AMC_MONTHLY_PORTFOLIO","https://bandhanmutual.com/statutory-disclosures/monthly-portfolio","",0,0,0,0,0,0,0,0,0,0,0,0,0,0,0,false,"AWAITING_MONTHLY_DISCLOSURE"
"150869","BANDHAN CRISIL IBX 90:10 SDL PLUS GILT - NOV 2026 INDEX FUND - Regular Plan - Growth","Bandhan Mutual Fund","BANDHAN_MF","INF194KB1EW3","REGULAR","GROWTH","","SOURCE_UNAVAILABLE","AMC_MONTHLY_PORTFOLIO","https://bandhanmutual.com/statutory-disclosures/monthly-portfolio","",0,0,0,0,0,0,0,0,0,0,0,0,0,0,0,false,"AWAITING_MONTHLY_DISCLOSURE"
"150890","BANDHAN CRISIL IBX 90:10 SDL PLUS GILT - SEPTEMBER 2027 INDEX FUND - Regular Plan - Growth","Bandhan Mutual Fund","BANDHAN_MF","INF194KB1FC2","REGULAR","GROWTH","","SOURCE_UNAVAILABLE","AMC_MONTHLY_PORTFOLIO","https://bandhanmutual.com/statutory-disclosures/monthly-portfolio","",0,0,0,0,0,0,0,0,0,0,0,0,0,0,0,false,"AWAITING_MONTHLY_DISCLOSURE"
"150744","BANDHAN CRISIL IBX GILT APRIL 2026 INDEX FUND - Regular Plan - Growth","Bandhan Mutual Fund","BANDHAN_MF","INF194KB1EK8","REGULAR","GROWTH","","SOURCE_UNAVAILABLE","AMC_MONTHLY_PORTFOLIO","https://bandhanmutual.com/statutory-disclosures/monthly-portfolio","",0,0,0,0,0,0,0,0,0,0,0,0,0,0,0,false,"AWAITING_MONTHLY_DISCLOSURE"
"148790","BANDHAN CRISIL IBX GILT APRIL 2028 INDEX FUND - Regular Plan - Growth","Bandhan Mutual Fund","BANDHAN_MF","INF194KB1BS7","REGULAR","GROWTH","","SOURCE_UNAVAILABLE","AMC_MONTHLY_PORTFOLIO","https://bandhanmutual.com/statutory-disclosures/monthly-portfolio","",0,0,0,0,0,0,0,0,0,0,0,0,0,0,0,false,"AWAITING_MONTHLY_DISCLOSURE"
"151409","BANDHAN CRISIL IBX GILT APRIL 2032 INDEX FUND - Regular Plan - Growth","Bandhan Mutual Fund","BANDHAN_MF","INF194KB1FI9","REGULAR","GROWTH","","SOURCE_UNAVAILABLE","AMC_MONTHLY_PORTFOLIO","https://bandhanmutual.com/statutory-disclosures/monthly-portfolio","",0,0,0,0,0,0,0,0,0,0,0,0,0,0,0,false,"AWAITING_MONTHLY_DISCLOSURE"
"148786","BANDHAN CRISIL IBX GILT JUNE 2027 INDEX FUND - Regular Plan - Growth","Bandhan Mutual Fund","BANDHAN_MF","INF194KB1BL2","REGULAR","GROWTH","","SOURCE_UNAVAILABLE","AMC_MONTHLY_PORTFOLIO","https://bandhanmutual.com/statutory-disclosures/monthly-portfolio","",0,0,0,0,0,0,0,0,0,0,0,0,0,0,0,false,"AWAITING_MONTHLY_DISCLOSURE"
"135914","BANDHAN Corporate Bond Fund - Regular Plan - Growth","Bandhan Mutual Fund","BANDHAN_MF","INF194KA1L81","REGULAR","GROWTH","","SOURCE_UNAVAILABLE","AMC_MONTHLY_PORTFOLIO","https://bandhanmutual.com/statutory-disclosures/monthly-portfolio","",0,0,0,0,0,0,0,0,0,0,0,0,0,0,0,false,"AWAITING_MONTHLY_DISCLOSURE"
"111524","BANDHAN Dynamic Term Fund - Regular Plan - Growth","Bandhan Mutual Fund","BANDHAN_MF","INF194K01QG4","REGULAR","GROWTH","","SOURCE_UNAVAILABLE","AMC_MONTHLY_PORTFOLIO","https://bandhanmutual.com/statutory-disclosures/monthly-portfolio","",0,0,0,0,0,0,0,0,0,0,0,0,0,0,0,false,"AWAITING_MONTHLY_DISCLOSURE"
"111569","BANDHAN ELSS - Tax Saver Fund - Regular Plan - Growth","Bandhan Mutual Fund","BANDHAN_MF","INF194K01292","REGULAR","GROWTH","","SOURCE_UNAVAILABLE","AMC_MONTHLY_PORTFOLIO","https://bandhanmutual.com/statutory-disclosures/monthly-portfolio","",0,0,0,0,0,0,0,0,0,0,0,0,0,0,0,false,"AWAITING_MONTHLY_DISCLOSURE"
"108995","BANDHAN EQUITY SAVINGS FUND - Regular Plan - Growth","Bandhan Mutual Fund","BANDHAN_MF","INF194K01581","REGULAR","GROWTH","","SOURCE_UNAVAILABLE","AMC_MONTHLY_PORTFOLIO","https://bandhanmutual.com/statutory-disclosures/monthly-portfolio","",0,0,0,0,0,0,0,0,0,0,0,0,0,0,0,false,"AWAITING_MONTHLY_DISCLOSURE"
"151818","BANDHAN FINANCIAL SERVICES FUND - Regular Plan - Growth","Bandhan Mutual Fund","BANDHAN_MF","INF194KB1GE6","REGULAR","GROWTH","","SOURCE_UNAVAILABLE","AMC_MONTHLY_PORTFOLIO","https://bandhanmutual.com/statutory-disclosures/monthly-portfolio","",0,0,0,0,0,0,0,0,0,0,0,0,0,0,0,false,"AWAITING_MONTHLY_DISCLOSURE"
"146695","BANDHAN FIXED TERM PLAN SERIES - 179 (3652 DAYS) - Regular Plan - Growth","Bandhan Mutual Fund","BANDHAN_MF","INF194KB1736","REGULAR","GROWTH","","SOURCE_UNAVAILABLE","AMC_MONTHLY_PORTFOLIO","https://bandhanmutual.com/statutory-disclosures/monthly-portfolio","",0,0,0,0,0,0,0,0,0,0,0,0,0,0,0,false,"AWAITING_MONTHLY_DISCLOSURE"
"148705","BANDHAN FLOATING INTEREST RATES FUND - Regular Plan - Growth","Bandhan Mutual Fund","BANDHAN_MF","INF194KB1AP5","REGULAR","GROWTH","","SOURCE_UNAVAILABLE","AMC_MONTHLY_PORTFOLIO","https://bandhanmutual.com/statutory-disclosures/monthly-portfolio","",0,0,0,0,0,0,0,0,0,0,0,0,0,0,0,false,"AWAITING_MONTHLY_DISCLOSURE"
"108594","BANDHAN Flexi Cap Fund - Regular Plan - Growth","Bandhan Mutual Fund","BANDHAN_MF","INF194K01391","REGULAR","GROWTH","","SOURCE_UNAVAILABLE","AMC_MONTHLY_PORTFOLIO","https://bandhanmutual.com/statutory-disclosures/monthly-portfolio","",0,0,0,0,0,0,0,0,0,0,0,0,0,0,0,false,"AWAITING_MONTHLY_DISCLOSURE"
"152606","BANDHAN INNOVATION FUND - Regular Plan - Growth","Bandhan Mutual Fund","BANDHAN_MF","INF194KB1IB8","REGULAR","GROWTH","","SOURCE_UNAVAILABLE","AMC_MONTHLY_PORTFOLIO","https://bandhanmutual.com/statutory-disclosures/monthly-portfolio","",0,0,0,0,0,0,0,0,0,0,0,0,0,0,0,false,"AWAITING_MONTHLY_DISCLOSURE"
"114476","BANDHAN Infrastructure Fund - Regular Plan - Growth","Bandhan Mutual Fund","BANDHAN_MF","INF194K01BY9","REGULAR","GROWTH","","SOURCE_UNAVAILABLE","AMC_MONTHLY_PORTFOLIO","https://bandhanmutual.com/statutory-disclosures/monthly-portfolio","",0,0,0,0,0,0,0,0,0,0,0,0,0,0,0,false,"AWAITING_MONTHLY_DISCLOSURE"
"108799","BANDHAN LARGE CAP FUND - Regular Plan - Growth","Bandhan Mutual Fund","BANDHAN_MF","INF194K01516","REGULAR","GROWTH","","SOURCE_UNAVAILABLE","AMC_MONTHLY_PORTFOLIO","https://bandhanmutual.com/statutory-disclosures/monthly-portfolio","",0,0,0,0,0,0,0,0,0,0,0,0,0,0,0,false,"AWAITING_MONTHLY_DISCLOSURE"
"108690","BANDHAN LIQUID Fund - Regular Plan - Growth","Bandhan Mutual Fund","BANDHAN_MF","INF194K01VX9","REGULAR","GROWTH","","SOURCE_UNAVAILABLE","AMC_MONTHLY_PORTFOLIO","https://bandhanmutual.com/statutory-disclosures/monthly-portfolio","",0,0,0,0,0,0,0,0,0,0,0,0,0,0,0,false,"AWAITING_MONTHLY_DISCLOSURE"
"152518","BANDHAN LONG TERM FUND - Regular Plan - Growth","Bandhan Mutual Fund","BANDHAN_MF","INF194KB1HV8","REGULAR","GROWTH","","SOURCE_UNAVAILABLE","AMC_MONTHLY_PORTFOLIO","https://bandhanmutual.com/statutory-disclosures/monthly-portfolio","",0,0,0,0,0,0,0,0,0,0,0,0,0,0,0,false,"AWAITING_MONTHLY_DISCLOSURE"
"150402","BANDHAN MID CAP FUND - Regular Plan - Growth","Bandhan Mutual Fund","BANDHAN_MF","INF194KB1DM6","REGULAR","GROWTH","","SOURCE_UNAVAILABLE","AMC_MONTHLY_PORTFOLIO","https://bandhanmutual.com/statutory-disclosures/monthly-portfolio","",0,0,0,0,0,0,0,0,0,0,0,0,0,0,0,false,"AWAITING_MONTHLY_DISCLOSURE"
"152326","BANDHAN MULTI ASSET ALLOCATION FUND - Regular Plan - Growth","Bandhan Mutual Fund","BANDHAN_MF","INF194KB1HJ3","REGULAR","GROWTH","","SOURCE_UNAVAILABLE","AMC_MONTHLY_PORTFOLIO","https://bandhanmutual.com/statutory-disclosures/monthly-portfolio","",0,0,0,0,0,0,0,0,0,0,0,0,0,0,0,false,"AWAITING_MONTHLY_DISCLOSURE"
"149305","BANDHAN MULTI CAP FUND - Regular Plan - Growth","Bandhan Mutual Fund","BANDHAN_MF","INF194KB1CI6","REGULAR","GROWTH","","SOURCE_UNAVAILABLE","AMC_MONTHLY_PORTFOLIO","https://bandhanmutual.com/statutory-disclosures/monthly-portfolio","",0,0,0,0,0,0,0,0,0,0,0,0,0,0,0,false,"AWAITING_MONTHLY_DISCLOSURE"
"149833","BANDHAN NIFTY 100 INDEX FUND - Regular Plan - Growth","Bandhan Mutual Fund","BANDHAN_MF","INF194KB1CO4","REGULAR","GROWTH","","SOURCE_UNAVAILABLE","AMC_MONTHLY_PORTFOLIO","https://bandhanmutual.com/statutory-disclosures/monthly-portfolio","",0,0,0,0,0,0,0,0,0,0,0,0,0,0,0,false,"AWAITING_MONTHLY_DISCLOSURE"
"152792","BANDHAN NIFTY BANK INDEX FUND - Regular Plan - Growth","Bandhan Mutual Fund","BANDHAN_MF","INF194KB1IN3","REGULAR","GROWTH","","SOURCE_UNAVAILABLE","AMC_MONTHLY_PORTFOLIO","https://bandhanmutual.com/statutory-disclosures/monthly-portfolio","",0,0,0,0,0,0,0,0,0,0,0,0,0,0,0,false,"AWAITING_MONTHLY_DISCLOSURE"
"152717","BANDHAN NIFTY TOTAL MARKET INDEX FUND - Regular Plan - Growth","Bandhan Mutual Fund","BANDHAN_MF","INF194KB1IH5","REGULAR","GROWTH","","SOURCE_UNAVAILABLE","AMC_MONTHLY_PORTFOLIO","https://bandhanmutual.com/statutory-disclosures/monthly-portfolio","",0,0,0,0,0,0,0,0,0,0,0,0,0,0,0,false,"AWAITING_MONTHLY_DISCLOSURE"
"150592","BANDHAN NIFTY200 MOMENTUM 30 INDEX FUND - Regular Plan - Growth","Bandhan Mutual Fund","BANDHAN_MF","INF194KB1DS3","REGULAR","GROWTH","","SOURCE_UNAVAILABLE","AMC_MONTHLY_PORTFOLIO","https://bandhanmutual.com/statutory-disclosures/monthly-portfolio","",0,0,0,0,0,0,0,0,0,0,0,0,0,0,0,false,"AWAITING_MONTHLY_DISCLOSURE"
"139839","BANDHAN Nifty 50 ETF - Regular Plan - Growth","Bandhan Mutual Fund","BANDHAN_MF","INF194KA1U07","REGULAR","GROWTH","","SOURCE_UNAVAILABLE","AMC_MONTHLY_PORTFOLIO","https://bandhanmutual.com/statutory-disclosures/monthly-portfolio","",0,0,0,0,0,0,0,0,0,0,0,0,0,0,0,false,"AWAITING_MONTHLY_DISCLOSURE"
"112877","BANDHAN Nifty 50 Index Fund - Regular Plan - Growth","Bandhan Mutual Fund","BANDHAN_MF","INF194K01920","REGULAR","GROWTH","","SOURCE_UNAVAILABLE","AMC_MONTHLY_PORTFOLIO","https://bandhanmutual.com/statutory-disclosures/monthly-portfolio","",0,0,0,0,0,0,0,0,0,0,0,0,0,0,0,false,"AWAITING_MONTHLY_DISCLOSURE"
"152266","BANDHAN Nifty Smallcap 250 Index Fund - Regular Plan - Growth","Bandhan Mutual Fund","BANDHAN_MF","INF194KB1HD6","REGULAR","GROWTH","","SOURCE_UNAVAILABLE","AMC_MONTHLY_PORTFOLIO","https://bandhanmutual.com/statutory-disclosures/monthly-portfolio","",0,0,0,0,0,0,0,0,0,0,0,0,0,0,0,false,"AWAITING_MONTHLY_DISCLOSURE"
"150633","BANDHAN Nifty100 Low Volatility 30 Index Fund - Regular Plan - Growth","Bandhan Mutual Fund","BANDHAN_MF","INF194KB1DY1","REGULAR","GROWTH","","SOURCE_UNAVAILABLE","AMC_MONTHLY_PORTFOLIO","https://bandhanmutual.com/statutory-disclosures/monthly-portfolio","",0,0,0,0,0,0,0,0,0,0,0,0,0,0,0,false,"AWAITING_MONTHLY_DISCLOSURE"
"146187","BANDHAN Overnight Fund - Regular Plan - Growth","Bandhan Mutual Fund","BANDHAN_MF","INF194KB1314","REGULAR","GROWTH","","SOURCE_UNAVAILABLE","AMC_MONTHLY_PORTFOLIO","https://bandhanmutual.com/statutory-disclosures/monthly-portfolio","",0,0,0,0,0,0,0,0,0,0,0,0,0,0,0,false,"AWAITING_MONTHLY_DISCLOSURE"
"152103","BANDHAN RETIREMENT FUND - Regular Plan - Growth","Bandhan Mutual Fund","BANDHAN_MF","INF194KB1GN7","REGULAR","GROWTH","","SOURCE_UNAVAILABLE","AMC_MONTHLY_PORTFOLIO","https://bandhanmutual.com/statutory-disclosures/monthly-portfolio","",0,0,0,0,0,0,0,0,0,0,0,0,0,0,0,false,"AWAITING_MONTHLY_DISCLOSURE"
"147944","BANDHAN Small Cap Fund - Regular Plan - Growth","Bandhan Mutual Fund","BANDHAN_MF","INF194KB1AJ8","REGULAR","GROWTH","2026-09-30","COMPLETE_VERIFIED","AMC_MONTHLY_PORTFOLIO","https://bandhanmutual.com/statutory-disclosures/monthly-portfolio","ab6820d18c1e013ba842341eed4f0b34bf0b2d7afe95da6333c75e04faa5deed",264,264,264,264,10,82,26,0,2,0,115,39,0,0,0,false,"PARSED_AND_VERIFIED"
"150717","BANDHAN TRANSPORTATION AND LOGISTICS FUND - Regular Plan - Growth","Bandhan Mutual Fund","BANDHAN_MF","INF194KB1EE1","REGULAR","GROWTH","","SOURCE_UNAVAILABLE","AMC_MONTHLY_PORTFOLIO","https://bandhanmutual.com/statutory-disclosures/monthly-portfolio","",0,0,0,0,0,0,0,0,0,0,0,0,0,0,0,false,"AWAITING_MONTHLY_DISCLOSURE"
"144171","BANDHAN ULTRA SHORT TERM FUND - Regular Plan - Growth","Bandhan Mutual Fund","BANDHAN_MF","INF194KA10Q8","REGULAR","GROWTH","","SOURCE_UNAVAILABLE","AMC_MONTHLY_PORTFOLIO","https://bandhanmutual.com/statutory-disclosures/monthly-portfolio","",0,0,0,0,0,0,0,0,0,0,0,0,0,0,0,false,"AWAITING_MONTHLY_DISCLOSURE"
"108632","BANDHAN ULTRA SHORT TO SHORT TERM FUND - Regular Plan - Growth","Bandhan Mutual Fund","BANDHAN_MF","INF194K01FU8","REGULAR","GROWTH","","SOURCE_UNAVAILABLE","AMC_MONTHLY_PORTFOLIO","https://bandhanmutual.com/statutory-disclosures/monthly-portfolio","",0,0,0,0,0,0,0,0,0,0,0,0,0,0,0,false,"AWAITING_MONTHLY_DISCLOSURE"
"108753","Bandhan   10 year Constant Maturity Gilt Fund - Regular Plan - Growth","Bandhan Mutual Fund","BANDHAN_MF","INF194K01FA0","REGULAR","GROWTH","","SOURCE_UNAVAILABLE","AMC_MONTHLY_PORTFOLIO","https://bandhanmutual.com/statutory-disclosures/monthly-portfolio","",0,0,0,0,0,0,0,0,0,0,0,0,0,0,0,false,"AWAITING_MONTHLY_DISCLOSURE"
"140381","Bandhan Aggressive Hybrid Fund - Regular Plan - Growth","Bandhan Mutual Fund","BANDHAN_MF","INF194KA1U15","REGULAR","GROWTH","","SOURCE_UNAVAILABLE","AMC_MONTHLY_PORTFOLIO","https://bandhanmutual.com/statutory-disclosures/monthly-portfolio","",0,0,0,0,0,0,0,0,0,0,0,0,0,0,0,false,"AWAITING_MONTHLY_DISCLOSURE"
"112332","Bandhan Aggressive Hybrid Passive FOF - Regular Plan - Growth","Bandhan Mutual Fund","BANDHAN_MF","INF194K01953","REGULAR","GROWTH","","SOURCE_UNAVAILABLE","AMC_MONTHLY_PORTFOLIO","https://bandhanmutual.com/statutory-disclosures/monthly-portfolio","",0,0,0,0,0,0,0,0,0,0,0,0,0,0,0,false,"AWAITING_MONTHLY_DISCLOSURE"
"152843","Bandhan BSE Healthcare Index Fund - Regular Plan - Growth","Bandhan Mutual Fund","BANDHAN_MF","INF194KB1IR4","REGULAR","GROWTH","","SOURCE_UNAVAILABLE","AMC_MONTHLY_PORTFOLIO","https://bandhanmutual.com/statutory-disclosures/monthly-portfolio","",0,0,0,0,0,0,0,0,0,0,0,0,0,0,0,false,"AWAITING_MONTHLY_DISCLOSURE"
"153839","Bandhan BSE India Sector Leaders Index Fund - Regular Plan - Growth","Bandhan Mutual Fund","BANDHAN_MF","INF194KB1KA6","REGULAR","GROWTH","","SOURCE_UNAVAILABLE","AMC_MONTHLY_PORTFOLIO","https://bandhanmutual.com/statutory-disclosures/monthly-portfolio","",0,0,0,0,0,0,0,0,0,0,0,0,0,0,0,false,"AWAITING_MONTHLY_DISCLOSURE"
"121280","Bandhan Banking and PSU Debt Fund - Regular Plan - Growth","Bandhan Mutual Fund","BANDHAN_MF","INF194K01SN6","REGULAR","GROWTH","","SOURCE_UNAVAILABLE","AMC_MONTHLY_PORTFOLIO","https://bandhanmutual.com/statutory-disclosures/monthly-portfolio","",0,0,0,0,0,0,0,0,0,0,0,0,0,0,0,false,"AWAITING_MONTHLY_DISCLOSURE"
"152877","Bandhan Business Cycle Fund - Regular Plan - Growth","Bandhan Mutual Fund","BANDHAN_MF","INF194KB1IP8","REGULAR","GROWTH","","SOURCE_UNAVAILABLE","AMC_MONTHLY_PORTFOLIO","https://bandhanmutual.com/statutory-disclosures/monthly-portfolio","",0,0,0,0,0,0,0,0,0,0,0,0,0,0,0,false,"AWAITING_MONTHLY_DISCLOSURE"
"153391","Bandhan CRISIL-IBX 10:90 Gilt Plus SDL Index - Dec 2029 Fund - Regular Plan - Growth","Bandhan Mutual Fund","BANDHAN_MF","INF194KB1JO9","REGULAR","GROWTH","","SOURCE_UNAVAILABLE","AMC_MONTHLY_PORTFOLIO","https://bandhanmutual.com/statutory-disclosures/monthly-portfolio","",0,0,0,0,0,0,0,0,0,0,0,0,0,0,0,false,"AWAITING_MONTHLY_DISCLOSURE"
"153408","Bandhan CRISIL-IBX Financial Services 3-6 Months Debt Index Fund - Regular Plan - Growth","Bandhan Mutual Fund","BANDHAN_MF","INF194KB1JS0","REGULAR","GROWTH","","SOURCE_UNAVAILABLE","AMC_MONTHLY_PORTFOLIO","https://bandhanmutual.com/statutory-disclosures/monthly-portfolio","",0,0,0,0,0,0,0,0,0,0,0,0,0,0,0,false,"AWAITING_MONTHLY_DISCLOSURE"
"112327","Bandhan Conservative Hybrid Passive FOF - Regular Plan - Growth","Bandhan Mutual Fund","BANDHAN_MF","INF194K01987","REGULAR","GROWTH","","SOURCE_UNAVAILABLE","AMC_MONTHLY_PORTFOLIO","https://bandhanmutual.com/statutory-disclosures/monthly-portfolio","",0,0,0,0,0,0,0,0,0,0,0,0,0,0,0,false,"AWAITING_MONTHLY_DISCLOSURE"
"154598","Bandhan Contra Fund - Regular Plan - Growth","Bandhan Mutual Fund","BANDHAN_MF","INF194KB1KU4","REGULAR","GROWTH","","SOURCE_UNAVAILABLE","AMC_MONTHLY_PORTFOLIO","https://bandhanmutual.com/statutory-disclosures/monthly-portfolio","",0,0,0,0,0,0,0,0,0,0,0,0,0,0,0,false,"AWAITING_MONTHLY_DISCLOSURE"
"108592","Bandhan Focused Fund - Regular Plan - Growth","Bandhan Mutual Fund","BANDHAN_MF","INF194K01466","REGULAR","GROWTH","","SOURCE_UNAVAILABLE","AMC_MONTHLY_PORTFOLIO","https://bandhanmutual.com/statutory-disclosures/monthly-portfolio","",0,0,0,0,0,0,0,0,0,0,0,0,0,0,0,false,"AWAITING_MONTHLY_DISCLOSURE"
"111525","Bandhan Gilt   Fund - Regular Plan - Growth","Bandhan Mutual Fund","BANDHAN_MF","INF194K01DZ2","REGULAR","GROWTH","","SOURCE_UNAVAILABLE","AMC_MONTHLY_PORTFOLIO","https://bandhanmutual.com/statutory-disclosures/monthly-portfolio","",0,0,0,0,0,0,0,0,0,0,0,0,0,0,0,false,"AWAITING_MONTHLY_DISCLOSURE"
"153930","Bandhan Gold ETF - Regular Plan - Growth","Bandhan Mutual Fund","BANDHAN_MF","INF194KB1KJ7","REGULAR","GROWTH","","SOURCE_UNAVAILABLE","AMC_MONTHLY_PORTFOLIO","https://bandhanmutual.com/statutory-disclosures/monthly-portfolio","",0,0,0,0,0,0,0,0,0,0,0,0,0,0,0,false,"AWAITING_MONTHLY_DISCLOSURE"
"154130","Bandhan Gold ETF FOF - Regular Plan - Growth","Bandhan Mutual Fund","BANDHAN_MF","INF194KB1KK5","REGULAR","GROWTH","","SOURCE_UNAVAILABLE","AMC_MONTHLY_PORTFOLIO","https://bandhanmutual.com/statutory-disclosures/monthly-portfolio","",0,0,0,0,0,0,0,0,0,0,0,0,0,0,0,false,"AWAITING_MONTHLY_DISCLOSURE"
"153974","Bandhan Healthcare Fund - Regular Plan - Growth","Bandhan Mutual Fund","BANDHAN_MF","INF194KB1KC2","REGULAR","GROWTH","","SOURCE_UNAVAILABLE","AMC_MONTHLY_PORTFOLIO","https://bandhanmutual.com/statutory-disclosures/monthly-portfolio","",0,0,0,0,0,0,0,0,0,0,0,0,0,0,0,false,"AWAITING_MONTHLY_DISCLOSURE"
"108545","Bandhan Income Plus Arbitrage Active FOF - Regular Plan - Growth","Bandhan Mutual Fund","BANDHAN_MF","INF194K01SE5","REGULAR","GROWTH","","SOURCE_UNAVAILABLE","AMC_MONTHLY_PORTFOLIO","https://bandhanmutual.com/statutory-disclosures/monthly-portfolio","",0,0,0,0,0,0,0,0,0,0,0,0,0,0,0,false,"AWAITING_MONTHLY_DISCLOSURE"
"108596","Bandhan Large & Mid Cap Fund - Regular Plan - Growth","Bandhan Mutual Fund","BANDHAN_MF","INF194K01524","REGULAR","GROWTH","","SOURCE_UNAVAILABLE","AMC_MONTHLY_PORTFOLIO","https://bandhanmutual.com/statutory-disclosures/monthly-portfolio","",0,0,0,0,0,0,0,0,0,0,0,0,0,0,0,false,"AWAITING_MONTHLY_DISCLOSURE"
"108728","Bandhan Medium Term Fund - Regular Plan - Growth","Bandhan Mutual Fund","BANDHAN_MF","INF194K01JU0","REGULAR","GROWTH","","SOURCE_UNAVAILABLE","AMC_MONTHLY_PORTFOLIO","https://bandhanmutual.com/statutory-disclosures/monthly-portfolio","",0,0,0,0,0,0,0,0,0,0,0,0,0,0,0,false,"AWAITING_MONTHLY_DISCLOSURE"
"108765","Bandhan Medium to Long Term Fund - Regular Plan - Growth","Bandhan Mutual Fund","BANDHAN_MF","INF194K01IL1","REGULAR","GROWTH","","SOURCE_UNAVAILABLE","AMC_MONTHLY_PORTFOLIO","https://bandhanmutual.com/statutory-disclosures/monthly-portfolio","",0,0,0,0,0,0,0,0,0,0,0,0,0,0,0,false,"AWAITING_MONTHLY_DISCLOSURE"
"108768","Bandhan Medium to Long Term Fund - Regular Plan - Growth","Bandhan Mutual Fund","BANDHAN_MF","INF194K01HF5","REGULAR","GROWTH","","SOURCE_UNAVAILABLE","AMC_MONTHLY_PORTFOLIO","https://bandhanmutual.com/statutory-disclosures/monthly-portfolio","",0,0,0,0,0,0,0,0,0,0,0,0,0,0,0,false,"AWAITING_MONTHLY_DISCLOSURE"
"108756","Bandhan Money Market  Fund - Regular Plan - Growth","Bandhan Mutual Fund","BANDHAN_MF","INF194K01LJ9","REGULAR","GROWTH","","SOURCE_UNAVAILABLE","AMC_MONTHLY_PORTFOLIO","https://bandhanmutual.com/statutory-disclosures/monthly-portfolio","",0,0,0,0,0,0,0,0,0,0,0,0,0,0,0,false,"AWAITING_MONTHLY_DISCLOSURE"
"112329","Bandhan Multi-Asset Passive FOF - Regular Plan - Growth","Bandhan Mutual Fund","BANDHAN_MF","INF194K01AB9","REGULAR","GROWTH","","SOURCE_UNAVAILABLE","AMC_MONTHLY_PORTFOLIO","https://bandhanmutual.com/statutory-disclosures/monthly-portfolio","",0,0,0,0,0,0,0,0,0,0,0,0,0,0,0,false,"AWAITING_MONTHLY_DISCLOSURE"
"153721","Bandhan Multi-Factor Fund - Regular Plan - Growth","Bandhan Mutual Fund","BANDHAN_MF","INF194KB1JU6","REGULAR","GROWTH","","SOURCE_UNAVAILABLE","AMC_MONTHLY_PORTFOLIO","https://bandhanmutual.com/statutory-disclosures/monthly-portfolio","",0,0,0,0,0,0,0,0,0,0,0,0,0,0,0,false,"AWAITING_MONTHLY_DISCLOSURE"
"153113","Bandhan Nifty 200 Quality 30 Index Fund - Regular Plan - Growth","Bandhan Mutual Fund","BANDHAN_MF","INF194KB1IZ7","REGULAR","GROWTH","","SOURCE_UNAVAILABLE","AMC_MONTHLY_PORTFOLIO","https://bandhanmutual.com/statutory-disclosures/monthly-portfolio","",0,0,0,0,0,0,0,0,0,0,0,0,0,0,0,false,"AWAITING_MONTHLY_DISCLOSURE"
"153002","Bandhan Nifty 500 Momentum 50 Index Fund - Regular Plan - Growth","Bandhan Mutual Fund","BANDHAN_MF","INF194KB1IX2","REGULAR","GROWTH","","SOURCE_UNAVAILABLE","AMC_MONTHLY_PORTFOLIO","https://bandhanmutual.com/statutory-disclosures/monthly-portfolio","",0,0,0,0,0,0,0,0,0,0,0,0,0,0,0,false,"AWAITING_MONTHLY_DISCLOSURE"
"152991","Bandhan Nifty 500 Value 50 Index Fund - Regular Plan - Growth","Bandhan Mutual Fund","BANDHAN_MF","INF194KB1IV6","REGULAR","GROWTH","","SOURCE_UNAVAILABLE","AMC_MONTHLY_PORTFOLIO","https://bandhanmutual.com/statutory-disclosures/monthly-portfolio","",0,0,0,0,0,0,0,0,0,0,0,0,0,0,0,false,"AWAITING_MONTHLY_DISCLOSURE"
"152179","Bandhan Nifty Alpha 50 Index Fund - Regular Plan - Growth","Bandhan Mutual Fund","BANDHAN_MF","INF194KB1GX6","REGULAR","GROWTH","","SOURCE_UNAVAILABLE","AMC_MONTHLY_PORTFOLIO","https://bandhanmutual.com/statutory-disclosures/monthly-portfolio","",0,0,0,0,0,0,0,0,0,0,0,0,0,0,0,false,"AWAITING_MONTHLY_DISCLOSURE"
"153212","Bandhan Nifty Alpha Low Volatility 30 Index Fund - Regular Plan - Growth","Bandhan Mutual Fund","BANDHAN_MF","INF194KB1JB6","REGULAR","GROWTH","","SOURCE_UNAVAILABLE","AMC_MONTHLY_PORTFOLIO","https://bandhanmutual.com/statutory-disclosures/monthly-portfolio","",0,0,0,0,0,0,0,0,0,0,0,0,0,0,0,false,"AWAITING_MONTHLY_DISCLOSURE"
"152043","Bandhan Nifty IT Index Fund - Regular Plan - Growth","Bandhan Mutual Fund","BANDHAN_MF","INF194KB1GH9","REGULAR","GROWTH","","SOURCE_UNAVAILABLE","AMC_MONTHLY_PORTFOLIO","https://bandhanmutual.com/statutory-disclosures/monthly-portfolio","",0,0,0,0,0,0,0,0,0,0,0,0,0,0,0,false,"AWAITING_MONTHLY_DISCLOSURE"
"152856","Bandhan Nifty Midcap 150 Index Fund - Regular Plan - Growth","Bandhan Mutual Fund","BANDHAN_MF","INF194KB1IU8","REGULAR","GROWTH","","SOURCE_UNAVAILABLE","AMC_MONTHLY_PORTFOLIO","https://bandhanmutual.com/statutory-disclosures/monthly-portfolio","",0,0,0,0,0,0,0,0,0,0,0,0,0,0,0,false,"AWAITING_MONTHLY_DISCLOSURE"
"153349","Bandhan Nifty Next 50 Index Fund - Regular Plan - Growth","Bandhan Mutual Fund","BANDHAN_MF","INF194KB1JJ9","REGULAR","GROWTH","","SOURCE_UNAVAILABLE","AMC_MONTHLY_PORTFOLIO","https://bandhanmutual.com/statutory-disclosures/monthly-portfolio","",0,0,0,0,0,0,0,0,0,0,0,0,0,0,0,false,"AWAITING_MONTHLY_DISCLOSURE"
"153929","Bandhan Silver ETF - Regular Plan - Growth","Bandhan Mutual Fund","BANDHAN_MF","INF194KB1KI9","REGULAR","GROWTH","","SOURCE_UNAVAILABLE","AMC_MONTHLY_PORTFOLIO","https://bandhanmutual.com/statutory-disclosures/monthly-portfolio","",0,0,0,0,0,0,0,0,0,0,0,0,0,0,0,false,"AWAITING_MONTHLY_DISCLOSURE"
"154135","Bandhan Silver ETF FOF - Regular Plan - Growth","Bandhan Mutual Fund","BANDHAN_MF","INF194KB1KM1","REGULAR","GROWTH","","SOURCE_UNAVAILABLE","AMC_MONTHLY_PORTFOLIO","https://bandhanmutual.com/statutory-disclosures/monthly-portfolio","",0,0,0,0,0,0,0,0,0,0,0,0,0,0,0,false,"AWAITING_MONTHLY_DISCLOSURE"
"151546","Bandhan US Treasury Bond 0-1 year specific Debt Passive FOF - Regular Plan - Growth","Bandhan Mutual Fund","BANDHAN_MF","INF194KB1FT6","REGULAR","GROWTH","","SOURCE_UNAVAILABLE","AMC_MONTHLY_PORTFOLIO","https://bandhanmutual.com/statutory-disclosures/monthly-portfolio","",0,0,0,0,0,0,0,0,0,0,0,0,0,0,0,false,"AWAITING_MONTHLY_DISCLOSURE"
"149100","Bandhan US specific Equity Active FOF - Regular Plan - Growth","Bandhan Mutual Fund","BANDHAN_MF","INF194KB1CC9","REGULAR","GROWTH","","SOURCE_UNAVAILABLE","AMC_MONTHLY_PORTFOLIO","https://bandhanmutual.com/statutory-disclosures/monthly-portfolio","",0,0,0,0,0,0,0,0,0,0,0,0,0,0,0,false,"AWAITING_MONTHLY_DISCLOSURE"
"108909","Bandhan Value Fund - Regular Plan - Growth","Bandhan Mutual Fund","BANDHAN_MF","INF194K01342","REGULAR","GROWTH","","SOURCE_UNAVAILABLE","AMC_MONTHLY_PORTFOLIO","https://bandhanmutual.com/statutory-disclosures/monthly-portfolio","",0,0,0,0,0,0,0,0,0,0,0,0,0,0,0,false,"AWAITING_MONTHLY_DISCLOSURE"
"139529","BANK OF INDIA AGGRESSIVE HYBRID FUND - Regular Plan - Growth","Bank of India Mutual Fund","BANK_OF_INDIA_MF","INF761K01DP9","REGULAR","GROWTH","","SOURCE_UNAVAILABLE","AMC_MONTHLY_PORTFOLIO","https://www.boimf.in/statutory-disclosures/monthly-portfolio","",0,0,0,0,0,0,0,0,0,0,0,0,0,0,0,false,"AWAITING_MONTHLY_DISCLOSURE"
"143620","BANK OF INDIA ARBITRAGE FUND - Regular Plan - Growth","Bank of India Mutual Fund","BANK_OF_INDIA_MF","INF761K01DW5","REGULAR","GROWTH","","SOURCE_UNAVAILABLE","AMC_MONTHLY_PORTFOLIO","https://www.boimf.in/statutory-disclosures/monthly-portfolio","",0,0,0,0,0,0,0,0,0,0,0,0,0,0,0,false,"AWAITING_MONTHLY_DISCLOSURE"
"127849","BANK OF INDIA BALANCED ADVANTAGE FUND - Regular Plan - Growth","Bank of India Mutual Fund","BANK_OF_INDIA_MF","INF761K01BR9","REGULAR","GROWTH","","SOURCE_UNAVAILABLE","AMC_MONTHLY_PORTFOLIO","https://www.boimf.in/statutory-disclosures/monthly-portfolio","",0,0,0,0,0,0,0,0,0,0,0,0,0,0,0,false,"AWAITING_MONTHLY_DISCLOSURE"
"111715","BANK OF INDIA CONSERVATIVE HYBRID FUND - Regular Plan - Growth","Bank of India Mutual Fund","BANK_OF_INDIA_MF","INF761K01397","REGULAR","GROWTH","","SOURCE_UNAVAILABLE","AMC_MONTHLY_PORTFOLIO","https://www.boimf.in/statutory-disclosures/monthly-portfolio","",0,0,0,0,0,0,0,0,0,0,0,0,0,0,0,false,"AWAITING_MONTHLY_DISCLOSURE"
"111712","BANK OF INDIA CONSERVATIVE HYBRID FUND - Regular Plan - Growth","Bank of India Mutual Fund","BANK_OF_INDIA_MF","INF761K01462","REGULAR","GROWTH","","SOURCE_UNAVAILABLE","AMC_MONTHLY_PORTFOLIO","https://www.boimf.in/statutory-disclosures/monthly-portfolio","",0,0,0,0,0,0,0,0,0,0,0,0,0,0,0,false,"AWAITING_MONTHLY_DISCLOSURE"
"133867","BANK OF INDIA CREDIT RISK FUND - Regular Plan - Growth","Bank of India Mutual Fund","BANK_OF_INDIA_MF","INF761K01DH6","REGULAR","GROWTH","","SOURCE_UNAVAILABLE","AMC_MONTHLY_PORTFOLIO","https://www.boimf.in/statutory-disclosures/monthly-portfolio","",0,0,0,0,0,0,0,0,0,0,0,0,0,0,0,false,"AWAITING_MONTHLY_DISCLOSURE"
"111709","BANK OF INDIA ELSS TAX SAVER FUND - Regular Plan - Growth","Bank of India Mutual Fund","BANK_OF_INDIA_MF","INF761K01157","REGULAR","GROWTH","","SOURCE_UNAVAILABLE","AMC_MONTHLY_PORTFOLIO","https://www.boimf.in/statutory-disclosures/monthly-portfolio","",0,0,0,0,0,0,0,0,0,0,0,0,0,0,0,false,"AWAITING_MONTHLY_DISCLOSURE"
"111710","BANK OF INDIA ELSS TAX SAVER FUND - Regular Plan - Growth","Bank of India Mutual Fund","BANK_OF_INDIA_MF","INF761K01181","REGULAR","GROWTH","","SOURCE_UNAVAILABLE","AMC_MONTHLY_PORTFOLIO","https://www.boimf.in/statutory-disclosures/monthly-portfolio","",0,0,0,0,0,0,0,0,0,0,0,0,0,0,0,false,"AWAITING_MONTHLY_DISCLOSURE"
"148405","BANK OF INDIA FLEXI CAP FUND - Regular Plan - Growth","Bank of India Mutual Fund","BANK_OF_INDIA_MF","INF761K01FI9","REGULAR","GROWTH","","SOURCE_UNAVAILABLE","AMC_MONTHLY_PORTFOLIO","https://www.boimf.in/statutory-disclosures/monthly-portfolio","",0,0,0,0,0,0,0,0,0,0,0,0,0,0,0,false,"AWAITING_MONTHLY_DISCLOSURE"
"110603","BANK OF INDIA LARGE & MID CAP FUND - Regular Plan - Growth","Bank of India Mutual Fund","BANK_OF_INDIA_MF","INF761K01108","REGULAR","GROWTH","","SOURCE_UNAVAILABLE","AMC_MONTHLY_PORTFOLIO","https://www.boimf.in/statutory-disclosures/monthly-portfolio","",0,0,0,0,0,0,0,0,0,0,0,0,0,0,0,false,"AWAITING_MONTHLY_DISCLOSURE"
"110599","BANK OF INDIA LARGE & MID CAP FUND - Regular Plan - Growth","Bank of India Mutual Fund","BANK_OF_INDIA_MF","INF761K01041","REGULAR","GROWTH","","SOURCE_UNAVAILABLE","AMC_MONTHLY_PORTFOLIO","https://www.boimf.in/statutory-disclosures/monthly-portfolio","",0,0,0,0,0,0,0,0,0,0,0,0,0,0,0,false,"AWAITING_MONTHLY_DISCLOSURE"
"148982","BANK OF INDIA LARGE CAP FUND - Regular Plan - Growth","Bank of India Mutual Fund","BANK_OF_INDIA_MF","INF761K01FO7","REGULAR","GROWTH","","SOURCE_UNAVAILABLE","AMC_MONTHLY_PORTFOLIO","https://www.boimf.in/statutory-disclosures/monthly-portfolio","",0,0,0,0,0,0,0,0,0,0,0,0,0,0,0,false,"AWAITING_MONTHLY_DISCLOSURE"
"109254","BANK OF INDIA LIQUID FUND - Regular Plan - Growth","Bank of India Mutual Fund","BANK_OF_INDIA_MF","INF761K01306","REGULAR","GROWTH","","SOURCE_UNAVAILABLE","AMC_MONTHLY_PORTFOLIO","https://www.boimf.in/statutory-disclosures/monthly-portfolio","",0,0,0,0,0,0,0,0,0,0,0,0,0,0,0,false,"AWAITING_MONTHLY_DISCLOSURE"
"112359","BANK OF INDIA MANUFACTURING & INFRASTRUCTURE FUND - Regular Plan - Growth","Bank of India Mutual Fund","BANK_OF_INDIA_MF","INF761K01199","REGULAR","GROWTH","","SOURCE_UNAVAILABLE","AMC_MONTHLY_PORTFOLIO","https://www.boimf.in/statutory-disclosures/monthly-portfolio","",0,0,0,0,0,0,0,0,0,0,0,0,0,0,0,false,"AWAITING_MONTHLY_DISCLOSURE"
"153726","BANK OF INDIA MID CAP FUND - Regular Plan - Growth","Bank of India Mutual Fund","BANK_OF_INDIA_MF","INF761K01HB0","REGULAR","GROWTH","","SOURCE_UNAVAILABLE","AMC_MONTHLY_PORTFOLIO","https://www.boimf.in/statutory-disclosures/monthly-portfolio","",0,0,0,0,0,0,0,0,0,0,0,0,0,0,0,false,"AWAITING_MONTHLY_DISCLOSURE"
"141952","BANK OF INDIA MID CAP TAX FUND SERIES 1 - Regular Plan - Growth","Bank of India Mutual Fund","BANK_OF_INDIA_MF","INF761K01DU9","REGULAR","GROWTH","","SOURCE_UNAVAILABLE","AMC_MONTHLY_PORTFOLIO","https://www.boimf.in/statutory-disclosures/monthly-portfolio","",0,0,0,0,0,0,0,0,0,0,0,0,0,0,0,false,"AWAITING_MONTHLY_DISCLOSURE"
"144314","BANK OF INDIA MID CAP TAX FUND Series 2 - Regular Plan - Growth","Bank of India Mutual Fund","BANK_OF_INDIA_MF","INF761K01EN2","REGULAR","GROWTH","","SOURCE_UNAVAILABLE","AMC_MONTHLY_PORTFOLIO","https://www.boimf.in/statutory-disclosures/monthly-portfolio","",0,0,0,0,0,0,0,0,0,0,0,0,0,0,0,false,"AWAITING_MONTHLY_DISCLOSURE"
"151445","BANK OF INDIA MULTI CAP FUND - Regular Plan - Growth","Bank of India Mutual Fund","BANK_OF_INDIA_MF","INF761K01FU4","REGULAR","GROWTH","","SOURCE_UNAVAILABLE","AMC_MONTHLY_PORTFOLIO","https://www.boimf.in/statutory-disclosures/monthly-portfolio","",0,0,0,0,0,0,0,0,0,0,0,0,0,0,0,false,"AWAITING_MONTHLY_DISCLOSURE"
"147936","BANK OF INDIA OVERNIGHT FUND - Regular Plan - Growth","Bank of India Mutual Fund","BANK_OF_INDIA_MF","INF761K01EZ6","REGULAR","GROWTH","","SOURCE_UNAVAILABLE","AMC_MONTHLY_PORTFOLIO","https://www.boimf.in/statutory-disclosures/monthly-portfolio","",0,0,0,0,0,0,0,0,0,0,0,0,0,0,0,false,"AWAITING_MONTHLY_DISCLOSURE"
"111585","BANK OF INDIA SHORT TERM FUND - Regular Plan - Growth","Bank of India Mutual Fund","BANK_OF_INDIA_MF","INF761K01579","REGULAR","GROWTH","","SOURCE_UNAVAILABLE","AMC_MONTHLY_PORTFOLIO","https://www.boimf.in/statutory-disclosures/monthly-portfolio","",0,0,0,0,0,0,0,0,0,0,0,0,0,0,0,false,"AWAITING_MONTHLY_DISCLOSURE"
"145677","BANK OF INDIA SMALL CAP FUND - Regular Plan - Growth","Bank of India Mutual Fund","BANK_OF_INDIA_MF","INF761K01ER3","REGULAR","GROWTH","","SOURCE_UNAVAILABLE","AMC_MONTHLY_PORTFOLIO","https://www.boimf.in/statutory-disclosures/monthly-portfolio","",0,0,0,0,0,0,0,0,0,0,0,0,0,0,0,false,"AWAITING_MONTHLY_DISCLOSURE"
"109269","BANK OF INDIA ULTRA SHORT TERM FUND - Regular Plan - Growth","Bank of India Mutual Fund","BANK_OF_INDIA_MF","INF761K01298","REGULAR","GROWTH","","SOURCE_UNAVAILABLE","AMC_MONTHLY_PORTFOLIO","https://www.boimf.in/statutory-disclosures/monthly-portfolio","",0,0,0,0,0,0,0,0,0,0,0,0,0,0,0,false,"AWAITING_MONTHLY_DISCLOSURE"
"154695","BANK OF INDIA VALUE FUND - Regular Plan - Growth","Bank of India Mutual Fund","BANK_OF_INDIA_MF","INF761K01HN5","REGULAR","GROWTH","","SOURCE_UNAVAILABLE","AMC_MONTHLY_PORTFOLIO","https://www.boimf.in/statutory-disclosures/monthly-portfolio","",0,0,0,0,0,0,0,0,0,0,0,0,0,0,0,false,"AWAITING_MONTHLY_DISCLOSURE"
"154095","Bank of India Banking & Financial Services Fund - Regular Plan - Growth","Bank of India Mutual Fund","BANK_OF_INDIA_MF","INF761K01HH7","REGULAR","GROWTH","","SOURCE_UNAVAILABLE","AMC_MONTHLY_PORTFOLIO","https://www.boimf.in/statutory-disclosures/monthly-portfolio","",0,0,0,0,0,0,0,0,0,0,0,0,0,0,0,false,"AWAITING_MONTHLY_DISCLOSURE"
"152790","Bank of India Business Cycle Fund - Regular Plan - Growth","Bank of India Mutual Fund","BANK_OF_INDIA_MF","INF761K01GC0","REGULAR","GROWTH","","SOURCE_UNAVAILABLE","AMC_MONTHLY_PORTFOLIO","https://www.boimf.in/statutory-disclosures/monthly-portfolio","",0,0,0,0,0,0,0,0,0,0,0,0,0,0,0,false,"AWAITING_MONTHLY_DISCLOSURE"
"153140","Bank of India Consumption Fund - Regular Plan - Growth","Bank of India Mutual Fund","BANK_OF_INDIA_MF","INF761K01GL1","REGULAR","GROWTH","","SOURCE_UNAVAILABLE","AMC_MONTHLY_PORTFOLIO","https://www.boimf.in/statutory-disclosures/monthly-portfolio","",0,0,0,0,0,0,0,0,0,0,0,0,0,0,0,false,"AWAITING_MONTHLY_DISCLOSURE"
"153293","Bank of India Money Market Fund - Regular Plan - Growth","Bank of India Mutual Fund","BANK_OF_INDIA_MF","INF761K01GS6","REGULAR","GROWTH","","SOURCE_UNAVAILABLE","AMC_MONTHLY_PORTFOLIO","https://www.boimf.in/statutory-disclosures/monthly-portfolio","",0,0,0,0,0,0,0,0,0,0,0,0,0,0,0,false,"AWAITING_MONTHLY_DISCLOSURE"
"152398","Bank of India Multi Asset Allocation Fund - Regular Plan - Growth","Bank of India Mutual Fund","BANK_OF_INDIA_MF","INF761K01FW0","REGULAR","GROWTH","","SOURCE_UNAVAILABLE","AMC_MONTHLY_PORTFOLIO","https://www.boimf.in/statutory-disclosures/monthly-portfolio","",0,0,0,0,0,0,0,0,0,0,0,0,0,0,0,false,"AWAITING_MONTHLY_DISCLOSURE"
"150258","BARODA BNP PARIBAS AGGRESSIVE HYBRID FUND - Regular Plan - Growth Option","Baroda BNP Paribas Mutual Fund","BARODA_BNP_PARI_MF","INF251K01OW4","REGULAR","GROWTH","","SOURCE_UNAVAILABLE","AMC_MONTHLY_PORTFOLIO","https://www.barodabnpparibasmf.in/statutory-disclosures/monthly-portfolio","",0,0,0,0,0,0,0,0,0,0,0,0,0,0,0,false,"AWAITING_MONTHLY_DISCLOSURE"
"150250","BARODA BNP PARIBAS ARBITRAGE FUND - Regular Plan - Growth Option","Baroda BNP Paribas Mutual Fund","BARODA_BNP_PARI_MF","INF251K01ON3","REGULAR","GROWTH","","SOURCE_UNAVAILABLE","AMC_MONTHLY_PORTFOLIO","https://www.barodabnpparibasmf.in/statutory-disclosures/monthly-portfolio","",0,0,0,0,0,0,0,0,0,0,0,0,0,0,0,false,"AWAITING_MONTHLY_DISCLOSURE"
"150203","BARODA BNP PARIBAS CONSERVATIVE HYBRID FUND - Regular Plan - Growth Option","Baroda BNP Paribas Mutual Fund","BARODA_BNP_PARI_MF","INF251K01845","REGULAR","GROWTH","","SOURCE_UNAVAILABLE","AMC_MONTHLY_PORTFOLIO","https://www.barodabnpparibasmf.in/statutory-disclosures/monthly-portfolio","",0,0,0,0,0,0,0,0,0,0,0,0,0,0,0,false,"AWAITING_MONTHLY_DISCLOSURE"
"150229","BARODA BNP PARIBAS CORPORATE BOND FUND - Growth Option - Regular Plan - Growth","Baroda BNP Paribas Mutual Fund","BARODA_BNP_PARI_MF","INF251K01EI4","REGULAR","GROWTH","","SOURCE_UNAVAILABLE","AMC_MONTHLY_PORTFOLIO","https://www.barodabnpparibasmf.in/statutory-disclosures/monthly-portfolio","",0,0,0,0,0,0,0,0,0,0,0,0,0,0,0,false,"AWAITING_MONTHLY_DISCLOSURE"
"150235","BARODA BNP PARIBAS CORPORATE BOND FUND - Regular Plan - Growth Option","Baroda BNP Paribas Mutual Fund","BARODA_BNP_PARI_MF","INF251K01EP9","REGULAR","GROWTH","","SOURCE_UNAVAILABLE","AMC_MONTHLY_PORTFOLIO","https://www.barodabnpparibasmf.in/statutory-disclosures/monthly-portfolio","",0,0,0,0,0,0,0,0,0,0,0,0,0,0,0,false,"AWAITING_MONTHLY_DISCLOSURE"
"101187","BARODA BNP PARIBAS GILT FUND - Regular Plan - Growth Option","Baroda BNP Paribas Mutual Fund","BARODA_BNP_PARI_MF","INF955L01450","REGULAR","GROWTH","","SOURCE_UNAVAILABLE","AMC_MONTHLY_PORTFOLIO","https://www.barodabnpparibasmf.in/statutory-disclosures/monthly-portfolio","",0,0,0,0,0,0,0,0,0,0,0,0,0,0,0,false,"AWAITING_MONTHLY_DISCLOSURE"
"150185","BARODA BNP PARIBAS LARGE CAP FUND - Regular Plan - Growth Option","Baroda BNP Paribas Mutual Fund","BARODA_BNP_PARI_MF","INF251K01894","REGULAR","GROWTH","","SOURCE_UNAVAILABLE","AMC_MONTHLY_PORTFOLIO","https://www.barodabnpparibasmf.in/statutory-disclosures/monthly-portfolio","",0,0,0,0,0,0,0,0,0,0,0,0,0,0,0,false,"AWAITING_MONTHLY_DISCLOSURE"
"101408","BARODA BNP PARIBAS LIQUID FUND - Growth Option - Regular Plan - Growth","Baroda BNP Paribas Mutual Fund","BARODA_BNP_PARI_MF","INF955L01575","REGULAR","GROWTH","","SOURCE_UNAVAILABLE","AMC_MONTHLY_PORTFOLIO","https://www.barodabnpparibasmf.in/statutory-disclosures/monthly-portfolio","",0,0,0,0,0,0,0,0,0,0,0,0,0,0,0,false,"AWAITING_MONTHLY_DISCLOSURE"
"111704","BARODA BNP PARIBAS LIQUID FUND - Regular Plan - Growth Option","Baroda BNP Paribas Mutual Fund","BARODA_BNP_PARI_MF","INF955L01484","REGULAR","GROWTH","","SOURCE_UNAVAILABLE","AMC_MONTHLY_PORTFOLIO","https://www.barodabnpparibasmf.in/statutory-disclosures/monthly-portfolio","",0,0,0,0,0,0,0,0,0,0,0,0,0,0,0,false,"AWAITING_MONTHLY_DISCLOSURE"
"150160","BARODA BNP PARIBAS ULTRA SHORT TO SHORT TERM FUND - Growth Option - Regular Plan - Growth","Baroda BNP Paribas Mutual Fund","BARODA_BNP_PARI_MF","INF251K01DL0","REGULAR","GROWTH","","SOURCE_UNAVAILABLE","AMC_MONTHLY_PORTFOLIO","https://www.barodabnpparibasmf.in/statutory-disclosures/monthly-portfolio","",0,0,0,0,0,0,0,0,0,0,0,0,0,0,0,false,"AWAITING_MONTHLY_DISCLOSURE"
"150165","BARODA BNP PARIBAS ULTRA SHORT TO SHORT TERM FUND - Regular Plan - Growth Option","Baroda BNP Paribas Mutual Fund","BARODA_BNP_PARI_MF","INF251K01DQ9","REGULAR","GROWTH","","SOURCE_UNAVAILABLE","AMC_MONTHLY_PORTFOLIO","https://www.barodabnpparibasmf.in/statutory-disclosures/monthly-portfolio","",0,0,0,0,0,0,0,0,0,0,0,0,0,0,0,false,"AWAITING_MONTHLY_DISCLOSURE"
"150284","Baroda BNP Paribas Aqua Fund of Fund - Regular Plan - Growth Option","Baroda BNP Paribas Mutual Fund","BARODA_BNP_PARI_MF","INF251K01QQ1","REGULAR","GROWTH","","SOURCE_UNAVAILABLE","AMC_MONTHLY_PORTFOLIO","https://www.barodabnpparibasmf.in/statutory-disclosures/monthly-portfolio","",0,0,0,0,0,0,0,0,0,0,0,0,0,0,0,false,"AWAITING_MONTHLY_DISCLOSURE"
"145387","Baroda BNP Paribas Balanced Advantage Fund - Regular Plan - Growth Option","Baroda BNP Paribas Mutual Fund","BARODA_BNP_PARI_MF","INF955L01HC4","REGULAR","GROWTH","","SOURCE_UNAVAILABLE","AMC_MONTHLY_PORTFOLIO","https://www.barodabnpparibasmf.in/statutory-disclosures/monthly-portfolio","",0,0,0,0,0,0,0,0,0,0,0,0,0,0,0,false,"AWAITING_MONTHLY_DISCLOSURE"
"117549","Baroda BNP Paribas Banking and Financial Services Fund - Regular Plan - Growth Option","Baroda BNP Paribas Mutual Fund","BARODA_BNP_PARI_MF","INF955L01856","REGULAR","GROWTH","","SOURCE_UNAVAILABLE","AMC_MONTHLY_PORTFOLIO","https://www.barodabnpparibasmf.in/statutory-disclosures/monthly-portfolio","",0,0,0,0,0,0,0,0,0,0,0,0,0,0,0,false,"AWAITING_MONTHLY_DISCLOSURE"
"153844","Baroda BNP Paribas Business Conglomerates Fund - Regular Plan - Growth Option","Baroda BNP Paribas Mutual Fund","BARODA_BNP_PARI_MF","INF251K01VG2","REGULAR","GROWTH","","SOURCE_UNAVAILABLE","AMC_MONTHLY_PORTFOLIO","https://www.barodabnpparibasmf.in/statutory-disclosures/monthly-portfolio","",0,0,0,0,0,0,0,0,0,0,0,0,0,0,0,false,"AWAITING_MONTHLY_DISCLOSURE"
"149140","Baroda BNP Paribas Business Cycle Fund - Regular Plan - Growth Option","Baroda BNP Paribas Mutual Fund","BARODA_BNP_PARI_MF","INF955L01KH7","REGULAR","GROWTH","","SOURCE_UNAVAILABLE","AMC_MONTHLY_PORTFOLIO","https://www.barodabnpparibasmf.in/statutory-disclosures/monthly-portfolio","",0,0,0,0,0,0,0,0,0,0,0,0,0,0,0,false,"AWAITING_MONTHLY_DISCLOSURE"
"153170","Baroda BNP Paribas Children's Fund - Regular Plan - Growth Option","Baroda BNP Paribas Mutual Fund","BARODA_BNP_PARI_MF","INF251K01UC3","REGULAR","GROWTH","","SOURCE_UNAVAILABLE","AMC_MONTHLY_PORTFOLIO","https://www.barodabnpparibasmf.in/statutory-disclosures/monthly-portfolio","",0,0,0,0,0,0,0,0,0,0,0,0,0,0,0,false,"AWAITING_MONTHLY_DISCLOSURE"
"150172","Baroda BNP Paribas Dynamic Term Fund - Growth Option - Regular Plan - Growth","Baroda BNP Paribas Mutual Fund","BARODA_BNP_PARI_MF","INF251K01EF0","REGULAR","GROWTH","","SOURCE_UNAVAILABLE","AMC_MONTHLY_PORTFOLIO","https://www.barodabnpparibasmf.in/statutory-disclosures/monthly-portfolio","",0,0,0,0,0,0,0,0,0,0,0,0,0,0,0,false,"AWAITING_MONTHLY_DISCLOSURE"
"150173","Baroda BNP Paribas Dynamic Term Fund - Regular Plan - Growth Option","Baroda BNP Paribas Mutual Fund","BARODA_BNP_PARI_MF","INF251K01DW7","REGULAR","GROWTH","","SOURCE_UNAVAILABLE","AMC_MONTHLY_PORTFOLIO","https://www.barodabnpparibasmf.in/statutory-disclosures/monthly-portfolio","",0,0,0,0,0,0,0,0,0,0,0,0,0,0,0,false,"AWAITING_MONTHLY_DISCLOSURE"
"150156","Baroda BNP Paribas ELSS Tax Saver Fund - Regular Plan - Growth Option","Baroda BNP Paribas Mutual Fund","BARODA_BNP_PARI_MF","INF251K01985","REGULAR","GROWTH","","SOURCE_UNAVAILABLE","AMC_MONTHLY_PORTFOLIO","https://www.barodabnpparibasmf.in/statutory-disclosures/monthly-portfolio","",0,0,0,0,0,0,0,0,0,0,0,0,0,0,0,false,"AWAITING_MONTHLY_DISCLOSURE"
"154194","Baroda BNP Paribas ESG Best-in-Class Strategy Fund - Regular Plan - Growth Option","Baroda BNP Paribas Mutual Fund","BARODA_BNP_PARI_MF","INF251K01VM0","REGULAR","GROWTH","","SOURCE_UNAVAILABLE","AMC_MONTHLY_PORTFOLIO","https://www.barodabnpparibasmf.in/statutory-disclosures/monthly-portfolio","",0,0,0,0,0,0,0,0,0,0,0,0,0,0,0,false,"AWAITING_MONTHLY_DISCLOSURE"
"153226","Baroda BNP Paribas Energy Opportunities Fund - Regular Plan - Growth Option","Baroda BNP Paribas Mutual Fund","BARODA_BNP_PARI_MF","INF251K01UG4","REGULAR","GROWTH","","SOURCE_UNAVAILABLE","AMC_MONTHLY_PORTFOLIO","https://www.barodabnpparibasmf.in/statutory-disclosures/monthly-portfolio","",0,0,0,0,0,0,0,0,0,0,0,0,0,0,0,false,"AWAITING_MONTHLY_DISCLOSURE"
"147494","Baroda BNP Paribas Equity Savings Fund - Regular Plan - Growth Option","Baroda BNP Paribas Mutual Fund","BARODA_BNP_PARI_MF","INF955L01II9","REGULAR","GROWTH","","SOURCE_UNAVAILABLE","AMC_MONTHLY_PORTFOLIO","https://www.barodabnpparibasmf.in/statutory-disclosures/monthly-portfolio","",0,0,0,0,0,0,0,0,0,0,0,0,0,0,0,false,"AWAITING_MONTHLY_DISCLOSURE"
"150385","Baroda BNP Paribas Flexi Cap Fund - Regular Plan - Growth Option","Baroda BNP Paribas Mutual Fund","BARODA_BNP_PARI_MF","INF251K01QW9","REGULAR","GROWTH","","SOURCE_UNAVAILABLE","AMC_MONTHLY_PORTFOLIO","https://www.barodabnpparibasmf.in/statutory-disclosures/monthly-portfolio","",0,0,0,0,0,0,0,0,0,0,0,0,0,0,0,false,"AWAITING_MONTHLY_DISCLOSURE"
"150263","Baroda BNP Paribas Focused Fund - Regular Plan - Growth Option","Baroda BNP Paribas Mutual Fund","BARODA_BNP_PARI_MF","INF251K01PK6","REGULAR","GROWTH","","SOURCE_UNAVAILABLE","AMC_MONTHLY_PORTFOLIO","https://www.barodabnpparibasmf.in/statutory-disclosures/monthly-portfolio","",0,0,0,0,0,0,0,0,0,0,0,0,0,0,0,false,"AWAITING_MONTHLY_DISCLOSURE"
"152231","Baroda BNP Paribas Gold ETF - Regular Plan - Growth Option","Baroda BNP Paribas Mutual Fund","BARODA_BNP_PARI_MF","INF251K01SU9","REGULAR","GROWTH","","SOURCE_UNAVAILABLE","AMC_MONTHLY_PORTFOLIO","https://www.barodabnpparibasmf.in/statutory-disclosures/monthly-portfolio","",0,0,0,0,0,0,0,0,0,0,0,0,0,0,0,false,"AWAITING_MONTHLY_DISCLOSURE"
"153794","Baroda BNP Paribas Gold ETF Fund of Fund - Regular Plan - Growth Option","Baroda BNP Paribas Mutual Fund","BARODA_BNP_PARI_MF","INF251K01VE7","REGULAR","GROWTH","","SOURCE_UNAVAILABLE","AMC_MONTHLY_PORTFOLIO","https://www.barodabnpparibasmf.in/statutory-disclosures/monthly-portfolio","",0,0,0,0,0,0,0,0,0,0,0,0,0,0,0,false,"AWAITING_MONTHLY_DISCLOSURE"
"153602","Baroda BNP Paribas Health and Wellness Fund - Regular Plan - Growth Option","Baroda BNP Paribas Mutual Fund","BARODA_BNP_PARI_MF","INF251K01UY7","REGULAR","GROWTH","","SOURCE_UNAVAILABLE","AMC_MONTHLY_PORTFOLIO","https://www.barodabnpparibasmf.in/statutory-disclosures/monthly-portfolio","",0,0,0,0,0,0,0,0,0,0,0,0,0,0,0,false,"AWAITING_MONTHLY_DISCLOSURE"
"153541","Baroda BNP Paribas Income Plus Arbitrage Active Fund of Funds - Regular Plan - Growth Option","Baroda BNP Paribas Mutual Fund","BARODA_BNP_PARI_MF","INF251K01UR1","REGULAR","GROWTH","","SOURCE_UNAVAILABLE","AMC_MONTHLY_PORTFOLIO","https://www.barodabnpparibasmf.in/statutory-disclosures/monthly-portfolio","",0,0,0,0,0,0,0,0,0,0,0,0,0,0,0,false,"AWAITING_MONTHLY_DISCLOSURE"
"150268","Baroda BNP Paribas India Consumption Fund - Regular Plan - Growth Option","Baroda BNP Paribas Mutual Fund","BARODA_BNP_PARI_MF","INF251K01PQ3","REGULAR","GROWTH","","SOURCE_UNAVAILABLE","AMC_MONTHLY_PORTFOLIO","https://www.barodabnpparibasmf.in/statutory-disclosures/monthly-portfolio","",0,0,0,0,0,0,0,0,0,0,0,0,0,0,0,false,"AWAITING_MONTHLY_DISCLOSURE"
"152472","Baroda BNP Paribas Innovation Fund - Regular Plan - Growth Option","Baroda BNP Paribas Mutual Fund","BARODA_BNP_PARI_MF","INF251K01TB7","REGULAR","GROWTH","","SOURCE_UNAVAILABLE","AMC_MONTHLY_PORTFOLIO","https://www.barodabnpparibasmf.in/statutory-disclosures/monthly-portfolio","",0,0,0,0,0,0,0,0,0,0,0,0,0,0,0,false,"AWAITING_MONTHLY_DISCLOSURE"
"148471","Baroda BNP Paribas Large and Mid Cap fund - Regular Plan - Growth Option","Baroda BNP Paribas Mutual Fund","BARODA_BNP_PARI_MF","INF955L01JR8","REGULAR","GROWTH","","SOURCE_UNAVAILABLE","AMC_MONTHLY_PORTFOLIO","https://www.barodabnpparibasmf.in/statutory-disclosures/monthly-portfolio","",0,0,0,0,0,0,0,0,0,0,0,0,0,0,0,false,"AWAITING_MONTHLY_DISCLOSURE"
"152696","Baroda BNP Paribas Manufacturing Fund - Regular Plan - Growth Option","Baroda BNP Paribas Mutual Fund","BARODA_BNP_PARI_MF","INF251K01TM4","REGULAR","GROWTH","","SOURCE_UNAVAILABLE","AMC_MONTHLY_PORTFOLIO","https://www.barodabnpparibasmf.in/statutory-disclosures/monthly-portfolio","",0,0,0,0,0,0,0,0,0,0,0,0,0,0,0,false,"AWAITING_MONTHLY_DISCLOSURE"
"150209","Baroda BNP Paribas Mid Cap Fund - Regular Plan - Growth Option","Baroda BNP Paribas Mutual Fund","BARODA_BNP_PARI_MF","INF251K01AW3","REGULAR","GROWTH","","SOURCE_UNAVAILABLE","AMC_MONTHLY_PORTFOLIO","https://www.barodabnpparibasmf.in/statutory-disclosures/monthly-portfolio","",0,0,0,0,0,0,0,0,0,0,0,0,0,0,0,false,"AWAITING_MONTHLY_DISCLOSURE"
"147382","Baroda BNP Paribas Money Market Fund - Regular Plan - Growth Option","Baroda BNP Paribas Mutual Fund","BARODA_BNP_PARI_MF","INF955L01HY8","REGULAR","GROWTH","","SOURCE_UNAVAILABLE","AMC_MONTHLY_PORTFOLIO","https://www.barodabnpparibasmf.in/statutory-disclosures/monthly-portfolio","",0,0,0,0,0,0,0,0,0,0,0,0,0,0,0,false,"AWAITING_MONTHLY_DISCLOSURE"
"153548","Baroda BNP Paribas Multi Asset Active Fund of Funds - Regular Plan - Growth Option","Baroda BNP Paribas Mutual Fund","BARODA_BNP_PARI_MF","INF251K01UM2","REGULAR","GROWTH","","SOURCE_UNAVAILABLE","AMC_MONTHLY_PORTFOLIO","https://www.barodabnpparibasmf.in/statutory-disclosures/monthly-portfolio","",0,0,0,0,0,0,0,0,0,0,0,0,0,0,0,false,"AWAITING_MONTHLY_DISCLOSURE"
"150863","Baroda BNP Paribas Multi Asset Fund - Regular Plan - Growth Option","Baroda BNP Paribas Mutual Fund","BARODA_BNP_PARI_MF","INF251K01RC9","REGULAR","GROWTH","","SOURCE_UNAVAILABLE","AMC_MONTHLY_PORTFOLIO","https://www.barodabnpparibasmf.in/statutory-disclosures/monthly-portfolio","",0,0,0,0,0,0,0,0,0,0,0,0,0,0,0,false,"AWAITING_MONTHLY_DISCLOSURE"
"102020","Baroda BNP Paribas Multi Cap Fund - Regular Plan - Growth Option","Baroda BNP Paribas Mutual Fund","BARODA_BNP_PARI_MF","INF955L01674","REGULAR","GROWTH","","SOURCE_UNAVAILABLE","AMC_MONTHLY_PORTFOLIO","https://www.barodabnpparibasmf.in/statutory-disclosures/monthly-portfolio","",0,0,0,0,0,0,0,0,0,0,0,0,0,0,0,false,"AWAITING_MONTHLY_DISCLOSURE"
"151576","Baroda BNP Paribas NIFTY SDL December 2028 Index Fund - Regular Plan - Growth Option","Baroda BNP Paribas Mutual Fund","BARODA_BNP_PARI_MF","INF251K01RO4","REGULAR","GROWTH","","SOURCE_UNAVAILABLE","AMC_MONTHLY_PORTFOLIO","https://www.barodabnpparibasmf.in/statutory-disclosures/monthly-portfolio","",0,0,0,0,0,0,0,0,0,0,0,0,0,0,0,false,"AWAITING_MONTHLY_DISCLOSURE"
"152331","Baroda BNP Paribas Nifty 50 Index Fund - Regular Plan - Growth Option","Baroda BNP Paribas Mutual Fund","BARODA_BNP_PARI_MF","INF251K01SV7","REGULAR","GROWTH","","SOURCE_UNAVAILABLE","AMC_MONTHLY_PORTFOLIO","https://www.barodabnpparibasmf.in/statutory-disclosures/monthly-portfolio","",0,0,0,0,0,0,0,0,0,0,0,0,0,0,0,false,"AWAITING_MONTHLY_DISCLOSURE"
"152683","Baroda BNP Paribas Nifty Bank ETF - Regular Plan - Growth Option","Baroda BNP Paribas Mutual Fund","BARODA_BNP_PARI_MF","INF251K01TL6","REGULAR","GROWTH","","SOURCE_UNAVAILABLE","AMC_MONTHLY_PORTFOLIO","https://www.barodabnpparibasmf.in/statutory-disclosures/monthly-portfolio","",0,0,0,0,0,0,0,0,0,0,0,0,0,0,0,false,"AWAITING_MONTHLY_DISCLOSURE"
"153001","Baroda BNP Paribas Nifty Midcap 150 Index Fund - Regular Plan - Growth Option","Baroda BNP Paribas Mutual Fund","BARODA_BNP_PARI_MF","INF251K01UB5","REGULAR","GROWTH","","SOURCE_UNAVAILABLE","AMC_MONTHLY_PORTFOLIO","https://www.barodabnpparibasmf.in/statutory-disclosures/monthly-portfolio","",0,0,0,0,0,0,0,0,0,0,0,0,0,0,0,false,"AWAITING_MONTHLY_DISCLOSURE"
"151279","Baroda BNP Paribas Nifty SDL December 2026 Index Fund - Regular Plan - Growth Option","Baroda BNP Paribas Mutual Fund","BARODA_BNP_PARI_MF","INF251K01RI6","REGULAR","GROWTH","","SOURCE_UNAVAILABLE","AMC_MONTHLY_PORTFOLIO","https://www.barodabnpparibasmf.in/statutory-disclosures/monthly-portfolio","",0,0,0,0,0,0,0,0,0,0,0,0,0,0,0,false,"AWAITING_MONTHLY_DISCLOSURE"
"152930","Baroda BNP Paribas Nifty200 Momentum 30 Index Fund - Regular Plan - Growth Option","Baroda BNP Paribas Mutual Fund","BARODA_BNP_PARI_MF","INF251K01TZ6","REGULAR","GROWTH","","SOURCE_UNAVAILABLE","AMC_MONTHLY_PORTFOLIO","https://www.barodabnpparibasmf.in/statutory-disclosures/monthly-portfolio","",0,0,0,0,0,0,0,0,0,0,0,0,0,0,0,false,"AWAITING_MONTHLY_DISCLOSURE"
"147193","Baroda BNP Paribas Overnight Fund - Regular Plan - Growth Option","Baroda BNP Paribas Mutual Fund","BARODA_BNP_PARI_MF","INF955L01HS0","REGULAR","GROWTH","","SOURCE_UNAVAILABLE","AMC_MONTHLY_PORTFOLIO","https://www.barodabnpparibasmf.in/statutory-disclosures/monthly-portfolio","",0,0,0,0,0,0,0,0,0,0,0,0,0,0,0,false,"AWAITING_MONTHLY_DISCLOSURE"
"152625","Baroda BNP Paribas Retirement Fund - Regular Plan - Growth Option","Baroda BNP Paribas Mutual Fund","BARODA_BNP_PARI_MF","INF251K01TH4","REGULAR","GROWTH","","SOURCE_UNAVAILABLE","AMC_MONTHLY_PORTFOLIO","https://www.barodabnpparibasmf.in/statutory-disclosures/monthly-portfolio","",0,0,0,0,0,0,0,0,0,0,0,0,0,0,0,false,"AWAITING_MONTHLY_DISCLOSURE"
"154486","Baroda BNP Paribas Services Fund - Regular Plan - Growth Option","Baroda BNP Paribas Mutual Fund","BARODA_BNP_PARI_MF","INF251K01VV1","REGULAR","GROWTH","","SOURCE_UNAVAILABLE","AMC_MONTHLY_PORTFOLIO","https://www.barodabnpparibasmf.in/statutory-disclosures/monthly-portfolio","",0,0,0,0,0,0,0,0,0,0,0,0,0,0,0,false,"AWAITING_MONTHLY_DISCLOSURE"
"113036","Baroda BNP Paribas Short Term Fund (the scheme has 2 segregated portfolios) - Regular Plan - Growth Option","Baroda BNP Paribas Mutual Fund","BARODA_BNP_PARI_MF","INF955L01153","REGULAR","GROWTH","","SOURCE_UNAVAILABLE","AMC_MONTHLY_PORTFOLIO","https://www.barodabnpparibasmf.in/statutory-disclosures/monthly-portfolio","",0,0,0,0,0,0,0,0,0,0,0,0,0,0,0,false,"AWAITING_MONTHLY_DISCLOSURE"
"152130","Baroda BNP Paribas Small Cap Fund - Regular Plan - Growth Option","Baroda BNP Paribas Mutual Fund","BARODA_BNP_PARI_MF","INF251K01SO2","REGULAR","GROWTH","","SOURCE_UNAVAILABLE","AMC_MONTHLY_PORTFOLIO","https://www.barodabnpparibasmf.in/statutory-disclosures/monthly-portfolio","",0,0,0,0,0,0,0,0,0,0,0,0,0,0,0,false,"AWAITING_MONTHLY_DISCLOSURE"
"143464","Baroda BNP Paribas Ultra Short Term Fund - Regular Plan - Growth Option","Baroda BNP Paribas Mutual Fund","BARODA_BNP_PARI_MF","INF955L01GX2","REGULAR","GROWTH","","SOURCE_UNAVAILABLE","AMC_MONTHLY_PORTFOLIO","https://www.barodabnpparibasmf.in/statutory-disclosures/monthly-portfolio","",0,0,0,0,0,0,0,0,0,0,0,0,0,0,0,false,"AWAITING_MONTHLY_DISCLOSURE"
"151747","Baroda BNP Paribas Value Fund - Regular Plan - Growth Option","Baroda BNP Paribas Mutual Fund","BARODA_BNP_PARI_MF","INF251K01SA1","REGULAR","GROWTH","","SOURCE_UNAVAILABLE","AMC_MONTHLY_PORTFOLIO","https://www.barodabnpparibasmf.in/statutory-disclosures/monthly-portfolio","",0,0,0,0,0,0,0,0,0,0,0,0,0,0,0,false,"AWAITING_MONTHLY_DISCLOSURE"
"106166","Canara Robeco Aggressive Hybrid Fund - Regular Plan - GROWTH OPTION","Canara Robeco Mutual Fund","CANARA_ROBECO_MF","INF760K01050","REGULAR","GROWTH","","SOURCE_UNAVAILABLE","AMC_MONTHLY_PORTFOLIO","https://www.canararobeco.com/statutory-disclosures/monthly-portfolio","",0,0,0,0,0,0,0,0,0,0,0,0,0,0,0,false,"AWAITING_MONTHLY_DISCLOSURE"
"152690","Canara Robeco Balanced Advantage Fund - Regular Plan - Growth Option","Canara Robeco Mutual Fund","CANARA_ROBECO_MF","INF760K01LA6","REGULAR","GROWTH","","SOURCE_UNAVAILABLE","AMC_MONTHLY_PORTFOLIO","https://www.canararobeco.com/statutory-disclosures/monthly-portfolio","",0,0,0,0,0,0,0,0,0,0,0,0,0,0,0,false,"AWAITING_MONTHLY_DISCLOSURE"
"154248","Canara Robeco Banking and Financial Services Fund - Regular Plan - Growth","Canara Robeco Mutual Fund","CANARA_ROBECO_MF","INF760K01LM1","REGULAR","GROWTH","","SOURCE_UNAVAILABLE","AMC_MONTHLY_PORTFOLIO","https://www.canararobeco.com/statutory-disclosures/monthly-portfolio","",0,0,0,0,0,0,0,0,0,0,0,0,0,0,0,false,"AWAITING_MONTHLY_DISCLOSURE"
"150503","Canara Robeco Banking and PSU Debt Fund - Regular Plan - Growth Option","Canara Robeco Mutual Fund","CANARA_ROBECO_MF","INF760K01KF7","REGULAR","GROWTH","","SOURCE_UNAVAILABLE","AMC_MONTHLY_PORTFOLIO","https://www.canararobeco.com/statutory-disclosures/monthly-portfolio","",0,0,0,0,0,0,0,0,0,0,0,0,0,0,0,false,"AWAITING_MONTHLY_DISCLOSURE"
"100601","Canara Robeco Conservative Hybrid Fund - Regular Plan - GROWTH OPTION","Canara Robeco Mutual Fund","CANARA_ROBECO_MF","INF760K01282","REGULAR","GROWTH","","SOURCE_UNAVAILABLE","AMC_MONTHLY_PORTFOLIO","https://www.canararobeco.com/statutory-disclosures/monthly-portfolio","",0,0,0,0,0,0,0,0,0,0,0,0,0,0,0,false,"AWAITING_MONTHLY_DISCLOSURE"
"112152","Canara Robeco Consumption Fund - Regular Plan - GROWTH OPTION","Canara Robeco Mutual Fund","CANARA_ROBECO_MF","INF760K01241","REGULAR","GROWTH","","SOURCE_UNAVAILABLE","AMC_MONTHLY_PORTFOLIO","https://www.canararobeco.com/statutory-disclosures/monthly-portfolio","",0,0,0,0,0,0,0,0,0,0,0,0,0,0,0,false,"AWAITING_MONTHLY_DISCLOSURE"
"126687","Canara Robeco Corporate Bond Fund - Regular Plan - GROWTH OPTION","Canara Robeco Mutual Fund","CANARA_ROBECO_MF","INF760K01GY6","REGULAR","GROWTH","","SOURCE_UNAVAILABLE","AMC_MONTHLY_PORTFOLIO","https://www.canararobeco.com/statutory-disclosures/monthly-portfolio","",0,0,0,0,0,0,0,0,0,0,0,0,0,0,0,false,"AWAITING_MONTHLY_DISCLOSURE"
"111962","Canara Robeco Dynamic Term Fund - Regular Plan - GROWTH OPTION","Canara Robeco Mutual Fund","CANARA_ROBECO_MF","INF760K01449","REGULAR","GROWTH","","SOURCE_UNAVAILABLE","AMC_MONTHLY_PORTFOLIO","https://www.canararobeco.com/statutory-disclosures/monthly-portfolio","",0,0,0,0,0,0,0,0,0,0,0,0,0,0,0,false,"AWAITING_MONTHLY_DISCLOSURE"
"111722","Canara Robeco ELSS - Tax Saver Fund - Regular Plan - GROWTH OPTION","Canara Robeco Mutual Fund","CANARA_ROBECO_MF","INF760K01100","REGULAR","GROWTH","","SOURCE_UNAVAILABLE","AMC_MONTHLY_PORTFOLIO","https://www.canararobeco.com/statutory-disclosures/monthly-portfolio","",0,0,0,0,0,0,0,0,0,0,0,0,0,0,0,false,"AWAITING_MONTHLY_DISCLOSURE"
"101922","Canara Robeco Flexi Cap Fund - Regular Plan - GROWTH OPTION","Canara Robeco Mutual Fund","CANARA_ROBECO_MF","INF760K01019","REGULAR","GROWTH","","SOURCE_UNAVAILABLE","AMC_MONTHLY_PORTFOLIO","https://www.canararobeco.com/statutory-disclosures/monthly-portfolio","",0,0,0,0,0,0,0,0,0,0,0,0,0,0,0,false,"AWAITING_MONTHLY_DISCLOSURE"
"148884","Canara Robeco Focused Fund - Regular Plan - Growth Option","Canara Robeco Mutual Fund","CANARA_ROBECO_MF","INF760K01JT0","REGULAR","GROWTH","","SOURCE_UNAVAILABLE","AMC_MONTHLY_PORTFOLIO","https://www.canararobeco.com/statutory-disclosures/monthly-portfolio","",0,0,0,0,0,0,0,0,0,0,0,0,0,0,0,false,"AWAITING_MONTHLY_DISCLOSURE"
"100597","Canara Robeco Gilt Fund - Regular Plan - GROWTH OPTION","Canara Robeco Mutual Fund","CANARA_ROBECO_MF","INF760K01AE1","REGULAR","GROWTH","","SOURCE_UNAVAILABLE","AMC_MONTHLY_PORTFOLIO","https://www.canararobeco.com/statutory-disclosures/monthly-portfolio","",0,0,0,0,0,0,0,0,0,0,0,0,0,0,0,false,"AWAITING_MONTHLY_DISCLOSURE"
"103390","Canara Robeco Infrastructure Fund - Regular Plan - GROWTH OPTION","Canara Robeco Mutual Fund","CANARA_ROBECO_MF","INF760K01274","REGULAR","GROWTH","","SOURCE_UNAVAILABLE","AMC_MONTHLY_PORTFOLIO","https://www.canararobeco.com/statutory-disclosures/monthly-portfolio","",0,0,0,0,0,0,0,0,0,0,0,0,0,0,0,false,"AWAITING_MONTHLY_DISCLOSURE"
"113221","Canara Robeco Large Cap Fund - Regular Plan - GROWTH OPTION","Canara Robeco Mutual Fund","CANARA_ROBECO_MF","INF760K01AR3","REGULAR","GROWTH","","SOURCE_UNAVAILABLE","AMC_MONTHLY_PORTFOLIO","https://www.canararobeco.com/statutory-disclosures/monthly-portfolio","",0,0,0,0,0,0,0,0,0,0,0,0,0,0,0,false,"AWAITING_MONTHLY_DISCLOSURE"
"102920","Canara Robeco Large and Mid Cap Fund - Regular Plan - GROWTH OPTION","Canara Robeco Mutual Fund","CANARA_ROBECO_MF","INF760K01167","REGULAR","GROWTH","","SOURCE_UNAVAILABLE","AMC_MONTHLY_PORTFOLIO","https://www.canararobeco.com/statutory-disclosures/monthly-portfolio","",0,0,0,0,0,0,0,0,0,0,0,0,0,0,0,false,"AWAITING_MONTHLY_DISCLOSURE"
"109353","Canara Robeco Liquid Fund - Regular Plan - GROWTH OPTION","Canara Robeco Mutual Fund","CANARA_ROBECO_MF","INF760K01CW9","REGULAR","GROWTH","","SOURCE_UNAVAILABLE","AMC_MONTHLY_PORTFOLIO","https://www.canararobeco.com/statutory-disclosures/monthly-portfolio","",0,0,0,0,0,0,0,0,0,0,0,0,0,0,0,false,"AWAITING_MONTHLY_DISCLOSURE"
"152447","Canara Robeco Manufacturing Fund - Regular Plan - Growth Option","Canara Robeco Mutual Fund","CANARA_ROBECO_MF","INF760K01KU6","REGULAR","GROWTH","","SOURCE_UNAVAILABLE","AMC_MONTHLY_PORTFOLIO","https://www.canararobeco.com/statutory-disclosures/monthly-portfolio","",0,0,0,0,0,0,0,0,0,0,0,0,0,0,0,false,"AWAITING_MONTHLY_DISCLOSURE"
"101588","Canara Robeco Medium To Long Term Fund - Regular Plan - GROWTH OPTION","Canara Robeco Mutual Fund","CANARA_ROBECO_MF","INF760K01324","REGULAR","GROWTH","","SOURCE_UNAVAILABLE","AMC_MONTHLY_PORTFOLIO","https://www.canararobeco.com/statutory-disclosures/monthly-portfolio","",0,0,0,0,0,0,0,0,0,0,0,0,0,0,0,false,"AWAITING_MONTHLY_DISCLOSURE"
"150816","Canara Robeco Mid Cap Fund - Regular Plan - Growth Option","Canara Robeco Mutual Fund","CANARA_ROBECO_MF","INF760K01KL5","REGULAR","GROWTH","","SOURCE_UNAVAILABLE","AMC_MONTHLY_PORTFOLIO","https://www.canararobeco.com/statutory-disclosures/monthly-portfolio","",0,0,0,0,0,0,0,0,0,0,0,0,0,0,0,false,"AWAITING_MONTHLY_DISCLOSURE"
"153466","Canara Robeco Multi Asset Allocation Fund - Regular Plan - Growth","Canara Robeco Mutual Fund","CANARA_ROBECO_MF","INF760K01LG3","REGULAR","GROWTH","","SOURCE_UNAVAILABLE","AMC_MONTHLY_PORTFOLIO","https://www.canararobeco.com/statutory-disclosures/monthly-portfolio","",0,0,0,0,0,0,0,0,0,0,0,0,0,0,0,false,"AWAITING_MONTHLY_DISCLOSURE"
"151821","Canara Robeco Multi Cap Fund - Regular Plan - Growth Option","Canara Robeco Mutual Fund","CANARA_ROBECO_MF","INF760K01KR2","REGULAR","GROWTH","","SOURCE_UNAVAILABLE","AMC_MONTHLY_PORTFOLIO","https://www.canararobeco.com/statutory-disclosures/monthly-portfolio","",0,0,0,0,0,0,0,0,0,0,0,0,0,0,0,false,"AWAITING_MONTHLY_DISCLOSURE"
"147534","Canara Robeco Overnight Fund - Regular Plan - GROWTH OPTION","Canara Robeco Mutual Fund","CANARA_ROBECO_MF","INF760K01JO1","REGULAR","GROWTH","","SOURCE_UNAVAILABLE","AMC_MONTHLY_PORTFOLIO","https://www.canararobeco.com/statutory-disclosures/monthly-portfolio","",0,0,0,0,0,0,0,0,0,0,0,0,0,0,0,false,"AWAITING_MONTHLY_DISCLOSURE"
"115077","Canara Robeco Short Term Fund - Regular Plan - GROWTH OPTION","Canara Robeco Mutual Fund","CANARA_ROBECO_MF","INF760K01BM2","REGULAR","GROWTH","","SOURCE_UNAVAILABLE","AMC_MONTHLY_PORTFOLIO","https://www.canararobeco.com/statutory-disclosures/monthly-portfolio","",0,0,0,0,0,0,0,0,0,0,0,0,0,0,0,false,"AWAITING_MONTHLY_DISCLOSURE"
"146127","Canara Robeco Small Cap Fund - Regular Plan - GROWTH OPTION","Canara Robeco Mutual Fund","CANARA_ROBECO_MF","INF760K01JF9","REGULAR","GROWTH","","SOURCE_UNAVAILABLE","AMC_MONTHLY_PORTFOLIO","https://www.canararobeco.com/statutory-disclosures/monthly-portfolio","",0,0,0,0,0,0,0,0,0,0,0,0,0,0,0,false,"AWAITING_MONTHLY_DISCLOSURE"
"109371","Canara Robeco Ultra Short Term Fund - Regular Plan - GROWTH OPTION","Canara Robeco Mutual Fund","CANARA_ROBECO_MF","INF760K01DC9","REGULAR","GROWTH","","SOURCE_UNAVAILABLE","AMC_MONTHLY_PORTFOLIO","https://www.canararobeco.com/statutory-disclosures/monthly-portfolio","",0,0,0,0,0,0,0,0,0,0,0,0,0,0,0,false,"AWAITING_MONTHLY_DISCLOSURE"
"102913","Canara Robeco Ultra Short to Short Term Fund - Regular Plan - GROWTH OPTION","Canara Robeco Mutual Fund","CANARA_ROBECO_MF","INF760K01795","REGULAR","GROWTH","","SOURCE_UNAVAILABLE","AMC_MONTHLY_PORTFOLIO","https://www.canararobeco.com/statutory-disclosures/monthly-portfolio","",0,0,0,0,0,0,0,0,0,0,0,0,0,0,0,false,"AWAITING_MONTHLY_DISCLOSURE"
"149088","Canara Robeco Value Fund - Regular Plan - Growth Option","Canara Robeco Mutual Fund","CANARA_ROBECO_MF","INF760K01JZ7","REGULAR","GROWTH","","SOURCE_UNAVAILABLE","AMC_MONTHLY_PORTFOLIO","https://www.canararobeco.com/statutory-disclosures/monthly-portfolio","",0,0,0,0,0,0,0,0,0,0,0,0,0,0,0,false,"AWAITING_MONTHLY_DISCLOSURE"
"154233","Capitalmind Arbitrage Fund - Regular Plan - Growth","Capitalmind Mutual Fund","CAPITALMIND_MF","INF226401141","REGULAR","GROWTH","","SOURCE_UNAVAILABLE","AMC_MONTHLY_PORTFOLIO","https://mutualfunds.capitalmind.in/statutory-disclosures/monthly-portfolio","",0,0,0,0,0,0,0,0,0,0,0,0,0,0,0,false,"AWAITING_MONTHLY_DISCLOSURE"
"153739","Capitalmind Flexi Cap Fund - Regular Plan - Growth","Capitalmind Mutual Fund","CAPITALMIND_MF","INF226401026","REGULAR","GROWTH","","SOURCE_UNAVAILABLE","AMC_MONTHLY_PORTFOLIO","https://mutualfunds.capitalmind.in/statutory-disclosures/monthly-portfolio","",0,0,0,0,0,0,0,0,0,0,0,0,0,0,0,false,"AWAITING_MONTHLY_DISCLOSURE"
"154010","Capitalmind Liquid Fund - Regular Plan - Growth","Capitalmind Mutual Fund","CAPITALMIND_MF","INF226401042","REGULAR","GROWTH","","SOURCE_UNAVAILABLE","AMC_MONTHLY_PORTFOLIO","https://mutualfunds.capitalmind.in/statutory-disclosures/monthly-portfolio","",0,0,0,0,0,0,0,0,0,0,0,0,0,0,0,false,"AWAITING_MONTHLY_DISCLOSURE"
"154231","Capitalmind Multi Asset Allocation Fund - Regular Plan - Growth","Capitalmind Mutual Fund","CAPITALMIND_MF","INF226401083","REGULAR","GROWTH","","SOURCE_UNAVAILABLE","AMC_MONTHLY_PORTFOLIO","https://mutualfunds.capitalmind.in/statutory-disclosures/monthly-portfolio","",0,0,0,0,0,0,0,0,0,0,0,0,0,0,0,false,"AWAITING_MONTHLY_DISCLOSURE"
"154302","Choice Nifty 50 Index Fund - Regular Plan - Growth","Choice Mutual Fund","CHOICE_MF","INF2KCX01038","REGULAR","GROWTH","","SOURCE_UNAVAILABLE","AMC_MONTHLY_PORTFOLIO","https://www.choicemutualfund.com/statutory-disclosures/monthly-portfolio","",0,0,0,0,0,0,0,0,0,0,0,0,0,0,0,false,"AWAITING_MONTHLY_DISCLOSURE"
"154303","Choice Nifty Next 50 Index Fund - Regular Plan - Growth","Choice Mutual Fund","CHOICE_MF","INF2KCX01053","REGULAR","GROWTH","","SOURCE_UNAVAILABLE","AMC_MONTHLY_PORTFOLIO","https://www.choicemutualfund.com/statutory-disclosures/monthly-portfolio","",0,0,0,0,0,0,0,0,0,0,0,0,0,0,0,false,"AWAITING_MONTHLY_DISCLOSURE"
"154415","Choice Overnight Fund - Regular Plan - Growth","Choice Mutual Fund","CHOICE_MF","INF2KCX01095","REGULAR","GROWTH","","SOURCE_UNAVAILABLE","AMC_MONTHLY_PORTFOLIO","https://www.choicemutualfund.com/statutory-disclosures/monthly-portfolio","",0,0,0,0,0,0,0,0,0,0,0,0,0,0,0,false,"AWAITING_MONTHLY_DISCLOSURE"
"131297","DSP 10 year Constant Maturity Gilt Fund - Regular Plan - Growth","DSP Mutual Fund","DSP_MF","INF740K012I0","REGULAR","GROWTH","","SOURCE_UNAVAILABLE","AMC_MONTHLY_PORTFOLIO","https://www.dspim.com/mandatory-disclosures/monthly-portfolio","",0,0,0,0,0,0,0,0,0,0,0,0,0,0,0,false,"AWAITING_MONTHLY_DISCLOSURE"
"100081","DSP Aggressive Hybrid Fund - Regular Plan - Growth","DSP Mutual Fund","DSP_MF","INF740K01318","REGULAR","GROWTH","","SOURCE_UNAVAILABLE","AMC_MONTHLY_PORTFOLIO","https://www.dspim.com/mandatory-disclosures/monthly-portfolio","",0,0,0,0,0,0,0,0,0,0,0,0,0,0,0,false,"AWAITING_MONTHLY_DISCLOSURE"
"142282","DSP Arbitrage fund - Regular Plan - Growth","DSP Mutual Fund","DSP_MF","INF740KA1DI4","REGULAR","GROWTH","","SOURCE_UNAVAILABLE","AMC_MONTHLY_PORTFOLIO","https://www.dspim.com/mandatory-disclosures/monthly-portfolio","",0,0,0,0,0,0,0,0,0,0,0,0,0,0,0,false,"AWAITING_MONTHLY_DISCLOSURE"
"153216","DSP BSE SENSEX Next 30 Index Fund - Regular Plan - Growth","DSP Mutual Fund","DSP_MF","INF740KA1UY5","REGULAR","GROWTH","","SOURCE_UNAVAILABLE","AMC_MONTHLY_PORTFOLIO","https://www.dspim.com/mandatory-disclosures/monthly-portfolio","",0,0,0,0,0,0,0,0,0,0,0,0,0,0,0,false,"AWAITING_MONTHLY_DISCLOSURE"
"152208","DSP Banking & Financial Services Fund - Regular Plan - Growth","DSP Mutual Fund","DSP_MF","INF740KA1TN0","REGULAR","GROWTH","","SOURCE_UNAVAILABLE","AMC_MONTHLY_PORTFOLIO","https://www.dspim.com/mandatory-disclosures/monthly-portfolio","",0,0,0,0,0,0,0,0,0,0,0,0,0,0,0,false,"AWAITING_MONTHLY_DISCLOSURE"
"124172","DSP Banking and PSU Debt Fund - Regular Plan - Growth","DSP Mutual Fund","DSP_MF","INF740K01ZP6","REGULAR","GROWTH","","SOURCE_UNAVAILABLE","AMC_MONTHLY_PORTFOLIO","https://www.dspim.com/mandatory-disclosures/monthly-portfolio","",0,0,0,0,0,0,0,0,0,0,0,0,0,0,0,false,"AWAITING_MONTHLY_DISCLOSURE"
"153122","DSP Business Cycle Fund - Regular Plan - Growth","DSP Mutual Fund","DSP_MF","INF740KA1US7","REGULAR","GROWTH","","SOURCE_UNAVAILABLE","AMC_MONTHLY_PORTFOLIO","https://www.dspim.com/mandatory-disclosures/monthly-portfolio","",0,0,0,0,0,0,0,0,0,0,0,0,0,0,0,false,"AWAITING_MONTHLY_DISCLOSURE"
"151327","DSP CRISIL-IBX 50:50 Gilt Plus SDL - April 2033 Index Fund - Regular Plan - Growth","DSP Mutual Fund","DSP_MF","INF740KA1RY1","REGULAR","GROWTH","","SOURCE_UNAVAILABLE","AMC_MONTHLY_PORTFOLIO","https://www.dspim.com/mandatory-disclosures/monthly-portfolio","",0,0,0,0,0,0,0,0,0,0,0,0,0,0,0,false,"AWAITING_MONTHLY_DISCLOSURE"
"102448","DSP Conservative Hybrid Fund - Regular Plan - Growth","DSP Mutual Fund","DSP_MF","INF740K01441","REGULAR","GROWTH","","SOURCE_UNAVAILABLE","AMC_MONTHLY_PORTFOLIO","https://www.dspim.com/mandatory-disclosures/monthly-portfolio","",0,0,0,0,0,0,0,0,0,0,0,0,0,0,0,false,"AWAITING_MONTHLY_DISCLOSURE"
"144644","DSP Corporate Bond Fund - Regular Plan - Growth","DSP Mutual Fund","DSP_MF","INF740KA1JX0","REGULAR","GROWTH","","SOURCE_UNAVAILABLE","AMC_MONTHLY_PORTFOLIO","https://www.dspim.com/mandatory-disclosures/monthly-portfolio","",0,0,0,0,0,0,0,0,0,0,0,0,0,0,0,false,"AWAITING_MONTHLY_DISCLOSURE"
"101837","DSP Credit Risk Fund - Regular Plan - Growth","DSP Mutual Fund","DSP_MF","INF740K01599","REGULAR","GROWTH","","SOURCE_UNAVAILABLE","AMC_MONTHLY_PORTFOLIO","https://www.dspim.com/mandatory-disclosures/monthly-portfolio","",0,0,0,0,0,0,0,0,0,0,0,0,0,0,0,false,"AWAITING_MONTHLY_DISCLOSURE"
"126394","DSP Dynamic Asset Allocation Fund - Regular Plan - Growth","DSP Mutual Fund","DSP_MF","INF740K01K57","REGULAR","GROWTH","","SOURCE_UNAVAILABLE","AMC_MONTHLY_PORTFOLIO","https://www.dspim.com/mandatory-disclosures/monthly-portfolio","",0,0,0,0,0,0,0,0,0,0,0,0,0,0,0,false,"AWAITING_MONTHLY_DISCLOSURE"
"105669","DSP Dynamic Term Fund - Regular Plan - Growth","DSP Mutual Fund","DSP_MF","INF740K01GK7","REGULAR","GROWTH","","SOURCE_UNAVAILABLE","AMC_MONTHLY_PORTFOLIO","https://www.dspim.com/mandatory-disclosures/monthly-portfolio","",0,0,0,0,0,0,0,0,0,0,0,0,0,0,0,false,"AWAITING_MONTHLY_DISCLOSURE"
"104772","DSP ELSS Tax Saver Fund - Regular Plan - Growth","DSP Mutual Fund","DSP_MF","INF740K01185","REGULAR","GROWTH","","SOURCE_UNAVAILABLE","AMC_MONTHLY_PORTFOLIO","https://www.dspim.com/mandatory-disclosures/monthly-portfolio","",0,0,0,0,0,0,0,0,0,0,0,0,0,0,0,false,"AWAITING_MONTHLY_DISCLOSURE"
"136563","DSP Equity Savings Fund - Regular Plan - Growth","DSP Mutual Fund","DSP_MF","INF740KA1439","REGULAR","GROWTH","","SOURCE_UNAVAILABLE","AMC_MONTHLY_PORTFOLIO","https://www.dspim.com/mandatory-disclosures/monthly-portfolio","",0,0,0,0,0,0,0,0,0,0,0,0,0,0,0,false,"AWAITING_MONTHLY_DISCLOSURE"
"154655","DSP Financial Services Sectoral Debt Fund - Regular Plan - Growth","DSP Mutual Fund","DSP_MF","INF740KA1ZJ5","REGULAR","GROWTH","","SOURCE_UNAVAILABLE","AMC_MONTHLY_PORTFOLIO","https://www.dspim.com/mandatory-disclosures/monthly-portfolio","",0,0,0,0,0,0,0,0,0,0,0,0,0,0,0,false,"AWAITING_MONTHLY_DISCLOSURE"
"105875","DSP Flexi Cap Fund - Regular Plan - Growth","DSP Mutual Fund","DSP_MF","INF740K01037","REGULAR","GROWTH","","SOURCE_UNAVAILABLE","AMC_MONTHLY_PORTFOLIO","https://www.dspim.com/mandatory-disclosures/monthly-portfolio","",0,0,0,0,0,0,0,0,0,0,0,0,0,0,0,false,"AWAITING_MONTHLY_DISCLOSURE"
"148768","DSP Floating Interest Rates Fund - Regular Plan - Growth","DSP Mutual Fund","DSP_MF","INF740KA1PS7","REGULAR","GROWTH","","SOURCE_UNAVAILABLE","AMC_MONTHLY_PORTFOLIO","https://www.dspim.com/mandatory-disclosures/monthly-portfolio","",0,0,0,0,0,0,0,0,0,0,0,0,0,0,0,false,"AWAITING_MONTHLY_DISCLOSURE"
"112901","DSP Focused Fund - Regular Plan - Growth","DSP Mutual Fund","DSP_MF","INF740K01532","REGULAR","GROWTH","","SOURCE_UNAVAILABLE","AMC_MONTHLY_PORTFOLIO","https://www.dspim.com/mandatory-disclosures/monthly-portfolio","",0,0,0,0,0,0,0,0,0,0,0,0,0,0,0,false,"AWAITING_MONTHLY_DISCLOSURE"
"100084","DSP Gilt Fund - Regular Plan - Growth","DSP Mutual Fund","DSP_MF","INF740K01615","REGULAR","GROWTH","","SOURCE_UNAVAILABLE","AMC_MONTHLY_PORTFOLIO","https://www.dspim.com/mandatory-disclosures/monthly-portfolio","",0,0,0,0,0,0,0,0,0,0,0,0,0,0,0,false,"AWAITING_MONTHLY_DISCLOSURE"
"112126","DSP Global Clean Energy Overseas Equity Omni FoF - Regular Plan - Growth","DSP Mutual Fund","DSP_MF","INF740K01284","REGULAR","GROWTH","","SOURCE_UNAVAILABLE","AMC_MONTHLY_PORTFOLIO","https://www.dspim.com/mandatory-disclosures/monthly-portfolio","",0,0,0,0,0,0,0,0,0,0,0,0,0,0,0,false,"AWAITING_MONTHLY_DISCLOSURE"
"149817","DSP Global Innovation Overseas Equity Omni FoF - Regular Plan - Growth","DSP Mutual Fund","DSP_MF","INF740KA1QM8","REGULAR","GROWTH","","SOURCE_UNAVAILABLE","AMC_MONTHLY_PORTFOLIO","https://www.dspim.com/mandatory-disclosures/monthly-portfolio","",0,0,0,0,0,0,0,0,0,0,0,0,0,0,0,false,"AWAITING_MONTHLY_DISCLOSURE"
"152182","DSP Gold ETF Fund of Fund - Regular Plan - Growth","DSP Mutual Fund","DSP_MF","INF740KA1TH2","REGULAR","GROWTH","","SOURCE_UNAVAILABLE","AMC_MONTHLY_PORTFOLIO","https://www.dspim.com/mandatory-disclosures/monthly-portfolio","",0,0,0,0,0,0,0,0,0,0,0,0,0,0,0,false,"AWAITING_MONTHLY_DISCLOSURE"
"145456","DSP Healthcare Fund - Regular Plan - Growth","DSP Mutual Fund","DSP_MF","INF740KA1LD8","REGULAR","GROWTH","","SOURCE_UNAVAILABLE","AMC_MONTHLY_PORTFOLIO","https://www.dspim.com/mandatory-disclosures/monthly-portfolio","",0,0,0,0,0,0,0,0,0,0,0,0,0,0,0,false,"AWAITING_MONTHLY_DISCLOSURE"
"130492","DSP Income Plus Arbitrage Omni FoF - Regular Plan - Growth","DSP Mutual Fund","DSP_MF","INF740K01Z27","REGULAR","GROWTH","","SOURCE_UNAVAILABLE","AMC_MONTHLY_PORTFOLIO","https://www.dspim.com/mandatory-disclosures/monthly-portfolio","",0,0,0,0,0,0,0,0,0,0,0,0,0,0,0,false,"AWAITING_MONTHLY_DISCLOSURE"
"102434","DSP India T.I.G.E.R. Fund - Regular Plan - Growth","DSP Mutual Fund","DSP_MF","INF740K01151","REGULAR","GROWTH","","SOURCE_UNAVAILABLE","AMC_MONTHLY_PORTFOLIO","https://www.dspim.com/mandatory-disclosures/monthly-portfolio","",0,0,0,0,0,0,0,0,0,0,0,0,0,0,0,false,"AWAITING_MONTHLY_DISCLOSURE"
"103819","DSP Large & Mid Cap Fund - Regular Plan - Growth","DSP Mutual Fund","DSP_MF","INF740K01094","REGULAR","GROWTH","","SOURCE_UNAVAILABLE","AMC_MONTHLY_PORTFOLIO","https://www.dspim.com/mandatory-disclosures/monthly-portfolio","",0,0,0,0,0,0,0,0,0,0,0,0,0,0,0,false,"AWAITING_MONTHLY_DISCLOSURE"
"101635","DSP Large Cap Fund - Regular Plan - Growth","DSP Mutual Fund","DSP_MF","INF740K01243","REGULAR","GROWTH","","SOURCE_UNAVAILABLE","AMC_MONTHLY_PORTFOLIO","https://www.dspim.com/mandatory-disclosures/monthly-portfolio","",0,0,0,0,0,0,0,0,0,0,0,0,0,0,0,false,"AWAITING_MONTHLY_DISCLOSURE"
"103347","DSP Liquid Fund - Regular Plan - Growth","DSP Mutual Fund","DSP_MF","INF740K01FK9","REGULAR","GROWTH","","SOURCE_UNAVAILABLE","AMC_MONTHLY_PORTFOLIO","https://www.dspim.com/mandatory-disclosures/monthly-portfolio","",0,0,0,0,0,0,0,0,0,0,0,0,0,0,0,false,"AWAITING_MONTHLY_DISCLOSURE"
"100078","DSP Medium Term Fund - Regular Plan - Growth","DSP Mutual Fund","DSP_MF","INF740K01557","REGULAR","GROWTH","","SOURCE_UNAVAILABLE","AMC_MONTHLY_PORTFOLIO","https://www.dspim.com/mandatory-disclosures/monthly-portfolio","",0,0,0,0,0,0,0,0,0,0,0,0,0,0,0,false,"AWAITING_MONTHLY_DISCLOSURE"
"104481","DSP Midcap Fund - Regular Plan - Growth","DSP Mutual Fund","DSP_MF","INF740K01128","REGULAR","GROWTH","","SOURCE_UNAVAILABLE","AMC_MONTHLY_PORTFOLIO","https://www.dspim.com/mandatory-disclosures/monthly-portfolio","",0,0,0,0,0,0,0,0,0,0,0,0,0,0,0,false,"AWAITING_MONTHLY_DISCLOSURE"
"100087","DSP Money Market Fund - Regular Plan - Growth","DSP Mutual Fund","DSP_MF","INF740K01714","REGULAR","GROWTH","","SOURCE_UNAVAILABLE","AMC_MONTHLY_PORTFOLIO","https://www.dspim.com/mandatory-disclosures/monthly-portfolio","",0,0,0,0,0,0,0,0,0,0,0,0,0,0,0,false,"AWAITING_MONTHLY_DISCLOSURE"
"152053","DSP Multi Asset Allocation Fund - Regular Plan - Growth","DSP Mutual Fund","DSP_MF","INF740KA1TB5","REGULAR","GROWTH","","SOURCE_UNAVAILABLE","AMC_MONTHLY_PORTFOLIO","https://www.dspim.com/mandatory-disclosures/monthly-portfolio","",0,0,0,0,0,0,0,0,0,0,0,0,0,0,0,false,"AWAITING_MONTHLY_DISCLOSURE"
"154165","DSP Multi Asset Omni Fund of Funds - Regular Plan - Growth","DSP Mutual Fund","DSP_MF","INF740KA1YB5","REGULAR","GROWTH","","SOURCE_UNAVAILABLE","AMC_MONTHLY_PORTFOLIO","https://www.dspim.com/mandatory-disclosures/monthly-portfolio","",0,0,0,0,0,0,0,0,0,0,0,0,0,0,0,false,"AWAITING_MONTHLY_DISCLOSURE"
"152307","DSP Multi Cap Fund - Regular Plan - Growth","DSP Mutual Fund","DSP_MF","INF740KA1TZ4","REGULAR","GROWTH","","SOURCE_UNAVAILABLE","AMC_MONTHLY_PORTFOLIO","https://www.dspim.com/mandatory-disclosures/monthly-portfolio","",0,0,0,0,0,0,0,0,0,0,0,0,0,0,0,false,"AWAITING_MONTHLY_DISCLOSURE"
"108202","DSP Natural Resources And New Energy Fund - Regular Plan - Growth","DSP Mutual Fund","DSP_MF","INF740K01060","REGULAR","GROWTH","","SOURCE_UNAVAILABLE","AMC_MONTHLY_PORTFOLIO","https://www.dspim.com/mandatory-disclosures/monthly-portfolio","",0,0,0,0,0,0,0,0,0,0,0,0,0,0,0,false,"AWAITING_MONTHLY_DISCLOSURE"
"141875","DSP Nifty 50 Equal Weight Index Fund - Regular Plan - Growth","DSP Mutual Fund","DSP_MF","INF740KA1CO4","REGULAR","GROWTH","","SOURCE_UNAVAILABLE","AMC_MONTHLY_PORTFOLIO","https://www.dspim.com/mandatory-disclosures/monthly-portfolio","",0,0,0,0,0,0,0,0,0,0,0,0,0,0,0,false,"AWAITING_MONTHLY_DISCLOSURE"
"146379","DSP Nifty 50 Index Fund - Regular Plan - Growth","DSP Mutual Fund","DSP_MF","INF740KA1MJ3","REGULAR","GROWTH","","SOURCE_UNAVAILABLE","AMC_MONTHLY_PORTFOLIO","https://www.dspim.com/mandatory-disclosures/monthly-portfolio","",0,0,0,0,0,0,0,0,0,0,0,0,0,0,0,false,"AWAITING_MONTHLY_DISCLOSURE"
"154090","DSP Nifty 500 Index Fund - Regular Plan - Growth","DSP Mutual Fund","DSP_MF","INF740KA1XV5","REGULAR","GROWTH","","SOURCE_UNAVAILABLE","AMC_MONTHLY_PORTFOLIO","https://www.dspim.com/mandatory-disclosures/monthly-portfolio","",0,0,0,0,0,0,0,0,0,0,0,0,0,0,0,false,"AWAITING_MONTHLY_DISCLOSURE"
"152653","DSP Nifty Bank Index Fund - Regular Plan - Growth","DSP Mutual Fund","DSP_MF","INF740KA1UN8","REGULAR","GROWTH","","SOURCE_UNAVAILABLE","AMC_MONTHLY_PORTFOLIO","https://www.dspim.com/mandatory-disclosures/monthly-portfolio","",0,0,0,0,0,0,0,0,0,0,0,0,0,0,0,false,"AWAITING_MONTHLY_DISCLOSURE"
"153592","DSP Nifty Healthcare Index Fund - Regular Plan - Growth","DSP Mutual Fund","DSP_MF","INF740KA1WC7","REGULAR","GROWTH","","SOURCE_UNAVAILABLE","AMC_MONTHLY_PORTFOLIO","https://www.dspim.com/mandatory-disclosures/monthly-portfolio","",0,0,0,0,0,0,0,0,0,0,0,0,0,0,0,false,"AWAITING_MONTHLY_DISCLOSURE"
"153588","DSP Nifty IT Index Fund - Regular Plan - Growth","DSP Mutual Fund","DSP_MF","INF740KA1WI4","REGULAR","GROWTH","","SOURCE_UNAVAILABLE","AMC_MONTHLY_PORTFOLIO","https://www.dspim.com/mandatory-disclosures/monthly-portfolio","",0,0,0,0,0,0,0,0,0,0,0,0,0,0,0,false,"AWAITING_MONTHLY_DISCLOSURE"
"154012","DSP Nifty Midcap 150 Index Fund - Regular Plan - Growth","DSP Mutual Fund","DSP_MF","INF740KA1WY1","REGULAR","GROWTH","","SOURCE_UNAVAILABLE","AMC_MONTHLY_PORTFOLIO","https://www.dspim.com/mandatory-disclosures/monthly-portfolio","",0,0,0,0,0,0,0,0,0,0,0,0,0,0,0,false,"AWAITING_MONTHLY_DISCLOSURE"
"150427","DSP Nifty Midcap 150 Quality 50 Index Fund - Regular Plan - Growth","DSP Mutual Fund","DSP_MF","INF740KA1QY3","REGULAR","GROWTH","","SOURCE_UNAVAILABLE","AMC_MONTHLY_PORTFOLIO","https://www.dspim.com/mandatory-disclosures/monthly-portfolio","",0,0,0,0,0,0,0,0,0,0,0,0,0,0,0,false,"AWAITING_MONTHLY_DISCLOSURE"
"146380","DSP Nifty Next 50 Index Fund - Regular Plan - Growth","DSP Mutual Fund","DSP_MF","INF740KA1MD6","REGULAR","GROWTH","","SOURCE_UNAVAILABLE","AMC_MONTHLY_PORTFOLIO","https://www.dspim.com/mandatory-disclosures/monthly-portfolio","",0,0,0,0,0,0,0,0,0,0,0,0,0,0,0,false,"AWAITING_MONTHLY_DISCLOSURE"
"153347","DSP Nifty Private Bank Index Fund - Regular Plan - Growth","DSP Mutual Fund","DSP_MF","INF740KA1VK2","REGULAR","GROWTH","","SOURCE_UNAVAILABLE","AMC_MONTHLY_PORTFOLIO","https://www.dspim.com/mandatory-disclosures/monthly-portfolio","",0,0,0,0,0,0,0,0,0,0,0,0,0,0,0,false,"AWAITING_MONTHLY_DISCLOSURE"
"149968","DSP Nifty SDL Plus G-Sec Jun 2028 30:70 Index Fund - Regular Plan - Growth","DSP Mutual Fund","DSP_MF","INF740KA1QS5","REGULAR","GROWTH","","SOURCE_UNAVAILABLE","AMC_MONTHLY_PORTFOLIO","https://www.dspim.com/mandatory-disclosures/monthly-portfolio","",0,0,0,0,0,0,0,0,0,0,0,0,0,0,0,false,"AWAITING_MONTHLY_DISCLOSURE"
"151370","DSP Nifty SDL Plus G-Sec Sep 2027 50:50 Index Fund - Regular Plan - Growth","DSP Mutual Fund","DSP_MF","INF740KA1SE1","REGULAR","GROWTH","","SOURCE_UNAVAILABLE","AMC_MONTHLY_PORTFOLIO","https://www.dspim.com/mandatory-disclosures/monthly-portfolio","",0,0,0,0,0,0,0,0,0,0,0,0,0,0,0,false,"AWAITING_MONTHLY_DISCLOSURE"
"154016","DSP Nifty Smallcap 250 Index Fund - Regular Plan - Growth","DSP Mutual Fund","DSP_MF","INF740KA1XE1","REGULAR","GROWTH","","SOURCE_UNAVAILABLE","AMC_MONTHLY_PORTFOLIO","https://www.dspim.com/mandatory-disclosures/monthly-portfolio","",0,0,0,0,0,0,0,0,0,0,0,0,0,0,0,false,"AWAITING_MONTHLY_DISCLOSURE"
"152245","DSP Nifty Smallcap250 Quality 50 Index Fund - Regular Plan - Growth","DSP Mutual Fund","DSP_MF","INF740KA1TT7","REGULAR","GROWTH","","SOURCE_UNAVAILABLE","AMC_MONTHLY_PORTFOLIO","https://www.dspim.com/mandatory-disclosures/monthly-portfolio","",0,0,0,0,0,0,0,0,0,0,0,0,0,0,0,false,"AWAITING_MONTHLY_DISCLOSURE"
"152813","DSP Nifty Top 10 Equal Weight Index Fund - Regular Plan - Growth","DSP Mutual Fund","DSP_MF","INF740KA1UP3","REGULAR","GROWTH","","SOURCE_UNAVAILABLE","AMC_MONTHLY_PORTFOLIO","https://www.dspim.com/mandatory-disclosures/monthly-portfolio","",0,0,0,0,0,0,0,0,0,0,0,0,0,0,0,false,"AWAITING_MONTHLY_DISCLOSURE"
"153802","DSP Nifty500 Flexicap Quality 30 Index Fund - Regular Plan - Growth","DSP Mutual Fund","DSP_MF","INF740KA1WO2","REGULAR","GROWTH","","SOURCE_UNAVAILABLE","AMC_MONTHLY_PORTFOLIO","https://www.dspim.com/mandatory-disclosures/monthly-portfolio","",0,0,0,0,0,0,0,0,0,0,0,0,0,0,0,false,"AWAITING_MONTHLY_DISCLOSURE"
"146061","DSP Overnight Fund - Regular Plan - Growth","DSP Mutual Fund","DSP_MF","INF740KA1MB0","REGULAR","GROWTH","","SOURCE_UNAVAILABLE","AMC_MONTHLY_PORTFOLIO","https://www.dspim.com/mandatory-disclosures/monthly-portfolio","",0,0,0,0,0,0,0,0,0,0,0,0,0,0,0,false,"AWAITING_MONTHLY_DISCLOSURE"
"147303","DSP Quant Fund - Regular Plan - Growth","DSP Mutual Fund","DSP_MF","INF740KA1NN3","REGULAR","GROWTH","","SOURCE_UNAVAILABLE","AMC_MONTHLY_PORTFOLIO","https://www.dspim.com/mandatory-disclosures/monthly-portfolio","",0,0,0,0,0,0,0,0,0,0,0,0,0,0,0,false,"AWAITING_MONTHLY_DISCLOSURE"
"101304","DSP Short Term Fund - Regular Plan - Growth","DSP Mutual Fund","DSP_MF","INF740K01656","REGULAR","GROWTH","","SOURCE_UNAVAILABLE","AMC_MONTHLY_PORTFOLIO","https://www.dspim.com/mandatory-disclosures/monthly-portfolio","",0,0,0,0,0,0,0,0,0,0,0,0,0,0,0,false,"AWAITING_MONTHLY_DISCLOSURE"
"153486","DSP Silver ETF Fund of Fund - Regular Plan - Growth","DSP Mutual Fund","DSP_MF","INF740KA1VW7","REGULAR","GROWTH","","SOURCE_UNAVAILABLE","AMC_MONTHLY_PORTFOLIO","https://www.dspim.com/mandatory-disclosures/monthly-portfolio","",0,0,0,0,0,0,0,0,0,0,0,0,0,0,0,false,"AWAITING_MONTHLY_DISCLOSURE"
"105989","DSP Small Cap Fund - Regular Plan - Growth","DSP Mutual Fund","DSP_MF","INF740K01797","REGULAR","GROWTH","","SOURCE_UNAVAILABLE","AMC_MONTHLY_PORTFOLIO","https://www.dspim.com/mandatory-disclosures/monthly-portfolio","",0,0,0,0,0,0,0,0,0,0,0,0,0,0,0,false,"AWAITING_MONTHLY_DISCLOSURE"
"152527","DSP US Specific Debt Passive FoF - Regular Plan - Growth","DSP Mutual Fund","DSP_MF","INF740KA1UG2","REGULAR","GROWTH","","SOURCE_UNAVAILABLE","AMC_MONTHLY_PORTFOLIO","https://www.dspim.com/mandatory-disclosures/monthly-portfolio","",0,0,0,0,0,0,0,0,0,0,0,0,0,0,0,false,"AWAITING_MONTHLY_DISCLOSURE"
"117691","DSP US Specific Equity Omni FoF - Regular Plan - Growth","DSP Mutual Fund","DSP_MF","INF740K01LP6","REGULAR","GROWTH","","SOURCE_UNAVAILABLE","AMC_MONTHLY_PORTFOLIO","https://www.dspim.com/mandatory-disclosures/monthly-portfolio","",0,0,0,0,0,0,0,0,0,0,0,0,0,0,0,false,"AWAITING_MONTHLY_DISCLOSURE"
"104138","DSP Ultra Short Term Fund - Regular Plan - Growth","DSP Mutual Fund","DSP_MF","INF740K01QQ3","REGULAR","GROWTH","","SOURCE_UNAVAILABLE","AMC_MONTHLY_PORTFOLIO","https://www.dspim.com/mandatory-disclosures/monthly-portfolio","",0,0,0,0,0,0,0,0,0,0,0,0,0,0,0,false,"AWAITING_MONTHLY_DISCLOSURE"
"133926","DSP Ultra Short to Short Term Fund - Regular Plan - Growth","DSP Mutual Fund","DSP_MF","INF740K018P2","REGULAR","GROWTH","","SOURCE_UNAVAILABLE","AMC_MONTHLY_PORTFOLIO","https://www.dspim.com/mandatory-disclosures/monthly-portfolio","",0,0,0,0,0,0,0,0,0,0,0,0,0,0,0,false,"AWAITING_MONTHLY_DISCLOSURE"
"148594","DSP Value Fund - Regular Plan - Growth","DSP Mutual Fund","DSP_MF","INF740KA1PM0","REGULAR","GROWTH","","SOURCE_UNAVAILABLE","AMC_MONTHLY_PORTFOLIO","https://www.dspim.com/mandatory-disclosures/monthly-portfolio","",0,0,0,0,0,0,0,0,0,0,0,0,0,0,0,false,"AWAITING_MONTHLY_DISCLOSURE"
"106597","DSP World Gold Mining Overseas Equity Omni FoF - Regular Plan - Growth","DSP Mutual Fund","DSP_MF","INF740K01250","REGULAR","GROWTH","","SOURCE_UNAVAILABLE","AMC_MONTHLY_PORTFOLIO","https://www.dspim.com/mandatory-disclosures/monthly-portfolio","",0,0,0,0,0,0,0,0,0,0,0,0,0,0,0,false,"AWAITING_MONTHLY_DISCLOSURE"
"112293","DSP World Mining Overseas Equity Omni FoF - Regular Plan - Growth","DSP Mutual Fund","DSP_MF","INF740K01730","REGULAR","GROWTH","","SOURCE_UNAVAILABLE","AMC_MONTHLY_PORTFOLIO","https://www.dspim.com/mandatory-disclosures/monthly-portfolio","",0,0,0,0,0,0,0,0,0,0,0,0,0,0,0,false,"AWAITING_MONTHLY_DISCLOSURE"
"149399","BHARAT Bond ETF FOF - April 2032 - Regular Plan - Growth","Edelweiss Mutual Fund","EDELWEISS_MF","INF754K01NV1","REGULAR","GROWTH","","SOURCE_UNAVAILABLE","AMC_MONTHLY_PORTFOLIO","https://www.edelweissmf.com/statutory-disclosures/monthly-portfolio","",0,0,0,0,0,0,0,0,0,0,0,0,0,0,0,false,"AWAITING_MONTHLY_DISCLOSURE"
"150991","BHARAT Bond ETF FOF - April 2033 - Regular Plan - Growth","Edelweiss Mutual Fund","EDELWEISS_MF","INF754K01QY8","REGULAR","GROWTH","","SOURCE_UNAVAILABLE","AMC_MONTHLY_PORTFOLIO","https://www.edelweissmf.com/statutory-disclosures/monthly-portfolio","",0,0,0,0,0,0,0,0,0,0,0,0,0,0,0,false,"AWAITING_MONTHLY_DISCLOSURE"
"148448","BHARAT Bond FOF- April 2025 - Regular Plan - Growth","Edelweiss Mutual Fund","EDELWEISS_MF","INF754K01LF8","REGULAR","GROWTH","","SOURCE_UNAVAILABLE","AMC_MONTHLY_PORTFOLIO","https://www.edelweissmf.com/statutory-disclosures/monthly-portfolio","",0,0,0,0,0,0,0,0,0,0,0,0,0,0,0,false,"AWAITING_MONTHLY_DISCLOSURE"
"148452","BHARAT Bond FOF- April 2031 - Regular Plan - Growth","Edelweiss Mutual Fund","EDELWEISS_MF","INF754K01LL6","REGULAR","GROWTH","","SOURCE_UNAVAILABLE","AMC_MONTHLY_PORTFOLIO","https://www.edelweissmf.com/statutory-disclosures/monthly-portfolio","",0,0,0,0,0,0,0,0,0,0,0,0,0,0,0,false,"AWAITING_MONTHLY_DISCLOSURE"
"147854","Bharat Bond FOF - April 2030 - Regular Plan - Growth","Edelweiss Mutual Fund","EDELWEISS_MF","INF754K01KV7","REGULAR","GROWTH","","SOURCE_UNAVAILABLE","AMC_MONTHLY_PORTFOLIO","https://www.edelweissmf.com/statutory-disclosures/monthly-portfolio","",0,0,0,0,0,0,0,0,0,0,0,0,0,0,0,false,"AWAITING_MONTHLY_DISCLOSURE"
"140255","Edelweiss ASEAN Equity Off-shore Fund - Regular Plan - Growth","Edelweiss Mutual Fund","EDELWEISS_MF","INF843K01609","REGULAR","GROWTH","","SOURCE_UNAVAILABLE","AMC_MONTHLY_PORTFOLIO","https://www.edelweissmf.com/statutory-disclosures/monthly-portfolio","",0,0,0,0,0,0,0,0,0,0,0,0,0,0,0,false,"AWAITING_MONTHLY_DISCLOSURE"
"112108","Edelweiss Aggressive Hybrid Fund - Regular Plan - Growth","Edelweiss Mutual Fund","EDELWEISS_MF","INF754K01202","REGULAR","GROWTH","","SOURCE_UNAVAILABLE","AMC_MONTHLY_PORTFOLIO","https://www.edelweissmf.com/statutory-disclosures/monthly-portfolio","",0,0,0,0,0,0,0,0,0,0,0,0,0,0,0,false,"AWAITING_MONTHLY_DISCLOSURE"
"130205","Edelweiss Arbitrage Fund - Regular Plan - Growth","Edelweiss Mutual Fund","EDELWEISS_MF","INF754K01EF3","REGULAR","GROWTH","","SOURCE_UNAVAILABLE","AMC_MONTHLY_PORTFOLIO","https://www.edelweissmf.com/statutory-disclosures/monthly-portfolio","",0,0,0,0,0,0,0,0,0,0,0,0,0,0,0,false,"AWAITING_MONTHLY_DISCLOSURE"
"153495","Edelweiss BSE Internet Economy Index Fund - Regular Plan - Growth","Edelweiss Mutual Fund","EDELWEISS_MF","INF754K01VB6","REGULAR","GROWTH","","SOURCE_UNAVAILABLE","AMC_MONTHLY_PORTFOLIO","https://www.edelweissmf.com/statutory-disclosures/monthly-portfolio","",0,0,0,0,0,0,0,0,0,0,0,0,0,0,0,false,"AWAITING_MONTHLY_DISCLOSURE"
"112117","Edelweiss Balanced Advantage Fund - Regular Plan - Growth","Edelweiss Mutual Fund","EDELWEISS_MF","INF754K01285","REGULAR","GROWTH","","SOURCE_UNAVAILABLE","AMC_MONTHLY_PORTFOLIO","https://www.edelweissmf.com/statutory-disclosures/monthly-portfolio","",0,0,0,0,0,0,0,0,0,0,0,0,0,0,0,false,"AWAITING_MONTHLY_DISCLOSURE"
"140283","Edelweiss Banking and PSU Debt Fund - Regular Plan - Growth","Edelweiss Mutual Fund","EDELWEISS_MF","INF843K01FK1","REGULAR","GROWTH","","SOURCE_UNAVAILABLE","AMC_MONTHLY_PORTFOLIO","https://www.edelweissmf.com/statutory-disclosures/monthly-portfolio","",0,0,0,0,0,0,0,0,0,0,0,0,0,0,0,false,"AWAITING_MONTHLY_DISCLOSURE"
"152724","Edelweiss Business Cycle Fund - Regular Plan - Growth","Edelweiss Mutual Fund","EDELWEISS_MF","INF754K01SW8","REGULAR","GROWTH","","SOURCE_UNAVAILABLE","AMC_MONTHLY_PORTFOLIO","https://www.edelweissmf.com/statutory-disclosures/monthly-portfolio","",0,0,0,0,0,0,0,0,0,0,0,0,0,0,0,false,"AWAITING_MONTHLY_DISCLOSURE"
"150720","Edelweiss CRISIL IBX 50:50 Gilt Plus SDL April 2037 Index Fund - Regular Plan - Growth","Edelweiss Mutual Fund","EDELWEISS_MF","INF754K01PB8","REGULAR","GROWTH","","SOURCE_UNAVAILABLE","AMC_MONTHLY_PORTFOLIO","https://www.edelweissmf.com/statutory-disclosures/monthly-portfolio","",0,0,0,0,0,0,0,0,0,0,0,0,0,0,0,false,"AWAITING_MONTHLY_DISCLOSURE"
"150771","Edelweiss CRISIL IBX 50:50 Gilt Plus SDL June 2027 Index Fund - Regular Plan - Growth","Edelweiss Mutual Fund","EDELWEISS_MF","INF754K01PJ1","REGULAR","GROWTH","","SOURCE_UNAVAILABLE","AMC_MONTHLY_PORTFOLIO","https://www.edelweissmf.com/statutory-disclosures/monthly-portfolio","",0,0,0,0,0,0,0,0,0,0,0,0,0,0,0,false,"AWAITING_MONTHLY_DISCLOSURE"
"150848","Edelweiss CRISIL IBX 50:50 Gilt Plus SDL Sep 2028 Index Fund - Regular Plan - Growth","Edelweiss Mutual Fund","EDELWEISS_MF","INF754K01PR4","REGULAR","GROWTH","","SOURCE_UNAVAILABLE","AMC_MONTHLY_PORTFOLIO","https://www.edelweissmf.com/statutory-disclosures/monthly-portfolio","",0,0,0,0,0,0,0,0,0,0,0,0,0,0,0,false,"AWAITING_MONTHLY_DISCLOSURE"
"151398","Edelweiss CRISIL IBX 50:50 Gilt Plus SDL Short Duration Index Fund - Regular Plan - Growth","Edelweiss Mutual Fund","EDELWEISS_MF","INF754K01RG3","REGULAR","GROWTH","","SOURCE_UNAVAILABLE","AMC_MONTHLY_PORTFOLIO","https://www.edelweissmf.com/statutory-disclosures/monthly-portfolio","",0,0,0,0,0,0,0,0,0,0,0,0,0,0,0,false,"AWAITING_MONTHLY_DISCLOSURE"
"153334","Edelweiss CRISIL IBX AAA Bond NBFC HFC Jun 2027 Index Fund - Regular Plan - Growth","Edelweiss Mutual Fund","EDELWEISS_MF","INF754K01UK9","REGULAR","GROWTH","","SOURCE_UNAVAILABLE","AMC_MONTHLY_PORTFOLIO","https://www.edelweissmf.com/statutory-disclosures/monthly-portfolio","",0,0,0,0,0,0,0,0,0,0,0,0,0,0,0,false,"AWAITING_MONTHLY_DISCLOSURE"
"153130","Edelweiss CRISIL IBX AAA Financial Services Bond - Jan 2028 Index Fund - Regular Plan - Growth","Edelweiss Mutual Fund","EDELWEISS_MF","INF754K01TT2","REGULAR","GROWTH","","SOURCE_UNAVAILABLE","AMC_MONTHLY_PORTFOLIO","https://www.edelweissmf.com/statutory-disclosures/monthly-portfolio","",0,0,0,0,0,0,0,0,0,0,0,0,0,0,0,false,"AWAITING_MONTHLY_DISCLOSURE"
"149949","Edelweiss CRISIL PSU Plus SDL 50:50 Oct 2025 Index Fund - Regular Plan - Growth","Edelweiss Mutual Fund","EDELWEISS_MF","INF754K01OC9","REGULAR","GROWTH","","SOURCE_UNAVAILABLE","AMC_MONTHLY_PORTFOLIO","https://www.edelweissmf.com/statutory-disclosures/monthly-portfolio","",0,0,0,0,0,0,0,0,0,0,0,0,0,0,0,false,"AWAITING_MONTHLY_DISCLOSURE"
"153255","Edelweiss Consumption Fund - Regular Plan - Growth","Edelweiss Mutual Fund","EDELWEISS_MF","INF754K01UC6","REGULAR","GROWTH","","SOURCE_UNAVAILABLE","AMC_MONTHLY_PORTFOLIO","https://www.edelweissmf.com/statutory-disclosures/monthly-portfolio","",0,0,0,0,0,0,0,0,0,0,0,0,0,0,0,false,"AWAITING_MONTHLY_DISCLOSURE"
"111638","Edelweiss ELSS Tax Saver Fund - Regular Plan - Growth","Edelweiss Mutual Fund","EDELWEISS_MF","INF754K01517","REGULAR","GROWTH","","SOURCE_UNAVAILABLE","AMC_MONTHLY_PORTFOLIO","https://www.edelweissmf.com/statutory-disclosures/monthly-portfolio","",0,0,0,0,0,0,0,0,0,0,0,0,0,0,0,false,"AWAITING_MONTHLY_DISCLOSURE"
"140328","Edelweiss Emerging Markets Opportunities Equity Offshore Fund - Regular Plan - Growth","Edelweiss Mutual Fund","EDELWEISS_MF","INF843K01IY6","REGULAR","GROWTH","","SOURCE_UNAVAILABLE","AMC_MONTHLY_PORTFOLIO","https://www.edelweissmf.com/statutory-disclosures/monthly-portfolio","",0,0,0,0,0,0,0,0,0,0,0,0,0,0,0,false,"AWAITING_MONTHLY_DISCLOSURE"
"140351","Edelweiss Equity Savings Fund - Regular Plan - Growth","Edelweiss Mutual Fund","EDELWEISS_MF","INF843K01KG9","REGULAR","GROWTH","","SOURCE_UNAVAILABLE","AMC_MONTHLY_PORTFOLIO","https://www.edelweissmf.com/statutory-disclosures/monthly-portfolio","",0,0,0,0,0,0,0,0,0,0,0,0,0,0,0,false,"AWAITING_MONTHLY_DISCLOSURE"
"140295","Edelweiss Europe Dynamic Equity Offshore Fund - Regular Plan - Growth","Edelweiss Mutual Fund","EDELWEISS_MF","INF843K01GJ1","REGULAR","GROWTH","","SOURCE_UNAVAILABLE","AMC_MONTHLY_PORTFOLIO","https://www.edelweissmf.com/statutory-disclosures/monthly-portfolio","",0,0,0,0,0,0,0,0,0,0,0,0,0,0,0,false,"AWAITING_MONTHLY_DISCLOSURE"
"154107","Edelweiss Financial Services Fund - Regular Plan - Growth","Edelweiss Mutual Fund","EDELWEISS_MF","INF754K01WL3","REGULAR","GROWTH","","SOURCE_UNAVAILABLE","AMC_MONTHLY_PORTFOLIO","https://www.edelweissmf.com/statutory-disclosures/monthly-portfolio","",0,0,0,0,0,0,0,0,0,0,0,0,0,0,0,false,"AWAITING_MONTHLY_DISCLOSURE"
"140355","Edelweiss Flexi Cap Fund - Regular Plan - Growth","Edelweiss Mutual Fund","EDELWEISS_MF","INF843K01KN5","REGULAR","GROWTH","","SOURCE_UNAVAILABLE","AMC_MONTHLY_PORTFOLIO","https://www.edelweissmf.com/statutory-disclosures/monthly-portfolio","",0,0,0,0,0,0,0,0,0,0,0,0,0,0,0,false,"AWAITING_MONTHLY_DISCLOSURE"
"150382","Edelweiss Focused Fund - Regular Plan - Growth","Edelweiss Mutual Fund","EDELWEISS_MF","INF754K01OL0","REGULAR","GROWTH","","SOURCE_UNAVAILABLE","AMC_MONTHLY_PORTFOLIO","https://www.edelweissmf.com/statutory-disclosures/monthly-portfolio","",0,0,0,0,0,0,0,0,0,0,0,0,0,0,0,false,"AWAITING_MONTHLY_DISCLOSURE"
"140297","Edelweiss Gilt Fund - Regular Plan - Growth","Edelweiss Mutual Fund","EDELWEISS_MF","INF843K01HC4","REGULAR","GROWTH","","SOURCE_UNAVAILABLE","AMC_MONTHLY_PORTFOLIO","https://www.edelweissmf.com/statutory-disclosures/monthly-portfolio","",0,0,0,0,0,0,0,0,0,0,0,0,0,0,0,false,"AWAITING_MONTHLY_DISCLOSURE"
"154209","Edelweiss Gold ETF Fund of Fund - Regular Plan - Growth","Edelweiss Mutual Fund","EDELWEISS_MF","INF754K01WQ2","REGULAR","GROWTH","","SOURCE_UNAVAILABLE","AMC_MONTHLY_PORTFOLIO","https://www.edelweissmf.com/statutory-disclosures/monthly-portfolio","",0,0,0,0,0,0,0,0,0,0,0,0,0,0,0,false,"AWAITING_MONTHLY_DISCLOSURE"
"150579","Edelweiss Gold and Silver ETF FOF - Regular Plan - Growth","Edelweiss Mutual Fund","EDELWEISS_MF","INF754K01OT3","REGULAR","GROWTH","","SOURCE_UNAVAILABLE","AMC_MONTHLY_PORTFOLIO","https://www.edelweissmf.com/statutory-disclosures/monthly-portfolio","",0,0,0,0,0,0,0,0,0,0,0,0,0,0,0,false,"AWAITING_MONTHLY_DISCLOSURE"
"140242","Edelweiss Greater China Equity Off-shore Fund - Regular Plan - Growth","Edelweiss Mutual Fund","EDELWEISS_MF","INF843K01138","REGULAR","GROWTH","","SOURCE_UNAVAILABLE","AMC_MONTHLY_PORTFOLIO","https://www.edelweissmf.com/statutory-disclosures/monthly-portfolio","",0,0,0,0,0,0,0,0,0,0,0,0,0,0,0,false,"AWAITING_MONTHLY_DISCLOSURE"
"153713","Edelweiss Income Plus Arbitrage Omni Fund of Funds - Regular Plan - Growth","Edelweiss Mutual Fund","EDELWEISS_MF","INF754K01VJ9","REGULAR","GROWTH","","SOURCE_UNAVAILABLE","AMC_MONTHLY_PORTFOLIO","https://www.edelweissmf.com/statutory-disclosures/monthly-portfolio","",0,0,0,0,0,0,0,0,0,0,0,0,0,0,0,false,"AWAITING_MONTHLY_DISCLOSURE"
"140172","Edelweiss Large & Mid Cap Fund - Regular Plan - Growth","Edelweiss Mutual Fund","EDELWEISS_MF","INF843K01047","REGULAR","GROWTH","","SOURCE_UNAVAILABLE","AMC_MONTHLY_PORTFOLIO","https://www.edelweissmf.com/statutory-disclosures/monthly-portfolio","",0,0,0,0,0,0,0,0,0,0,0,0,0,0,0,false,"AWAITING_MONTHLY_DISCLOSURE"
"111940","Edelweiss Large Cap Fund - Regular Plan - Growth","Edelweiss Mutual Fund","EDELWEISS_MF","INF754K01046","REGULAR","GROWTH","","SOURCE_UNAVAILABLE","AMC_MONTHLY_PORTFOLIO","https://www.edelweissmf.com/statutory-disclosures/monthly-portfolio","",0,0,0,0,0,0,0,0,0,0,0,0,0,0,0,false,"AWAITING_MONTHLY_DISCLOSURE"
"140182","Edelweiss Liquid Fund - Regular Plan - Growth","Edelweiss Mutual Fund","EDELWEISS_MF","INF754K01GZ6","REGULAR","GROWTH","","SOURCE_UNAVAILABLE","AMC_MONTHLY_PORTFOLIO","https://www.edelweissmf.com/statutory-disclosures/monthly-portfolio","",0,0,0,0,0,0,0,0,0,0,0,0,0,0,0,false,"AWAITING_MONTHLY_DISCLOSURE"
"148557","Edelweiss MSCI India Domestic & World Healthcare 45 Index Fund - Regular Plan - Growth","Edelweiss Mutual Fund","EDELWEISS_MF","INF754K01LR3","REGULAR","GROWTH","","SOURCE_UNAVAILABLE","AMC_MONTHLY_PORTFOLIO","https://www.edelweissmf.com/statutory-disclosures/monthly-portfolio","",0,0,0,0,0,0,0,0,0,0,0,0,0,0,0,false,"AWAITING_MONTHLY_DISCLOSURE"
"140225","Edelweiss Mid Cap Fund - Regular Plan - Growth","Edelweiss Mutual Fund","EDELWEISS_MF","INF843K01013","REGULAR","GROWTH","","SOURCE_UNAVAILABLE","AMC_MONTHLY_PORTFOLIO","https://www.edelweissmf.com/statutory-disclosures/monthly-portfolio","",0,0,0,0,0,0,0,0,0,0,0,0,0,0,0,false,"AWAITING_MONTHLY_DISCLOSURE"
"140229","Edelweiss Money Market Fund - Regular Plan - Growth","Edelweiss Mutual Fund","EDELWEISS_MF","INF843K01344","REGULAR","GROWTH","","SOURCE_UNAVAILABLE","AMC_MONTHLY_PORTFOLIO","https://www.edelweissmf.com/statutory-disclosures/monthly-portfolio","",0,0,0,0,0,0,0,0,0,0,0,0,0,0,0,false,"AWAITING_MONTHLY_DISCLOSURE"
"151795","Edelweiss Multi Asset Allocation Fund - Regular Plan - Growth","Edelweiss Mutual Fund","EDELWEISS_MF","INF754K01RO7","REGULAR","GROWTH","","SOURCE_UNAVAILABLE","AMC_MONTHLY_PORTFOLIO","https://www.edelweissmf.com/statutory-disclosures/monthly-portfolio","",0,0,0,0,0,0,0,0,0,0,0,0,0,0,0,false,"AWAITING_MONTHLY_DISCLOSURE"
"153779","Edelweiss Multi Asset Omni Fund of Fund - Regular Plan - Growth","Edelweiss Mutual Fund","EDELWEISS_MF","INF754K01VR2","REGULAR","GROWTH","","SOURCE_UNAVAILABLE","AMC_MONTHLY_PORTFOLIO","https://www.edelweissmf.com/statutory-disclosures/monthly-portfolio","",0,0,0,0,0,0,0,0,0,0,0,0,0,0,0,false,"AWAITING_MONTHLY_DISCLOSURE"
"152095","Edelweiss Multi Cap Fund - Regular Plan - Growth","Edelweiss Mutual Fund","EDELWEISS_MF","INF754K01RW0","REGULAR","GROWTH","","SOURCE_UNAVAILABLE","AMC_MONTHLY_PORTFOLIO","https://www.edelweissmf.com/statutory-disclosures/monthly-portfolio","",0,0,0,0,0,0,0,0,0,0,0,0,0,0,0,false,"AWAITING_MONTHLY_DISCLOSURE"
"149341","Edelweiss NIFTY Large Midcap 250 Index Fund - Regular Plan - Growth","Edelweiss Mutual Fund","EDELWEISS_MF","INF754K01NN8","REGULAR","GROWTH","","SOURCE_UNAVAILABLE","AMC_MONTHLY_PORTFOLIO","https://www.edelweissmf.com/statutory-disclosures/monthly-portfolio","",0,0,0,0,0,0,0,0,0,0,0,0,0,0,0,false,"AWAITING_MONTHLY_DISCLOSURE"
"149249","Edelweiss NIFTY PSU Bond Plus SDL Apr 2027 50:50 Index Fund - Regular Plan - Growth","Edelweiss Mutual Fund","EDELWEISS_MF","INF754K01MP5","REGULAR","GROWTH","","SOURCE_UNAVAILABLE","AMC_MONTHLY_PORTFOLIO","https://www.edelweissmf.com/statutory-disclosures/monthly-portfolio","",0,0,0,0,0,0,0,0,0,0,0,0,0,0,0,false,"AWAITING_MONTHLY_DISCLOSURE"
"149256","Edelweiss Nifty 100 Quality 30 Index Fund - Regular Plan - Growth","Edelweiss Mutual Fund","EDELWEISS_MF","INF754K01NF4","REGULAR","GROWTH","","SOURCE_UNAVAILABLE","AMC_MONTHLY_PORTFOLIO","https://www.edelweissmf.com/statutory-disclosures/monthly-portfolio","",0,0,0,0,0,0,0,0,0,0,0,0,0,0,0,false,"AWAITING_MONTHLY_DISCLOSURE"
"153920","Edelweiss Nifty 1D Rate Liquid ETF - Regular Plan - Growth","Edelweiss Mutual Fund","EDELWEISS_MF","INF754K01VW2","REGULAR","GROWTH","","SOURCE_UNAVAILABLE","AMC_MONTHLY_PORTFOLIO","https://www.edelweissmf.com/statutory-disclosures/monthly-portfolio","",0,0,0,0,0,0,0,0,0,0,0,0,0,0,0,false,"AWAITING_MONTHLY_DISCLOSURE"
"149252","Edelweiss Nifty 50 Index Fund - Regular Plan - Growth","Edelweiss Mutual Fund","EDELWEISS_MF","INF754K01MX9","REGULAR","GROWTH","","SOURCE_UNAVAILABLE","AMC_MONTHLY_PORTFOLIO","https://www.edelweissmf.com/statutory-disclosures/monthly-portfolio","",0,0,0,0,0,0,0,0,0,0,0,0,0,0,0,false,"AWAITING_MONTHLY_DISCLOSURE"
"152617","Edelweiss Nifty Alpha Low Volatility 30 Index Fund - Regular Plan - Growth","Edelweiss Mutual Fund","EDELWEISS_MF","INF754K01SO5","REGULAR","GROWTH","","SOURCE_UNAVAILABLE","AMC_MONTHLY_PORTFOLIO","https://www.edelweissmf.com/statutory-disclosures/monthly-portfolio","",0,0,0,0,0,0,0,0,0,0,0,0,0,0,0,false,"AWAITING_MONTHLY_DISCLOSURE"
"154312","Edelweiss Nifty LargeMidcap250 Plus 8-13yr G-Sec 70:30 Index Fund - Regular Plan - Growth","Edelweiss Mutual Fund","EDELWEISS_MF","INF754K01WV2","REGULAR","GROWTH","","SOURCE_UNAVAILABLE","AMC_MONTHLY_PORTFOLIO","https://www.edelweissmf.com/statutory-disclosures/monthly-portfolio","",0,0,0,0,0,0,0,0,0,0,0,0,0,0,0,false,"AWAITING_MONTHLY_DISCLOSURE"
"150900","Edelweiss Nifty Midcap150 Momentum 50 Index Fund - Regular Plan - Growth","Edelweiss Mutual Fund","EDELWEISS_MF","INF754K01PZ7","REGULAR","GROWTH","","SOURCE_UNAVAILABLE","AMC_MONTHLY_PORTFOLIO","https://www.edelweissmf.com/statutory-disclosures/monthly-portfolio","",0,0,0,0,0,0,0,0,0,0,0,0,0,0,0,false,"AWAITING_MONTHLY_DISCLOSURE"
"150897","Edelweiss Nifty Next 50 Index Fund - Regular Plan - Growth","Edelweiss Mutual Fund","EDELWEISS_MF","INF754K01QH3","REGULAR","GROWTH","","SOURCE_UNAVAILABLE","AMC_MONTHLY_PORTFOLIO","https://www.edelweissmf.com/statutory-disclosures/monthly-portfolio","",0,0,0,0,0,0,0,0,0,0,0,0,0,0,0,false,"AWAITING_MONTHLY_DISCLOSURE"
"148797","Edelweiss Nifty PSU Bond Plus SDL Apr 2026 50:50 Index Fund - Regular Plan - Growth","Edelweiss Mutual Fund","EDELWEISS_MF","INF754K01LZ6","REGULAR","GROWTH","","SOURCE_UNAVAILABLE","AMC_MONTHLY_PORTFOLIO","https://www.edelweissmf.com/statutory-disclosures/monthly-portfolio","",0,0,0,0,0,0,0,0,0,0,0,0,0,0,0,false,"AWAITING_MONTHLY_DISCLOSURE"
"154561","Edelweiss Nifty REITs & Realty Index Fund - Regular Plan - Growth","Edelweiss Mutual Fund","EDELWEISS_MF","INF754K01XN7","REGULAR","GROWTH","","SOURCE_UNAVAILABLE","AMC_MONTHLY_PORTFOLIO","https://www.edelweissmf.com/statutory-disclosures/monthly-portfolio","",0,0,0,0,0,0,0,0,0,0,0,0,0,0,0,false,"AWAITING_MONTHLY_DISCLOSURE"
"150894","Edelweiss Nifty Smallcap 250 Index Fund - Regular Plan - Growth","Edelweiss Mutual Fund","EDELWEISS_MF","INF754K01QP6","REGULAR","GROWTH","","SOURCE_UNAVAILABLE","AMC_MONTHLY_PORTFOLIO","https://www.edelweissmf.com/statutory-disclosures/monthly-portfolio","",0,0,0,0,0,0,0,0,0,0,0,0,0,0,0,false,"AWAITING_MONTHLY_DISCLOSURE"
"152988","Edelweiss Nifty500 Multicap Momentum Quality 50 Index Fund - Regular Plan - Growth","Edelweiss Mutual Fund","EDELWEISS_MF","INF754K01TJ3","REGULAR","GROWTH","","SOURCE_UNAVAILABLE","AMC_MONTHLY_PORTFOLIO","https://www.edelweissmf.com/statutory-disclosures/monthly-portfolio","",0,0,0,0,0,0,0,0,0,0,0,0,0,0,0,false,"AWAITING_MONTHLY_DISCLOSURE"
"147569","Edelweiss Overnight Fund - Regular Plan - Growth","Edelweiss Mutual Fund","EDELWEISS_MF","INF754K01KE3","REGULAR","GROWTH","","SOURCE_UNAVAILABLE","AMC_MONTHLY_PORTFOLIO","https://www.edelweissmf.com/statutory-disclosures/monthly-portfolio","",0,0,0,0,0,0,0,0,0,0,0,0,0,0,0,false,"AWAITING_MONTHLY_DISCLOSURE"
"142383","Edelweiss Recently Listed IPO Fund - Regular Plan - Growth","Edelweiss Mutual Fund","EDELWEISS_MF","INF754K01MH2","REGULAR","GROWTH","","SOURCE_UNAVAILABLE","AMC_MONTHLY_PORTFOLIO","https://www.edelweissmf.com/statutory-disclosures/monthly-portfolio","",0,0,0,0,0,0,0,0,0,0,0,0,0,0,0,false,"AWAITING_MONTHLY_DISCLOSURE"
"154075","Edelweiss Silver ETF Fund of Fund - Regular Plan - Growth","Edelweiss Mutual Fund","EDELWEISS_MF","INF754K01WD0","REGULAR","GROWTH","","SOURCE_UNAVAILABLE","AMC_MONTHLY_PORTFOLIO","https://www.edelweissmf.com/statutory-disclosures/monthly-portfolio","",0,0,0,0,0,0,0,0,0,0,0,0,0,0,0,false,"AWAITING_MONTHLY_DISCLOSURE"
"146193","Edelweiss Small Cap Fund - Regular Plan - Growth","Edelweiss Mutual Fund","EDELWEISS_MF","INF754K01JJ4","REGULAR","GROWTH","","SOURCE_UNAVAILABLE","AMC_MONTHLY_PORTFOLIO","https://www.edelweissmf.com/statutory-disclosures/monthly-portfolio","",0,0,0,0,0,0,0,0,0,0,0,0,0,0,0,false,"AWAITING_MONTHLY_DISCLOSURE"
"152439","Edelweiss Technology Fund - Regular Plan - Growth","Edelweiss Mutual Fund","EDELWEISS_MF","INF754K01SG1","REGULAR","GROWTH","","SOURCE_UNAVAILABLE","AMC_MONTHLY_PORTFOLIO","https://www.edelweissmf.com/statutory-disclosures/monthly-portfolio","",0,0,0,0,0,0,0,0,0,0,0,0,0,0,0,false,"AWAITING_MONTHLY_DISCLOSURE"
"148064","Edelweiss US Technology Equity Fund of Fund - Regular Plan - Growth","Edelweiss Mutual Fund","EDELWEISS_MF","INF754K01LC5","REGULAR","GROWTH","","SOURCE_UNAVAILABLE","AMC_MONTHLY_PORTFOLIO","https://www.edelweissmf.com/statutory-disclosures/monthly-portfolio","",0,0,0,0,0,0,0,0,0,0,0,0,0,0,0,false,"AWAITING_MONTHLY_DISCLOSURE"
"140273","Edelweiss US Value Equity Offshore Fund - Regular Plan - Growth","Edelweiss Mutual Fund","EDELWEISS_MF","INF843K01ED9","REGULAR","GROWTH","","SOURCE_UNAVAILABLE","AMC_MONTHLY_PORTFOLIO","https://www.edelweissmf.com/statutory-disclosures/monthly-portfolio","",0,0,0,0,0,0,0,0,0,0,0,0,0,0,0,false,"AWAITING_MONTHLY_DISCLOSURE"
"154622","Edelweiss Ultra Short Term Fund - Regular Plan - Growth","Edelweiss Mutual Fund","EDELWEISS_MF","INF754K01XV0","REGULAR","GROWTH","","SOURCE_UNAVAILABLE","AMC_MONTHLY_PORTFOLIO","https://www.edelweissmf.com/statutory-disclosures/monthly-portfolio","",0,0,0,0,0,0,0,0,0,0,0,0,0,0,0,false,"AWAITING_MONTHLY_DISCLOSURE"
"153419","Edelweiss Ultra Short to Short Term Fund - Regular Plan - Growth","Edelweiss Mutual Fund","EDELWEISS_MF","INF754K01UT0","REGULAR","GROWTH","","SOURCE_UNAVAILABLE","AMC_MONTHLY_PORTFOLIO","https://www.edelweissmf.com/statutory-disclosures/monthly-portfolio","",0,0,0,0,0,0,0,0,0,0,0,0,0,0,0,false,"AWAITING_MONTHLY_DISCLOSURE"
"106979","Franklin Asian Equity Fund - Regular Plan - Growth","Franklin Templeton Mutual Fund","FRANKLIN_TEMPLE_MF","INF090I01AB3","REGULAR","GROWTH","","SOURCE_UNAVAILABLE","AMC_MONTHLY_PORTFOLIO","https://www.franklintempletonindia.com/statutory-disclosures/monthly-portfolio","",0,0,0,0,0,0,0,0,0,0,0,0,0,0,0,false,"AWAITING_MONTHLY_DISCLOSURE"
"112092","Franklin Build India Fund - Regular Plan - Growth","Franklin Templeton Mutual Fund","FRANKLIN_TEMPLE_MF","INF090I01AE7","REGULAR","GROWTH","","SOURCE_UNAVAILABLE","AMC_MONTHLY_PORTFOLIO","https://www.franklintempletonindia.com/statutory-disclosures/monthly-portfolio","",0,0,0,0,0,0,0,0,0,0,0,0,0,0,0,false,"AWAITING_MONTHLY_DISCLOSURE"
"100550","Franklin India Aggressive Hybrid Fund - Regular Plan - Growth","Franklin Templeton Mutual Fund","FRANKLIN_TEMPLE_MF","INF090I01817","REGULAR","GROWTH","","SOURCE_UNAVAILABLE","AMC_MONTHLY_PORTFOLIO","https://www.franklintempletonindia.com/statutory-disclosures/monthly-portfolio","",0,0,0,0,0,0,0,0,0,0,0,0,0,0,0,false,"AWAITING_MONTHLY_DISCLOSURE"
"153042","Franklin India Arbitrage Fund - Regular Plan - Growth","Franklin Templeton Mutual Fund","FRANKLIN_TEMPLE_MF","INF090I01XP5","REGULAR","GROWTH","","SOURCE_UNAVAILABLE","AMC_MONTHLY_PORTFOLIO","https://www.franklintempletonindia.com/statutory-disclosures/monthly-portfolio","",0,0,0,0,0,0,0,0,0,0,0,0,0,0,0,false,"AWAITING_MONTHLY_DISCLOSURE"
"150480","Franklin India Balanced Advantage Fund - Regular Plan - Growth","Franklin Templeton Mutual Fund","FRANKLIN_TEMPLE_MF","INF090I01WN2","REGULAR","GROWTH","","SOURCE_UNAVAILABLE","AMC_MONTHLY_PORTFOLIO","https://www.franklintempletonindia.com/statutory-disclosures/monthly-portfolio","",0,0,0,0,0,0,0,0,0,0,0,0,0,0,0,false,"AWAITING_MONTHLY_DISCLOSURE"
"129006","Franklin India Banking & PSU Debt Fund - Regular Plan - Growth","Franklin Templeton Mutual Fund","FRANKLIN_TEMPLE_MF","INF090I01KO5","REGULAR","GROWTH","2026-09-30","COMPLETE_VERIFIED","AMC_MONTHLY_PORTFOLIO","https://www.franklintempletonindia.com/statutory-disclosures/monthly-portfolio","7544cff923d93195bc1585409e0aadab4d5d7a31ae7716a9ef91eec0486f0db3",10,10,10,10,10,0,10,0,0,0,0,0,0,0,1,false,"PARSED_AND_VERIFIED"
"100948","Franklin India Conservative Hybrid Fund - Regular Plan - Growth","Franklin Templeton Mutual Fund","FRANKLIN_TEMPLE_MF","INF090I01EA7","REGULAR","GROWTH","","SOURCE_UNAVAILABLE","AMC_MONTHLY_PORTFOLIO","https://www.franklintempletonindia.com/statutory-disclosures/monthly-portfolio","",0,0,0,0,0,0,0,0,0,0,0,0,0,0,0,false,"AWAITING_MONTHLY_DISCLOSURE"
"100528","Franklin India Corporate Bond Fund - Regular Plan - Growth","Franklin Templeton Mutual Fund","FRANKLIN_TEMPLE_MF","INF090I01DG6","REGULAR","GROWTH","","SOURCE_UNAVAILABLE","AMC_MONTHLY_PORTFOLIO","https://www.franklintempletonindia.com/statutory-disclosures/monthly-portfolio","",0,0,0,0,0,0,0,0,0,0,0,0,0,0,0,false,"AWAITING_MONTHLY_DISCLOSURE"
"101656","Franklin India Dynamic Asset Allocation Active Fund of Funds - Regular Plan - Growth","Franklin Templeton Mutual Fund","FRANKLIN_TEMPLE_MF","INF090I01262","REGULAR","GROWTH","","SOURCE_UNAVAILABLE","AMC_MONTHLY_PORTFOLIO","https://www.franklintempletonindia.com/statutory-disclosures/monthly-portfolio","",0,0,0,0,0,0,0,0,0,0,0,0,0,0,0,false,"AWAITING_MONTHLY_DISCLOSURE"
"100526","Franklin India ELSS Tax Saver Fund - Regular Plan - Growth","Franklin Templeton Mutual Fund","FRANKLIN_TEMPLE_MF","INF090I01775","REGULAR","GROWTH","","SOURCE_UNAVAILABLE","AMC_MONTHLY_PORTFOLIO","https://www.franklintempletonindia.com/statutory-disclosures/monthly-portfolio","",0,0,0,0,0,0,0,0,0,0,0,0,0,0,0,false,"AWAITING_MONTHLY_DISCLOSURE"
"144461","Franklin India Equity Savings Fund - Regular Plan - Growth","Franklin Templeton Mutual Fund","FRANKLIN_TEMPLE_MF","INF090I01PA3","REGULAR","GROWTH","","SOURCE_UNAVAILABLE","AMC_MONTHLY_PORTFOLIO","https://www.franklintempletonindia.com/statutory-disclosures/monthly-portfolio","",0,0,0,0,0,0,0,0,0,0,0,0,0,0,0,false,"AWAITING_MONTHLY_DISCLOSURE"
"100520","Franklin India Flexi Cap Fund - Regular Plan - Growth","Franklin Templeton Mutual Fund","FRANKLIN_TEMPLE_MF","INF090I01239","REGULAR","GROWTH","","SOURCE_UNAVAILABLE","AMC_MONTHLY_PORTFOLIO","https://www.franklintempletonindia.com/statutory-disclosures/monthly-portfolio","",0,0,0,0,0,0,0,0,0,0,0,0,0,0,0,false,"AWAITING_MONTHLY_DISCLOSURE"
"101048","Franklin India Floating Interest Rates Fund - Regular Plan - Growth","Franklin Templeton Mutual Fund","FRANKLIN_TEMPLE_MF","INF090I01LM7","REGULAR","GROWTH","","SOURCE_UNAVAILABLE","AMC_MONTHLY_PORTFOLIO","https://www.franklintempletonindia.com/statutory-disclosures/monthly-portfolio","",0,0,0,0,0,0,0,0,0,0,0,0,0,0,0,false,"AWAITING_MONTHLY_DISCLOSURE"
"105817","Franklin India Focused Equity Fund - Regular Plan - Growth","Franklin Templeton Mutual Fund","FRANKLIN_TEMPLE_MF","INF090I01981","REGULAR","GROWTH","","SOURCE_UNAVAILABLE","AMC_MONTHLY_PORTFOLIO","https://www.franklintempletonindia.com/statutory-disclosures/monthly-portfolio","",0,0,0,0,0,0,0,0,0,0,0,0,0,0,0,false,"AWAITING_MONTHLY_DISCLOSURE"
"100493","Franklin India Gilt Fund - Regular Plan - Growth","Franklin Templeton Mutual Fund","FRANKLIN_TEMPLE_MF","INF090I01CU9","REGULAR","GROWTH","","SOURCE_UNAVAILABLE","AMC_MONTHLY_PORTFOLIO","https://www.franklintempletonindia.com/statutory-disclosures/monthly-portfolio","",0,0,0,0,0,0,0,0,0,0,0,0,0,0,0,false,"AWAITING_MONTHLY_DISCLOSURE"
"132987","Franklin India Income Plus Arbitrage Active Fund of Funds - Regular Plan - Growth","Franklin Templeton Mutual Fund","FRANKLIN_TEMPLE_MF","INF090I01LE4","REGULAR","GROWTH","","SOURCE_UNAVAILABLE","AMC_MONTHLY_PORTFOLIO","https://www.franklintempletonindia.com/statutory-disclosures/monthly-portfolio","",0,0,0,0,0,0,0,0,0,0,0,0,0,0,0,false,"AWAITING_MONTHLY_DISCLOSURE"
"102883","Franklin India Large & Mid Cap Fund - Regular Plan - Growth","Franklin Templeton Mutual Fund","FRANKLIN_TEMPLE_MF","INF090I01205","REGULAR","GROWTH","","SOURCE_UNAVAILABLE","AMC_MONTHLY_PORTFOLIO","https://www.franklintempletonindia.com/statutory-disclosures/monthly-portfolio","",0,0,0,0,0,0,0,0,0,0,0,0,0,0,0,false,"AWAITING_MONTHLY_DISCLOSURE"
"100471","Franklin India Large Cap Fund - Regular Plan - Growth","Franklin Templeton Mutual Fund","FRANKLIN_TEMPLE_MF","INF090I01171","REGULAR","GROWTH","","SOURCE_UNAVAILABLE","AMC_MONTHLY_PORTFOLIO","https://www.franklintempletonindia.com/statutory-disclosures/monthly-portfolio","",0,0,0,0,0,0,0,0,0,0,0,0,0,0,0,false,"AWAITING_MONTHLY_DISCLOSURE"
"100538","Franklin India Liquid Fund - Regular Plan - Growth","Franklin Templeton Mutual Fund","FRANKLIN_TEMPLE_MF","INF090I01BB1","REGULAR","GROWTH","","SOURCE_UNAVAILABLE","AMC_MONTHLY_PORTFOLIO","https://www.franklintempletonindia.com/statutory-disclosures/monthly-portfolio","",0,0,0,0,0,0,0,0,0,0,0,0,0,0,0,false,"AWAITING_MONTHLY_DISCLOSURE"
"139891","Franklin India Liquid Fund - Regular Plan - Unclaimed Redemption Investor Education Plan - Growth","Franklin Templeton Mutual Fund","FRANKLIN_TEMPLE_MF","INF090I01LQ8","REGULAR","GROWTH","","SOURCE_UNAVAILABLE","AMC_MONTHLY_PORTFOLIO","https://www.franklintempletonindia.com/statutory-disclosures/monthly-portfolio","",0,0,0,0,0,0,0,0,0,0,0,0,0,0,0,false,"AWAITING_MONTHLY_DISCLOSURE"
"139889","Franklin India Liquid Fund - Regular Plan - Unclaimed Redemption Plan - Growth","Franklin Templeton Mutual Fund","FRANKLIN_TEMPLE_MF","INF090I01LO3","REGULAR","GROWTH","","SOURCE_UNAVAILABLE","AMC_MONTHLY_PORTFOLIO","https://www.franklintempletonindia.com/statutory-disclosures/monthly-portfolio","",0,0,0,0,0,0,0,0,0,0,0,0,0,0,0,false,"AWAITING_MONTHLY_DISCLOSURE"
"153104","Franklin India Long Term Fund - Regular Plan - Growth","Franklin Templeton Mutual Fund","FRANKLIN_TEMPLE_MF","INF090I01XV3","REGULAR","GROWTH","","SOURCE_UNAVAILABLE","AMC_MONTHLY_PORTFOLIO","https://www.franklintempletonindia.com/statutory-disclosures/monthly-portfolio","",0,0,0,0,0,0,0,0,0,0,0,0,0,0,0,false,"AWAITING_MONTHLY_DISCLOSURE"
"152853","Franklin India Medium to Long Term Fund - Regular Plan - Growth","Franklin Templeton Mutual Fund","FRANKLIN_TEMPLE_MF","INF090I01XD1","REGULAR","GROWTH","","SOURCE_UNAVAILABLE","AMC_MONTHLY_PORTFOLIO","https://www.franklintempletonindia.com/statutory-disclosures/monthly-portfolio","",0,0,0,0,0,0,0,0,0,0,0,0,0,0,0,false,"AWAITING_MONTHLY_DISCLOSURE"
"100473","Franklin India Mid Cap Fund - Regular Plan - Growth","Franklin Templeton Mutual Fund","FRANKLIN_TEMPLE_MF","INF090I01809","REGULAR","GROWTH","","SOURCE_UNAVAILABLE","AMC_MONTHLY_PORTFOLIO","https://www.franklintempletonindia.com/statutory-disclosures/monthly-portfolio","",0,0,0,0,0,0,0,0,0,0,0,0,0,0,0,false,"AWAITING_MONTHLY_DISCLOSURE"
"101357","Franklin India Money Market Fund - Regular Plan - Growth","Franklin Templeton Mutual Fund","FRANKLIN_TEMPLE_MF","INF090I01CA1","REGULAR","GROWTH","","SOURCE_UNAVAILABLE","AMC_MONTHLY_PORTFOLIO","https://www.franklintempletonindia.com/statutory-disclosures/monthly-portfolio","",0,0,0,0,0,0,0,0,0,0,0,0,0,0,0,false,"AWAITING_MONTHLY_DISCLOSURE"
"153733","Franklin India Multi Asset Allocation Fund - Regular Plan - Growth","Franklin Templeton Mutual Fund","FRANKLIN_TEMPLE_MF","INF090I01YM0","REGULAR","GROWTH","","SOURCE_UNAVAILABLE","AMC_MONTHLY_PORTFOLIO","https://www.franklintempletonindia.com/statutory-disclosures/monthly-portfolio","",0,0,0,0,0,0,0,0,0,0,0,0,0,0,0,false,"AWAITING_MONTHLY_DISCLOSURE"
"152738","Franklin India Multi Cap Fund - Regular Plan - Growth","Franklin Templeton Mutual Fund","FRANKLIN_TEMPLE_MF","INF090I01WX1","REGULAR","GROWTH","","SOURCE_UNAVAILABLE","AMC_MONTHLY_PORTFOLIO","https://www.franklintempletonindia.com/statutory-disclosures/monthly-portfolio","",0,0,0,0,0,0,0,0,0,0,0,0,0,0,0,false,"AWAITING_MONTHLY_DISCLOSURE"
"153943","Franklin India Multi-Factor Fund - Regular Plan - Growth","Franklin Templeton Mutual Fund","FRANKLIN_TEMPLE_MF","INF090I01YN8","REGULAR","GROWTH","","SOURCE_UNAVAILABLE","AMC_MONTHLY_PORTFOLIO","https://www.franklintempletonindia.com/statutory-disclosures/monthly-portfolio","",0,0,0,0,0,0,0,0,0,0,0,0,0,0,0,false,"AWAITING_MONTHLY_DISCLOSURE"
"100484","Franklin India NSE Nifty 50 Index Fund - Regular Plan - Growth","Franklin Templeton Mutual Fund","FRANKLIN_TEMPLE_MF","INF090I01890","REGULAR","GROWTH","","SOURCE_UNAVAILABLE","AMC_MONTHLY_PORTFOLIO","https://www.franklintempletonindia.com/statutory-disclosures/monthly-portfolio","",0,0,0,0,0,0,0,0,0,0,0,0,0,0,0,false,"AWAITING_MONTHLY_DISCLOSURE"
"103151","Franklin India Opportunities Fund - Regular Plan - Growth","Franklin Templeton Mutual Fund","FRANKLIN_TEMPLE_MF","INF090I01841","REGULAR","GROWTH","","SOURCE_UNAVAILABLE","AMC_MONTHLY_PORTFOLIO","https://www.franklintempletonindia.com/statutory-disclosures/monthly-portfolio","",0,0,0,0,0,0,0,0,0,0,0,0,0,0,0,false,"AWAITING_MONTHLY_DISCLOSURE"
"147213","Franklin India Overnight Fund - Regular Plan - Growth","Franklin Templeton Mutual Fund","FRANKLIN_TEMPLE_MF","INF090I01SO8","REGULAR","GROWTH","","SOURCE_UNAVAILABLE","AMC_MONTHLY_PORTFOLIO","https://www.franklintempletonindia.com/statutory-disclosures/monthly-portfolio","",0,0,0,0,0,0,0,0,0,0,0,0,0,0,0,false,"AWAITING_MONTHLY_DISCLOSURE"
"100536","Franklin India Retirement Fund - Regular Plan - Growth","Franklin Templeton Mutual Fund","FRANKLIN_TEMPLE_MF","INF090I01510","REGULAR","GROWTH","","SOURCE_UNAVAILABLE","AMC_MONTHLY_PORTFOLIO","https://www.franklintempletonindia.com/statutory-disclosures/monthly-portfolio","",0,0,0,0,0,0,0,0,0,0,0,0,0,0,0,false,"AWAITING_MONTHLY_DISCLOSURE"
"154540","Franklin India Short Term Fund - Regular Plan - Growth","Franklin Templeton Mutual Fund","FRANKLIN_TEMPLE_MF","INF090I01YT5","REGULAR","GROWTH","","SOURCE_UNAVAILABLE","AMC_MONTHLY_PORTFOLIO","https://www.franklintempletonindia.com/statutory-disclosures/monthly-portfolio","",0,0,0,0,0,0,0,0,0,0,0,0,0,0,0,false,"AWAITING_MONTHLY_DISCLOSURE"
"103360","Franklin India Small Cap Fund - Regular Plan - Growth","Franklin Templeton Mutual Fund","FRANKLIN_TEMPLE_MF","INF090I01569","REGULAR","GROWTH","","SOURCE_UNAVAILABLE","AMC_MONTHLY_PORTFOLIO","https://www.franklintempletonindia.com/statutory-disclosures/monthly-portfolio","",0,0,0,0,0,0,0,0,0,0,0,0,0,0,0,false,"AWAITING_MONTHLY_DISCLOSURE"
"100522","Franklin India Technology Fund - Regular Plan - Growth","Franklin Templeton Mutual Fund","FRANKLIN_TEMPLE_MF","INF090I01742","REGULAR","GROWTH","","SOURCE_UNAVAILABLE","AMC_MONTHLY_PORTFOLIO","https://www.franklintempletonindia.com/statutory-disclosures/monthly-portfolio","",0,0,0,0,0,0,0,0,0,0,0,0,0,0,0,false,"AWAITING_MONTHLY_DISCLOSURE"
"152828","Franklin India Ultra Short Term Fund - Regular Plan - Growth","Franklin Templeton Mutual Fund","FRANKLIN_TEMPLE_MF","INF090I01XJ8","REGULAR","GROWTH","","SOURCE_UNAVAILABLE","AMC_MONTHLY_PORTFOLIO","https://www.franklintempletonindia.com/statutory-disclosures/monthly-portfolio","",0,0,0,0,0,0,0,0,0,0,0,0,0,0,0,false,"AWAITING_MONTHLY_DISCLOSURE"
"153371","Franklin India Ultra Short to Short Term Fund - Regular Plan - Growth","Franklin Templeton Mutual Fund","FRANKLIN_TEMPLE_MF","INF090I01YB3","REGULAR","GROWTH","","SOURCE_UNAVAILABLE","AMC_MONTHLY_PORTFOLIO","https://www.franklintempletonindia.com/statutory-disclosures/monthly-portfolio","",0,0,0,0,0,0,0,0,0,0,0,0,0,0,0,false,"AWAITING_MONTHLY_DISCLOSURE"
"116633","Franklin U. S. Opportunities Equity Active Fund of Funds - Regular Plan - Growth","Franklin Templeton Mutual Fund","FRANKLIN_TEMPLE_MF","INF090I01EW1","REGULAR","GROWTH","","SOURCE_UNAVAILABLE","AMC_MONTHLY_PORTFOLIO","https://www.franklintempletonindia.com/statutory-disclosures/monthly-portfolio","",0,0,0,0,0,0,0,0,0,0,0,0,0,0,0,false,"AWAITING_MONTHLY_DISCLOSURE"
"100496","Templeton India Value Fund - Regular Plan - Growth","Franklin Templeton Mutual Fund","FRANKLIN_TEMPLE_MF","INF090I01296","REGULAR","GROWTH","","SOURCE_UNAVAILABLE","AMC_MONTHLY_PORTFOLIO","https://www.franklintempletonindia.com/statutory-disclosures/monthly-portfolio","",0,0,0,0,0,0,0,0,0,0,0,0,0,0,0,false,"AWAITING_MONTHLY_DISCLOSURE"
"145605","Groww Aggressive Hybrid Fund - Regular Plan - Growth","Groww Mutual Fund","GROWW_MF","INF666M01FJ4","REGULAR","GROWTH","","SOURCE_UNAVAILABLE","AMC_MONTHLY_PORTFOLIO","https://growwmf.in/statutory-disclosures/monthly-portfolio","",0,0,0,0,0,0,0,0,0,0,0,0,0,0,0,false,"AWAITING_MONTHLY_DISCLOSURE"
"154325","Groww Arbitrage Fund - Regular Plan - Growth","Groww Mutual Fund","GROWW_MF","INF666M01OQ1","REGULAR","GROWTH","","SOURCE_UNAVAILABLE","AMC_MONTHLY_PORTFOLIO","https://growwmf.in/statutory-disclosures/monthly-portfolio","",0,0,0,0,0,0,0,0,0,0,0,0,0,0,0,false,"AWAITING_MONTHLY_DISCLOSURE"
"154223","Groww BSE Hospitals ETF FOF - Regular Plan - Growth","Groww Mutual Fund","GROWW_MF","INF666M01OA5","REGULAR","GROWTH","","SOURCE_UNAVAILABLE","AMC_MONTHLY_PORTFOLIO","https://growwmf.in/statutory-disclosures/monthly-portfolio","",0,0,0,0,0,0,0,0,0,0,0,0,0,0,0,false,"AWAITING_MONTHLY_DISCLOSURE"
"153748","Groww BSE Power ETF FOF - Regular Plan - Growth","Groww Mutual Fund","GROWW_MF","INF666M01LQ7","REGULAR","GROWTH","","SOURCE_UNAVAILABLE","AMC_MONTHLY_PORTFOLIO","https://growwmf.in/statutory-disclosures/monthly-portfolio","",0,0,0,0,0,0,0,0,0,0,0,0,0,0,0,false,"AWAITING_MONTHLY_DISCLOSURE"
"152274","Groww Banking & Financial Services Fund - Regular Plan - Growth","Groww Mutual Fund","GROWW_MF","INF666M01HP7","REGULAR","GROWTH","","SOURCE_UNAVAILABLE","AMC_MONTHLY_PORTFOLIO","https://growwmf.in/statutory-disclosures/monthly-portfolio","",0,0,0,0,0,0,0,0,0,0,0,0,0,0,0,false,"AWAITING_MONTHLY_DISCLOSURE"
"145590","Groww Dynamic Term Fund - Regular Plan - Growth","Groww Mutual Fund","GROWW_MF","INF666M01ES8","REGULAR","GROWTH","","SOURCE_UNAVAILABLE","AMC_MONTHLY_PORTFOLIO","https://growwmf.in/statutory-disclosures/monthly-portfolio","",0,0,0,0,0,0,0,0,0,0,0,0,0,0,0,false,"AWAITING_MONTHLY_DISCLOSURE"
"141862","Groww ELSS Tax Saver Fund - Regular Plan - Growth","Groww Mutual Fund","GROWW_MF","INF666M01DN1","REGULAR","GROWTH","","SOURCE_UNAVAILABLE","AMC_MONTHLY_PORTFOLIO","https://growwmf.in/statutory-disclosures/monthly-portfolio","",0,0,0,0,0,0,0,0,0,0,0,0,0,0,0,false,"AWAITING_MONTHLY_DISCLOSURE"
"153503","Groww Gilt Fund - Regular Plan - Growth","Groww Mutual Fund","GROWW_MF","INF666M01KN6","REGULAR","GROWTH","","SOURCE_UNAVAILABLE","AMC_MONTHLY_PORTFOLIO","https://growwmf.in/statutory-disclosures/monthly-portfolio","",0,0,0,0,0,0,0,0,0,0,0,0,0,0,0,false,"AWAITING_MONTHLY_DISCLOSURE"
"153006","Groww Gold ETF FOF - Regular Plan - Growth","Groww Mutual Fund","GROWW_MF","INF666M01JA5","REGULAR","GROWTH","","SOURCE_UNAVAILABLE","AMC_MONTHLY_PORTFOLIO","https://growwmf.in/statutory-disclosures/monthly-portfolio","",0,0,0,0,0,0,0,0,0,0,0,0,0,0,0,false,"AWAITING_MONTHLY_DISCLOSURE"
"116547","Groww Large Cap Fund - Regular Plan - Growth","Groww Mutual Fund","GROWW_MF","INF666M01162","REGULAR","GROWTH","","SOURCE_UNAVAILABLE","AMC_MONTHLY_PORTFOLIO","https://growwmf.in/statutory-disclosures/monthly-portfolio","",0,0,0,0,0,0,0,0,0,0,0,0,0,0,0,false,"AWAITING_MONTHLY_DISCLOSURE"
"115991","Groww Liquid Fund - Regular Plan - Growth","Groww Mutual Fund","GROWW_MF","INF666M01014","REGULAR","GROWTH","","SOURCE_UNAVAILABLE","AMC_MONTHLY_PORTFOLIO","https://growwmf.in/statutory-disclosures/monthly-portfolio","",0,0,0,0,0,0,0,0,0,0,0,0,0,0,0,false,"AWAITING_MONTHLY_DISCLOSURE"
"153992","Groww Money Market Fund - Regular Plan - Growth","Groww Mutual Fund","GROWW_MF","INF666M01MZ6","REGULAR","GROWTH","","SOURCE_UNAVAILABLE","AMC_MONTHLY_PORTFOLIO","https://growwmf.in/statutory-disclosures/monthly-portfolio","",0,0,0,0,0,0,0,0,0,0,0,0,0,0,0,false,"AWAITING_MONTHLY_DISCLOSURE"
"153851","Groww Multi Asset Allocation Fund - Regular Plan - Growth","Groww Mutual Fund","GROWW_MF","INF666M01MD3","REGULAR","GROWTH","","SOURCE_UNAVAILABLE","AMC_MONTHLY_PORTFOLIO","https://growwmf.in/statutory-disclosures/monthly-portfolio","",0,0,0,0,0,0,0,0,0,0,0,0,0,0,0,false,"AWAITING_MONTHLY_DISCLOSURE"
"154057","Groww Multi Asset Omni FOF - Regular Plan - Growth","Groww Mutual Fund","GROWW_MF","INF666M01NF6","REGULAR","GROWTH","","SOURCE_UNAVAILABLE","AMC_MONTHLY_PORTFOLIO","https://growwmf.in/statutory-disclosures/monthly-portfolio","",0,0,0,0,0,0,0,0,0,0,0,0,0,0,0,false,"AWAITING_MONTHLY_DISCLOSURE"
"153100","Groww Multicap Fund - Regular Plan - Growth","Groww Mutual Fund","GROWW_MF","INF666M01JG2","REGULAR","GROWTH","","SOURCE_UNAVAILABLE","AMC_MONTHLY_PORTFOLIO","https://growwmf.in/statutory-disclosures/monthly-portfolio","",0,0,0,0,0,0,0,0,0,0,0,0,0,0,0,false,"AWAITING_MONTHLY_DISCLOSURE"
"153342","Groww Nifty 200 ETF FOF - Regular Plan - Growth","Groww Mutual Fund","GROWW_MF","INF666M01JT5","REGULAR","GROWTH","","SOURCE_UNAVAILABLE","AMC_MONTHLY_PORTFOLIO","https://growwmf.in/statutory-disclosures/monthly-portfolio","",0,0,0,0,0,0,0,0,0,0,0,0,0,0,0,false,"AWAITING_MONTHLY_DISCLOSURE"
"153710","Groww Nifty 50 Index Fund - Regular Plan - Growth","Groww Mutual Fund","GROWW_MF","INF666M01KW7","REGULAR","GROWTH","","SOURCE_UNAVAILABLE","AMC_MONTHLY_PORTFOLIO","https://growwmf.in/statutory-disclosures/monthly-portfolio","",0,0,0,0,0,0,0,0,0,0,0,0,0,0,0,false,"AWAITING_MONTHLY_DISCLOSURE"
"153456","Groww Nifty 500 Momentum 50 ETF FOF - Regular Plan - Growth","Groww Mutual Fund","GROWW_MF","INF666M01KC9","REGULAR","GROWTH","","SOURCE_UNAVAILABLE","AMC_MONTHLY_PORTFOLIO","https://growwmf.in/statutory-disclosures/monthly-portfolio","",0,0,0,0,0,0,0,0,0,0,0,0,0,0,0,false,"AWAITING_MONTHLY_DISCLOSURE"
"153918","Groww Nifty Capital Markets ETF FOF - Regular Plan - Growth","Groww Mutual Fund","GROWW_MF","INF666M01MJ0","REGULAR","GROWTH","","SOURCE_UNAVAILABLE","AMC_MONTHLY_PORTFOLIO","https://growwmf.in/statutory-disclosures/monthly-portfolio","",0,0,0,0,0,0,0,0,0,0,0,0,0,0,0,false,"AWAITING_MONTHLY_DISCLOSURE"
"152773","Groww Nifty EV & New Age Automotive ETF FOF - Regular Plan - Growth","Groww Mutual Fund","GROWW_MF","INF666M01II0","REGULAR","GROWTH","","SOURCE_UNAVAILABLE","AMC_MONTHLY_PORTFOLIO","https://growwmf.in/statutory-disclosures/monthly-portfolio","",0,0,0,0,0,0,0,0,0,0,0,0,0,0,0,false,"AWAITING_MONTHLY_DISCLOSURE"
"152927","Groww Nifty India Defence ETF FOF - Regular Plan - Growth","Groww Mutual Fund","GROWW_MF","INF666M01IT7","REGULAR","GROWTH","","SOURCE_UNAVAILABLE","AMC_MONTHLY_PORTFOLIO","https://growwmf.in/statutory-disclosures/monthly-portfolio","",0,0,0,0,0,0,0,0,0,0,0,0,0,0,0,false,"AWAITING_MONTHLY_DISCLOSURE"
"153633","Groww Nifty India Internet ETF FOF - Regular Plan - Growth","Groww Mutual Fund","GROWW_MF","INF666M01LF0","REGULAR","GROWTH","","SOURCE_UNAVAILABLE","AMC_MONTHLY_PORTFOLIO","https://growwmf.in/statutory-disclosures/monthly-portfolio","",0,0,0,0,0,0,0,0,0,0,0,0,0,0,0,false,"AWAITING_MONTHLY_DISCLOSURE"
"153232","Groww Nifty India Railways PSU Index Fund - Regular Plan - Growth","Groww Mutual Fund","GROWW_MF","INF666M01JN8","REGULAR","GROWTH","","SOURCE_UNAVAILABLE","AMC_MONTHLY_PORTFOLIO","https://growwmf.in/statutory-disclosures/monthly-portfolio","",0,0,0,0,0,0,0,0,0,0,0,0,0,0,0,false,"AWAITING_MONTHLY_DISCLOSURE"
"153953","Groww Nifty Midcap 150 Index Fund - Regular Plan - Growth","Groww Mutual Fund","GROWW_MF","INF666M01MS1","REGULAR","GROWTH","","SOURCE_UNAVAILABLE","AMC_MONTHLY_PORTFOLIO","https://growwmf.in/statutory-disclosures/monthly-portfolio","",0,0,0,0,0,0,0,0,0,0,0,0,0,0,0,false,"AWAITING_MONTHLY_DISCLOSURE"
"153798","Groww Nifty Next 50 Index Fund - Regular Plan - Growth","Groww Mutual Fund","GROWW_MF","INF666M01LW5","REGULAR","GROWTH","","SOURCE_UNAVAILABLE","AMC_MONTHLY_PORTFOLIO","https://growwmf.in/statutory-disclosures/monthly-portfolio","",0,0,0,0,0,0,0,0,0,0,0,0,0,0,0,false,"AWAITING_MONTHLY_DISCLOSURE"
"152633","Groww Nifty Non-Cyclical Consumer Index Fund - Regular Plan - Growth","Groww Mutual Fund","GROWW_MF","INF666M01IB5","REGULAR","GROWTH","","SOURCE_UNAVAILABLE","AMC_MONTHLY_PORTFOLIO","https://growwmf.in/statutory-disclosures/monthly-portfolio","",0,0,0,0,0,0,0,0,0,0,0,0,0,0,0,false,"AWAITING_MONTHLY_DISCLOSURE"
"154173","Groww Nifty PSE ETF FOF - Regular Plan - Growth","Groww Mutual Fund","GROWW_MF","INF666M01NU5","REGULAR","GROWTH","","SOURCE_UNAVAILABLE","AMC_MONTHLY_PORTFOLIO","https://growwmf.in/statutory-disclosures/monthly-portfolio","",0,0,0,0,0,0,0,0,0,0,0,0,0,0,0,false,"AWAITING_MONTHLY_DISCLOSURE"
"154284","Groww Nifty PSU Bank Index Fund - Regular Plan - Growth","Groww Mutual Fund","GROWW_MF","INF666M01OK4","REGULAR","GROWTH","","SOURCE_UNAVAILABLE","AMC_MONTHLY_PORTFOLIO","https://growwmf.in/statutory-disclosures/monthly-portfolio","",0,0,0,0,0,0,0,0,0,0,0,0,0,0,0,false,"AWAITING_MONTHLY_DISCLOSURE"
"154350","Groww Nifty Private Bank Index Fund - Regular Plan - Growth","Groww Mutual Fund","GROWW_MF","INF666M01OX7","REGULAR","GROWTH","","SOURCE_UNAVAILABLE","AMC_MONTHLY_PORTFOLIO","https://growwmf.in/statutory-disclosures/monthly-portfolio","",0,0,0,0,0,0,0,0,0,0,0,0,0,0,0,false,"AWAITING_MONTHLY_DISCLOSURE"
"152433","Groww Nifty Smallcap 250 Index Fund - Regular Plan - Growth","Groww Mutual Fund","GROWW_MF","INF666M01HV5","REGULAR","GROWTH","","SOURCE_UNAVAILABLE","AMC_MONTHLY_PORTFOLIO","https://growwmf.in/statutory-disclosures/monthly-portfolio","",0,0,0,0,0,0,0,0,0,0,0,0,0,0,0,false,"AWAITING_MONTHLY_DISCLOSURE"
"154387","Groww Nifty Smallcap 250 Momentum Quality 100 Index Fund - Regular Plan - Growth","Groww Mutual Fund","GROWW_MF","INF666M01PD6","REGULAR","GROWTH","","SOURCE_UNAVAILABLE","AMC_MONTHLY_PORTFOLIO","https://growwmf.in/statutory-disclosures/monthly-portfolio","",0,0,0,0,0,0,0,0,0,0,0,0,0,0,0,false,"AWAITING_MONTHLY_DISCLOSURE"
"152127","Groww Nifty Total Market Index Fund - Regular Plan - Growth","Groww Mutual Fund","GROWW_MF","INF666M01HJ0","REGULAR","GROWTH","","SOURCE_UNAVAILABLE","AMC_MONTHLY_PORTFOLIO","https://growwmf.in/statutory-disclosures/monthly-portfolio","",0,0,0,0,0,0,0,0,0,0,0,0,0,0,0,false,"AWAITING_MONTHLY_DISCLOSURE"
"147454","Groww Overnight Fund - Regular Plan - Growth","Groww Mutual Fund","GROWW_MF","INF666M01GT1","REGULAR","GROWTH","","SOURCE_UNAVAILABLE","AMC_MONTHLY_PORTFOLIO","https://growwmf.in/statutory-disclosures/monthly-portfolio","",0,0,0,0,0,0,0,0,0,0,0,0,0,0,0,false,"AWAITING_MONTHLY_DISCLOSURE"
"123708","Groww Short Term Fund - Regular Plan - Growth","Groww Mutual Fund","GROWW_MF","INF666M01AJ5","REGULAR","GROWTH","","SOURCE_UNAVAILABLE","AMC_MONTHLY_PORTFOLIO","https://growwmf.in/statutory-disclosures/monthly-portfolio","",0,0,0,0,0,0,0,0,0,0,0,0,0,0,0,false,"AWAITING_MONTHLY_DISCLOSURE"
"153527","Groww Silver ETF FOF - Regular Plan - Growth","Groww Mutual Fund","GROWW_MF","INF666M01KX5","REGULAR","GROWTH","","SOURCE_UNAVAILABLE","AMC_MONTHLY_PORTFOLIO","https://growwmf.in/statutory-disclosures/monthly-portfolio","",0,0,0,0,0,0,0,0,0,0,0,0,0,0,0,false,"AWAITING_MONTHLY_DISCLOSURE"
"154102","Groww Small Cap Fund - Regular Plan - Growth","Groww Mutual Fund","GROWW_MF","INF666M01NM2","REGULAR","GROWTH","","SOURCE_UNAVAILABLE","AMC_MONTHLY_PORTFOLIO","https://growwmf.in/statutory-disclosures/monthly-portfolio","",0,0,0,0,0,0,0,0,0,0,0,0,0,0,0,false,"AWAITING_MONTHLY_DISCLOSURE"
"135343","Groww Value Fund - Regular Plan - Growth","Groww Mutual Fund","GROWW_MF","INF666M01BH7","REGULAR","GROWTH","","SOURCE_UNAVAILABLE","AMC_MONTHLY_PORTFOLIO","https://growwmf.in/statutory-disclosures/monthly-portfolio","",0,0,0,0,0,0,0,0,0,0,0,0,0,0,0,false,"AWAITING_MONTHLY_DISCLOSURE"
"102948","HDFC Aggressive Hybrid Fund - Regular Plan - Growth Option","HDFC Mutual Fund","HDFC_MF","INF179K01AS4","REGULAR","GROWTH","","SOURCE_UNAVAILABLE","AMC_MONTHLY_PORTFOLIO","https://www.hdfcfund.com/statutory-disclosure/monthly-portfolio","",0,0,0,0,0,0,0,0,0,0,0,0,0,0,0,false,"AWAITING_MONTHLY_DISCLOSURE"
"106793","HDFC Arbitrage Fund - Regular Plan - Growth Option","HDFC Mutual Fund","HDFC_MF","INF179K01343","REGULAR","GROWTH","","SOURCE_UNAVAILABLE","AMC_MONTHLY_PORTFOLIO","https://www.hdfcfund.com/statutory-disclosure/monthly-portfolio","",0,0,0,0,0,0,0,0,0,0,0,0,0,0,0,false,"AWAITING_MONTHLY_DISCLOSURE"
"151376","HDFC BSE 500 ETF - Growth Option - Regular Plan - Growth","HDFC Mutual Fund","HDFC_MF","INF179KC1EZ4","REGULAR","GROWTH","","SOURCE_UNAVAILABLE","AMC_MONTHLY_PORTFOLIO","https://www.hdfcfund.com/statutory-disclosure/monthly-portfolio","",0,0,0,0,0,0,0,0,0,0,0,0,0,0,0,false,"AWAITING_MONTHLY_DISCLOSURE"
"151729","HDFC BSE 500 Index Fund - Regular Plan - Growth Option","HDFC Mutual Fund","HDFC_MF","INF179KC1GH7","REGULAR","GROWTH","","SOURCE_UNAVAILABLE","AMC_MONTHLY_PORTFOLIO","https://www.hdfcfund.com/statutory-disclosure/monthly-portfolio","",0,0,0,0,0,0,0,0,0,0,0,0,0,0,0,false,"AWAITING_MONTHLY_DISCLOSURE"
"153958","HDFC BSE India Sector Leaders Index Fund - Regular Plan - Growth Option","HDFC Mutual Fund","HDFC_MF","INF179KC1JX8","REGULAR","GROWTH","","SOURCE_UNAVAILABLE","AMC_MONTHLY_PORTFOLIO","https://www.hdfcfund.com/statutory-disclosure/monthly-portfolio","",0,0,0,0,0,0,0,0,0,0,0,0,0,0,0,false,"AWAITING_MONTHLY_DISCLOSURE"
"154752","HDFC BSE REITS and Commercial Real Estate Index Fund - Regular Plan - Growth Option","HDFC Mutual Fund","HDFC_MF","INF179KC1KU2","REGULAR","GROWTH","","SOURCE_UNAVAILABLE","AMC_MONTHLY_PORTFOLIO","https://www.hdfcfund.com/statutory-disclosure/monthly-portfolio","",0,0,0,0,0,0,0,0,0,0,0,0,0,0,0,false,"AWAITING_MONTHLY_DISCLOSURE"
"135854","HDFC BSE Sensex ETF - Growth Option - Regular Plan - Growth","HDFC Mutual Fund","HDFC_MF","INF179KC1HX2","REGULAR","GROWTH","","SOURCE_UNAVAILABLE","AMC_MONTHLY_PORTFOLIO","https://www.hdfcfund.com/statutory-disclosure/monthly-portfolio","",0,0,0,0,0,0,0,0,0,0,0,0,0,0,0,false,"AWAITING_MONTHLY_DISCLOSURE"
"101281","HDFC BSE Sensex Index Fund - Regular Plan - Growth Option","HDFC Mutual Fund","HDFC_MF","INF179K01LA9","REGULAR","GROWTH","","SOURCE_UNAVAILABLE","AMC_MONTHLY_PORTFOLIO","https://www.hdfcfund.com/statutory-disclosure/monthly-portfolio","",0,0,0,0,0,0,0,0,0,0,0,0,0,0,0,false,"AWAITING_MONTHLY_DISCLOSURE"
"100119","HDFC Balanced Advantage Fund - Regular Plan - Growth Option","HDFC Mutual Fund","HDFC_MF","INF179K01830","REGULAR","GROWTH","2026-09-30","COMPLETE_VERIFIED","AMC_MONTHLY_PORTFOLIO","https://www.hdfcfund.com/statutory-disclosure/monthly-portfolio","d5d421f59eaaf5384eef13ed74f228f526dc14772714b6ccbf58b8c83e6ce491",82,82,82,82,10,69,13,0,0,0,0,0,0,0,1,false,"PARSED_AND_VERIFIED"
"148987","HDFC Banking & Financial Services Fund - Regular Plan - Growth Option","HDFC Mutual Fund","HDFC_MF","INF179KC1BJ4","REGULAR","GROWTH","","SOURCE_UNAVAILABLE","AMC_MONTHLY_PORTFOLIO","https://www.hdfcfund.com/statutory-disclosure/monthly-portfolio","",0,0,0,0,0,0,0,0,0,0,0,0,0,0,0,false,"AWAITING_MONTHLY_DISCLOSURE"
"128628","HDFC Banking and PSU Debt Fund - Regular Plan - Growth Option","HDFC Mutual Fund","HDFC_MF","INF179KA1JC4","REGULAR","GROWTH","","SOURCE_UNAVAILABLE","AMC_MONTHLY_PORTFOLIO","https://www.hdfcfund.com/statutory-disclosure/monthly-portfolio","",0,0,0,0,0,0,0,0,0,0,0,0,0,0,0,false,"AWAITING_MONTHLY_DISCLOSURE"
"150803","HDFC Business Cycle Fund - Regular Plan - Growth Option","HDFC Mutual Fund","HDFC_MF","INF179KC1EB5","REGULAR","GROWTH","","SOURCE_UNAVAILABLE","AMC_MONTHLY_PORTFOLIO","https://www.hdfcfund.com/statutory-disclosure/monthly-portfolio","",0,0,0,0,0,0,0,0,0,0,0,0,0,0,0,false,"AWAITING_MONTHLY_DISCLOSURE"
"153518","HDFC CRISIL-IBX Financial Services 3-6 Months Debt Index Fund - Regular Plan - Growth Option","HDFC Mutual Fund","HDFC_MF","INF179KC1JJ7","REGULAR","GROWTH","","SOURCE_UNAVAILABLE","AMC_MONTHLY_PORTFOLIO","https://www.hdfcfund.com/statutory-disclosure/monthly-portfolio","",0,0,0,0,0,0,0,0,0,0,0,0,0,0,0,false,"AWAITING_MONTHLY_DISCLOSURE"
"154309","HDFC CRISIL-IBX Financial Services 9-12 Months Debt Index Fund - Regular Plan - Growth Option","HDFC Mutual Fund","HDFC_MF","INF179KC1KH9","REGULAR","GROWTH","","SOURCE_UNAVAILABLE","AMC_MONTHLY_PORTFOLIO","https://www.hdfcfund.com/statutory-disclosure/monthly-portfolio","",0,0,0,0,0,0,0,0,0,0,0,0,0,0,0,false,"AWAITING_MONTHLY_DISCLOSURE"
"100900","HDFC Children's Fund - Regular Plan - Growth Option","HDFC Mutual Fund","HDFC_MF","INF179KC1IY8","REGULAR","GROWTH","","SOURCE_UNAVAILABLE","AMC_MONTHLY_PORTFOLIO","https://www.hdfcfund.com/statutory-disclosure/monthly-portfolio","",0,0,0,0,0,0,0,0,0,0,0,0,0,0,0,false,"AWAITING_MONTHLY_DISCLOSURE"
"102147","HDFC Conservative Hybrid Fund - Regular Plan - Growth Option","HDFC Mutual Fund","HDFC_MF","INF179K01AE4","REGULAR","GROWTH","","SOURCE_UNAVAILABLE","AMC_MONTHLY_PORTFOLIO","https://www.hdfcfund.com/statutory-disclosure/monthly-portfolio","",0,0,0,0,0,0,0,0,0,0,0,0,0,0,0,false,"AWAITING_MONTHLY_DISCLOSURE"
"151803","HDFC Consumption Fund - Regular Plan - Growth Option","HDFC Mutual Fund","HDFC_MF","INF179KC1GR6","REGULAR","GROWTH","","SOURCE_UNAVAILABLE","AMC_MONTHLY_PORTFOLIO","https://www.hdfcfund.com/statutory-disclosure/monthly-portfolio","",0,0,0,0,0,0,0,0,0,0,0,0,0,0,0,false,"AWAITING_MONTHLY_DISCLOSURE"
"113070","HDFC Corporate Bond Fund - Regular Plan - Growth Option","HDFC Mutual Fund","HDFC_MF","INF179K01DC2","REGULAR","GROWTH","","SOURCE_UNAVAILABLE","AMC_MONTHLY_PORTFOLIO","https://www.hdfcfund.com/statutory-disclosure/monthly-portfolio","",0,0,0,0,0,0,0,0,0,0,0,0,0,0,0,false,"AWAITING_MONTHLY_DISCLOSURE"
"128053","HDFC Credit Risk Fund - Regular Plan - Growth Option","HDFC Mutual Fund","HDFC_MF","INF179KA1GC0","REGULAR","GROWTH","","SOURCE_UNAVAILABLE","AMC_MONTHLY_PORTFOLIO","https://www.hdfcfund.com/statutory-disclosure/monthly-portfolio","",0,0,0,0,0,0,0,0,0,0,0,0,0,0,0,false,"AWAITING_MONTHLY_DISCLOSURE"
"151751","HDFC Defence Fund - Regular Plan - Growth Option","HDFC Mutual Fund","HDFC_MF","INF179KC1GL9","REGULAR","GROWTH","","SOURCE_UNAVAILABLE","AMC_MONTHLY_PORTFOLIO","https://www.hdfcfund.com/statutory-disclosure/monthly-portfolio","",0,0,0,0,0,0,0,0,0,0,0,0,0,0,0,false,"AWAITING_MONTHLY_DISCLOSURE"
"153861","HDFC Diversified Equity All Cap Active FOF - Regular Plan - Growth Option","HDFC Mutual Fund","HDFC_MF","INF179KC1JR0","REGULAR","GROWTH","","SOURCE_UNAVAILABLE","AMC_MONTHLY_PORTFOLIO","https://www.hdfcfund.com/statutory-disclosure/monthly-portfolio","",0,0,0,0,0,0,0,0,0,0,0,0,0,0,0,false,"AWAITING_MONTHLY_DISCLOSURE"
"101872","HDFC Dynamic Term Fund - Regular Plan - Growth Option","HDFC Mutual Fund","HDFC_MF","INF179K01848","REGULAR","GROWTH","","SOURCE_UNAVAILABLE","AMC_MONTHLY_PORTFOLIO","https://www.hdfcfund.com/statutory-disclosure/monthly-portfolio","",0,0,0,0,0,0,0,0,0,0,0,0,0,0,0,false,"AWAITING_MONTHLY_DISCLOSURE"
"101979","HDFC ELSS - Tax Saver Fund - Regular Plan - Growth Option","HDFC Mutual Fund","HDFC_MF","INF179K01BB8","REGULAR","GROWTH","","SOURCE_UNAVAILABLE","AMC_MONTHLY_PORTFOLIO","https://www.hdfcfund.com/statutory-disclosure/monthly-portfolio","",0,0,0,0,0,0,0,0,0,0,0,0,0,0,0,false,"AWAITING_MONTHLY_DISCLOSURE"
"101585","HDFC Equity Savings Fund - Regular Plan - Growth Option","HDFC Mutual Fund","HDFC_MF","INF179K01AM7","REGULAR","GROWTH","","SOURCE_UNAVAILABLE","AMC_MONTHLY_PORTFOLIO","https://www.hdfcfund.com/statutory-disclosure/monthly-portfolio","",0,0,0,0,0,0,0,0,0,0,0,0,0,0,0,false,"AWAITING_MONTHLY_DISCLOSURE"
"149922","HDFC FMP 1861D March 2022 - Regular Plan - Growth Option","HDFC Mutual Fund","HDFC_MF","INF179KC1CF0","REGULAR","GROWTH","","SOURCE_UNAVAILABLE","AMC_MONTHLY_PORTFOLIO","https://www.hdfcfund.com/statutory-disclosure/monthly-portfolio","",0,0,0,0,0,0,0,0,0,0,0,0,0,0,0,false,"AWAITING_MONTHLY_DISCLOSURE"
"150001","HDFC FMP 1876D March 2022 - Regular Plan - Growth Option","HDFC Mutual Fund","HDFC_MF","INF179KC1CR5","REGULAR","GROWTH","","SOURCE_UNAVAILABLE","AMC_MONTHLY_PORTFOLIO","https://www.hdfcfund.com/statutory-disclosure/monthly-portfolio","",0,0,0,0,0,0,0,0,0,0,0,0,0,0,0,false,"AWAITING_MONTHLY_DISCLOSURE"
"101762","HDFC Flexi Cap Fund - Regular Plan - Growth Option","HDFC Mutual Fund","HDFC_MF","INF179K01608","REGULAR","GROWTH","","SOURCE_UNAVAILABLE","AMC_MONTHLY_PORTFOLIO","https://www.hdfcfund.com/statutory-disclosure/monthly-portfolio","",0,0,0,0,0,0,0,0,0,0,0,0,0,0,0,false,"AWAITING_MONTHLY_DISCLOSURE"
"106841","HDFC Floating Interest Rates Fund - Regular Plan - Growth Option","HDFC Mutual Fund","HDFC_MF","INF179K01707","REGULAR","GROWTH","","SOURCE_UNAVAILABLE","AMC_MONTHLY_PORTFOLIO","https://www.hdfcfund.com/statutory-disclosure/monthly-portfolio","",0,0,0,0,0,0,0,0,0,0,0,0,0,0,0,false,"AWAITING_MONTHLY_DISCLOSURE"
"102760","HDFC Focused Fund - Regular Plan - Growth Option","HDFC Mutual Fund","HDFC_MF","INF179K01574","REGULAR","GROWTH","","SOURCE_UNAVAILABLE","AMC_MONTHLY_PORTFOLIO","https://www.hdfcfund.com/statutory-disclosure/monthly-portfolio","",0,0,0,0,0,0,0,0,0,0,0,0,0,0,0,false,"AWAITING_MONTHLY_DISCLOSURE"
"154356","HDFC GOLD SILVER PASSIVE FOF - Regular Plan - GROWTH OPTION","HDFC Mutual Fund","HDFC_MF","INF179KC1KN7","REGULAR","GROWTH","","SOURCE_UNAVAILABLE","AMC_MONTHLY_PORTFOLIO","https://www.hdfcfund.com/statutory-disclosure/monthly-portfolio","",0,0,0,0,0,0,0,0,0,0,0,0,0,0,0,false,"AWAITING_MONTHLY_DISCLOSURE"
"101083","HDFC Gilt Fund - Regular Plan - Growth Option","HDFC Mutual Fund","HDFC_MF","INF179K01756","REGULAR","GROWTH","","SOURCE_UNAVAILABLE","AMC_MONTHLY_PORTFOLIO","https://www.hdfcfund.com/statutory-disclosure/monthly-portfolio","",0,0,0,0,0,0,0,0,0,0,0,0,0,0,0,false,"AWAITING_MONTHLY_DISCLOSURE"
"101084","HDFC Gilt Fund - Regular Plan - Growth Option","HDFC Mutual Fund","HDFC_MF","INF179K01772","REGULAR","GROWTH","","SOURCE_UNAVAILABLE","AMC_MONTHLY_PORTFOLIO","https://www.hdfcfund.com/statutory-disclosure/monthly-portfolio","",0,0,0,0,0,0,0,0,0,0,0,0,0,0,0,false,"AWAITING_MONTHLY_DISCLOSURE"
"113049","HDFC Gold ETF - Growth Option - Regular Plan - Growth","HDFC Mutual Fund","HDFC_MF","INF179KC1981","REGULAR","GROWTH","","SOURCE_UNAVAILABLE","AMC_MONTHLY_PORTFOLIO","https://www.hdfcfund.com/statutory-disclosure/monthly-portfolio","",0,0,0,0,0,0,0,0,0,0,0,0,0,0,0,false,"AWAITING_MONTHLY_DISCLOSURE"
"115934","HDFC Gold ETF Fund of Fund - Regular Plan - Growth Option","HDFC Mutual Fund","HDFC_MF","INF179K01LC5","REGULAR","GROWTH","","SOURCE_UNAVAILABLE","AMC_MONTHLY_PORTFOLIO","https://www.hdfcfund.com/statutory-disclosure/monthly-portfolio","",0,0,0,0,0,0,0,0,0,0,0,0,0,0,0,false,"AWAITING_MONTHLY_DISCLOSURE"
"141923","HDFC Housing Opportunities Fund - Regular Plan - Growth Option","HDFC Mutual Fund","HDFC_MF","INF179KC1AX7","REGULAR","GROWTH","","SOURCE_UNAVAILABLE","AMC_MONTHLY_PORTFOLIO","https://www.hdfcfund.com/statutory-disclosure/monthly-portfolio","",0,0,0,0,0,0,0,0,0,0,0,0,0,0,0,false,"AWAITING_MONTHLY_DISCLOSURE"
"154261","HDFC INCOME PLUS ARBITRAGE OMNI FOF - Regular Plan - GROWTH OPTION","HDFC Mutual Fund","HDFC_MF","INF179KC1KB2","REGULAR","GROWTH","","SOURCE_UNAVAILABLE","AMC_MONTHLY_PORTFOLIO","https://www.hdfcfund.com/statutory-disclosure/monthly-portfolio","",0,0,0,0,0,0,0,0,0,0,0,0,0,0,0,false,"AWAITING_MONTHLY_DISCLOSURE"
"153619","HDFC INNOVATION FUND - Regular Plan - GROWTH OPTION","HDFC Mutual Fund","HDFC_MF","INF179KC1JL3","REGULAR","GROWTH","","SOURCE_UNAVAILABLE","AMC_MONTHLY_PORTFOLIO","https://www.hdfcfund.com/statutory-disclosure/monthly-portfolio","",0,0,0,0,0,0,0,0,0,0,0,0,0,0,0,false,"AWAITING_MONTHLY_DISCLOSURE"
"130533","HDFC Income Plus Arbitrage Active FOF - Regular Plan - Growth Option","HDFC Mutual Fund","HDFC_MF","INF179KA1SF8","REGULAR","GROWTH","","SOURCE_UNAVAILABLE","AMC_MONTHLY_PORTFOLIO","https://www.hdfcfund.com/statutory-disclosure/monthly-portfolio","",0,0,0,0,0,0,0,0,0,0,0,0,0,0,0,false,"AWAITING_MONTHLY_DISCLOSURE"
"107524","HDFC Infrastructure Fund - Regular Plan - Growth Option","HDFC Mutual Fund","HDFC_MF","INF179K01GF8","REGULAR","GROWTH","","SOURCE_UNAVAILABLE","AMC_MONTHLY_PORTFOLIO","https://www.hdfcfund.com/statutory-disclosure/monthly-portfolio","",0,0,0,0,0,0,0,0,0,0,0,0,0,0,0,false,"AWAITING_MONTHLY_DISCLOSURE"
"130496","HDFC Large & Mid Cap Fund - Regular Plan - Growth Option","HDFC Mutual Fund","HDFC_MF","INF179KA1RT1","REGULAR","GROWTH","","SOURCE_UNAVAILABLE","AMC_MONTHLY_PORTFOLIO","https://www.hdfcfund.com/statutory-disclosure/monthly-portfolio","",0,0,0,0,0,0,0,0,0,0,0,0,0,0,0,false,"AWAITING_MONTHLY_DISCLOSURE"
"102000","HDFC Large Cap Fund - Regular Plan - Growth Option","HDFC Mutual Fund","HDFC_MF","INF179K01BE2","REGULAR","GROWTH","","SOURCE_UNAVAILABLE","AMC_MONTHLY_PORTFOLIO","https://www.hdfcfund.com/statutory-disclosure/monthly-portfolio","",0,0,0,0,0,0,0,0,0,0,0,0,0,0,0,false,"AWAITING_MONTHLY_DISCLOSURE"
"100868","HDFC Liquid Fund - Regular Plan - Growth Option","HDFC Mutual Fund","HDFC_MF","INF179KB1HK0","REGULAR","GROWTH","","SOURCE_UNAVAILABLE","AMC_MONTHLY_PORTFOLIO","https://www.hdfcfund.com/statutory-disclosure/monthly-portfolio","",0,0,0,0,0,0,0,0,0,0,0,0,0,0,0,false,"AWAITING_MONTHLY_DISCLOSURE"
"151314","HDFC Long Term Fund - Regular Plan - Growth Option","HDFC Mutual Fund","HDFC_MF","INF179KC1EW1","REGULAR","GROWTH","","SOURCE_UNAVAILABLE","AMC_MONTHLY_PORTFOLIO","https://www.hdfcfund.com/statutory-disclosure/monthly-portfolio","",0,0,0,0,0,0,0,0,0,0,0,0,0,0,0,false,"AWAITING_MONTHLY_DISCLOSURE"
"151457","HDFC MNC Fund - Regular Plan - Growth Option","HDFC Mutual Fund","HDFC_MF","INF179KC1FF3","REGULAR","GROWTH","","SOURCE_UNAVAILABLE","AMC_MONTHLY_PORTFOLIO","https://www.hdfcfund.com/statutory-disclosure/monthly-portfolio","",0,0,0,0,0,0,0,0,0,0,0,0,0,0,0,false,"AWAITING_MONTHLY_DISCLOSURE"
"152602","HDFC Manufacturing Fund - Regular Plan - Growth Option","HDFC Mutual Fund","HDFC_MF","INF179KC1IF7","REGULAR","GROWTH","","SOURCE_UNAVAILABLE","AMC_MONTHLY_PORTFOLIO","https://www.hdfcfund.com/statutory-disclosure/monthly-portfolio","",0,0,0,0,0,0,0,0,0,0,0,0,0,0,0,false,"AWAITING_MONTHLY_DISCLOSURE"
"101989","HDFC Medium Term Fund - Regular Plan - Growth Option","HDFC Mutual Fund","HDFC_MF","INF179K01913","REGULAR","GROWTH","","SOURCE_UNAVAILABLE","AMC_MONTHLY_PORTFOLIO","https://www.hdfcfund.com/statutory-disclosure/monthly-portfolio","",0,0,0,0,0,0,0,0,0,0,0,0,0,0,0,false,"AWAITING_MONTHLY_DISCLOSURE"
"100124","HDFC Medium to Long Term Fund - Regular Plan - Growth Option","HDFC Mutual Fund","HDFC_MF","INF179K01962","REGULAR","GROWTH","","SOURCE_UNAVAILABLE","AMC_MONTHLY_PORTFOLIO","https://www.hdfcfund.com/statutory-disclosure/monthly-portfolio","",0,0,0,0,0,0,0,0,0,0,0,0,0,0,0,false,"AWAITING_MONTHLY_DISCLOSURE"
"105758","HDFC Mid Cap Fund - Regular Plan - Growth Option","HDFC Mutual Fund","HDFC_MF","INF179K01CR2","REGULAR","GROWTH","","SOURCE_UNAVAILABLE","AMC_MONTHLY_PORTFOLIO","https://www.hdfcfund.com/statutory-disclosure/monthly-portfolio","",0,0,0,0,0,0,0,0,0,0,0,0,0,0,0,false,"AWAITING_MONTHLY_DISCLOSURE"
"101993","HDFC Money Market Fund - Regular Plan - Growth Option","HDFC Mutual Fund","HDFC_MF","INF179KB1HR5","REGULAR","GROWTH","","SOURCE_UNAVAILABLE","AMC_MONTHLY_PORTFOLIO","https://www.hdfcfund.com/statutory-disclosure/monthly-portfolio","",0,0,0,0,0,0,0,0,0,0,0,0,0,0,0,false,"AWAITING_MONTHLY_DISCLOSURE"
"103131","HDFC Multi Asset Allocation Fund - Regular Plan - Growth Option","HDFC Mutual Fund","HDFC_MF","INF179K01AP0","REGULAR","GROWTH","","SOURCE_UNAVAILABLE","AMC_MONTHLY_PORTFOLIO","https://www.hdfcfund.com/statutory-disclosure/monthly-portfolio","",0,0,0,0,0,0,0,0,0,0,0,0,0,0,0,false,"AWAITING_MONTHLY_DISCLOSURE"
"149366","HDFC Multi Cap Fund - Regular Plan - Growth Option","HDFC Mutual Fund","HDFC_MF","INF179KC1BV9","REGULAR","GROWTH","","SOURCE_UNAVAILABLE","AMC_MONTHLY_PORTFOLIO","https://www.hdfcfund.com/statutory-disclosure/monthly-portfolio","",0,0,0,0,0,0,0,0,0,0,0,0,0,0,0,false,"AWAITING_MONTHLY_DISCLOSURE"
"148901","HDFC Multi-Asset Active FOF - Regular Plan - Growth Option","HDFC Mutual Fund","HDFC_MF","INF179KC1BD7","REGULAR","GROWTH","","SOURCE_UNAVAILABLE","AMC_MONTHLY_PORTFOLIO","https://www.hdfcfund.com/statutory-disclosure/monthly-portfolio","",0,0,0,0,0,0,0,0,0,0,0,0,0,0,0,false,"AWAITING_MONTHLY_DISCLOSURE"
"150476","HDFC NIFTY 100 ETF - Growth Option - Regular Plan - Growth","HDFC Mutual Fund","HDFC_MF","INF179KC1HR4","REGULAR","GROWTH","","SOURCE_UNAVAILABLE","AMC_MONTHLY_PORTFOLIO","https://www.hdfcfund.com/statutory-disclosure/monthly-portfolio","",0,0,0,0,0,0,0,0,0,0,0,0,0,0,0,false,"AWAITING_MONTHLY_DISCLOSURE"
"149871","HDFC NIFTY 100 Equal Weight Index Fund - Regular Plan - Growth Option","HDFC Mutual Fund","HDFC_MF","INF179KC1CB9","REGULAR","GROWTH","","SOURCE_UNAVAILABLE","AMC_MONTHLY_PORTFOLIO","https://www.hdfcfund.com/statutory-disclosure/monthly-portfolio","",0,0,0,0,0,0,0,0,0,0,0,0,0,0,0,false,"AWAITING_MONTHLY_DISCLOSURE"
"149869","HDFC NIFTY 100 Index Fund - Regular Plan - Growth Option","HDFC Mutual Fund","HDFC_MF","INF179KC1BZ0","REGULAR","GROWTH","","SOURCE_UNAVAILABLE","AMC_MONTHLY_PORTFOLIO","https://www.hdfcfund.com/statutory-disclosure/monthly-portfolio","",0,0,0,0,0,0,0,0,0,0,0,0,0,0,0,false,"AWAITING_MONTHLY_DISCLOSURE"
"153403","HDFC NIFTY 1D Rate Liquid ETF - Growth Option - Regular Plan - Growth","HDFC Mutual Fund","HDFC_MF","INF179KC1JG3","REGULAR","GROWTH","","SOURCE_UNAVAILABLE","AMC_MONTHLY_PORTFOLIO","https://www.hdfcfund.com/statutory-disclosure/monthly-portfolio","",0,0,0,0,0,0,0,0,0,0,0,0,0,0,0,false,"AWAITING_MONTHLY_DISCLOSURE"
"135853","HDFC NIFTY 50 ETF - Growth Option - Regular Plan - Growth","HDFC Mutual Fund","HDFC_MF","INF179KC1965","REGULAR","GROWTH","","SOURCE_UNAVAILABLE","AMC_MONTHLY_PORTFOLIO","https://www.hdfcfund.com/statutory-disclosure/monthly-portfolio","",0,0,0,0,0,0,0,0,0,0,0,0,0,0,0,false,"AWAITING_MONTHLY_DISCLOSURE"
"148461","HDFC NIFTY BANK ETF - Growth Option - Regular Plan - Growth","HDFC Mutual Fund","HDFC_MF","INF179KC1HY0","REGULAR","GROWTH","","SOURCE_UNAVAILABLE","AMC_MONTHLY_PORTFOLIO","https://www.hdfcfund.com/statutory-disclosure/monthly-portfolio","",0,0,0,0,0,0,0,0,0,0,0,0,0,0,0,false,"AWAITING_MONTHLY_DISCLOSURE"
"150621","HDFC NIFTY GROWTH SECTORS 15 ETF - Growth Option - Regular Plan - Growth","HDFC Mutual Fund","HDFC_MF","INF179KC1DJ0","REGULAR","GROWTH","","SOURCE_UNAVAILABLE","AMC_MONTHLY_PORTFOLIO","https://www.hdfcfund.com/statutory-disclosure/monthly-portfolio","",0,0,0,0,0,0,0,0,0,0,0,0,0,0,0,false,"AWAITING_MONTHLY_DISCLOSURE"
"150801","HDFC NIFTY IT ETF - Growth Option - Regular Plan - Growth","HDFC Mutual Fund","HDFC_MF","INF179KC1IA8","REGULAR","GROWTH","","SOURCE_UNAVAILABLE","AMC_MONTHLY_PORTFOLIO","https://www.hdfcfund.com/statutory-disclosure/monthly-portfolio","",0,0,0,0,0,0,0,0,0,0,0,0,0,0,0,false,"AWAITING_MONTHLY_DISCLOSURE"
"152890","HDFC NIFTY LargeMidcap 250 Index Fund - Regular Plan - Growth Option","HDFC Mutual Fund","HDFC_MF","INF179KC1IP6","REGULAR","GROWTH","","SOURCE_UNAVAILABLE","AMC_MONTHLY_PORTFOLIO","https://www.hdfcfund.com/statutory-disclosure/monthly-portfolio","",0,0,0,0,0,0,0,0,0,0,0,0,0,0,0,false,"AWAITING_MONTHLY_DISCLOSURE"
"151374","HDFC NIFTY Midcap 150 ETF - Growth Option - Regular Plan - Growth","HDFC Mutual Fund","HDFC_MF","INF179KC1HT0","REGULAR","GROWTH","","SOURCE_UNAVAILABLE","AMC_MONTHLY_PORTFOLIO","https://www.hdfcfund.com/statutory-disclosure/monthly-portfolio","",0,0,0,0,0,0,0,0,0,0,0,0,0,0,0,false,"AWAITING_MONTHLY_DISCLOSURE"
"151725","HDFC NIFTY Midcap 150 Index Fund - Regular Plan - Growth Option","HDFC Mutual Fund","HDFC_MF","INF179KC1GD6","REGULAR","GROWTH","","SOURCE_UNAVAILABLE","AMC_MONTHLY_PORTFOLIO","https://www.hdfcfund.com/statutory-disclosure/monthly-portfolio","",0,0,0,0,0,0,0,0,0,0,0,0,0,0,0,false,"AWAITING_MONTHLY_DISCLOSURE"
"150477","HDFC NIFTY NEXT 50 ETF - Growth Option - Regular Plan - Growth","HDFC Mutual Fund","HDFC_MF","INF179KC1HS2","REGULAR","GROWTH","","SOURCE_UNAVAILABLE","AMC_MONTHLY_PORTFOLIO","https://www.hdfcfund.com/statutory-disclosure/monthly-portfolio","",0,0,0,0,0,0,0,0,0,0,0,0,0,0,0,false,"AWAITING_MONTHLY_DISCLOSURE"
"149287","HDFC NIFTY Next 50 index Fund - Regular Plan - Growth Option","HDFC Mutual Fund","HDFC_MF","INF179KC1BR7","REGULAR","GROWTH","","SOURCE_UNAVAILABLE","AMC_MONTHLY_PORTFOLIO","https://www.hdfcfund.com/statutory-disclosure/monthly-portfolio","",0,0,0,0,0,0,0,0,0,0,0,0,0,0,0,false,"AWAITING_MONTHLY_DISCLOSURE"
"152350","HDFC NIFTY PSU BANK ETF - Growth Option - Regular Plan - Growth","HDFC Mutual Fund","HDFC_MF","INF179KC1HW4","REGULAR","GROWTH","","SOURCE_UNAVAILABLE","AMC_MONTHLY_PORTFOLIO","https://www.hdfcfund.com/statutory-disclosure/monthly-portfolio","",0,0,0,0,0,0,0,0,0,0,0,0,0,0,0,false,"AWAITING_MONTHLY_DISCLOSURE"
"150802","HDFC NIFTY Private Bank ETF - Growth Option - Regular Plan - Growth","HDFC Mutual Fund","HDFC_MF","INF179KC1HZ7","REGULAR","GROWTH","","SOURCE_UNAVAILABLE","AMC_MONTHLY_PORTFOLIO","https://www.hdfcfund.com/statutory-disclosure/monthly-portfolio","",0,0,0,0,0,0,0,0,0,0,0,0,0,0,0,false,"AWAITING_MONTHLY_DISCLOSURE"
"152522","HDFC NIFTY Realty Index Fund - Regular Plan - Growth Option","HDFC Mutual Fund","HDFC_MF","INF179KC1ID2","REGULAR","GROWTH","","SOURCE_UNAVAILABLE","AMC_MONTHLY_PORTFOLIO","https://www.hdfcfund.com/statutory-disclosure/monthly-portfolio","",0,0,0,0,0,0,0,0,0,0,0,0,0,0,0,false,"AWAITING_MONTHLY_DISCLOSURE"
"151571","HDFC NIFTY SDL Plus G-Sec Jun 2027 40:60 Index Fund - Regular Plan - Growth Option","HDFC Mutual Fund","HDFC_MF","INF179KC1GB0","REGULAR","GROWTH","","SOURCE_UNAVAILABLE","AMC_MONTHLY_PORTFOLIO","https://www.hdfcfund.com/statutory-disclosure/monthly-portfolio","",0,0,0,0,0,0,0,0,0,0,0,0,0,0,0,false,"AWAITING_MONTHLY_DISCLOSURE"
"151375","HDFC NIFTY Smallcap 250 ETF - Growth Option - Regular Plan - Growth","HDFC Mutual Fund","HDFC_MF","INF179KC1FB2","REGULAR","GROWTH","","SOURCE_UNAVAILABLE","AMC_MONTHLY_PORTFOLIO","https://www.hdfcfund.com/statutory-disclosure/monthly-portfolio","",0,0,0,0,0,0,0,0,0,0,0,0,0,0,0,false,"AWAITING_MONTHLY_DISCLOSURE"
"151726","HDFC NIFTY Smallcap 250 Index Fund - Regular Plan - Growth Option","HDFC Mutual Fund","HDFC_MF","INF179KC1GF1","REGULAR","GROWTH","","SOURCE_UNAVAILABLE","AMC_MONTHLY_PORTFOLIO","https://www.hdfcfund.com/statutory-disclosure/monthly-portfolio","",0,0,0,0,0,0,0,0,0,0,0,0,0,0,0,false,"AWAITING_MONTHLY_DISCLOSURE"
"150658","HDFC NIFTY100 Low Volatility 30 ETF - Growth Option - Regular Plan - Growth","HDFC Mutual Fund","HDFC_MF","INF179KC1HU8","REGULAR","GROWTH","","SOURCE_UNAVAILABLE","AMC_MONTHLY_PORTFOLIO","https://www.hdfcfund.com/statutory-disclosure/monthly-portfolio","",0,0,0,0,0,0,0,0,0,0,0,0,0,0,0,false,"AWAITING_MONTHLY_DISCLOSURE"
"152714","HDFC NIFTY100 Low Volatility 30 Index Fund - Regular Plan - Growth Option","HDFC Mutual Fund","HDFC_MF","INF179KC1IL5","REGULAR","GROWTH","","SOURCE_UNAVAILABLE","AMC_MONTHLY_PORTFOLIO","https://www.hdfcfund.com/statutory-disclosure/monthly-portfolio","",0,0,0,0,0,0,0,0,0,0,0,0,0,0,0,false,"AWAITING_MONTHLY_DISCLOSURE"
"150620","HDFC NIFTY100 QUALITY 30 ETF - Growth Option - Regular Plan - Growth","HDFC Mutual Fund","HDFC_MF","INF179KC1DL6","REGULAR","GROWTH","","SOURCE_UNAVAILABLE","AMC_MONTHLY_PORTFOLIO","https://www.hdfcfund.com/statutory-disclosure/monthly-portfolio","",0,0,0,0,0,0,0,0,0,0,0,0,0,0,0,false,"AWAITING_MONTHLY_DISCLOSURE"
"150657","HDFC NIFTY200 MOMENTUM 30 ETF - Growth Option - Regular Plan - Growth","HDFC Mutual Fund","HDFC_MF","INF179KC1HV6","REGULAR","GROWTH","","SOURCE_UNAVAILABLE","AMC_MONTHLY_PORTFOLIO","https://www.hdfcfund.com/statutory-disclosure/monthly-portfolio","",0,0,0,0,0,0,0,0,0,0,0,0,0,0,0,false,"AWAITING_MONTHLY_DISCLOSURE"
"152429","HDFC NIFTY200 Momentum 30 Index Fund - Regular Plan - Growth Option","HDFC Mutual Fund","HDFC_MF","INF179KC1IB6","REGULAR","GROWTH","","SOURCE_UNAVAILABLE","AMC_MONTHLY_PORTFOLIO","https://www.hdfcfund.com/statutory-disclosure/monthly-portfolio","",0,0,0,0,0,0,0,0,0,0,0,0,0,0,0,false,"AWAITING_MONTHLY_DISCLOSURE"
"149106","HDFC NIFTY50 Equal Weight Index Fund - Regular Plan - Growth Option","HDFC Mutual Fund","HDFC_MF","INF179KC1BN6","REGULAR","GROWTH","","SOURCE_UNAVAILABLE","AMC_MONTHLY_PORTFOLIO","https://www.hdfcfund.com/statutory-disclosure/monthly-portfolio","",0,0,0,0,0,0,0,0,0,0,0,0,0,0,0,false,"AWAITING_MONTHLY_DISCLOSURE"
"150619","HDFC NIFTY50 VALUE 20 ETF - Growth Option - Regular Plan - Growth","HDFC Mutual Fund","HDFC_MF","INF179KC1DK8","REGULAR","GROWTH","","SOURCE_UNAVAILABLE","AMC_MONTHLY_PORTFOLIO","https://www.hdfcfund.com/statutory-disclosure/monthly-portfolio","",0,0,0,0,0,0,0,0,0,0,0,0,0,0,0,false,"AWAITING_MONTHLY_DISCLOSURE"
"152779","HDFC NIFTY500 Multicap 50:25:25 Index Fund - Regular Plan - Growth Option","HDFC Mutual Fund","HDFC_MF","INF179KC1IN1","REGULAR","GROWTH","","SOURCE_UNAVAILABLE","AMC_MONTHLY_PORTFOLIO","https://www.hdfcfund.com/statutory-disclosure/monthly-portfolio","",0,0,0,0,0,0,0,0,0,0,0,0,0,0,0,false,"AWAITING_MONTHLY_DISCLOSURE"
"101525","HDFC Nifty 50 Index Fund - Regular Plan - Growth Option","HDFC Mutual Fund","HDFC_MF","INF179K01KZ8","REGULAR","GROWTH","","SOURCE_UNAVAILABLE","AMC_MONTHLY_PORTFOLIO","https://www.hdfcfund.com/statutory-disclosure/monthly-portfolio","",0,0,0,0,0,0,0,0,0,0,0,0,0,0,0,false,"AWAITING_MONTHLY_DISCLOSURE"
"154428","HDFC Nifty Auto Index Fund - Regular Plan - Growth Option","HDFC Mutual Fund","HDFC_MF","INF179KC1KP2","REGULAR","GROWTH","","SOURCE_UNAVAILABLE","AMC_MONTHLY_PORTFOLIO","https://www.hdfcfund.com/statutory-disclosure/monthly-portfolio","",0,0,0,0,0,0,0,0,0,0,0,0,0,0,0,false,"AWAITING_MONTHLY_DISCLOSURE"
"151496","HDFC Nifty G-Sec Apr 2029 Index Fund - Regular Plan - Growth Option","HDFC Mutual Fund","HDFC_MF","INF179KC1FR8","REGULAR","GROWTH","","SOURCE_UNAVAILABLE","AMC_MONTHLY_PORTFOLIO","https://www.hdfcfund.com/statutory-disclosure/monthly-portfolio","",0,0,0,0,0,0,0,0,0,0,0,0,0,0,0,false,"AWAITING_MONTHLY_DISCLOSURE"
"150844","HDFC Nifty G-Sec Dec 2026 Index Fund - Regular Plan - Growth Option","HDFC Mutual Fund","HDFC_MF","INF179KC1EG4","REGULAR","GROWTH","","SOURCE_UNAVAILABLE","AMC_MONTHLY_PORTFOLIO","https://www.hdfcfund.com/statutory-disclosure/monthly-portfolio","",0,0,0,0,0,0,0,0,0,0,0,0,0,0,0,false,"AWAITING_MONTHLY_DISCLOSURE"
"150846","HDFC Nifty G-Sec July 2031 Index Fund - Regular Plan - Growth Option","HDFC Mutual Fund","HDFC_MF","INF179KC1EI0","REGULAR","GROWTH","","SOURCE_UNAVAILABLE","AMC_MONTHLY_PORTFOLIO","https://www.hdfcfund.com/statutory-disclosure/monthly-portfolio","",0,0,0,0,0,0,0,0,0,0,0,0,0,0,0,false,"AWAITING_MONTHLY_DISCLOSURE"
"151180","HDFC Nifty G-Sec Jun 2027 Index Fund - Regular Plan - Growth Option","HDFC Mutual Fund","HDFC_MF","INF179KC1EK6","REGULAR","GROWTH","","SOURCE_UNAVAILABLE","AMC_MONTHLY_PORTFOLIO","https://www.hdfcfund.com/statutory-disclosure/monthly-portfolio","",0,0,0,0,0,0,0,0,0,0,0,0,0,0,0,false,"AWAITING_MONTHLY_DISCLOSURE"
"151490","HDFC Nifty G-Sec Jun 2036 Index Fund - Regular Plan - Growth Option","HDFC Mutual Fund","HDFC_MF","INF179KC1FT4","REGULAR","GROWTH","","SOURCE_UNAVAILABLE","AMC_MONTHLY_PORTFOLIO","https://www.hdfcfund.com/statutory-disclosure/monthly-portfolio","",0,0,0,0,0,0,0,0,0,0,0,0,0,0,0,false,"AWAITING_MONTHLY_DISCLOSURE"
"151182","HDFC Nifty G-Sec Sep 2032 Index Fund - Regular Plan - Growth Option","HDFC Mutual Fund","HDFC_MF","INF179KC1EM2","REGULAR","GROWTH","","SOURCE_UNAVAILABLE","AMC_MONTHLY_PORTFOLIO","https://www.hdfcfund.com/statutory-disclosure/monthly-portfolio","",0,0,0,0,0,0,0,0,0,0,0,0,0,0,0,false,"AWAITING_MONTHLY_DISCLOSURE"
"154180","HDFC Nifty India Consumption Index Fund - Regular Plan - Growth Option","HDFC Mutual Fund","HDFC_MF","INF179KC1JZ3","REGULAR","GROWTH","","SOURCE_UNAVAILABLE","AMC_MONTHLY_PORTFOLIO","https://www.hdfcfund.com/statutory-disclosure/monthly-portfolio","",0,0,0,0,0,0,0,0,0,0,0,0,0,0,0,false,"AWAITING_MONTHLY_DISCLOSURE"
"153096","HDFC Nifty India Digital Index Fund - Regular Plan - Growth Option","HDFC Mutual Fund","HDFC_MF","INF179KC1JA6","REGULAR","GROWTH","","SOURCE_UNAVAILABLE","AMC_MONTHLY_PORTFOLIO","https://www.hdfcfund.com/statutory-disclosure/monthly-portfolio","",0,0,0,0,0,0,0,0,0,0,0,0,0,0,0,false,"AWAITING_MONTHLY_DISCLOSURE"
"154506","HDFC Nifty Metal ETF FOF - Regular Plan - Growth Option","HDFC Mutual Fund","HDFC_MF","INF179KC1KR8","REGULAR","GROWTH","","SOURCE_UNAVAILABLE","AMC_MONTHLY_PORTFOLIO","https://www.hdfcfund.com/statutory-disclosure/monthly-portfolio","",0,0,0,0,0,0,0,0,0,0,0,0,0,0,0,false,"AWAITING_MONTHLY_DISCLOSURE"
"151455","HDFC Nifty SDL Oct 2026 Index Fund - Regular Plan - Growth Option","HDFC Mutual Fund","HDFC_MF","INF179KC1FJ5","REGULAR","GROWTH","","SOURCE_UNAVAILABLE","AMC_MONTHLY_PORTFOLIO","https://www.hdfcfund.com/statutory-disclosure/monthly-portfolio","",0,0,0,0,0,0,0,0,0,0,0,0,0,0,0,false,"AWAITING_MONTHLY_DISCLOSURE"
"153404","HDFC Nifty Top 20 Equal Weight Index Fund - Regular Plan - Growth Option","HDFC Mutual Fund","HDFC_MF","INF179KC1JH1","REGULAR","GROWTH","","SOURCE_UNAVAILABLE","AMC_MONTHLY_PORTFOLIO","https://www.hdfcfund.com/statutory-disclosure/monthly-portfolio","",0,0,0,0,0,0,0,0,0,0,0,0,0,0,0,false,"AWAITING_MONTHLY_DISCLOSURE"
"153265","HDFC Nifty100 Quality 30 Index Fund - Regular Plan - Growth Option","HDFC Mutual Fund","HDFC_MF","INF179KC1JE8","REGULAR","GROWTH","","SOURCE_UNAVAILABLE","AMC_MONTHLY_PORTFOLIO","https://www.hdfcfund.com/statutory-disclosure/monthly-portfolio","",0,0,0,0,0,0,0,0,0,0,0,0,0,0,0,false,"AWAITING_MONTHLY_DISCLOSURE"
"101996","HDFC Overnight Fund - Regular Plan - Growth Option","HDFC Mutual Fund","HDFC_MF","INF179KB1HS3","REGULAR","GROWTH","","SOURCE_UNAVAILABLE","AMC_MONTHLY_PORTFOLIO","https://www.hdfcfund.com/statutory-disclosure/monthly-portfolio","",0,0,0,0,0,0,0,0,0,0,0,0,0,0,0,false,"AWAITING_MONTHLY_DISCLOSURE"
"152084","HDFC Pharma and Healthcare Fund - Regular Plan - Growth Option","HDFC Mutual Fund","HDFC_MF","INF179KC1HL7","REGULAR","GROWTH","","SOURCE_UNAVAILABLE","AMC_MONTHLY_PORTFOLIO","https://www.hdfcfund.com/statutory-disclosure/monthly-portfolio","",0,0,0,0,0,0,0,0,0,0,0,0,0,0,0,false,"AWAITING_MONTHLY_DISCLOSURE"
"136090","HDFC Retirement Fund - Equity Plan - Regular Plan - Growth Option","HDFC Mutual Fund","HDFC_MF","INF179KB1MG8","REGULAR","GROWTH","","SOURCE_UNAVAILABLE","AMC_MONTHLY_PORTFOLIO","https://www.hdfcfund.com/statutory-disclosure/monthly-portfolio","",0,0,0,0,0,0,0,0,0,0,0,0,0,0,0,false,"AWAITING_MONTHLY_DISCLOSURE"
"136466","HDFC Retirement Fund - Hybrid-Debt Plan - Regular Plan - Growth Option","HDFC Mutual Fund","HDFC_MF","INF179KB1MK0","REGULAR","GROWTH","","SOURCE_UNAVAILABLE","AMC_MONTHLY_PORTFOLIO","https://www.hdfcfund.com/statutory-disclosure/monthly-portfolio","",0,0,0,0,0,0,0,0,0,0,0,0,0,0,0,false,"AWAITING_MONTHLY_DISCLOSURE"
"136463","HDFC Retirement Fund - Hybrid-Equity Plan - Regular Plan - Growth Option","HDFC Mutual Fund","HDFC_MF","INF179KB1MI4","REGULAR","GROWTH","","SOURCE_UNAVAILABLE","AMC_MONTHLY_PORTFOLIO","https://www.hdfcfund.com/statutory-disclosure/monthly-portfolio","",0,0,0,0,0,0,0,0,0,0,0,0,0,0,0,false,"AWAITING_MONTHLY_DISCLOSURE"
"113047","HDFC Short Term Fund - Regular Plan - Growth Option","HDFC Mutual Fund","HDFC_MF","INF179K01CU6","REGULAR","GROWTH","","SOURCE_UNAVAILABLE","AMC_MONTHLY_PORTFOLIO","https://www.hdfcfund.com/statutory-disclosure/monthly-portfolio","",0,0,0,0,0,0,0,0,0,0,0,0,0,0,0,false,"AWAITING_MONTHLY_DISCLOSURE"
"150556","HDFC Silver ETF - Growth Option - Regular Plan - Growth","HDFC Mutual Fund","HDFC_MF","INF179KC1DI2","REGULAR","GROWTH","","SOURCE_UNAVAILABLE","AMC_MONTHLY_PORTFOLIO","https://www.hdfcfund.com/statutory-disclosure/monthly-portfolio","",0,0,0,0,0,0,0,0,0,0,0,0,0,0,0,false,"AWAITING_MONTHLY_DISCLOSURE"
"150736","HDFC Silver ETF Fund of Fund - Regular Plan - Growth Option","HDFC Mutual Fund","HDFC_MF","INF179KC1DV5","REGULAR","GROWTH","","SOURCE_UNAVAILABLE","AMC_MONTHLY_PORTFOLIO","https://www.hdfcfund.com/statutory-disclosure/monthly-portfolio","",0,0,0,0,0,0,0,0,0,0,0,0,0,0,0,false,"AWAITING_MONTHLY_DISCLOSURE"
"130502","HDFC Small Cap Fund - Regular Plan - Growth Option","HDFC Mutual Fund","HDFC_MF","INF179KA1RZ8","REGULAR","GROWTH","2026-09-30","COMPLETE_VERIFIED","AMC_MONTHLY_PORTFOLIO","https://www.hdfcfund.com/statutory-disclosure/monthly-portfolio","528e57fcc98b0a79d9833b47cf25d756d89d69c04218f7f1eac9a5346cdc2c2a",78,78,78,78,10,78,0,0,0,0,0,0,0,0,1,false,"PARSED_AND_VERIFIED"
"152058","HDFC Technology Fund - Regular Plan - Growth Option","HDFC Mutual Fund","HDFC_MF","INF179KC1HF9","REGULAR","GROWTH","","SOURCE_UNAVAILABLE","AMC_MONTHLY_PORTFOLIO","https://www.hdfcfund.com/statutory-disclosure/monthly-portfolio","",0,0,0,0,0,0,0,0,0,0,0,0,0,0,0,false,"AWAITING_MONTHLY_DISCLOSURE"
"151900","HDFC Transportation and Logistics Fund - Regular Plan - Growth Option","HDFC Mutual Fund","HDFC_MF","INF179KC1GX4","REGULAR","GROWTH","","SOURCE_UNAVAILABLE","AMC_MONTHLY_PORTFOLIO","https://www.hdfcfund.com/statutory-disclosure/monthly-portfolio","",0,0,0,0,0,0,0,0,0,0,0,0,0,0,0,false,"AWAITING_MONTHLY_DISCLOSURE"
"145040","HDFC Ultra Short Term Fund - Regular Plan - Growth Option","HDFC Mutual Fund","HDFC_MF","INF179KB11R3","REGULAR","GROWTH","","SOURCE_UNAVAILABLE","AMC_MONTHLY_PORTFOLIO","https://www.hdfcfund.com/statutory-disclosure/monthly-portfolio","",0,0,0,0,0,0,0,0,0,0,0,0,0,0,0,false,"AWAITING_MONTHLY_DISCLOSURE"
"102452","HDFC Ultra Short to Short Term Fund - Regular Plan - Growth Option","HDFC Mutual Fund","HDFC_MF","INF179K01442","REGULAR","GROWTH","","SOURCE_UNAVAILABLE","AMC_MONTHLY_PORTFOLIO","https://www.hdfcfund.com/statutory-disclosure/monthly-portfolio","",0,0,0,0,0,0,0,0,0,0,0,0,0,0,0,false,"AWAITING_MONTHLY_DISCLOSURE"
"101764","HDFC Value Fund - Regular Plan - Growth Option","HDFC Mutual Fund","HDFC_MF","INF179K01426","REGULAR","GROWTH","","SOURCE_UNAVAILABLE","AMC_MONTHLY_PORTFOLIO","https://www.hdfcfund.com/statutory-disclosure/monthly-portfolio","",0,0,0,0,0,0,0,0,0,0,0,0,0,0,0,false,"AWAITING_MONTHLY_DISCLOSURE"
"154258","Helios Arbitrage Fund - Regular Plan - Growth","Helios Mutual Fund","HELIOS_MF","INF0R8701418","REGULAR","GROWTH","","SOURCE_UNAVAILABLE","AMC_MONTHLY_PORTFOLIO","https://www.heliosmf.in/statutory-disclosures/monthly-portfolio","",0,0,0,0,0,0,0,0,0,0,0,0,0,0,0,false,"AWAITING_MONTHLY_DISCLOSURE"
"152512","Helios Balanced Advantage Fund - Regular Plan - Growth","Helios Mutual Fund","HELIOS_MF","INF0R8701111","REGULAR","GROWTH","","SOURCE_UNAVAILABLE","AMC_MONTHLY_PORTFOLIO","https://www.heliosmf.in/statutory-disclosures/monthly-portfolio","",0,0,0,0,0,0,0,0,0,0,0,0,0,0,0,false,"AWAITING_MONTHLY_DISCLOSURE"
"152682","Helios Financial Services Fund - Regular Plan - Growth","Helios Mutual Fund","HELIOS_MF","INF0R8701178","REGULAR","GROWTH","","SOURCE_UNAVAILABLE","AMC_MONTHLY_PORTFOLIO","https://www.heliosmf.in/statutory-disclosures/monthly-portfolio","",0,0,0,0,0,0,0,0,0,0,0,0,0,0,0,false,"AWAITING_MONTHLY_DISCLOSURE"
"152136","Helios Flexi Cap Fund - Regular Plan - Growth","Helios Mutual Fund","HELIOS_MF","INF0R8701012","REGULAR","GROWTH","","SOURCE_UNAVAILABLE","AMC_MONTHLY_PORTFOLIO","https://www.heliosmf.in/statutory-disclosures/monthly-portfolio","",0,0,0,0,0,0,0,0,0,0,0,0,0,0,0,false,"AWAITING_MONTHLY_DISCLOSURE"
"152943","Helios Large & Mid Cap Fund - Regular Plan - Growth","Helios Mutual Fund","HELIOS_MF","INF0R8701236","REGULAR","GROWTH","","SOURCE_UNAVAILABLE","AMC_MONTHLY_PORTFOLIO","https://www.heliosmf.in/statutory-disclosures/monthly-portfolio","",0,0,0,0,0,0,0,0,0,0,0,0,0,0,0,false,"AWAITING_MONTHLY_DISCLOSURE"
"153327","Helios Mid Cap Fund - Regular Plan - Growth","Helios Mutual Fund","HELIOS_MF","INF0R8701293","REGULAR","GROWTH","","SOURCE_UNAVAILABLE","AMC_MONTHLY_PORTFOLIO","https://www.heliosmf.in/statutory-disclosures/monthly-portfolio","",0,0,0,0,0,0,0,0,0,0,0,0,0,0,0,false,"AWAITING_MONTHLY_DISCLOSURE"
"152153","Helios Overnight Fund - Regular Plan - Growth","Helios Mutual Fund","HELIOS_MF","INF0R8701095","REGULAR","GROWTH","","SOURCE_UNAVAILABLE","AMC_MONTHLY_PORTFOLIO","https://www.heliosmf.in/statutory-disclosures/monthly-portfolio","",0,0,0,0,0,0,0,0,0,0,0,0,0,0,0,false,"AWAITING_MONTHLY_DISCLOSURE"
"153909","Helios Small Cap Fund - Regular Plan - Growth","Helios Mutual Fund","HELIOS_MF","INF0R8701350","REGULAR","GROWTH","","SOURCE_UNAVAILABLE","AMC_MONTHLY_PORTFOLIO","https://www.heliosmf.in/statutory-disclosures/monthly-portfolio","",0,0,0,0,0,0,0,0,0,0,0,0,0,0,0,false,"AWAITING_MONTHLY_DISCLOSURE"
"129065","HSBC Aggressive Hybrid Active FOF (erstwhile HSBC Managed Solutions India - Growth fund) - Regular Plan - Growth","HSBC Mutual Fund","HSBC_MF","INF336L01IA9","REGULAR","GROWTH","","SOURCE_UNAVAILABLE","AMC_MONTHLY_PORTFOLIO","https://www.assetmanagement.hsbc.co.in/en/mutual-funds/statutory-disclosures/monthly-portfolio","",0,0,0,0,0,0,0,0,0,0,0,0,0,0,0,false,"AWAITING_MONTHLY_DISCLOSURE"
"151120","HSBC Aggressive Hybrid Fund - Regular Plan - Growth","HSBC Mutual Fund","HSBC_MF","INF917K01LB0","REGULAR","GROWTH","","SOURCE_UNAVAILABLE","AMC_MONTHLY_PORTFOLIO","https://www.assetmanagement.hsbc.co.in/en/mutual-funds/statutory-disclosures/monthly-portfolio","",0,0,0,0,0,0,0,0,0,0,0,0,0,0,0,false,"AWAITING_MONTHLY_DISCLOSURE"
"151134","HSBC Arbitrage Fund - Regular Plan - Growth","HSBC Mutual Fund","HSBC_MF","INF917K01QL8","REGULAR","GROWTH","","SOURCE_UNAVAILABLE","AMC_MONTHLY_PORTFOLIO","https://www.assetmanagement.hsbc.co.in/en/mutual-funds/statutory-disclosures/monthly-portfolio","",0,0,0,0,0,0,0,0,0,0,0,0,0,0,0,false,"AWAITING_MONTHLY_DISCLOSURE"
"151127","HSBC Balanced Advantage Fund - Regular Plan - Growth","HSBC Mutual Fund","HSBC_MF","INF917K01KY4","REGULAR","GROWTH","","SOURCE_UNAVAILABLE","AMC_MONTHLY_PORTFOLIO","https://www.assetmanagement.hsbc.co.in/en/mutual-funds/statutory-disclosures/monthly-portfolio","",0,0,0,0,0,0,0,0,0,0,0,0,0,0,0,false,"AWAITING_MONTHLY_DISCLOSURE"
"151104","HSBC Banking and PSU Debt Fund - Regular Plan - Growth","HSBC Mutual Fund","HSBC_MF","INF677K01AE7","REGULAR","GROWTH","","SOURCE_UNAVAILABLE","AMC_MONTHLY_PORTFOLIO","https://www.assetmanagement.hsbc.co.in/en/mutual-funds/statutory-disclosures/monthly-portfolio","",0,0,0,0,0,0,0,0,0,0,0,0,0,0,0,false,"AWAITING_MONTHLY_DISCLOSURE"
"115116","HSBC Brazil Fund - Regular Plan - Growth","HSBC Mutual Fund","HSBC_MF","INF336L01164","REGULAR","GROWTH","","SOURCE_UNAVAILABLE","AMC_MONTHLY_PORTFOLIO","https://www.assetmanagement.hsbc.co.in/en/mutual-funds/statutory-disclosures/monthly-portfolio","",0,0,0,0,0,0,0,0,0,0,0,0,0,0,0,false,"AWAITING_MONTHLY_DISCLOSURE"
"151144","HSBC Business Cycles Fund - Regular Plan - Growth","HSBC Mutual Fund","HSBC_MF","INF917K01RF8","REGULAR","GROWTH","","SOURCE_UNAVAILABLE","AMC_MONTHLY_PORTFOLIO","https://www.assetmanagement.hsbc.co.in/en/mutual-funds/statutory-disclosures/monthly-portfolio","",0,0,0,0,0,0,0,0,0,0,0,0,0,0,0,false,"AWAITING_MONTHLY_DISCLOSURE"
"149963","HSBC CRISIL IBX 50:50 Gilt Plus SDL Apr 2028 Index Fund - Regular Plan - Growth","HSBC Mutual Fund","HSBC_MF","INF336L01QK1","REGULAR","GROWTH","","SOURCE_UNAVAILABLE","AMC_MONTHLY_PORTFOLIO","https://www.assetmanagement.hsbc.co.in/en/mutual-funds/statutory-disclosures/monthly-portfolio","",0,0,0,0,0,0,0,0,0,0,0,0,0,0,0,false,"AWAITING_MONTHLY_DISCLOSURE"
"151480","HSBC CRISIL IBX Gilt June 2027 Index Fund - Regular Plan - Growth","HSBC Mutual Fund","HSBC_MF","INF336L01QW6","REGULAR","GROWTH","","SOURCE_UNAVAILABLE","AMC_MONTHLY_PORTFOLIO","https://www.assetmanagement.hsbc.co.in/en/mutual-funds/statutory-disclosures/monthly-portfolio","",0,0,0,0,0,0,0,0,0,0,0,0,0,0,0,false,"AWAITING_MONTHLY_DISCLOSURE"
"102262","HSBC Conservative Hybrid Fund - Regular Plan - Growth","HSBC Mutual Fund","HSBC_MF","INF336L01099","REGULAR","GROWTH","","SOURCE_UNAVAILABLE","AMC_MONTHLY_PORTFOLIO","https://www.assetmanagement.hsbc.co.in/en/mutual-funds/statutory-disclosures/monthly-portfolio","",0,0,0,0,0,0,0,0,0,0,0,0,0,0,0,false,"AWAITING_MONTHLY_DISCLOSURE"
"152027","HSBC Consumption Fund - Regular Plan - Growth","HSBC Mutual Fund","HSBC_MF","INF336L01RC6","REGULAR","GROWTH","","SOURCE_UNAVAILABLE","AMC_MONTHLY_PORTFOLIO","https://www.assetmanagement.hsbc.co.in/en/mutual-funds/statutory-disclosures/monthly-portfolio","",0,0,0,0,0,0,0,0,0,0,0,0,0,0,0,false,"AWAITING_MONTHLY_DISCLOSURE"
"150992","HSBC Corporate Bond Fund - Regular Plan - Growth","HSBC Mutual Fund","HSBC_MF","INF917K01AH0","REGULAR","GROWTH","","SOURCE_UNAVAILABLE","AMC_MONTHLY_PORTFOLIO","https://www.assetmanagement.hsbc.co.in/en/mutual-funds/statutory-disclosures/monthly-portfolio","",0,0,0,0,0,0,0,0,0,0,0,0,0,0,0,false,"AWAITING_MONTHLY_DISCLOSURE"
"151043","HSBC Credit Risk Fund - Regular Plan - Growth","HSBC Mutual Fund","HSBC_MF","INF917K01130","REGULAR","GROWTH","","SOURCE_UNAVAILABLE","AMC_MONTHLY_PORTFOLIO","https://www.assetmanagement.hsbc.co.in/en/mutual-funds/statutory-disclosures/monthly-portfolio","",0,0,0,0,0,0,0,0,0,0,0,0,0,0,0,false,"AWAITING_MONTHLY_DISCLOSURE"
"151084","HSBC Dynamic Term Fund - Regular Plan - Growth","HSBC Mutual Fund","HSBC_MF","INF677K01916","REGULAR","GROWTH","","SOURCE_UNAVAILABLE","AMC_MONTHLY_PORTFOLIO","https://www.assetmanagement.hsbc.co.in/en/mutual-funds/statutory-disclosures/monthly-portfolio","",0,0,0,0,0,0,0,0,0,0,0,0,0,0,0,false,"AWAITING_MONTHLY_DISCLOSURE"
"151076","HSBC ELSS Tax saver Fund - Regular Plan - Growth","HSBC Mutual Fund","HSBC_MF","INF677K01064","REGULAR","GROWTH","","SOURCE_UNAVAILABLE","AMC_MONTHLY_PORTFOLIO","https://www.assetmanagement.hsbc.co.in/en/mutual-funds/statutory-disclosures/monthly-portfolio","",0,0,0,0,0,0,0,0,0,0,0,0,0,0,0,false,"AWAITING_MONTHLY_DISCLOSURE"
"151058","HSBC Equity Savings Fund - Regular Plan - Growth","HSBC Mutual Fund","HSBC_MF","INF917K01AA5","REGULAR","GROWTH","","SOURCE_UNAVAILABLE","AMC_MONTHLY_PORTFOLIO","https://www.assetmanagement.hsbc.co.in/en/mutual-funds/statutory-disclosures/monthly-portfolio","",0,0,0,0,0,0,0,0,0,0,0,0,0,0,0,false,"AWAITING_MONTHLY_DISCLOSURE"
"153267","HSBC Financial Services fund - Regular Plan - Growth","HSBC Mutual Fund","HSBC_MF","INF336L01RR4","REGULAR","GROWTH","","SOURCE_UNAVAILABLE","AMC_MONTHLY_PORTFOLIO","https://www.assetmanagement.hsbc.co.in/en/mutual-funds/statutory-disclosures/monthly-portfolio","",0,0,0,0,0,0,0,0,0,0,0,0,0,0,0,false,"AWAITING_MONTHLY_DISCLOSURE"
"102252","HSBC Flexi Cap Fund - Regular Plan - Growth","HSBC Mutual Fund","HSBC_MF","INF336L01AF5","REGULAR","GROWTH","","SOURCE_UNAVAILABLE","AMC_MONTHLY_PORTFOLIO","https://www.assetmanagement.hsbc.co.in/en/mutual-funds/statutory-disclosures/monthly-portfolio","",0,0,0,0,0,0,0,0,0,0,0,0,0,0,0,false,"AWAITING_MONTHLY_DISCLOSURE"
"148409","HSBC Focused Fund - Regular Plan - Growth","HSBC Mutual Fund","HSBC_MF","INF336L01PE6","REGULAR","GROWTH","","SOURCE_UNAVAILABLE","AMC_MONTHLY_PORTFOLIO","https://www.assetmanagement.hsbc.co.in/en/mutual-funds/statutory-disclosures/monthly-portfolio","",0,0,0,0,0,0,0,0,0,0,0,0,0,0,0,false,"AWAITING_MONTHLY_DISCLOSURE"
"151013","HSBC Gilt Fund - Regular Plan - Growth","HSBC Mutual Fund","HSBC_MF","INF917K01BP1","REGULAR","GROWTH","","SOURCE_UNAVAILABLE","AMC_MONTHLY_PORTFOLIO","https://www.assetmanagement.hsbc.co.in/en/mutual-funds/statutory-disclosures/monthly-portfolio","",0,0,0,0,0,0,0,0,0,0,0,0,0,0,0,false,"AWAITING_MONTHLY_DISCLOSURE"
"107988","HSBC Global Emerging Markets Fund - Regular Plan - Growth","HSBC Mutual Fund","HSBC_MF","INF336L01446","REGULAR","GROWTH","","SOURCE_UNAVAILABLE","AMC_MONTHLY_PORTFOLIO","https://www.assetmanagement.hsbc.co.in/en/mutual-funds/statutory-disclosures/monthly-portfolio","",0,0,0,0,0,0,0,0,0,0,0,0,0,0,0,false,"AWAITING_MONTHLY_DISCLOSURE"
"154298","HSBC Gold ETF Fund of Fund - Regular Plan - Growth","HSBC Mutual Fund","HSBC_MF","INF336L01RY0","REGULAR","GROWTH","","SOURCE_UNAVAILABLE","AMC_MONTHLY_PORTFOLIO","https://www.assetmanagement.hsbc.co.in/en/mutual-funds/statutory-disclosures/monthly-portfolio","",0,0,0,0,0,0,0,0,0,0,0,0,0,0,0,false,"AWAITING_MONTHLY_DISCLOSURE"
"129195","HSBC Income Plus Arbitrage Active FOF (erstwhile HSBC Managed Solution India - Conservative Plan) - Regular Plan - Growth","HSBC Mutual Fund","HSBC_MF","INF336L01IM4","REGULAR","GROWTH","","SOURCE_UNAVAILABLE","AMC_MONTHLY_PORTFOLIO","https://www.assetmanagement.hsbc.co.in/en/mutual-funds/statutory-disclosures/monthly-portfolio","",0,0,0,0,0,0,0,0,0,0,0,0,0,0,0,false,"AWAITING_MONTHLY_DISCLOSURE"
"152830","HSBC India Export Opportunities Fund - Regular Plan - Growth","HSBC Mutual Fund","HSBC_MF","INF336L01RL7","REGULAR","GROWTH","","SOURCE_UNAVAILABLE","AMC_MONTHLY_PORTFOLIO","https://www.assetmanagement.hsbc.co.in/en/mutual-funds/statutory-disclosures/monthly-portfolio","",0,0,0,0,0,0,0,0,0,0,0,0,0,0,0,false,"AWAITING_MONTHLY_DISCLOSURE"
"151037","HSBC Infrastructure Fund - Regular Plan - Growth","HSBC Mutual Fund","HSBC_MF","INF917K01536","REGULAR","GROWTH","","SOURCE_UNAVAILABLE","AMC_MONTHLY_PORTFOLIO","https://www.assetmanagement.hsbc.co.in/en/mutual-funds/statutory-disclosures/monthly-portfolio","",0,0,0,0,0,0,0,0,0,0,0,0,0,0,0,false,"AWAITING_MONTHLY_DISCLOSURE"
"146771","HSBC Large & Mid Cap Fund - Regular Plan - Growth","HSBC Mutual Fund","HSBC_MF","INF336L01NY9","REGULAR","GROWTH","","SOURCE_UNAVAILABLE","AMC_MONTHLY_PORTFOLIO","https://www.assetmanagement.hsbc.co.in/en/mutual-funds/statutory-disclosures/monthly-portfolio","",0,0,0,0,0,0,0,0,0,0,0,0,0,0,0,false,"AWAITING_MONTHLY_DISCLOSURE"
"101594","HSBC Large Cap Fund - Regular Plan - Growth","HSBC Mutual Fund","HSBC_MF","INF336L01016","REGULAR","GROWTH","","SOURCE_UNAVAILABLE","AMC_MONTHLY_PORTFOLIO","https://www.assetmanagement.hsbc.co.in/en/mutual-funds/statutory-disclosures/monthly-portfolio","",0,0,0,0,0,0,0,0,0,0,0,0,0,0,0,false,"AWAITING_MONTHLY_DISCLOSURE"
"118907","HSBC Liquid Fund - Regular Plan - Growth","HSBC Mutual Fund","HSBC_MF","INF336L01BL1","REGULAR","GROWTH","","SOURCE_UNAVAILABLE","AMC_MONTHLY_PORTFOLIO","https://www.assetmanagement.hsbc.co.in/en/mutual-funds/statutory-disclosures/monthly-portfolio","",0,0,0,0,0,0,0,0,0,0,0,0,0,0,0,false,"AWAITING_MONTHLY_DISCLOSURE"
"118902","HSBC Liquid Fund - Regular Plan - Growth","HSBC Mutual Fund","HSBC_MF","INF336L01BN7","REGULAR","GROWTH","","SOURCE_UNAVAILABLE","AMC_MONTHLY_PORTFOLIO","https://www.assetmanagement.hsbc.co.in/en/mutual-funds/statutory-disclosures/monthly-portfolio","",0,0,0,0,0,0,0,0,0,0,0,0,0,0,0,false,"AWAITING_MONTHLY_DISCLOSURE"
"151149","HSBC Medium Term Fund - Regular Plan - Growth","HSBC Mutual Fund","HSBC_MF","INF917K01TH0","REGULAR","GROWTH","","SOURCE_UNAVAILABLE","AMC_MONTHLY_PORTFOLIO","https://www.assetmanagement.hsbc.co.in/en/mutual-funds/statutory-disclosures/monthly-portfolio","",0,0,0,0,0,0,0,0,0,0,0,0,0,0,0,false,"AWAITING_MONTHLY_DISCLOSURE"
"101685","HSBC Medium to Long Term Fund - Regular Plan - Growth","HSBC Mutual Fund","HSBC_MF","INF336L01776","REGULAR","GROWTH","","SOURCE_UNAVAILABLE","AMC_MONTHLY_PORTFOLIO","https://www.assetmanagement.hsbc.co.in/en/mutual-funds/statutory-disclosures/monthly-portfolio","",0,0,0,0,0,0,0,0,0,0,0,0,0,0,0,false,"AWAITING_MONTHLY_DISCLOSURE"
"151034","HSBC Midcap Fund - Regular Plan - Growth","HSBC Mutual Fund","HSBC_MF","INF917K01254","REGULAR","GROWTH","","SOURCE_UNAVAILABLE","AMC_MONTHLY_PORTFOLIO","https://www.assetmanagement.hsbc.co.in/en/mutual-funds/statutory-disclosures/monthly-portfolio","",0,0,0,0,0,0,0,0,0,0,0,0,0,0,0,false,"AWAITING_MONTHLY_DISCLOSURE"
"151048","HSBC Money Market Fund - Regular Plan - Growth","HSBC Mutual Fund","HSBC_MF","INF917K01BC9","REGULAR","GROWTH","","SOURCE_UNAVAILABLE","AMC_MONTHLY_PORTFOLIO","https://www.assetmanagement.hsbc.co.in/en/mutual-funds/statutory-disclosures/monthly-portfolio","",0,0,0,0,0,0,0,0,0,0,0,0,0,0,0,false,"AWAITING_MONTHLY_DISCLOSURE"
"129191","HSBC Multi Asset Active FOF (erstwhile HSBC Managed Solutions India - Moderate Fund) - Regular Plan - Growth","HSBC Mutual Fund","HSBC_MF","INF336L01IG6","REGULAR","GROWTH","","SOURCE_UNAVAILABLE","AMC_MONTHLY_PORTFOLIO","https://www.assetmanagement.hsbc.co.in/en/mutual-funds/statutory-disclosures/monthly-portfolio","",0,0,0,0,0,0,0,0,0,0,0,0,0,0,0,false,"AWAITING_MONTHLY_DISCLOSURE"
"152378","HSBC Multi Asset Allocation Fund - Regular Plan - Growth","HSBC Mutual Fund","HSBC_MF","INF336L01RF9","REGULAR","GROWTH","","SOURCE_UNAVAILABLE","AMC_MONTHLY_PORTFOLIO","https://www.assetmanagement.hsbc.co.in/en/mutual-funds/statutory-disclosures/monthly-portfolio","",0,0,0,0,0,0,0,0,0,0,0,0,0,0,0,false,"AWAITING_MONTHLY_DISCLOSURE"
"151289","HSBC Multi Cap Fund - Regular Plan - Growth","HSBC Mutual Fund","HSBC_MF","INF336L01QQ8","REGULAR","GROWTH","","SOURCE_UNAVAILABLE","AMC_MONTHLY_PORTFOLIO","https://www.assetmanagement.hsbc.co.in/en/mutual-funds/statutory-disclosures/monthly-portfolio","",0,0,0,0,0,0,0,0,0,0,0,0,0,0,0,false,"AWAITING_MONTHLY_DISCLOSURE"
"151292","HSBC Multi Cap Fund - Regular Plan - Growth","HSBC Mutual Fund","HSBC_MF","INF336L01QR6","REGULAR","GROWTH","","SOURCE_UNAVAILABLE","AMC_MONTHLY_PORTFOLIO","https://www.assetmanagement.hsbc.co.in/en/mutual-funds/statutory-disclosures/monthly-portfolio","",0,0,0,0,0,0,0,0,0,0,0,0,0,0,0,false,"AWAITING_MONTHLY_DISCLOSURE"
"151158","HSBC NIFTY 50 Index Fund - Regular Plan - Growth","HSBC Mutual Fund","HSBC_MF","INF917K01D38","REGULAR","GROWTH","","SOURCE_UNAVAILABLE","AMC_MONTHLY_PORTFOLIO","https://www.assetmanagement.hsbc.co.in/en/mutual-funds/statutory-disclosures/monthly-portfolio","",0,0,0,0,0,0,0,0,0,0,0,0,0,0,0,false,"AWAITING_MONTHLY_DISCLOSURE"
"151162","HSBC NIFTY NEXT 50 Index Fund - Regular Plan - Growth","HSBC Mutual Fund","HSBC_MF","INF917K01D95","REGULAR","GROWTH","","SOURCE_UNAVAILABLE","AMC_MONTHLY_PORTFOLIO","https://www.assetmanagement.hsbc.co.in/en/mutual-funds/statutory-disclosures/monthly-portfolio","",0,0,0,0,0,0,0,0,0,0,0,0,0,0,0,false,"AWAITING_MONTHLY_DISCLOSURE"
"147290","HSBC Overnight Fund - Regular Plan - Growth","HSBC Mutual Fund","HSBC_MF","INF336L01OL4","REGULAR","GROWTH","","SOURCE_UNAVAILABLE","AMC_MONTHLY_PORTFOLIO","https://www.assetmanagement.hsbc.co.in/en/mutual-funds/statutory-disclosures/monthly-portfolio","",0,0,0,0,0,0,0,0,0,0,0,0,0,0,0,false,"AWAITING_MONTHLY_DISCLOSURE"
"151114","HSBC Ultra Short to Short Term Fund - Regular Plan - Growth","HSBC Mutual Fund","HSBC_MF","INF677K01452","REGULAR","GROWTH","","SOURCE_UNAVAILABLE","AMC_MONTHLY_PORTFOLIO","https://www.assetmanagement.hsbc.co.in/en/mutual-funds/statutory-disclosures/monthly-portfolio","",0,0,0,0,0,0,0,0,0,0,0,0,0,0,0,false,"AWAITING_MONTHLY_DISCLOSURE"
"151110","HSBC Value Fund - Regular Plan - Growth","HSBC Mutual Fund","HSBC_MF","INF677K01023","REGULAR","GROWTH","","SOURCE_UNAVAILABLE","AMC_MONTHLY_PORTFOLIO","https://www.assetmanagement.hsbc.co.in/en/mutual-funds/statutory-disclosures/monthly-portfolio","",0,0,0,0,0,0,0,0,0,0,0,0,0,0,0,false,"AWAITING_MONTHLY_DISCLOSURE"
"152726","ICICI PRUDENTIAL ENERGY OPPORTUNITIES FUND - Regular Plan - Growth","ICICI Prudential Mutual Fund","ICICI_PRUDENTIA_MF","INF109KC15W9","REGULAR","GROWTH","","SOURCE_UNAVAILABLE","AMC_MONTHLY_PORTFOLIO","https://www.icicipruamc.com/statutory-disclosures/monthly-portfolio","",0,0,0,0,0,0,0,0,0,0,0,0,0,0,0,false,"AWAITING_MONTHLY_DISCLOSURE"
"150308","ICICI PRUDENTIAL HOUSING OPPORTUNITIES FUND - Regular Plan - Growth","ICICI Prudential Mutual Fund","ICICI_PRUDENTIA_MF","INF109KC17B9","REGULAR","GROWTH","","SOURCE_UNAVAILABLE","AMC_MONTHLY_PORTFOLIO","https://www.icicipruamc.com/statutory-disclosures/monthly-portfolio","",0,0,0,0,0,0,0,0,0,0,0,0,0,0,0,false,"AWAITING_MONTHLY_DISCLOSURE"
"150538","ICICI PRUDENTIAL PSU EQUITY FUND - Regular Plan - Growth","ICICI Prudential Mutual Fund","ICICI_PRUDENTIA_MF","INF109KC19H2","REGULAR","GROWTH","","SOURCE_UNAVAILABLE","AMC_MONTHLY_PORTFOLIO","https://www.icicipruamc.com/statutory-disclosures/monthly-portfolio","",0,0,0,0,0,0,0,0,0,0,0,0,0,0,0,false,"AWAITING_MONTHLY_DISCLOSURE"
"150684","ICICI PRUDENTIAL TRANSPORTATION AND LOGISTICS FUND - Regular Plan - Growth","ICICI Prudential Mutual Fund","ICICI_PRUDENTIA_MF","INF109KC19J8","REGULAR","GROWTH","","SOURCE_UNAVAILABLE","AMC_MONTHLY_PORTFOLIO","https://www.icicipruamc.com/statutory-disclosures/monthly-portfolio","",0,0,0,0,0,0,0,0,0,0,0,0,0,0,0,false,"AWAITING_MONTHLY_DISCLOSURE"
"131051","ICICI Prudential 10 year Constant Maturity Gilt Fund - Regular Plan - Growth","ICICI Prudential Mutual Fund","ICICI_PRUDENTIA_MF","INF109KA1N46","REGULAR","GROWTH","","SOURCE_UNAVAILABLE","AMC_MONTHLY_PORTFOLIO","https://www.icicipruamc.com/statutory-disclosures/monthly-portfolio","",0,0,0,0,0,0,0,0,0,0,0,0,0,0,0,false,"AWAITING_MONTHLY_DISCLOSURE"
"153685","ICICI Prudential Active Momentum Fund - Regular Plan - Growth","ICICI Prudential Mutual Fund","ICICI_PRUDENTIA_MF","INF109K1A377","REGULAR","GROWTH","","SOURCE_UNAVAILABLE","AMC_MONTHLY_PORTFOLIO","https://www.icicipruamc.com/statutory-disclosures/monthly-portfolio","",0,0,0,0,0,0,0,0,0,0,0,0,0,0,0,false,"AWAITING_MONTHLY_DISCLOSURE"
"102135","ICICI Prudential Aggressive Hybrid Active FOF - Regular Plan - Growth","ICICI Prudential Mutual Fund","ICICI_PRUDENTIA_MF","INF109K01852","REGULAR","GROWTH","","SOURCE_UNAVAILABLE","AMC_MONTHLY_PORTFOLIO","https://www.icicipruamc.com/statutory-disclosures/monthly-portfolio","",0,0,0,0,0,0,0,0,0,0,0,0,0,0,0,false,"AWAITING_MONTHLY_DISCLOSURE"
"100356","ICICI Prudential Aggressive Hybrid Fund - Regular Plan - Growth","ICICI Prudential Mutual Fund","ICICI_PRUDENTIA_MF","INF109K01480","REGULAR","GROWTH","","SOURCE_UNAVAILABLE","AMC_MONTHLY_PORTFOLIO","https://www.icicipruamc.com/statutory-disclosures/monthly-portfolio","",0,0,0,0,0,0,0,0,0,0,0,0,0,0,0,false,"AWAITING_MONTHLY_DISCLOSURE"
"104683","ICICI Prudential Arbitrage Fund - Regular Plan - Growth","ICICI Prudential Mutual Fund","ICICI_PRUDENTIA_MF","INF109K01BF6","REGULAR","GROWTH","","SOURCE_UNAVAILABLE","AMC_MONTHLY_PORTFOLIO","https://www.icicipruamc.com/statutory-disclosures/monthly-portfolio","",0,0,0,0,0,0,0,0,0,0,0,0,0,0,0,false,"AWAITING_MONTHLY_DISCLOSURE"
"149334","ICICI Prudential BSE 500 ETF FOF - Regular Plan - Growth","ICICI Prudential Mutual Fund","ICICI_PRUDENTIA_MF","INF109KC1V67","REGULAR","GROWTH","","SOURCE_UNAVAILABLE","AMC_MONTHLY_PORTFOLIO","https://www.icicipruamc.com/statutory-disclosures/monthly-portfolio","",0,0,0,0,0,0,0,0,0,0,0,0,0,0,0,false,"AWAITING_MONTHLY_DISCLOSURE"
"153378","ICICI Prudential BSE Liquid Rate ETF - Growth - Regular Plan - Growth","ICICI Prudential Mutual Fund","ICICI_PRUDENTIA_MF","INF109K1A021","REGULAR","GROWTH","","SOURCE_UNAVAILABLE","AMC_MONTHLY_PORTFOLIO","https://www.icicipruamc.com/statutory-disclosures/monthly-portfolio","",0,0,0,0,0,0,0,0,0,0,0,0,0,0,0,false,"AWAITING_MONTHLY_DISCLOSURE"
"104685","ICICI Prudential Balanced Advantage Fund - Regular Plan - Growth","ICICI Prudential Mutual Fund","ICICI_PRUDENTIA_MF","INF109K01BH2","REGULAR","GROWTH","","SOURCE_UNAVAILABLE","AMC_MONTHLY_PORTFOLIO","https://www.icicipruamc.com/statutory-disclosures/monthly-portfolio","",0,0,0,0,0,0,0,0,0,0,0,0,0,0,0,false,"AWAITING_MONTHLY_DISCLOSURE"
"154418","ICICI Prudential Balanced Hybrid Fund - Regular Plan - Growth","ICICI Prudential Mutual Fund","ICICI_PRUDENTIA_MF","INF109K1A484","REGULAR","GROWTH","","SOURCE_UNAVAILABLE","AMC_MONTHLY_PORTFOLIO","https://www.icicipruamc.com/statutory-disclosures/monthly-portfolio","",0,0,0,0,0,0,0,0,0,0,0,0,0,0,0,false,"AWAITING_MONTHLY_DISCLOSURE"
"109445","ICICI Prudential Banking & Financial Services Fund - Regular Plan - Growth","ICICI Prudential Mutual Fund","ICICI_PRUDENTIA_MF","INF109K01BU5","REGULAR","GROWTH","","SOURCE_UNAVAILABLE","AMC_MONTHLY_PORTFOLIO","https://www.icicipruamc.com/statutory-disclosures/monthly-portfolio","",0,0,0,0,0,0,0,0,0,0,0,0,0,0,0,false,"AWAITING_MONTHLY_DISCLOSURE"
"112342","ICICI Prudential Banking and PSU Debt Fund - Regular Plan - Growth","ICICI Prudential Mutual Fund","ICICI_PRUDENTIA_MF","INF109K01RT3","REGULAR","GROWTH","","SOURCE_UNAVAILABLE","AMC_MONTHLY_PORTFOLIO","https://www.icicipruamc.com/statutory-disclosures/monthly-portfolio","",0,0,0,0,0,0,0,0,0,0,0,0,0,0,0,false,"AWAITING_MONTHLY_DISCLOSURE"
"146950","ICICI Prudential Bharat Consumption Fund - Regular Plan - Growth","ICICI Prudential Mutual Fund","ICICI_PRUDENTIA_MF","INF109KC1YA0","REGULAR","GROWTH","","SOURCE_UNAVAILABLE","AMC_MONTHLY_PORTFOLIO","https://www.icicipruamc.com/statutory-disclosures/monthly-portfolio","",0,0,0,0,0,0,0,0,0,0,0,0,0,0,0,false,"AWAITING_MONTHLY_DISCLOSURE"
"148653","ICICI Prudential Business Cycle Fund - Regular Plan - Growth","ICICI Prudential Mutual Fund","ICICI_PRUDENTIA_MF","INF109KC1O90","REGULAR","GROWTH","","SOURCE_UNAVAILABLE","AMC_MONTHLY_PORTFOLIO","https://www.icicipruamc.com/statutory-disclosures/monthly-portfolio","",0,0,0,0,0,0,0,0,0,0,0,0,0,0,0,false,"AWAITING_MONTHLY_DISCLOSURE"
"153409","ICICI Prudential CRISIL-IBX Financial Services 3-6 Months Debt Index Fund - Regular Plan - Growth","ICICI Prudential Mutual Fund","ICICI_PRUDENTIA_MF","INF109K1A039","REGULAR","GROWTH","","SOURCE_UNAVAILABLE","AMC_MONTHLY_PORTFOLIO","https://www.icicipruamc.com/statutory-disclosures/monthly-portfolio","",0,0,0,0,0,0,0,0,0,0,0,0,0,0,0,false,"AWAITING_MONTHLY_DISCLOSURE"
"101127","ICICI Prudential Children's Fund - Regular Plan - Growth","ICICI Prudential Mutual Fund","ICICI_PRUDENTIA_MF","INF109K01605","REGULAR","GROWTH","","SOURCE_UNAVAILABLE","AMC_MONTHLY_PORTFOLIO","https://www.icicipruamc.com/statutory-disclosures/monthly-portfolio","",0,0,0,0,0,0,0,0,0,0,0,0,0,0,0,false,"AWAITING_MONTHLY_DISCLOSURE"
"147661","ICICI Prudential Commodities Fund - Regular Plan - Growth","ICICI Prudential Mutual Fund","ICICI_PRUDENTIA_MF","INF109KC1F67","REGULAR","GROWTH","","SOURCE_UNAVAILABLE","AMC_MONTHLY_PORTFOLIO","https://www.icicipruamc.com/statutory-disclosures/monthly-portfolio","",0,0,0,0,0,0,0,0,0,0,0,0,0,0,0,false,"AWAITING_MONTHLY_DISCLOSURE"
"153865","ICICI Prudential Conglomerate Fund - Regular Plan - Growth","ICICI Prudential Mutual Fund","ICICI_PRUDENTIA_MF","INF109K1A393","REGULAR","GROWTH","","SOURCE_UNAVAILABLE","AMC_MONTHLY_PORTFOLIO","https://www.icicipruamc.com/statutory-disclosures/monthly-portfolio","",0,0,0,0,0,0,0,0,0,0,0,0,0,0,0,false,"AWAITING_MONTHLY_DISCLOSURE"
"102330","ICICI Prudential Conservative Hybrid Fund - Regular Plan - Growth","ICICI Prudential Mutual Fund","ICICI_PRUDENTIA_MF","INF109K01902","REGULAR","GROWTH","","SOURCE_UNAVAILABLE","AMC_MONTHLY_PORTFOLIO","https://www.icicipruamc.com/statutory-disclosures/monthly-portfolio","",0,0,0,0,0,0,0,0,0,0,0,0,0,0,0,false,"AWAITING_MONTHLY_DISCLOSURE"
"111987","ICICI Prudential Corporate Bond Fund - Regular Plan - Growth","ICICI Prudential Mutual Fund","ICICI_PRUDENTIA_MF","INF109K01CQ1","REGULAR","GROWTH","","SOURCE_UNAVAILABLE","AMC_MONTHLY_PORTFOLIO","https://www.icicipruamc.com/statutory-disclosures/monthly-portfolio","",0,0,0,0,0,0,0,0,0,0,0,0,0,0,0,false,"AWAITING_MONTHLY_DISCLOSURE"
"114239","ICICI Prudential Credit Risk Fund - Regular Plan - Growth","ICICI Prudential Mutual Fund","ICICI_PRUDENTIA_MF","INF109K01GU4","REGULAR","GROWTH","","SOURCE_UNAVAILABLE","AMC_MONTHLY_PORTFOLIO","https://www.icicipruamc.com/statutory-disclosures/monthly-portfolio","",0,0,0,0,0,0,0,0,0,0,0,0,0,0,0,false,"AWAITING_MONTHLY_DISCLOSURE"
"102141","ICICI Prudential Diversified Debt Strategy Active FOF - Regular Plan - Growth","ICICI Prudential Mutual Fund","ICICI_PRUDENTIA_MF","INF109K01878","REGULAR","GROWTH","","SOURCE_UNAVAILABLE","AMC_MONTHLY_PORTFOLIO","https://www.icicipruamc.com/statutory-disclosures/monthly-portfolio","",0,0,0,0,0,0,0,0,0,0,0,0,0,0,0,false,"AWAITING_MONTHLY_DISCLOSURE"
"154265","ICICI Prudential Diversified Equity All Cap Active FOF - Regular Plan - Growth","ICICI Prudential Mutual Fund","ICICI_PRUDENTIA_MF","INF109K1A450","REGULAR","GROWTH","","SOURCE_UNAVAILABLE","AMC_MONTHLY_PORTFOLIO","https://www.icicipruamc.com/statutory-disclosures/monthly-portfolio","",0,0,0,0,0,0,0,0,0,0,0,0,0,0,0,false,"AWAITING_MONTHLY_DISCLOSURE"
"148033","ICICI Prudential Diversified Equity All Cap Omni FOF - Regular Plan - Growth","ICICI Prudential Mutual Fund","ICICI_PRUDENTIA_MF","INF109KC1I15","REGULAR","GROWTH","","SOURCE_UNAVAILABLE","AMC_MONTHLY_PORTFOLIO","https://www.icicipruamc.com/statutory-disclosures/monthly-portfolio","",0,0,0,0,0,0,0,0,0,0,0,0,0,0,0,false,"AWAITING_MONTHLY_DISCLOSURE"
"102137","ICICI Prudential Dynamic Asset Allocation Active FOF - Regular Plan - Growth","ICICI Prudential Mutual Fund","ICICI_PRUDENTIA_MF","INF109K01837","REGULAR","GROWTH","","SOURCE_UNAVAILABLE","AMC_MONTHLY_PORTFOLIO","https://www.icicipruamc.com/statutory-disclosures/monthly-portfolio","",0,0,0,0,0,0,0,0,0,0,0,0,0,0,0,false,"AWAITING_MONTHLY_DISCLOSURE"
"112096","ICICI Prudential Dynamic Term Fund - Regular Plan - Growth","ICICI Prudential Mutual Fund","ICICI_PRUDENTIA_MF","INF109K01GN9","REGULAR","GROWTH","","SOURCE_UNAVAILABLE","AMC_MONTHLY_PORTFOLIO","https://www.icicipruamc.com/statutory-disclosures/monthly-portfolio","",0,0,0,0,0,0,0,0,0,0,0,0,0,0,0,false,"AWAITING_MONTHLY_DISCLOSURE"
"100354","ICICI Prudential ELSS - Tax Saver Fund - Regular Plan - Growth","ICICI Prudential Mutual Fund","ICICI_PRUDENTIA_MF","INF109K01464","REGULAR","GROWTH","","SOURCE_UNAVAILABLE","AMC_MONTHLY_PORTFOLIO","https://www.icicipruamc.com/statutory-disclosures/monthly-portfolio","",0,0,0,0,0,0,0,0,0,0,0,0,0,0,0,false,"AWAITING_MONTHLY_DISCLOSURE"
"148517","ICICI Prudential ESG Exclusionary Strategy Fund - Regular Plan - Growth","ICICI Prudential Mutual Fund","ICICI_PRUDENTIA_MF","INF109KC1N75","REGULAR","GROWTH","","SOURCE_UNAVAILABLE","AMC_MONTHLY_PORTFOLIO","https://www.icicipruamc.com/statutory-disclosures/monthly-portfolio","",0,0,0,0,0,0,0,0,0,0,0,0,0,0,0,false,"AWAITING_MONTHLY_DISCLOSURE"
"153069","ICICI Prudential Equity Minimum Variance Fund - Regular Plan - Growth","ICICI Prudential Mutual Fund","ICICI_PRUDENTIA_MF","INF109KC17X3","REGULAR","GROWTH","","SOURCE_UNAVAILABLE","AMC_MONTHLY_PORTFOLIO","https://www.icicipruamc.com/statutory-disclosures/monthly-portfolio","",0,0,0,0,0,0,0,0,0,0,0,0,0,0,0,false,"AWAITING_MONTHLY_DISCLOSURE"
"103312","ICICI Prudential Exports & Services Fund - Regular Plan - Growth","ICICI Prudential Mutual Fund","ICICI_PRUDENTIA_MF","INF109K01BB5","REGULAR","GROWTH","","SOURCE_UNAVAILABLE","AMC_MONTHLY_PORTFOLIO","https://www.icicipruamc.com/statutory-disclosures/monthly-portfolio","",0,0,0,0,0,0,0,0,0,0,0,0,0,0,0,false,"AWAITING_MONTHLY_DISCLOSURE"
"100352","ICICI Prudential FMCG Fund - Regular Plan - Growth","ICICI Prudential Mutual Fund","ICICI_PRUDENTIA_MF","INF109K01415","REGULAR","GROWTH","","SOURCE_UNAVAILABLE","AMC_MONTHLY_PORTFOLIO","https://www.icicipruamc.com/statutory-disclosures/monthly-portfolio","",0,0,0,0,0,0,0,0,0,0,0,0,0,0,0,false,"AWAITING_MONTHLY_DISCLOSURE"
"148989","ICICI Prudential Flexi Cap fund - Regular Plan - Growth","ICICI Prudential Mutual Fund","ICICI_PRUDENTIA_MF","INF109KC1Q80","REGULAR","GROWTH","","SOURCE_UNAVAILABLE","AMC_MONTHLY_PORTFOLIO","https://www.icicipruamc.com/statutory-disclosures/monthly-portfolio","",0,0,0,0,0,0,0,0,0,0,0,0,0,0,0,false,"AWAITING_MONTHLY_DISCLOSURE"
"101802","ICICI Prudential Floating Interest Rates Fund - Regular Plan - Growth","ICICI Prudential Mutual Fund","ICICI_PRUDENTIA_MF","INF109K01AX1","REGULAR","GROWTH","","SOURCE_UNAVAILABLE","AMC_MONTHLY_PORTFOLIO","https://www.icicipruamc.com/statutory-disclosures/monthly-portfolio","",0,0,0,0,0,0,0,0,0,0,0,0,0,0,0,false,"AWAITING_MONTHLY_DISCLOSURE"
"111957","ICICI Prudential Focused Fund - Regular Plan - Growth","ICICI Prudential Mutual Fund","ICICI_PRUDENTIA_MF","INF109K01BZ4","REGULAR","GROWTH","","SOURCE_UNAVAILABLE","AMC_MONTHLY_PORTFOLIO","https://www.icicipruamc.com/statutory-disclosures/monthly-portfolio","",0,0,0,0,0,0,0,0,0,0,0,0,0,0,0,false,"AWAITING_MONTHLY_DISCLOSURE"
"100369","ICICI Prudential Gilt Fund - Regular Plan - Growth","ICICI Prudential Mutual Fund","ICICI_PRUDENTIA_MF","INF109K01JR4","REGULAR","GROWTH","","SOURCE_UNAVAILABLE","AMC_MONTHLY_PORTFOLIO","https://www.icicipruamc.com/statutory-disclosures/monthly-portfolio","",0,0,0,0,0,0,0,0,0,0,0,0,0,0,0,false,"AWAITING_MONTHLY_DISCLOSURE"
"147647","ICICI Prudential Global Advantage Fund (FOF) - Regular Plan - Growth","ICICI Prudential Mutual Fund","ICICI_PRUDENTIA_MF","INF109KC1F00","REGULAR","GROWTH","","SOURCE_UNAVAILABLE","AMC_MONTHLY_PORTFOLIO","https://www.icicipruamc.com/statutory-disclosures/monthly-portfolio","",0,0,0,0,0,0,0,0,0,0,0,0,0,0,0,false,"AWAITING_MONTHLY_DISCLOSURE"
"123651","ICICI Prudential Global Stable Equity Fund (FOF) - Regular Plan - Growth","ICICI Prudential Mutual Fund","ICICI_PRUDENTIA_MF","INF109KA1CB6","REGULAR","GROWTH","","SOURCE_UNAVAILABLE","AMC_MONTHLY_PORTFOLIO","https://www.icicipruamc.com/statutory-disclosures/monthly-portfolio","",0,0,0,0,0,0,0,0,0,0,0,0,0,0,0,false,"AWAITING_MONTHLY_DISCLOSURE"
"115833","ICICI Prudential Gold ETF FOF - Regular Plan - Growth","ICICI Prudential Mutual Fund","ICICI_PRUDENTIA_MF","INF109K01TK8","REGULAR","GROWTH","","SOURCE_UNAVAILABLE","AMC_MONTHLY_PORTFOLIO","https://www.icicipruamc.com/statutory-disclosures/monthly-portfolio","",0,0,0,0,0,0,0,0,0,0,0,0,0,0,0,false,"AWAITING_MONTHLY_DISCLOSURE"
"130004","ICICI Prudential Growth Fund - Series 1 - Regular Plan - Growth","ICICI Prudential Mutual Fund","ICICI_PRUDENTIA_MF","INF109KB13R6","REGULAR","GROWTH","","SOURCE_UNAVAILABLE","AMC_MONTHLY_PORTFOLIO","https://www.icicipruamc.com/statutory-disclosures/monthly-portfolio","",0,0,0,0,0,0,0,0,0,0,0,0,0,0,0,false,"AWAITING_MONTHLY_DISCLOSURE"
"130003","ICICI Prudential Growth Fund - Series 1 - Regular Plan - Growth","ICICI Prudential Mutual Fund","ICICI_PRUDENTIA_MF","INF109KB12R8","REGULAR","GROWTH","","SOURCE_UNAVAILABLE","AMC_MONTHLY_PORTFOLIO","https://www.icicipruamc.com/statutory-disclosures/monthly-portfolio","",0,0,0,0,0,0,0,0,0,0,0,0,0,0,0,false,"AWAITING_MONTHLY_DISCLOSURE"
"130593","ICICI Prudential Growth Fund - Series 2 - Regular Plan - Growth","ICICI Prudential Mutual Fund","ICICI_PRUDENTIA_MF","INF109KC1796","REGULAR","GROWTH","","SOURCE_UNAVAILABLE","AMC_MONTHLY_PORTFOLIO","https://www.icicipruamc.com/statutory-disclosures/monthly-portfolio","",0,0,0,0,0,0,0,0,0,0,0,0,0,0,0,false,"AWAITING_MONTHLY_DISCLOSURE"
"130594","ICICI Prudential Growth Fund - Series 2 - Regular Plan - Growth","ICICI Prudential Mutual Fund","ICICI_PRUDENTIA_MF","INF109KC1804","REGULAR","GROWTH","","SOURCE_UNAVAILABLE","AMC_MONTHLY_PORTFOLIO","https://www.icicipruamc.com/statutory-disclosures/monthly-portfolio","",0,0,0,0,0,0,0,0,0,0,0,0,0,0,0,false,"AWAITING_MONTHLY_DISCLOSURE"
"131318","ICICI Prudential Growth Fund - Series 3 - Regular Plan - Growth","ICICI Prudential Mutual Fund","ICICI_PRUDENTIA_MF","INF109KA1S09","REGULAR","GROWTH","","SOURCE_UNAVAILABLE","AMC_MONTHLY_PORTFOLIO","https://www.icicipruamc.com/statutory-disclosures/monthly-portfolio","",0,0,0,0,0,0,0,0,0,0,0,0,0,0,0,false,"AWAITING_MONTHLY_DISCLOSURE"
"131317","ICICI Prudential Growth Fund - Series 3 - Regular Plan - Growth","ICICI Prudential Mutual Fund","ICICI_PRUDENTIA_MF","INF109KA1S17","REGULAR","GROWTH","","SOURCE_UNAVAILABLE","AMC_MONTHLY_PORTFOLIO","https://www.icicipruamc.com/statutory-disclosures/monthly-portfolio","",0,0,0,0,0,0,0,0,0,0,0,0,0,0,0,false,"AWAITING_MONTHLY_DISCLOSURE"
"131546","ICICI Prudential Growth Fund - Series 4 - Regular Plan - Growth","ICICI Prudential Mutual Fund","ICICI_PRUDENTIA_MF","INF109KA1Y68","REGULAR","GROWTH","","SOURCE_UNAVAILABLE","AMC_MONTHLY_PORTFOLIO","https://www.icicipruamc.com/statutory-disclosures/monthly-portfolio","",0,0,0,0,0,0,0,0,0,0,0,0,0,0,0,false,"AWAITING_MONTHLY_DISCLOSURE"
"131545","ICICI Prudential Growth Fund - Series 4 - Regular Plan - Growth","ICICI Prudential Mutual Fund","ICICI_PRUDENTIA_MF","INF109KA1Y76","REGULAR","GROWTH","","SOURCE_UNAVAILABLE","AMC_MONTHLY_PORTFOLIO","https://www.icicipruamc.com/statutory-disclosures/monthly-portfolio","",0,0,0,0,0,0,0,0,0,0,0,0,0,0,0,false,"AWAITING_MONTHLY_DISCLOSURE"
"133129","ICICI Prudential Growth Fund - Series 5 - Regular Plan - Growth","ICICI Prudential Mutual Fund","ICICI_PRUDENTIA_MF","INF109KA12K5","REGULAR","GROWTH","","SOURCE_UNAVAILABLE","AMC_MONTHLY_PORTFOLIO","https://www.icicipruamc.com/statutory-disclosures/monthly-portfolio","",0,0,0,0,0,0,0,0,0,0,0,0,0,0,0,false,"AWAITING_MONTHLY_DISCLOSURE"
"133128","ICICI Prudential Growth Fund - Series 5 - Regular Plan - Growth","ICICI Prudential Mutual Fund","ICICI_PRUDENTIA_MF","INF109KA13K3","REGULAR","GROWTH","","SOURCE_UNAVAILABLE","AMC_MONTHLY_PORTFOLIO","https://www.icicipruamc.com/statutory-disclosures/monthly-portfolio","",0,0,0,0,0,0,0,0,0,0,0,0,0,0,0,false,"AWAITING_MONTHLY_DISCLOSURE"
"133275","ICICI Prudential Growth Fund - Series 6 - Regular Plan - Growth","ICICI Prudential Mutual Fund","ICICI_PRUDENTIA_MF","INF109KA15O0","REGULAR","GROWTH","","SOURCE_UNAVAILABLE","AMC_MONTHLY_PORTFOLIO","https://www.icicipruamc.com/statutory-disclosures/monthly-portfolio","",0,0,0,0,0,0,0,0,0,0,0,0,0,0,0,false,"AWAITING_MONTHLY_DISCLOSURE"
"133274","ICICI Prudential Growth Fund - Series 6 - Regular Plan - Growth","ICICI Prudential Mutual Fund","ICICI_PRUDENTIA_MF","INF109KA14O3","REGULAR","GROWTH","","SOURCE_UNAVAILABLE","AMC_MONTHLY_PORTFOLIO","https://www.icicipruamc.com/statutory-disclosures/monthly-portfolio","",0,0,0,0,0,0,0,0,0,0,0,0,0,0,0,false,"AWAITING_MONTHLY_DISCLOSURE"
"133425","ICICI Prudential Growth Fund - Series 7 - Regular Plan - Growth","ICICI Prudential Mutual Fund","ICICI_PRUDENTIA_MF","INF109KA18P1","REGULAR","GROWTH","","SOURCE_UNAVAILABLE","AMC_MONTHLY_PORTFOLIO","https://www.icicipruamc.com/statutory-disclosures/monthly-portfolio","",0,0,0,0,0,0,0,0,0,0,0,0,0,0,0,false,"AWAITING_MONTHLY_DISCLOSURE"
"133426","ICICI Prudential Growth Fund - Series 7 - Regular Plan - Growth","ICICI Prudential Mutual Fund","ICICI_PRUDENTIA_MF","INF109KA19P9","REGULAR","GROWTH","","SOURCE_UNAVAILABLE","AMC_MONTHLY_PORTFOLIO","https://www.icicipruamc.com/statutory-disclosures/monthly-portfolio","",0,0,0,0,0,0,0,0,0,0,0,0,0,0,0,false,"AWAITING_MONTHLY_DISCLOSURE"
"133468","ICICI Prudential Growth Fund - Series 8 - Regular Plan - Growth","ICICI Prudential Mutual Fund","ICICI_PRUDENTIA_MF","INF109KA19R5","REGULAR","GROWTH","","SOURCE_UNAVAILABLE","AMC_MONTHLY_PORTFOLIO","https://www.icicipruamc.com/statutory-disclosures/monthly-portfolio","",0,0,0,0,0,0,0,0,0,0,0,0,0,0,0,false,"AWAITING_MONTHLY_DISCLOSURE"
"133467","ICICI Prudential Growth Fund - Series 8 - Regular Plan - Growth","ICICI Prudential Mutual Fund","ICICI_PRUDENTIA_MF","INF109KA10S2","REGULAR","GROWTH","","SOURCE_UNAVAILABLE","AMC_MONTHLY_PORTFOLIO","https://www.icicipruamc.com/statutory-disclosures/monthly-portfolio","",0,0,0,0,0,0,0,0,0,0,0,0,0,0,0,false,"AWAITING_MONTHLY_DISCLOSURE"
"102139","ICICI Prudential Income plus Arbitrage Omni FOF - Regular Plan - Growth","ICICI Prudential Mutual Fund","ICICI_PRUDENTIA_MF","INF109K01811","REGULAR","GROWTH","","SOURCE_UNAVAILABLE","AMC_MONTHLY_PORTFOLIO","https://www.icicipruamc.com/statutory-disclosures/monthly-portfolio","",0,0,0,0,0,0,0,0,0,0,0,0,0,0,0,false,"AWAITING_MONTHLY_DISCLOSURE"
"103149","ICICI Prudential Infrastructure Fund - Regular Plan - Growth","ICICI Prudential Mutual Fund","ICICI_PRUDENTIA_MF","INF109K01AV5","REGULAR","GROWTH","","SOURCE_UNAVAILABLE","AMC_MONTHLY_PORTFOLIO","https://www.icicipruamc.com/statutory-disclosures/monthly-portfolio","",0,0,0,0,0,0,0,0,0,0,0,0,0,0,0,false,"AWAITING_MONTHLY_DISCLOSURE"
"151579","ICICI Prudential Innovation Fund - Regular Plan - Growth","ICICI Prudential Mutual Fund","ICICI_PRUDENTIA_MF","INF109KC19S9","REGULAR","GROWTH","","SOURCE_UNAVAILABLE","AMC_MONTHLY_PORTFOLIO","https://www.icicipruamc.com/statutory-disclosures/monthly-portfolio","",0,0,0,0,0,0,0,0,0,0,0,0,0,0,0,false,"AWAITING_MONTHLY_DISCLOSURE"
"100349","ICICI Prudential Large & Mid Cap Fund - Regular Plan - Growth","ICICI Prudential Mutual Fund","ICICI_PRUDENTIA_MF","INF109K01431","REGULAR","GROWTH","","SOURCE_UNAVAILABLE","AMC_MONTHLY_PORTFOLIO","https://www.icicipruamc.com/statutory-disclosures/monthly-portfolio","",0,0,0,0,0,0,0,0,0,0,0,0,0,0,0,false,"AWAITING_MONTHLY_DISCLOSURE"
"103340","ICICI Prudential Liquid Fund - - Regular Plan - Growth","ICICI Prudential Mutual Fund","ICICI_PRUDENTIA_MF","INF109K01VQ1","REGULAR","GROWTH","","SOURCE_UNAVAILABLE","AMC_MONTHLY_PORTFOLIO","https://www.icicipruamc.com/statutory-disclosures/monthly-portfolio","",0,0,0,0,0,0,0,0,0,0,0,0,0,0,0,false,"AWAITING_MONTHLY_DISCLOSURE"
"100365","ICICI Prudential Long Term Fund - Regular Plan - Growth","ICICI Prudential Mutual Fund","ICICI_PRUDENTIA_MF","INF109K01365","REGULAR","GROWTH","","SOURCE_UNAVAILABLE","AMC_MONTHLY_PORTFOLIO","https://www.icicipruamc.com/statutory-disclosures/monthly-portfolio","",0,0,0,0,0,0,0,0,0,0,0,0,0,0,0,false,"AWAITING_MONTHLY_DISCLOSURE"
"147345","ICICI Prudential MNC Fund - Regular Plan - Growth","ICICI Prudential Mutual Fund","ICICI_PRUDENTIA_MF","INF109KC1D69","REGULAR","GROWTH","","SOURCE_UNAVAILABLE","AMC_MONTHLY_PORTFOLIO","https://www.icicipruamc.com/statutory-disclosures/monthly-portfolio","",0,0,0,0,0,0,0,0,0,0,0,0,0,0,0,false,"AWAITING_MONTHLY_DISCLOSURE"
"102741","ICICI Prudential Medium Term Fund - Regular Plan - Growth","ICICI Prudential Mutual Fund","ICICI_PRUDENTIA_MF","INF109K01AH4","REGULAR","GROWTH","","SOURCE_UNAVAILABLE","AMC_MONTHLY_PORTFOLIO","https://www.icicipruamc.com/statutory-disclosures/monthly-portfolio","",0,0,0,0,0,0,0,0,0,0,0,0,0,0,0,false,"AWAITING_MONTHLY_DISCLOSURE"
"109740","ICICI Prudential Medium to Long Term Fund - Regular Plan - Growth","ICICI Prudential Mutual Fund","ICICI_PRUDENTIA_MF","INF109K01BO8","REGULAR","GROWTH","","SOURCE_UNAVAILABLE","AMC_MONTHLY_PORTFOLIO","https://www.icicipruamc.com/statutory-disclosures/monthly-portfolio","",0,0,0,0,0,0,0,0,0,0,0,0,0,0,0,false,"AWAITING_MONTHLY_DISCLOSURE"
"102528","ICICI Prudential Mid Cap Fund - Regular Plan - Growth","ICICI Prudential Mutual Fund","ICICI_PRUDENTIA_MF","INF109K01AN2","REGULAR","GROWTH","","SOURCE_UNAVAILABLE","AMC_MONTHLY_PORTFOLIO","https://www.icicipruamc.com/statutory-disclosures/monthly-portfolio","",0,0,0,0,0,0,0,0,0,0,0,0,0,0,0,false,"AWAITING_MONTHLY_DISCLOSURE"
"103633","ICICI Prudential Money Market Fund - Cash Option - Regular Plan - Growth","ICICI Prudential Mutual Fund","ICICI_PRUDENTIA_MF","INF109K01TX1","REGULAR","GROWTH","","SOURCE_UNAVAILABLE","AMC_MONTHLY_PORTFOLIO","https://www.icicipruamc.com/statutory-disclosures/monthly-portfolio","",0,0,0,0,0,0,0,0,0,0,0,0,0,0,0,false,"AWAITING_MONTHLY_DISCLOSURE"
"101144","ICICI Prudential Multi Asset Allocation Fund - Regular Plan - Growth","ICICI Prudential Mutual Fund","ICICI_PRUDENTIA_MF","INF109K01761","REGULAR","GROWTH","","SOURCE_UNAVAILABLE","AMC_MONTHLY_PORTFOLIO","https://www.icicipruamc.com/statutory-disclosures/monthly-portfolio","",0,0,0,0,0,0,0,0,0,0,0,0,0,0,0,false,"AWAITING_MONTHLY_DISCLOSURE"
"101228","ICICI Prudential Multi Cap Fund - Regular Plan - Growth","ICICI Prudential Mutual Fund","ICICI_PRUDENTIA_MF","INF109K01613","REGULAR","GROWTH","","SOURCE_UNAVAILABLE","AMC_MONTHLY_PORTFOLIO","https://www.icicipruamc.com/statutory-disclosures/monthly-portfolio","",0,0,0,0,0,0,0,0,0,0,0,0,0,0,0,false,"AWAITING_MONTHLY_DISCLOSURE"
"102133","ICICI Prudential Multi Sector Passive FOF - Regular Plan - Growth","ICICI Prudential Mutual Fund","ICICI_PRUDENTIA_MF","INF109K01795","REGULAR","GROWTH","","SOURCE_UNAVAILABLE","AMC_MONTHLY_PORTFOLIO","https://www.icicipruamc.com/statutory-disclosures/monthly-portfolio","",0,0,0,0,0,0,0,0,0,0,0,0,0,0,0,false,"AWAITING_MONTHLY_DISCLOSURE"
"154450","ICICI Prudential Multi-Asset Active FOF - Regular Plan - Growth","ICICI Prudential Mutual Fund","ICICI_PRUDENTIA_MF","INF109K1A542","REGULAR","GROWTH","","SOURCE_UNAVAILABLE","AMC_MONTHLY_PORTFOLIO","https://www.icicipruamc.com/statutory-disclosures/monthly-portfolio","",0,0,0,0,0,0,0,0,0,0,0,0,0,0,0,false,"AWAITING_MONTHLY_DISCLOSURE"
"149218","ICICI Prudential NASDAQ 100 Index Fund - Regular Plan - Growth","ICICI Prudential Mutual Fund","ICICI_PRUDENTIA_MF","INF109KC1U27","REGULAR","GROWTH","","SOURCE_UNAVAILABLE","AMC_MONTHLY_PORTFOLIO","https://www.icicipruamc.com/statutory-disclosures/monthly-portfolio","",0,0,0,0,0,0,0,0,0,0,0,0,0,0,0,false,"AWAITING_MONTHLY_DISCLOSURE"
"148821","ICICI Prudential Nifty 100 Low Volatility 30 ETF FOF - Regular Plan - Growth","ICICI Prudential Mutual Fund","ICICI_PRUDENTIA_MF","INF109KC1P57","REGULAR","GROWTH","","SOURCE_UNAVAILABLE","AMC_MONTHLY_PORTFOLIO","https://www.icicipruamc.com/statutory-disclosures/monthly-portfolio","",0,0,0,0,0,0,0,0,0,0,0,0,0,0,0,false,"AWAITING_MONTHLY_DISCLOSURE"
"150454","ICICI Prudential Nifty 200 Momentum 30 Index Fund - Regular Plan - Growth","ICICI Prudential Mutual Fund","ICICI_PRUDENTIA_MF","INF109KC18C5","REGULAR","GROWTH","","SOURCE_UNAVAILABLE","AMC_MONTHLY_PORTFOLIO","https://www.icicipruamc.com/statutory-disclosures/monthly-portfolio","",0,0,0,0,0,0,0,0,0,0,0,0,0,0,0,false,"AWAITING_MONTHLY_DISCLOSURE"
"153162","ICICI Prudential Nifty 500 Index Fund - Regular Plan - Growth","ICICI Prudential Mutual Fund","ICICI_PRUDENTIA_MF","INF109KC13Y0","REGULAR","GROWTH","","SOURCE_UNAVAILABLE","AMC_MONTHLY_PORTFOLIO","https://www.icicipruamc.com/statutory-disclosures/monthly-portfolio","",0,0,0,0,0,0,0,0,0,0,0,0,0,0,0,false,"AWAITING_MONTHLY_DISCLOSURE"
"149157","ICICI Prudential Nifty Alpha Low - Volatility 30 ETF FOF - Regular Plan - Growth","ICICI Prudential Mutual Fund","ICICI_PRUDENTIA_MF","INF109KC1R55","REGULAR","GROWTH","","SOURCE_UNAVAILABLE","AMC_MONTHLY_PORTFOLIO","https://www.icicipruamc.com/statutory-disclosures/monthly-portfolio","",0,0,0,0,0,0,0,0,0,0,0,0,0,0,0,false,"AWAITING_MONTHLY_DISCLOSURE"
"150645","ICICI Prudential Nifty Auto Index Fund - Regular Plan - Growth","ICICI Prudential Mutual Fund","ICICI_PRUDENTIA_MF","INF109KC13J1","REGULAR","GROWTH","","SOURCE_UNAVAILABLE","AMC_MONTHLY_PORTFOLIO","https://www.icicipruamc.com/statutory-disclosures/monthly-portfolio","",0,0,0,0,0,0,0,0,0,0,0,0,0,0,0,false,"AWAITING_MONTHLY_DISCLOSURE"
"149859","ICICI Prudential Nifty Bank Index Fund - Regular Plan - Growth","ICICI Prudential Mutual Fund","ICICI_PRUDENTIA_MF","INF109KC1Z89","REGULAR","GROWTH","","SOURCE_UNAVAILABLE","AMC_MONTHLY_PORTFOLIO","https://www.icicipruamc.com/statutory-disclosures/monthly-portfolio","",0,0,0,0,0,0,0,0,0,0,0,0,0,0,0,false,"AWAITING_MONTHLY_DISCLOSURE"
"153396","ICICI Prudential Nifty EV & New Age Automotive ETF FOF - Regular Plan - Growth","ICICI Prudential Mutual Fund","ICICI_PRUDENTIA_MF","INF109K1A096","REGULAR","GROWTH","","SOURCE_UNAVAILABLE","AMC_MONTHLY_PORTFOLIO","https://www.icicipruamc.com/statutory-disclosures/monthly-portfolio","",0,0,0,0,0,0,0,0,0,0,0,0,0,0,0,false,"AWAITING_MONTHLY_DISCLOSURE"
"150732","ICICI Prudential Nifty G-Sec Dec 2030 Index Fund - Regular Plan - Growth","ICICI Prudential Mutual Fund","ICICI_PRUDENTIA_MF","INF109KC15K4","REGULAR","GROWTH","","SOURCE_UNAVAILABLE","AMC_MONTHLY_PORTFOLIO","https://www.icicipruamc.com/statutory-disclosures/monthly-portfolio","",0,0,0,0,0,0,0,0,0,0,0,0,0,0,0,false,"AWAITING_MONTHLY_DISCLOSURE"
"150466","ICICI Prudential Nifty IT Index Fund - Regular Plan - Growth","ICICI Prudential Mutual Fund","ICICI_PRUDENTIA_MF","INF109KC10E8","REGULAR","GROWTH","","SOURCE_UNAVAILABLE","AMC_MONTHLY_PORTFOLIO","https://www.icicipruamc.com/statutory-disclosures/monthly-portfolio","",0,0,0,0,0,0,0,0,0,0,0,0,0,0,0,false,"AWAITING_MONTHLY_DISCLOSURE"
"152481","ICICI Prudential Nifty LargeMidcap 250 Index Fund - Regular Plan - Growth","ICICI Prudential Mutual Fund","ICICI_PRUDENTIA_MF","INF109KC15U3","REGULAR","GROWTH","","SOURCE_UNAVAILABLE","AMC_MONTHLY_PORTFOLIO","https://www.icicipruamc.com/statutory-disclosures/monthly-portfolio","",0,0,0,0,0,0,0,0,0,0,0,0,0,0,0,false,"AWAITING_MONTHLY_DISCLOSURE"
"149390","ICICI Prudential Nifty Midcap 150 Index Fund - Regular Plan - Growth","ICICI Prudential Mutual Fund","ICICI_PRUDENTIA_MF","INF109KC1W25","REGULAR","GROWTH","","SOURCE_UNAVAILABLE","AMC_MONTHLY_PORTFOLIO","https://www.icicipruamc.com/statutory-disclosures/monthly-portfolio","",0,0,0,0,0,0,0,0,0,0,0,0,0,0,0,false,"AWAITING_MONTHLY_DISCLOSURE"
"112957","ICICI Prudential Nifty Next 50 Index Fund - Regular Plan - Growth","ICICI Prudential Mutual Fund","ICICI_PRUDENTIA_MF","INF109K01IF1","REGULAR","GROWTH","","SOURCE_UNAVAILABLE","AMC_MONTHLY_PORTFOLIO","https://www.icicipruamc.com/statutory-disclosures/monthly-portfolio","",0,0,0,0,0,0,0,0,0,0,0,0,0,0,0,false,"AWAITING_MONTHLY_DISCLOSURE"
"149208","ICICI Prudential Nifty PSU Bond Plus SDL Sep 2027 40:60 Index Fund - Regular Plan - Growth","ICICI Prudential Mutual Fund","ICICI_PRUDENTIA_MF","INF109KC1S13","REGULAR","GROWTH","","SOURCE_UNAVAILABLE","AMC_MONTHLY_PORTFOLIO","https://www.icicipruamc.com/statutory-disclosures/monthly-portfolio","",0,0,0,0,0,0,0,0,0,0,0,0,0,0,0,false,"AWAITING_MONTHLY_DISCLOSURE"
"150929","ICICI Prudential Nifty Pharma Index Fund - Regular Plan - Growth","ICICI Prudential Mutual Fund","ICICI_PRUDENTIA_MF","INF109KC18L6","REGULAR","GROWTH","","SOURCE_UNAVAILABLE","AMC_MONTHLY_PORTFOLIO","https://www.icicipruamc.com/statutory-disclosures/monthly-portfolio","",0,0,0,0,0,0,0,0,0,0,0,0,0,0,0,false,"AWAITING_MONTHLY_DISCLOSURE"
"153676","ICICI Prudential Nifty Private Bank Index Fund - Regular Plan - Growth","ICICI Prudential Mutual Fund","ICICI_PRUDENTIA_MF","INF109K1A351","REGULAR","GROWTH","","SOURCE_UNAVAILABLE","AMC_MONTHLY_PORTFOLIO","https://www.icicipruamc.com/statutory-disclosures/monthly-portfolio","",0,0,0,0,0,0,0,0,0,0,0,0,0,0,0,false,"AWAITING_MONTHLY_DISCLOSURE"
"150728","ICICI Prudential Nifty SDL Dec 2028 Index Fund - Regular Plan - Growth","ICICI Prudential Mutual Fund","ICICI_PRUDENTIA_MF","INF109KC11L1","REGULAR","GROWTH","","SOURCE_UNAVAILABLE","AMC_MONTHLY_PORTFOLIO","https://www.icicipruamc.com/statutory-disclosures/monthly-portfolio","",0,0,0,0,0,0,0,0,0,0,0,0,0,0,0,false,"AWAITING_MONTHLY_DISCLOSURE"
"151208","ICICI Prudential Nifty SDL Sep 2026 Index Fund - Regular Plan - Growth","ICICI Prudential Mutual Fund","ICICI_PRUDENTIA_MF","INF109KC10P4","REGULAR","GROWTH","","SOURCE_UNAVAILABLE","AMC_MONTHLY_PORTFOLIO","https://www.icicipruamc.com/statutory-disclosures/monthly-portfolio","",0,0,0,0,0,0,0,0,0,0,0,0,0,0,0,false,"AWAITING_MONTHLY_DISCLOSURE"
"149998","ICICI Prudential Nifty SDL Sep 2027 Index Fund - Regular Plan - Growth","ICICI Prudential Mutual Fund","ICICI_PRUDENTIA_MF","INF109KC11B2","REGULAR","GROWTH","","SOURCE_UNAVAILABLE","AMC_MONTHLY_PORTFOLIO","https://www.icicipruamc.com/statutory-disclosures/monthly-portfolio","",0,0,0,0,0,0,0,0,0,0,0,0,0,0,0,false,"AWAITING_MONTHLY_DISCLOSURE"
"149281","ICICI Prudential Nifty Smallcap 250 Index Fund - Regular Plan - Growth","ICICI Prudential Mutual Fund","ICICI_PRUDENTIA_MF","INF109KC1U84","REGULAR","GROWTH","","SOURCE_UNAVAILABLE","AMC_MONTHLY_PORTFOLIO","https://www.icicipruamc.com/statutory-disclosures/monthly-portfolio","",0,0,0,0,0,0,0,0,0,0,0,0,0,0,0,false,"AWAITING_MONTHLY_DISCLOSURE"
"153613","ICICI Prudential Nifty Top 15 Equal Weight Index Fund - Regular Plan - Growth","ICICI Prudential Mutual Fund","ICICI_PRUDENTIA_MF","INF109K1A286","REGULAR","GROWTH","","SOURCE_UNAVAILABLE","AMC_MONTHLY_PORTFOLIO","https://www.icicipruamc.com/statutory-disclosures/monthly-portfolio","",0,0,0,0,0,0,0,0,0,0,0,0,0,0,0,false,"AWAITING_MONTHLY_DISCLOSURE"
"153544","ICICI Prudential Nifty200 Quality 30 Index Fund - Regular Plan - Growth","ICICI Prudential Mutual Fund","ICICI_PRUDENTIA_MF","INF109K1A229","REGULAR","GROWTH","","SOURCE_UNAVAILABLE","AMC_MONTHLY_PORTFOLIO","https://www.icicipruamc.com/statutory-disclosures/monthly-portfolio","",0,0,0,0,0,0,0,0,0,0,0,0,0,0,0,false,"AWAITING_MONTHLY_DISCLOSURE"
"152934","ICICI Prudential Nifty200 Value 30 Index Fund - Regular Plan - Growth","ICICI Prudential Mutual Fund","ICICI_PRUDENTIA_MF","INF109KC10X8","REGULAR","GROWTH","","SOURCE_UNAVAILABLE","AMC_MONTHLY_PORTFOLIO","https://www.icicipruamc.com/statutory-disclosures/monthly-portfolio","",0,0,0,0,0,0,0,0,0,0,0,0,0,0,0,false,"AWAITING_MONTHLY_DISCLOSURE"
"150637","ICICI Prudential Nifty50 Equal Weight Index Fund- - Regular Plan - Growth","ICICI Prudential Mutual Fund","ICICI_PRUDENTIA_MF","INF109KC17I4","REGULAR","GROWTH","","SOURCE_UNAVAILABLE","AMC_MONTHLY_PORTFOLIO","https://www.icicipruamc.com/statutory-disclosures/monthly-portfolio","",0,0,0,0,0,0,0,0,0,0,0,0,0,0,0,false,"AWAITING_MONTHLY_DISCLOSURE"
"152366","ICICI Prudential Nifty50 Value 20 Index Fund - Regular Plan - Growth","ICICI Prudential Mutual Fund","ICICI_PRUDENTIA_MF","INF109KC19T7","REGULAR","GROWTH","","SOURCE_UNAVAILABLE","AMC_MONTHLY_PORTFOLIO","https://www.icicipruamc.com/statutory-disclosures/monthly-portfolio","",0,0,0,0,0,0,0,0,0,0,0,0,0,0,0,false,"AWAITING_MONTHLY_DISCLOSURE"
"145535","ICICI Prudential Overnight Fund - Regular Plan - Growth","ICICI Prudential Mutual Fund","ICICI_PRUDENTIA_MF","INF109KC17E3","REGULAR","GROWTH","","SOURCE_UNAVAILABLE","AMC_MONTHLY_PORTFOLIO","https://www.icicipruamc.com/statutory-disclosures/monthly-portfolio","",0,0,0,0,0,0,0,0,0,0,0,0,0,0,0,false,"AWAITING_MONTHLY_DISCLOSURE"
"149439","ICICI Prudential Passive Multi-Asset Fund of Funds - Regular Plan - Growth","ICICI Prudential Mutual Fund","ICICI_PRUDENTIA_MF","INF109KC1X81","REGULAR","GROWTH","","SOURCE_UNAVAILABLE","AMC_MONTHLY_PORTFOLIO","https://www.icicipruamc.com/statutory-disclosures/monthly-portfolio","",0,0,0,0,0,0,0,0,0,0,0,0,0,0,0,false,"AWAITING_MONTHLY_DISCLOSURE"
"148598","ICICI Prudential QUANT FUND - Regular Plan - Growth","ICICI Prudential Mutual Fund","ICICI_PRUDENTIA_MF","INF109KC1O33","REGULAR","GROWTH","","SOURCE_UNAVAILABLE","AMC_MONTHLY_PORTFOLIO","https://www.icicipruamc.com/statutory-disclosures/monthly-portfolio","",0,0,0,0,0,0,0,0,0,0,0,0,0,0,0,false,"AWAITING_MONTHLY_DISCLOSURE"
"153459","ICICI Prudential Quality Fund - Regular Plan - Growth","ICICI Prudential Mutual Fund","ICICI_PRUDENTIA_MF","INF109K1A211","REGULAR","GROWTH","","SOURCE_UNAVAILABLE","AMC_MONTHLY_PORTFOLIO","https://www.icicipruamc.com/statutory-disclosures/monthly-portfolio","",0,0,0,0,0,0,0,0,0,0,0,0,0,0,0,false,"AWAITING_MONTHLY_DISCLOSURE"
"146722","ICICI Prudential Retirement Fund Hybrid Aggressive Plan - Regular Plan - Growth","ICICI Prudential Mutual Fund","ICICI_PRUDENTIA_MF","INF109KC1TU8","REGULAR","GROWTH","","SOURCE_UNAVAILABLE","AMC_MONTHLY_PORTFOLIO","https://www.icicipruamc.com/statutory-disclosures/monthly-portfolio","",0,0,0,0,0,0,0,0,0,0,0,0,0,0,0,false,"AWAITING_MONTHLY_DISCLOSURE"
"146717","ICICI Prudential Retirement Fund Hybrid Conservative Plan - Regular Plan - Growth","ICICI Prudential Mutual Fund","ICICI_PRUDENTIA_MF","INF109KC1TY0","REGULAR","GROWTH","","SOURCE_UNAVAILABLE","AMC_MONTHLY_PORTFOLIO","https://www.icicipruamc.com/statutory-disclosures/monthly-portfolio","",0,0,0,0,0,0,0,0,0,0,0,0,0,0,0,false,"AWAITING_MONTHLY_DISCLOSURE"
"146726","ICICI Prudential Retirement Fund Pure Debt Plan - Regular Plan - Growth","ICICI Prudential Mutual Fund","ICICI_PRUDENTIA_MF","INF109KC1UC4","REGULAR","GROWTH","","SOURCE_UNAVAILABLE","AMC_MONTHLY_PORTFOLIO","https://www.icicipruamc.com/statutory-disclosures/monthly-portfolio","",0,0,0,0,0,0,0,0,0,0,0,0,0,0,0,false,"AWAITING_MONTHLY_DISCLOSURE"
"146346","ICICI Prudential Retirement Fund Pure Equity Plan - Regular Plan - Growth","ICICI Prudential Mutual Fund","ICICI_PRUDENTIA_MF","INF109KC1TQ6","REGULAR","GROWTH","","SOURCE_UNAVAILABLE","AMC_MONTHLY_PORTFOLIO","https://www.icicipruamc.com/statutory-disclosures/monthly-portfolio","",0,0,0,0,0,0,0,0,0,0,0,0,0,0,0,false,"AWAITING_MONTHLY_DISCLOSURE"
"153181","ICICI Prudential Rural Opportunities Fund - Regular Plan - Growth","ICICI Prudential Mutual Fund","ICICI_PRUDENTIA_MF","INF109KC19Y7","REGULAR","GROWTH","","SOURCE_UNAVAILABLE","AMC_MONTHLY_PORTFOLIO","https://www.icicipruamc.com/statutory-disclosures/monthly-portfolio","",0,0,0,0,0,0,0,0,0,0,0,0,0,0,0,false,"AWAITING_MONTHLY_DISCLOSURE"
"101758","ICICI Prudential Short Term Fund - Regular Plan - Growth","ICICI Prudential Mutual Fund","ICICI_PRUDENTIA_MF","INF109K01654","REGULAR","GROWTH","","SOURCE_UNAVAILABLE","AMC_MONTHLY_PORTFOLIO","https://www.icicipruamc.com/statutory-disclosures/monthly-portfolio","",0,0,0,0,0,0,0,0,0,0,0,0,0,0,0,false,"AWAITING_MONTHLY_DISCLOSURE"
"149777","ICICI Prudential Silver ETF FOF - Regular Plan - Growth","ICICI Prudential Mutual Fund","ICICI_PRUDENTIA_MF","INF109KC1Y64","REGULAR","GROWTH","","SOURCE_UNAVAILABLE","AMC_MONTHLY_PORTFOLIO","https://www.icicipruamc.com/statutory-disclosures/monthly-portfolio","",0,0,0,0,0,0,0,0,0,0,0,0,0,0,0,false,"AWAITING_MONTHLY_DISCLOSURE"
"106823","ICICI Prudential Small Cap Fund - Regular Plan - Growth","ICICI Prudential Mutual Fund","ICICI_PRUDENTIA_MF","INF109K01BI0","REGULAR","GROWTH","","SOURCE_UNAVAILABLE","AMC_MONTHLY_PORTFOLIO","https://www.icicipruamc.com/statutory-disclosures/monthly-portfolio","",0,0,0,0,0,0,0,0,0,0,0,0,0,0,0,false,"AWAITING_MONTHLY_DISCLOSURE"
"149456","ICICI Prudential Strategic Metal and Energy Equity Fund of Fund - Regular Plan - Growth","ICICI Prudential Mutual Fund","ICICI_PRUDENTIA_MF","INF109KC1Z22","REGULAR","GROWTH","","SOURCE_UNAVAILABLE","AMC_MONTHLY_PORTFOLIO","https://www.icicipruamc.com/statutory-disclosures/monthly-portfolio","",0,0,0,0,0,0,0,0,0,0,0,0,0,0,0,false,"AWAITING_MONTHLY_DISCLOSURE"
"100363","ICICI Prudential Technology Fund - Regular Plan - Growth","ICICI Prudential Mutual Fund","ICICI_PRUDENTIA_MF","INF109K01506","REGULAR","GROWTH","","SOURCE_UNAVAILABLE","AMC_MONTHLY_PORTFOLIO","https://www.icicipruamc.com/statutory-disclosures/monthly-portfolio","",0,0,0,0,0,0,0,0,0,0,0,0,0,0,0,false,"AWAITING_MONTHLY_DISCLOSURE"
"117620","ICICI Prudential US Bluechip Equity Fund - Regular Plan - Growth","ICICI Prudential Mutual Fund","ICICI_PRUDENTIA_MF","INF109K01E35","REGULAR","GROWTH","","SOURCE_UNAVAILABLE","AMC_MONTHLY_PORTFOLIO","https://www.icicipruamc.com/statutory-disclosures/monthly-portfolio","",0,0,0,0,0,0,0,0,0,0,0,0,0,0,0,false,"AWAITING_MONTHLY_DISCLOSURE"
"115092","ICICI Prudential Ultra Short term Fund - Regular Plan - Growth","ICICI Prudential Mutual Fund","ICICI_PRUDENTIA_MF","INF109K01TP7","REGULAR","GROWTH","","SOURCE_UNAVAILABLE","AMC_MONTHLY_PORTFOLIO","https://www.icicipruamc.com/statutory-disclosures/monthly-portfolio","",0,0,0,0,0,0,0,0,0,0,0,0,0,0,0,false,"AWAITING_MONTHLY_DISCLOSURE"
"101619","ICICI Prudential Ultra Short to Short Term Fund - Regular Plan - Growth","ICICI Prudential Mutual Fund","ICICI_PRUDENTIA_MF","INF109K01746","REGULAR","GROWTH","","SOURCE_UNAVAILABLE","AMC_MONTHLY_PORTFOLIO","https://www.icicipruamc.com/statutory-disclosures/monthly-portfolio","",0,0,0,0,0,0,0,0,0,0,0,0,0,0,0,false,"AWAITING_MONTHLY_DISCLOSURE"
"102594","ICICI Prudential Value Fund (erstwhile Value Discovery Fund) - Regular Plan - Growth","ICICI Prudential Mutual Fund","ICICI_PRUDENTIA_MF","INF109K01AF8","REGULAR","GROWTH","","SOURCE_UNAVAILABLE","AMC_MONTHLY_PORTFOLIO","https://www.icicipruamc.com/statutory-disclosures/monthly-portfolio","",0,0,0,0,0,0,0,0,0,0,0,0,0,0,0,false,"AWAITING_MONTHLY_DISCLOSURE"
"108466","ICICI Prudential Large Cap Fund - Regular Plan - Growth","ICICI Prudential Mutual Fund","ICICI_PRU_MF","INF109K01BL4","REGULAR","GROWTH","2026-09-30","COMPLETE_VERIFIED","AMC_MONTHLY_PORTFOLIO","https://www.icicipruamc.com/statutory-disclosures/monthly-portfolio","ccdd4b89eddbffd7ac090ad617d03a624da6ade85ea93e678f2c7619f78b7165",64,64,64,64,10,64,0,0,0,0,0,0,0,0,0,false,"PARSED_AND_VERIFIED"
"149960","Invesco India - Invesco EQQQ Nasdaq-100 ETF Fund of Fund - Regular Plan - Growth","Invesco Mutual Fund","INVESCO_MF","INF205KA1577","REGULAR","GROWTH","","SOURCE_UNAVAILABLE","AMC_MONTHLY_PORTFOLIO","https://www.invescomutualfund.com/statutory-disclosures/monthly-portfolio","",0,0,0,0,0,0,0,0,0,0,0,0,0,0,0,false,"AWAITING_MONTHLY_DISCLOSURE"
"148613","Invesco India - Invesco Global Consumer Trends Fund of Fund - Regular Plan - Growth","Invesco Mutual Fund","INVESCO_MF","INF205KA1247","REGULAR","GROWTH","","SOURCE_UNAVAILABLE","AMC_MONTHLY_PORTFOLIO","https://www.invescomutualfund.com/statutory-disclosures/monthly-portfolio","",0,0,0,0,0,0,0,0,0,0,0,0,0,0,0,false,"AWAITING_MONTHLY_DISCLOSURE"
"129187","Invesco India - Invesco Global Equity Income Fund of Fund - Regular Plan - Growth","Invesco Mutual Fund","INVESCO_MF","INF205K01B15","REGULAR","GROWTH","","SOURCE_UNAVAILABLE","AMC_MONTHLY_PORTFOLIO","https://www.invescomutualfund.com/statutory-disclosures/monthly-portfolio","",0,0,0,0,0,0,0,0,0,0,0,0,0,0,0,false,"AWAITING_MONTHLY_DISCLOSURE"
"126351","Invesco India - Invesco Pan European Equity Fund of Fund - Regular Plan - Growth","Invesco Mutual Fund","INVESCO_MF","INF205K01ZZ9","REGULAR","GROWTH","","SOURCE_UNAVAILABLE","AMC_MONTHLY_PORTFOLIO","https://www.invescomutualfund.com/statutory-disclosures/monthly-portfolio","",0,0,0,0,0,0,0,0,0,0,0,0,0,0,0,false,"AWAITING_MONTHLY_DISCLOSURE"
"143536","Invesco India Aggressive Hybrid Fund - Regular Plan - Growth","Invesco Mutual Fund","INVESCO_MF","INF205K011Q3","REGULAR","GROWTH","","SOURCE_UNAVAILABLE","AMC_MONTHLY_PORTFOLIO","https://www.invescomutualfund.com/statutory-disclosures/monthly-portfolio","",0,0,0,0,0,0,0,0,0,0,0,0,0,0,0,false,"AWAITING_MONTHLY_DISCLOSURE"
"105603","Invesco India Arbitrage Fund - Regular Plan - Growth","Invesco Mutual Fund","INVESCO_MF","INF205K01122","REGULAR","GROWTH","","SOURCE_UNAVAILABLE","AMC_MONTHLY_PORTFOLIO","https://www.invescomutualfund.com/statutory-disclosures/monthly-portfolio","",0,0,0,0,0,0,0,0,0,0,0,0,0,0,0,false,"AWAITING_MONTHLY_DISCLOSURE"
"154537","Invesco India BSE Sensex ETF - Regular Plan - Growth","Invesco Mutual Fund","INVESCO_MF","INF205KA1CA1","REGULAR","GROWTH","","SOURCE_UNAVAILABLE","AMC_MONTHLY_PORTFOLIO","https://www.invescomutualfund.com/statutory-disclosures/monthly-portfolio","",0,0,0,0,0,0,0,0,0,0,0,0,0,0,0,false,"AWAITING_MONTHLY_DISCLOSURE"
"154342","Invesco India BSE Sensex Index Fund - Regular Plan - Growth","Invesco Mutual Fund","INVESCO_MF","INF205KA1BL0","REGULAR","GROWTH","","SOURCE_UNAVAILABLE","AMC_MONTHLY_PORTFOLIO","https://www.invescomutualfund.com/statutory-disclosures/monthly-portfolio","",0,0,0,0,0,0,0,0,0,0,0,0,0,0,0,false,"AWAITING_MONTHLY_DISCLOSURE"
"106317","Invesco India Balanced Advantage Fund - Regular Plan - Growth","Invesco Mutual Fund","INVESCO_MF","INF205K01213","REGULAR","GROWTH","","SOURCE_UNAVAILABLE","AMC_MONTHLY_PORTFOLIO","https://www.invescomutualfund.com/statutory-disclosures/monthly-portfolio","",0,0,0,0,0,0,0,0,0,0,0,0,0,0,0,false,"AWAITING_MONTHLY_DISCLOSURE"
"118232","Invesco India Banking and PSU Debt Fund - Regular Plan - Growth","Invesco Mutual Fund","INVESCO_MF","INF205K01JV2","REGULAR","GROWTH","","SOURCE_UNAVAILABLE","AMC_MONTHLY_PORTFOLIO","https://www.invescomutualfund.com/statutory-disclosures/monthly-portfolio","",0,0,0,0,0,0,0,0,0,0,0,0,0,0,0,false,"AWAITING_MONTHLY_DISCLOSURE"
"153288","Invesco India Business Cycle Fund - Regular Plan - Growth","Invesco Mutual Fund","INVESCO_MF","INF205KA1AF4","REGULAR","GROWTH","","SOURCE_UNAVAILABLE","AMC_MONTHLY_PORTFOLIO","https://www.invescomutualfund.com/statutory-disclosures/monthly-portfolio","",0,0,0,0,0,0,0,0,0,0,0,0,0,0,0,false,"AWAITING_MONTHLY_DISCLOSURE"
"153902","Invesco India Consumption Fund - Regular Plan - Growth","Invesco Mutual Fund","INVESCO_MF","INF205KA1BF2","REGULAR","GROWTH","","SOURCE_UNAVAILABLE","AMC_MONTHLY_PORTFOLIO","https://www.invescomutualfund.com/statutory-disclosures/monthly-portfolio","",0,0,0,0,0,0,0,0,0,0,0,0,0,0,0,false,"AWAITING_MONTHLY_DISCLOSURE"
"105460","Invesco India Contra Fund - Regular Plan - Growth","Invesco Mutual Fund","INVESCO_MF","INF205K01189","REGULAR","GROWTH","","SOURCE_UNAVAILABLE","AMC_MONTHLY_PORTFOLIO","https://www.invescomutualfund.com/statutory-disclosures/monthly-portfolio","",0,0,0,0,0,0,0,0,0,0,0,0,0,0,0,false,"AWAITING_MONTHLY_DISCLOSURE"
"106177","Invesco India Corporate Bond Fund - Regular Plan - Growth","Invesco Mutual Fund","INVESCO_MF","INF205K01RM4","REGULAR","GROWTH","","SOURCE_UNAVAILABLE","AMC_MONTHLY_PORTFOLIO","https://www.invescomutualfund.com/statutory-disclosures/monthly-portfolio","",0,0,0,0,0,0,0,0,0,0,0,0,0,0,0,false,"AWAITING_MONTHLY_DISCLOSURE"
"130721","Invesco India Credit Risk Fund - Regular Plan - Growth","Invesco Mutual Fund","INVESCO_MF","INF205K01I34","REGULAR","GROWTH","","SOURCE_UNAVAILABLE","AMC_MONTHLY_PORTFOLIO","https://www.invescomutualfund.com/statutory-disclosures/monthly-portfolio","",0,0,0,0,0,0,0,0,0,0,0,0,0,0,0,false,"AWAITING_MONTHLY_DISCLOSURE"
"104636","Invesco India ELSS Tax Saver Fund - Regular Plan - Growth","Invesco Mutual Fund","INVESCO_MF","INF205K01270","REGULAR","GROWTH","","SOURCE_UNAVAILABLE","AMC_MONTHLY_PORTFOLIO","https://www.invescomutualfund.com/statutory-disclosures/monthly-portfolio","",0,0,0,0,0,0,0,0,0,0,0,0,0,0,0,false,"AWAITING_MONTHLY_DISCLOSURE"
"148753","Invesco India ESG Integration Strategy Fund - Regular Plan - Growth","Invesco Mutual Fund","INVESCO_MF","INF205KA1304","REGULAR","GROWTH","","SOURCE_UNAVAILABLE","AMC_MONTHLY_PORTFOLIO","https://www.invescomutualfund.com/statutory-disclosures/monthly-portfolio","",0,0,0,0,0,0,0,0,0,0,0,0,0,0,0,false,"AWAITING_MONTHLY_DISCLOSURE"
"146456","Invesco India Equity Savings Fund - Regular Plan - Growth","Invesco Mutual Fund","INVESCO_MF","INF205KA1023","REGULAR","GROWTH","","SOURCE_UNAVAILABLE","AMC_MONTHLY_PORTFOLIO","https://www.invescomutualfund.com/statutory-disclosures/monthly-portfolio","",0,0,0,0,0,0,0,0,0,0,0,0,0,0,0,false,"AWAITING_MONTHLY_DISCLOSURE"
"108378","Invesco India Financial Services Fund - Regular Plan - Growth","Invesco Mutual Fund","INVESCO_MF","INF205K01155","REGULAR","GROWTH","","SOURCE_UNAVAILABLE","AMC_MONTHLY_PORTFOLIO","https://www.invescomutualfund.com/statutory-disclosures/monthly-portfolio","",0,0,0,0,0,0,0,0,0,0,0,0,0,0,0,false,"AWAITING_MONTHLY_DISCLOSURE"
"149766","Invesco India Flexi Cap Fund - Regular Plan - Growth","Invesco Mutual Fund","INVESCO_MF","INF205KA1460","REGULAR","GROWTH","","SOURCE_UNAVAILABLE","AMC_MONTHLY_PORTFOLIO","https://www.invescomutualfund.com/statutory-disclosures/monthly-portfolio","",0,0,0,0,0,0,0,0,0,0,0,0,0,0,0,false,"AWAITING_MONTHLY_DISCLOSURE"
"148483","Invesco India Focused Fund - Regular Plan - Growth","Invesco Mutual Fund","INVESCO_MF","INF205KA1189","REGULAR","GROWTH","","SOURCE_UNAVAILABLE","AMC_MONTHLY_PORTFOLIO","https://www.invescomutualfund.com/statutory-disclosures/monthly-portfolio","",0,0,0,0,0,0,0,0,0,0,0,0,0,0,0,false,"AWAITING_MONTHLY_DISCLOSURE"
"107477","Invesco India Gilt Fund - Regular Plan - Growth","Invesco Mutual Fund","INVESCO_MF","INF205K01SR1","REGULAR","GROWTH","","SOURCE_UNAVAILABLE","AMC_MONTHLY_PORTFOLIO","https://www.invescomutualfund.com/statutory-disclosures/monthly-portfolio","",0,0,0,0,0,0,0,0,0,0,0,0,0,0,0,false,"AWAITING_MONTHLY_DISCLOSURE"
"116077","Invesco India Gold ETF Fund of Fund - Regular Plan - Growth","Invesco Mutual Fund","INVESCO_MF","INF205K01FA4","REGULAR","GROWTH","","SOURCE_UNAVAILABLE","AMC_MONTHLY_PORTFOLIO","https://www.invescomutualfund.com/statutory-disclosures/monthly-portfolio","",0,0,0,0,0,0,0,0,0,0,0,0,0,0,0,false,"AWAITING_MONTHLY_DISCLOSURE"
"112368","Invesco India Gold Exchange Traded Fund - Regular Plan - Growth","Invesco Mutual Fund","INVESCO_MF","INF205KA1BP1","REGULAR","GROWTH","","SOURCE_UNAVAILABLE","AMC_MONTHLY_PORTFOLIO","https://www.invescomutualfund.com/statutory-disclosures/monthly-portfolio","",0,0,0,0,0,0,0,0,0,0,0,0,0,0,0,false,"AWAITING_MONTHLY_DISCLOSURE"
"153695","Invesco India Income Plus Arbitrage Active Fund of Fund - Regular Plan - Growth","Invesco Mutual Fund","INVESCO_MF","INF205KA1AX7","REGULAR","GROWTH","","SOURCE_UNAVAILABLE","AMC_MONTHLY_PORTFOLIO","https://www.invescomutualfund.com/statutory-disclosures/monthly-portfolio","",0,0,0,0,0,0,0,0,0,0,0,0,0,0,0,false,"AWAITING_MONTHLY_DISCLOSURE"
"106654","Invesco India Infrastructure Fund - Regular Plan - Growth","Invesco Mutual Fund","INVESCO_MF","INF205K01CD5","REGULAR","GROWTH","","SOURCE_UNAVAILABLE","AMC_MONTHLY_PORTFOLIO","https://www.invescomutualfund.com/statutory-disclosures/monthly-portfolio","",0,0,0,0,0,0,0,0,0,0,0,0,0,0,0,false,"AWAITING_MONTHLY_DISCLOSURE"
"106144","Invesco India Large & Mid Cap Fund - Regular Plan - Growth","Invesco Mutual Fund","INVESCO_MF","INF205K01247","REGULAR","GROWTH","","SOURCE_UNAVAILABLE","AMC_MONTHLY_PORTFOLIO","https://www.invescomutualfund.com/statutory-disclosures/monthly-portfolio","",0,0,0,0,0,0,0,0,0,0,0,0,0,0,0,false,"AWAITING_MONTHLY_DISCLOSURE"
"112098","Invesco India Large Cap Fund - Regular Plan - Growth","Invesco Mutual Fund","INVESCO_MF","INF205K01304","REGULAR","GROWTH","","SOURCE_UNAVAILABLE","AMC_MONTHLY_PORTFOLIO","https://www.invescomutualfund.com/statutory-disclosures/monthly-portfolio","",0,0,0,0,0,0,0,0,0,0,0,0,0,0,0,false,"AWAITING_MONTHLY_DISCLOSURE"
"104488","Invesco India Liquid Fund - Regular Plan - Growth","Invesco Mutual Fund","INVESCO_MF","INF205K01HG7","REGULAR","GROWTH","","SOURCE_UNAVAILABLE","AMC_MONTHLY_PORTFOLIO","https://www.invescomutualfund.com/statutory-disclosures/monthly-portfolio","",0,0,0,0,0,0,0,0,0,0,0,0,0,0,0,false,"AWAITING_MONTHLY_DISCLOSURE"
"104486","Invesco India Liquid Fund - Regular Plan - Growth","Invesco Mutual Fund","INVESCO_MF","INF205K01HM5","REGULAR","GROWTH","","SOURCE_UNAVAILABLE","AMC_MONTHLY_PORTFOLIO","https://www.invescomutualfund.com/statutory-disclosures/monthly-portfolio","",0,0,0,0,0,0,0,0,0,0,0,0,0,0,0,false,"AWAITING_MONTHLY_DISCLOSURE"
"152758","Invesco India Manufacturing Fund - Regular Plan - Growth","Invesco Mutual Fund","INVESCO_MF","INF205KA1874","REGULAR","GROWTH","","SOURCE_UNAVAILABLE","AMC_MONTHLY_PORTFOLIO","https://www.invescomutualfund.com/statutory-disclosures/monthly-portfolio","",0,0,0,0,0,0,0,0,0,0,0,0,0,0,0,false,"AWAITING_MONTHLY_DISCLOSURE"
"149012","Invesco India Medium Term Fund - Regular Plan - Growth","Invesco Mutual Fund","INVESCO_MF","INF205KA1379","REGULAR","GROWTH","","SOURCE_UNAVAILABLE","AMC_MONTHLY_PORTFOLIO","https://www.invescomutualfund.com/statutory-disclosures/monthly-portfolio","",0,0,0,0,0,0,0,0,0,0,0,0,0,0,0,false,"AWAITING_MONTHLY_DISCLOSURE"
"105503","Invesco India Mid Cap Fund - Regular Plan - Growth","Invesco Mutual Fund","INVESCO_MF","INF205K01BC9","REGULAR","GROWTH","","SOURCE_UNAVAILABLE","AMC_MONTHLY_PORTFOLIO","https://www.invescomutualfund.com/statutory-disclosures/monthly-portfolio","",0,0,0,0,0,0,0,0,0,0,0,0,0,0,0,false,"AWAITING_MONTHLY_DISCLOSURE"
"112120","Invesco India Money Market Fund - Regular Plan - Growth","Invesco Mutual Fund","INVESCO_MF","INF205K01SG4","REGULAR","GROWTH","","SOURCE_UNAVAILABLE","AMC_MONTHLY_PORTFOLIO","https://www.invescomutualfund.com/statutory-disclosures/monthly-portfolio","",0,0,0,0,0,0,0,0,0,0,0,0,0,0,0,false,"AWAITING_MONTHLY_DISCLOSURE"
"112123","Invesco India Money Market Fund - Regular Plan - Growth","Invesco Mutual Fund","INVESCO_MF","INF205K01SD1","REGULAR","GROWTH","","SOURCE_UNAVAILABLE","AMC_MONTHLY_PORTFOLIO","https://www.invescomutualfund.com/statutory-disclosures/monthly-portfolio","",0,0,0,0,0,0,0,0,0,0,0,0,0,0,0,false,"AWAITING_MONTHLY_DISCLOSURE"
"153046","Invesco India Multi Asset Allocation Fund - Regular Plan - Growth","Invesco Mutual Fund","INVESCO_MF","INF205KA1999","REGULAR","GROWTH","","SOURCE_UNAVAILABLE","AMC_MONTHLY_PORTFOLIO","https://www.invescomutualfund.com/statutory-disclosures/monthly-portfolio","",0,0,0,0,0,0,0,0,0,0,0,0,0,0,0,false,"AWAITING_MONTHLY_DISCLOSURE"
"107353","Invesco India Multi Cap Fund - Regular Plan - Growth","Invesco Mutual Fund","INVESCO_MF","INF205K01DN2","REGULAR","GROWTH","","SOURCE_UNAVAILABLE","AMC_MONTHLY_PORTFOLIO","https://www.invescomutualfund.com/statutory-disclosures/monthly-portfolio","",0,0,0,0,0,0,0,0,0,0,0,0,0,0,0,false,"AWAITING_MONTHLY_DISCLOSURE"
"115284","Invesco India Nifty 50 Exchange Traded Fund - Regular Plan - Growth","Invesco Mutual Fund","INVESCO_MF","INF205KA1CC7","REGULAR","GROWTH","","SOURCE_UNAVAILABLE","AMC_MONTHLY_PORTFOLIO","https://www.invescomutualfund.com/statutory-disclosures/monthly-portfolio","",0,0,0,0,0,0,0,0,0,0,0,0,0,0,0,false,"AWAITING_MONTHLY_DISCLOSURE"
"154536","Invesco India Nifty Bank ETF - Regular Plan - Growth","Invesco Mutual Fund","INVESCO_MF","INF205KA1CB9","REGULAR","GROWTH","","SOURCE_UNAVAILABLE","AMC_MONTHLY_PORTFOLIO","https://www.invescomutualfund.com/statutory-disclosures/monthly-portfolio","",0,0,0,0,0,0,0,0,0,0,0,0,0,0,0,false,"AWAITING_MONTHLY_DISCLOSURE"
"154344","Invesco India Nifty Bank Index Fund - Regular Plan - Growth","Invesco Mutual Fund","INVESCO_MF","INF205KA1BN6","REGULAR","GROWTH","","SOURCE_UNAVAILABLE","AMC_MONTHLY_PORTFOLIO","https://www.invescomutualfund.com/statutory-disclosures/monthly-portfolio","",0,0,0,0,0,0,0,0,0,0,0,0,0,0,0,false,"AWAITING_MONTHLY_DISCLOSURE"
"151590","Invesco India Nifty G-sec Jul 2027 Index Fund - Regular Plan - Growth","Invesco Mutual Fund","INVESCO_MF","INF205KA1759","REGULAR","GROWTH","","SOURCE_UNAVAILABLE","AMC_MONTHLY_PORTFOLIO","https://www.invescomutualfund.com/statutory-disclosures/monthly-portfolio","",0,0,0,0,0,0,0,0,0,0,0,0,0,0,0,false,"AWAITING_MONTHLY_DISCLOSURE"
"151594","Invesco India Nifty G-sec Sep 2032 Index Fund - Regular Plan - Growth","Invesco Mutual Fund","INVESCO_MF","INF205KA1791","REGULAR","GROWTH","","SOURCE_UNAVAILABLE","AMC_MONTHLY_PORTFOLIO","https://www.invescomutualfund.com/statutory-disclosures/monthly-portfolio","",0,0,0,0,0,0,0,0,0,0,0,0,0,0,0,false,"AWAITING_MONTHLY_DISCLOSURE"
"147878","Invesco India Overnight Fund - Regular Plan - Growth","Invesco Mutual Fund","INVESCO_MF","INF205KA1114","REGULAR","GROWTH","","SOURCE_UNAVAILABLE","AMC_MONTHLY_PORTFOLIO","https://www.invescomutualfund.com/statutory-disclosures/monthly-portfolio","",0,0,0,0,0,0,0,0,0,0,0,0,0,0,0,false,"AWAITING_MONTHLY_DISCLOSURE"
"112171","Invesco India PSU Equity Fund - Regular Plan - Growth","Invesco Mutual Fund","INVESCO_MF","INF205K01338","REGULAR","GROWTH","","SOURCE_UNAVAILABLE","AMC_MONTHLY_PORTFOLIO","https://www.invescomutualfund.com/statutory-disclosures/monthly-portfolio","",0,0,0,0,0,0,0,0,0,0,0,0,0,0,0,false,"AWAITING_MONTHLY_DISCLOSURE"
"154545","Invesco India Pharma and Healthcare Fund - Regular Plan - Growth","Invesco Mutual Fund","INVESCO_MF","INF205KA1BU1","REGULAR","GROWTH","","SOURCE_UNAVAILABLE","AMC_MONTHLY_PORTFOLIO","https://www.invescomutualfund.com/statutory-disclosures/monthly-portfolio","",0,0,0,0,0,0,0,0,0,0,0,0,0,0,0,false,"AWAITING_MONTHLY_DISCLOSURE"
"105189","Invesco India Short Term Fund - Regular Plan - Growth","Invesco Mutual Fund","INVESCO_MF","INF205K01UR7","REGULAR","GROWTH","","SOURCE_UNAVAILABLE","AMC_MONTHLY_PORTFOLIO","https://www.invescomutualfund.com/statutory-disclosures/monthly-portfolio","",0,0,0,0,0,0,0,0,0,0,0,0,0,0,0,false,"AWAITING_MONTHLY_DISCLOSURE"
"105185","Invesco India Short Term Fund - Regular Plan - Growth","Invesco Mutual Fund","INVESCO_MF","INF205K01UN6","REGULAR","GROWTH","","SOURCE_UNAVAILABLE","AMC_MONTHLY_PORTFOLIO","https://www.invescomutualfund.com/statutory-disclosures/monthly-portfolio","",0,0,0,0,0,0,0,0,0,0,0,0,0,0,0,false,"AWAITING_MONTHLY_DISCLOSURE"
"145139","Invesco India Small Cap Fund - Regular Plan - Growth","Invesco Mutual Fund","INVESCO_MF","INF205K011T7","REGULAR","GROWTH","2026-09-30","COMPLETE_VERIFIED","AMC_MONTHLY_PORTFOLIO","https://www.invescomutualfund.com/statutory-disclosures/monthly-portfolio","9b4c4d622651564a7a4d7c98f584dd7ba91e522f328ee8bcc4f4e233d56d8409",72,72,72,72,10,68,1,0,2,1,0,0,0,0,0,false,"PARSED_AND_VERIFIED"
"152862","Invesco India Technology Fund - Regular Plan - Growth","Invesco Mutual Fund","INVESCO_MF","INF205KA1932","REGULAR","GROWTH","","SOURCE_UNAVAILABLE","AMC_MONTHLY_PORTFOLIO","https://www.invescomutualfund.com/statutory-disclosures/monthly-portfolio","",0,0,0,0,0,0,0,0,0,0,0,0,0,0,0,false,"AWAITING_MONTHLY_DISCLOSURE"
"114359","Invesco India Ultra Short Term Fund - Regular Plan - Growth","Invesco Mutual Fund","INVESCO_MF","INF205K01TM0","REGULAR","GROWTH","","SOURCE_UNAVAILABLE","AMC_MONTHLY_PORTFOLIO","https://www.invescomutualfund.com/statutory-disclosures/monthly-portfolio","",0,0,0,0,0,0,0,0,0,0,0,0,0,0,0,false,"AWAITING_MONTHLY_DISCLOSURE"
"104726","Invesco India Ultra Short to Short Term Fund - Regular Plan - Growth","Invesco Mutual Fund","INVESCO_MF","INF205K01HY0","REGULAR","GROWTH","","SOURCE_UNAVAILABLE","AMC_MONTHLY_PORTFOLIO","https://www.invescomutualfund.com/statutory-disclosures/monthly-portfolio","",0,0,0,0,0,0,0,0,0,0,0,0,0,0,0,false,"AWAITING_MONTHLY_DISCLOSURE"
"104728","Invesco India Ultra Short to Short Term Fund - Regular Plan - Growth","Invesco Mutual Fund","INVESCO_MF","INF205K01HT0","REGULAR","GROWTH","","SOURCE_UNAVAILABLE","AMC_MONTHLY_PORTFOLIO","https://www.invescomutualfund.com/statutory-disclosures/monthly-portfolio","",0,0,0,0,0,0,0,0,0,0,0,0,0,0,0,false,"AWAITING_MONTHLY_DISCLOSURE"
"147618","ITI Arbitrage Fund - Regular Plan - Growth Option","ITI Mutual Fund","ITI_MF","INF00XX01416","REGULAR","GROWTH","","SOURCE_UNAVAILABLE","AMC_MONTHLY_PORTFOLIO","https://www.itiamc.com/statutory-disclosures/monthly-portfolio","",0,0,0,0,0,0,0,0,0,0,0,0,0,0,0,false,"AWAITING_MONTHLY_DISCLOSURE"
"147787","ITI Balanced Advantage Fund - Regular Plan - Growth Option","ITI Mutual Fund","ITI_MF","INF00XX01655","REGULAR","GROWTH","","SOURCE_UNAVAILABLE","AMC_MONTHLY_PORTFOLIO","https://www.itiamc.com/statutory-disclosures/monthly-portfolio","",0,0,0,0,0,0,0,0,0,0,0,0,0,0,0,false,"AWAITING_MONTHLY_DISCLOSURE"
"148535","ITI Banking & PSU Debt Fund - Regular Plan - Growth Option","ITI Mutual Fund","ITI_MF","INF00XX01838","REGULAR","GROWTH","","SOURCE_UNAVAILABLE","AMC_MONTHLY_PORTFOLIO","https://www.itiamc.com/statutory-disclosures/monthly-portfolio","",0,0,0,0,0,0,0,0,0,0,0,0,0,0,0,false,"AWAITING_MONTHLY_DISCLOSURE"
"149324","ITI Banking and Financial Services Fund - Regular Plan - Growth Option","ITI Mutual Fund","ITI_MF","INF00XX01BR2","REGULAR","GROWTH","","SOURCE_UNAVAILABLE","AMC_MONTHLY_PORTFOLIO","https://www.itiamc.com/statutory-disclosures/monthly-portfolio","",0,0,0,0,0,0,0,0,0,0,0,0,0,0,0,false,"AWAITING_MONTHLY_DISCLOSURE"
"153263","ITI Bharat Consumption Fund - Regular Plan - Growth Option","ITI Mutual Fund","ITI_MF","INF00XX01DD8","REGULAR","GROWTH","","SOURCE_UNAVAILABLE","AMC_MONTHLY_PORTFOLIO","https://www.itiamc.com/statutory-disclosures/monthly-portfolio","",0,0,0,0,0,0,0,0,0,0,0,0,0,0,0,false,"AWAITING_MONTHLY_DISCLOSURE"
"154159","ITI Business Cycle Fund - Regular Plan - Growth Option","ITI Mutual Fund","ITI_MF","INF00XX01DJ5","REGULAR","GROWTH","","SOURCE_UNAVAILABLE","AMC_MONTHLY_PORTFOLIO","https://www.itiamc.com/statutory-disclosures/monthly-portfolio","",0,0,0,0,0,0,0,0,0,0,0,0,0,0,0,false,"AWAITING_MONTHLY_DISCLOSURE"
"149021","ITI Dynamic Term Fund - Regular Plan - Growth Option","ITI Mutual Fund","ITI_MF","INF00XX01AT0","REGULAR","GROWTH","","SOURCE_UNAVAILABLE","AMC_MONTHLY_PORTFOLIO","https://www.itiamc.com/statutory-disclosures/monthly-portfolio","",0,0,0,0,0,0,0,0,0,0,0,0,0,0,0,false,"AWAITING_MONTHLY_DISCLOSURE"
"147544","ITI ELSS Tax Saver Fund - Regular Plan - Growth Option","ITI Mutual Fund","ITI_MF","INF00XX01374","REGULAR","GROWTH","","SOURCE_UNAVAILABLE","AMC_MONTHLY_PORTFOLIO","https://www.itiamc.com/statutory-disclosures/monthly-portfolio","",0,0,0,0,0,0,0,0,0,0,0,0,0,0,0,false,"AWAITING_MONTHLY_DISCLOSURE"
"151377","ITI Flexi Cap Fund - Regular Plan - Growth Option","ITI Mutual Fund","ITI_MF","INF00XX01CL3","REGULAR","GROWTH","","SOURCE_UNAVAILABLE","AMC_MONTHLY_PORTFOLIO","https://www.itiamc.com/statutory-disclosures/monthly-portfolio","",0,0,0,0,0,0,0,0,0,0,0,0,0,0,0,false,"AWAITING_MONTHLY_DISCLOSURE"
"151778","ITI Focused Fund - Regular Plan - Growth Option","ITI Mutual Fund","ITI_MF","INF00XX01CV2","REGULAR","GROWTH","","SOURCE_UNAVAILABLE","AMC_MONTHLY_PORTFOLIO","https://www.itiamc.com/statutory-disclosures/monthly-portfolio","",0,0,0,0,0,0,0,0,0,0,0,0,0,0,0,false,"AWAITING_MONTHLY_DISCLOSURE"
"152824","ITI Large & Mid Cap Fund - Regular Plan - Growth Option","ITI Mutual Fund","ITI_MF","INF00XX01CX8","REGULAR","GROWTH","","SOURCE_UNAVAILABLE","AMC_MONTHLY_PORTFOLIO","https://www.itiamc.com/statutory-disclosures/monthly-portfolio","",0,0,0,0,0,0,0,0,0,0,0,0,0,0,0,false,"AWAITING_MONTHLY_DISCLOSURE"
"148351","ITI Large Cap Fund - Regular Plan - Growth Option","ITI Mutual Fund","ITI_MF","INF00XX01770","REGULAR","GROWTH","","SOURCE_UNAVAILABLE","AMC_MONTHLY_PORTFOLIO","https://www.itiamc.com/statutory-disclosures/monthly-portfolio","",0,0,0,0,0,0,0,0,0,0,0,0,0,0,0,false,"AWAITING_MONTHLY_DISCLOSURE"
"147153","ITI Liquid Fund - Regular Plan - Growth Option","ITI Mutual Fund","ITI_MF","INF00XX01192","REGULAR","GROWTH","","SOURCE_UNAVAILABLE","AMC_MONTHLY_PORTFOLIO","https://www.itiamc.com/statutory-disclosures/monthly-portfolio","",0,0,0,0,0,0,0,0,0,0,0,0,0,0,0,false,"AWAITING_MONTHLY_DISCLOSURE"
"148732","ITI Mid Cap Fund - Regular Plan - Growth Option","ITI Mutual Fund","ITI_MF","INF00XX01895","REGULAR","GROWTH","","SOURCE_UNAVAILABLE","AMC_MONTHLY_PORTFOLIO","https://www.itiamc.com/statutory-disclosures/monthly-portfolio","",0,0,0,0,0,0,0,0,0,0,0,0,0,0,0,false,"AWAITING_MONTHLY_DISCLOSURE"
"154500","ITI Multi Asset Allocation Fund - Regular Plan - Growth Option","ITI Mutual Fund","ITI_MF","INF00XX01DP2","REGULAR","GROWTH","","SOURCE_UNAVAILABLE","AMC_MONTHLY_PORTFOLIO","https://www.itiamc.com/statutory-disclosures/monthly-portfolio","",0,0,0,0,0,0,0,0,0,0,0,0,0,0,0,false,"AWAITING_MONTHLY_DISCLOSURE"
"147184","ITI Multi Cap Fund - Regular Plan - Growth Option","ITI Mutual Fund","ITI_MF","INF00XX01135","REGULAR","GROWTH","","SOURCE_UNAVAILABLE","AMC_MONTHLY_PORTFOLIO","https://www.itiamc.com/statutory-disclosures/monthly-portfolio","",0,0,0,0,0,0,0,0,0,0,0,0,0,0,0,false,"AWAITING_MONTHLY_DISCLOSURE"
"147714","ITI Overnight Fund - Regular Plan - Growth Option","ITI Mutual Fund","ITI_MF","INF00XX01473","REGULAR","GROWTH","","SOURCE_UNAVAILABLE","AMC_MONTHLY_PORTFOLIO","https://www.itiamc.com/statutory-disclosures/monthly-portfolio","",0,0,0,0,0,0,0,0,0,0,0,0,0,0,0,false,"AWAITING_MONTHLY_DISCLOSURE"
"149270","ITI Pharma and Healthcare Fund - Regular Plan - Growth Option","ITI Mutual Fund","ITI_MF","INF00XX01BL5","REGULAR","GROWTH","","SOURCE_UNAVAILABLE","AMC_MONTHLY_PORTFOLIO","https://www.itiamc.com/statutory-disclosures/monthly-portfolio","",0,0,0,0,0,0,0,0,0,0,0,0,0,0,0,false,"AWAITING_MONTHLY_DISCLOSURE"
"147920","ITI Small Cap Fund - Regular Plan - Growth Option","ITI Mutual Fund","ITI_MF","INF00XX01713","REGULAR","GROWTH","","SOURCE_UNAVAILABLE","AMC_MONTHLY_PORTFOLIO","https://www.itiamc.com/statutory-disclosures/monthly-portfolio","",0,0,0,0,0,0,0,0,0,0,0,0,0,0,0,false,"AWAITING_MONTHLY_DISCLOSURE"
"148906","ITI Ultra Short Term Fund - Regular Plan - Growth Option","ITI Mutual Fund","ITI_MF","INF00XX01952","REGULAR","GROWTH","","SOURCE_UNAVAILABLE","AMC_MONTHLY_PORTFOLIO","https://www.itiamc.com/statutory-disclosures/monthly-portfolio","",0,0,0,0,0,0,0,0,0,0,0,0,0,0,0,false,"AWAITING_MONTHLY_DISCLOSURE"
"148973","ITI Value Fund - Regular Plan - Growth Option","ITI Mutual Fund","ITI_MF","INF00XX01AN3","REGULAR","GROWTH","","SOURCE_UNAVAILABLE","AMC_MONTHLY_PORTFOLIO","https://www.itiamc.com/statutory-disclosures/monthly-portfolio","",0,0,0,0,0,0,0,0,0,0,0,0,0,0,0,false,"AWAITING_MONTHLY_DISCLOSURE"
"154638","JioBlackRock Arbitrage Fund - Regular Plan - Growth Option","Jio BlackRock Mutual Fund","JIO_BLACKROCK_MF","INF22M001259","REGULAR","GROWTH","","SOURCE_UNAVAILABLE","AMC_MONTHLY_PORTFOLIO","https://www.jioblackrock.com/statutory-disclosures/monthly-portfolio","",0,0,0,0,0,0,0,0,0,0,0,0,0,0,0,false,"AWAITING_MONTHLY_DISCLOSURE"
"154641","JioBlackRock Flexi Cap Fund - Regular Plan - Growth Option","Jio BlackRock Mutual Fund","JIO_BLACKROCK_MF","INF22M001325","REGULAR","GROWTH","","SOURCE_UNAVAILABLE","AMC_MONTHLY_PORTFOLIO","https://www.jioblackrock.com/statutory-disclosures/monthly-portfolio","",0,0,0,0,0,0,0,0,0,0,0,0,0,0,0,false,"AWAITING_MONTHLY_DISCLOSURE"
"154632","JioBlackRock Large Cap Fund - Regular Plan - Growth Option","Jio BlackRock Mutual Fund","JIO_BLACKROCK_MF","INF22M001192","REGULAR","GROWTH","","SOURCE_UNAVAILABLE","AMC_MONTHLY_PORTFOLIO","https://www.jioblackrock.com/statutory-disclosures/monthly-portfolio","",0,0,0,0,0,0,0,0,0,0,0,0,0,0,0,false,"AWAITING_MONTHLY_DISCLOSURE"
"154645","JioBlackRock Liquid Fund - Regular Plan - Growth Option","Jio BlackRock Mutual Fund","JIO_BLACKROCK_MF","INF22M001267","REGULAR","GROWTH","","SOURCE_UNAVAILABLE","AMC_MONTHLY_PORTFOLIO","https://www.jioblackrock.com/statutory-disclosures/monthly-portfolio","",0,0,0,0,0,0,0,0,0,0,0,0,0,0,0,false,"AWAITING_MONTHLY_DISCLOSURE"
"154639","JioBlackRock Money Market Fund - Regular Plan - Growth Option","Jio BlackRock Mutual Fund","JIO_BLACKROCK_MF","INF22M001309","REGULAR","GROWTH","","SOURCE_UNAVAILABLE","AMC_MONTHLY_PORTFOLIO","https://www.jioblackrock.com/statutory-disclosures/monthly-portfolio","",0,0,0,0,0,0,0,0,0,0,0,0,0,0,0,false,"AWAITING_MONTHLY_DISCLOSURE"
"154633","JioBlackRock Nifty 50 Index Fund - Regular Plan - Growth Option","Jio BlackRock Mutual Fund","JIO_BLACKROCK_MF","INF22M001200","REGULAR","GROWTH","","SOURCE_UNAVAILABLE","AMC_MONTHLY_PORTFOLIO","https://www.jioblackrock.com/statutory-disclosures/monthly-portfolio","",0,0,0,0,0,0,0,0,0,0,0,0,0,0,0,false,"AWAITING_MONTHLY_DISCLOSURE"
"154642","JioBlackRock Nifty 8-13 yr G-Sec Index Fund - Regular Plan - Growth Option","Jio BlackRock Mutual Fund","JIO_BLACKROCK_MF","INF22M001333","REGULAR","GROWTH","","SOURCE_UNAVAILABLE","AMC_MONTHLY_PORTFOLIO","https://www.jioblackrock.com/statutory-disclosures/monthly-portfolio","",0,0,0,0,0,0,0,0,0,0,0,0,0,0,0,false,"AWAITING_MONTHLY_DISCLOSURE"
"154643","JioBlackRock Nifty Midcap 150 Index Fund - Regular Plan - Growth Option","Jio BlackRock Mutual Fund","JIO_BLACKROCK_MF","INF22M001341","REGULAR","GROWTH","","SOURCE_UNAVAILABLE","AMC_MONTHLY_PORTFOLIO","https://www.jioblackrock.com/statutory-disclosures/monthly-portfolio","",0,0,0,0,0,0,0,0,0,0,0,0,0,0,0,false,"AWAITING_MONTHLY_DISCLOSURE"
"154644","JioBlackRock Nifty Next 50 Index Fund - Regular Plan - Growth Option","Jio BlackRock Mutual Fund","JIO_BLACKROCK_MF","INF22M001358","REGULAR","GROWTH","","SOURCE_UNAVAILABLE","AMC_MONTHLY_PORTFOLIO","https://www.jioblackrock.com/statutory-disclosures/monthly-portfolio","",0,0,0,0,0,0,0,0,0,0,0,0,0,0,0,false,"AWAITING_MONTHLY_DISCLOSURE"
"154634","JioBlackRock Nifty Smallcap 250 Index Fund - Regular Plan - Growth Option","Jio BlackRock Mutual Fund","JIO_BLACKROCK_MF","INF22M001218","REGULAR","GROWTH","","SOURCE_UNAVAILABLE","AMC_MONTHLY_PORTFOLIO","https://www.jioblackrock.com/statutory-disclosures/monthly-portfolio","",0,0,0,0,0,0,0,0,0,0,0,0,0,0,0,false,"AWAITING_MONTHLY_DISCLOSURE"
"154640","JioBlackRock Overnight Fund - Regular Plan - Growth Option","Jio BlackRock Mutual Fund","JIO_BLACKROCK_MF","INF22M001317","REGULAR","GROWTH","","SOURCE_UNAVAILABLE","AMC_MONTHLY_PORTFOLIO","https://www.jioblackrock.com/statutory-disclosures/monthly-portfolio","",0,0,0,0,0,0,0,0,0,0,0,0,0,0,0,false,"AWAITING_MONTHLY_DISCLOSURE"
"154637","JioBlackRock Sector Rotation Fund - Regular Plan - Growth Option","Jio BlackRock Mutual Fund","JIO_BLACKROCK_MF","INF22M001242","REGULAR","GROWTH","","SOURCE_UNAVAILABLE","AMC_MONTHLY_PORTFOLIO","https://www.jioblackrock.com/statutory-disclosures/monthly-portfolio","",0,0,0,0,0,0,0,0,0,0,0,0,0,0,0,false,"AWAITING_MONTHLY_DISCLOSURE"
"154635","JioBlackRock Short Term Fund - Regular Plan - Growth Option","Jio BlackRock Mutual Fund","JIO_BLACKROCK_MF","INF22M001226","REGULAR","GROWTH","","SOURCE_UNAVAILABLE","AMC_MONTHLY_PORTFOLIO","https://www.jioblackrock.com/statutory-disclosures/monthly-portfolio","",0,0,0,0,0,0,0,0,0,0,0,0,0,0,0,false,"AWAITING_MONTHLY_DISCLOSURE"
"154636","JioBlackRock Ultra Short to Short Term Fund - Regular Plan - Growth Option","Jio BlackRock Mutual Fund","JIO_BLACKROCK_MF","INF22M001234","REGULAR","GROWTH","","SOURCE_UNAVAILABLE","AMC_MONTHLY_PORTFOLIO","https://www.jioblackrock.com/statutory-disclosures/monthly-portfolio","",0,0,0,0,0,0,0,0,0,0,0,0,0,0,0,false,"AWAITING_MONTHLY_DISCLOSURE"
"100221","JM Aggressive Hybrid Fund - Regular Plan - Growth Option","JM Financial Mutual Fund","JM_FINANCIAL_MF","INF192K01544","REGULAR","GROWTH","","SOURCE_UNAVAILABLE","AMC_MONTHLY_PORTFOLIO","https://www.jmfinancialmf.com/statutory-disclosures/monthly-portfolio","",0,0,0,0,0,0,0,0,0,0,0,0,0,0,0,false,"AWAITING_MONTHLY_DISCLOSURE"
"103780","JM Arbitrage Fund - Regular Plan - Growth Option","JM Financial Mutual Fund","JM_FINANCIAL_MF","INF192K01510","REGULAR","GROWTH","","SOURCE_UNAVAILABLE","AMC_MONTHLY_PORTFOLIO","https://www.jmfinancialmf.com/statutory-disclosures/monthly-portfolio","",0,0,0,0,0,0,0,0,0,0,0,0,0,0,0,false,"AWAITING_MONTHLY_DISCLOSURE"
"101806","JM Dynamic Term Fund - Regular Plan - Growth Option","JM Financial Mutual Fund","JM_FINANCIAL_MF","INF192K01700","REGULAR","GROWTH","","SOURCE_UNAVAILABLE","AMC_MONTHLY_PORTFOLIO","https://www.jmfinancialmf.com/statutory-disclosures/monthly-portfolio","",0,0,0,0,0,0,0,0,0,0,0,0,0,0,0,false,"AWAITING_MONTHLY_DISCLOSURE"
"107288","JM ELSS - Tax Saver Fund - Regular Plan - Growth Option","JM Financial Mutual Fund","JM_FINANCIAL_MF","INF192K01650","REGULAR","GROWTH","","SOURCE_UNAVAILABLE","AMC_MONTHLY_PORTFOLIO","https://www.jmfinancialmf.com/statutory-disclosures/monthly-portfolio","",0,0,0,0,0,0,0,0,0,0,0,0,0,0,0,false,"AWAITING_MONTHLY_DISCLOSURE"
"109522","JM Flexi Cap Fund - Regular Plan - Growth Option","JM Financial Mutual Fund","JM_FINANCIAL_MF","INF192K01635","REGULAR","GROWTH","","SOURCE_UNAVAILABLE","AMC_MONTHLY_PORTFOLIO","https://www.jmfinancialmf.com/statutory-disclosures/monthly-portfolio","",0,0,0,0,0,0,0,0,0,0,0,0,0,0,0,false,"AWAITING_MONTHLY_DISCLOSURE"
"107410","JM Focused Fund - Regular Plan - Growth Option","JM Financial Mutual Fund","JM_FINANCIAL_MF","INF192K01577","REGULAR","GROWTH","","SOURCE_UNAVAILABLE","AMC_MONTHLY_PORTFOLIO","https://www.jmfinancialmf.com/statutory-disclosures/monthly-portfolio","",0,0,0,0,0,0,0,0,0,0,0,0,0,0,0,false,"AWAITING_MONTHLY_DISCLOSURE"
"153627","JM Large & Mid Cap Fund - Regular Plan - Growth Option","JM Financial Mutual Fund","JM_FINANCIAL_MF","INF192K01NM3","REGULAR","GROWTH","","SOURCE_UNAVAILABLE","AMC_MONTHLY_PORTFOLIO","https://www.jmfinancialmf.com/statutory-disclosures/monthly-portfolio","",0,0,0,0,0,0,0,0,0,0,0,0,0,0,0,false,"AWAITING_MONTHLY_DISCLOSURE"
"100219","JM Large Cap Fund - Regular Plan - Growth Option","JM Financial Mutual Fund","JM_FINANCIAL_MF","INF192K01601","REGULAR","GROWTH","","SOURCE_UNAVAILABLE","AMC_MONTHLY_PORTFOLIO","https://www.jmfinancialmf.com/statutory-disclosures/monthly-portfolio","",0,0,0,0,0,0,0,0,0,0,0,0,0,0,0,false,"AWAITING_MONTHLY_DISCLOSURE"
"100234","JM Liquid Fund - Regular Plan - Growth Option","JM Financial Mutual Fund","JM_FINANCIAL_MF","INF192K01882","REGULAR","GROWTH","","SOURCE_UNAVAILABLE","AMC_MONTHLY_PORTFOLIO","https://www.jmfinancialmf.com/statutory-disclosures/monthly-portfolio","",0,0,0,0,0,0,0,0,0,0,0,0,0,0,0,false,"AWAITING_MONTHLY_DISCLOSURE"
"100223","JM Medium to Long Term Fund - Regular Plan - Growth Option","JM Financial Mutual Fund","JM_FINANCIAL_MF","INF192K01AB3","REGULAR","GROWTH","","SOURCE_UNAVAILABLE","AMC_MONTHLY_PORTFOLIO","https://www.jmfinancialmf.com/statutory-disclosures/monthly-portfolio","",0,0,0,0,0,0,0,0,0,0,0,0,0,0,0,false,"AWAITING_MONTHLY_DISCLOSURE"
"150812","JM Mid Cap Fund - Regular Plan - Growth Option","JM Financial Mutual Fund","JM_FINANCIAL_MF","INF192K01MS2","REGULAR","GROWTH","","SOURCE_UNAVAILABLE","AMC_MONTHLY_PORTFOLIO","https://www.jmfinancialmf.com/statutory-disclosures/monthly-portfolio","",0,0,0,0,0,0,0,0,0,0,0,0,0,0,0,false,"AWAITING_MONTHLY_DISCLOSURE"
"154424","JM Multi Asset Allocation Fund - Regular Plan - Growth Option","JM Financial Mutual Fund","JM_FINANCIAL_MF","INF192K01NT8","REGULAR","GROWTH","","SOURCE_UNAVAILABLE","AMC_MONTHLY_PORTFOLIO","https://www.jmfinancialmf.com/statutory-disclosures/monthly-portfolio","",0,0,0,0,0,0,0,0,0,0,0,0,0,0,0,false,"AWAITING_MONTHLY_DISCLOSURE"
"147836","JM Overnight Fund - Regular Plan - Growth Option","JM Financial Mutual Fund","JM_FINANCIAL_MF","INF192K01LX4","REGULAR","GROWTH","","SOURCE_UNAVAILABLE","AMC_MONTHLY_PORTFOLIO","https://www.jmfinancialmf.com/statutory-disclosures/monthly-portfolio","",0,0,0,0,0,0,0,0,0,0,0,0,0,0,0,false,"AWAITING_MONTHLY_DISCLOSURE"
"150542","JM Short Term Fund - Regular Plan - Growth Option","JM Financial Mutual Fund","JM_FINANCIAL_MF","INF192K01MM5","REGULAR","GROWTH","","SOURCE_UNAVAILABLE","AMC_MONTHLY_PORTFOLIO","https://www.jmfinancialmf.com/statutory-disclosures/monthly-portfolio","",0,0,0,0,0,0,0,0,0,0,0,0,0,0,0,false,"AWAITING_MONTHLY_DISCLOSURE"
"152612","JM Small Cap Fund - Regular Plan - Growth Option","JM Financial Mutual Fund","JM_FINANCIAL_MF","INF192K01NE0","REGULAR","GROWTH","","SOURCE_UNAVAILABLE","AMC_MONTHLY_PORTFOLIO","https://www.jmfinancialmf.com/statutory-disclosures/monthly-portfolio","",0,0,0,0,0,0,0,0,0,0,0,0,0,0,0,false,"AWAITING_MONTHLY_DISCLOSURE"
"143607","JM Ultra Short to Short Term Fund - Regular Plan - Growth Option","JM Financial Mutual Fund","JM_FINANCIAL_MF","INF192K01AY5","REGULAR","GROWTH","","SOURCE_UNAVAILABLE","AMC_MONTHLY_PORTFOLIO","https://www.jmfinancialmf.com/statutory-disclosures/monthly-portfolio","",0,0,0,0,0,0,0,0,0,0,0,0,0,0,0,false,"AWAITING_MONTHLY_DISCLOSURE"
"100254","JM Value Fund - Regular Plan - Growth Option","JM Financial Mutual Fund","JM_FINANCIAL_MF","INF137A01037","REGULAR","GROWTH","","SOURCE_UNAVAILABLE","AMC_MONTHLY_PORTFOLIO","https://www.jmfinancialmf.com/statutory-disclosures/monthly-portfolio","",0,0,0,0,0,0,0,0,0,0,0,0,0,0,0,false,"AWAITING_MONTHLY_DISCLOSURE"
"153659","KOTAK NIFTY 200 QUALITY 30 INDEX FUND - Regular Plan - GROWTH","Kotak Mahindra Mutual Fund","KOTAK_MAHINDRA_MF","INF174KA1WQ2","REGULAR","GROWTH","","SOURCE_UNAVAILABLE","AMC_MONTHLY_PORTFOLIO","https://assetmanagement.kotak.com/statutory-disclosures/monthly-portfolio","",0,0,0,0,0,0,0,0,0,0,0,0,0,0,0,false,"AWAITING_MONTHLY_DISCLOSURE"
"153756","Kotak Active Momentum Fund - Regular Plan - Growth","Kotak Mahindra Mutual Fund","KOTAK_MAHINDRA_MF","INF174KA1XE6","REGULAR","GROWTH","","SOURCE_UNAVAILABLE","AMC_MONTHLY_PORTFOLIO","https://assetmanagement.kotak.com/statutory-disclosures/monthly-portfolio","",0,0,0,0,0,0,0,0,0,0,0,0,0,0,0,false,"AWAITING_MONTHLY_DISCLOSURE"
"133036","Kotak Aggressive Hybrid Fund - Regular Plan - Growth","Kotak Mahindra Mutual Fund","KOTAK_MAHINDRA_MF","INF174K01E92","REGULAR","GROWTH","","SOURCE_UNAVAILABLE","AMC_MONTHLY_PORTFOLIO","https://assetmanagement.kotak.com/statutory-disclosures/monthly-portfolio","",0,0,0,0,0,0,0,0,0,0,0,0,0,0,0,false,"AWAITING_MONTHLY_DISCLOSURE"
"105968","Kotak Arbitrage Fund - Regular Plan - Growth","Kotak Mahindra Mutual Fund","KOTAK_MAHINDRA_MF","INF174K01302","REGULAR","GROWTH","","SOURCE_UNAVAILABLE","AMC_MONTHLY_PORTFOLIO","https://assetmanagement.kotak.com/statutory-disclosures/monthly-portfolio","",0,0,0,0,0,0,0,0,0,0,0,0,0,0,0,false,"AWAITING_MONTHLY_DISCLOSURE"
"152038","Kotak BSE Housing Index Fund - Regular Plan - Growth Option","Kotak Mahindra Mutual Fund","KOTAK_MAHINDRA_MF","INF174KA1OU1","REGULAR","GROWTH","","SOURCE_UNAVAILABLE","AMC_MONTHLY_PORTFOLIO","https://assetmanagement.kotak.com/statutory-disclosures/monthly-portfolio","",0,0,0,0,0,0,0,0,0,0,0,0,0,0,0,false,"AWAITING_MONTHLY_DISCLOSURE"
"153284","Kotak BSE Sensex Index Fund - Regular Plan - Growth","Kotak Mahindra Mutual Fund","KOTAK_MAHINDRA_MF","INF174KA1US2","REGULAR","GROWTH","","SOURCE_UNAVAILABLE","AMC_MONTHLY_PORTFOLIO","https://assetmanagement.kotak.com/statutory-disclosures/monthly-portfolio","",0,0,0,0,0,0,0,0,0,0,0,0,0,0,0,false,"AWAITING_MONTHLY_DISCLOSURE"
"144333","Kotak Balanced Advantage Fund - Regular Plan - Growth Option","Kotak Mahindra Mutual Fund","KOTAK_MAHINDRA_MF","INF174KA1186","REGULAR","GROWTH","","SOURCE_UNAVAILABLE","AMC_MONTHLY_PORTFOLIO","https://assetmanagement.kotak.com/statutory-disclosures/monthly-portfolio","",0,0,0,0,0,0,0,0,0,0,0,0,0,0,0,false,"AWAITING_MONTHLY_DISCLOSURE"
"151381","Kotak Banking and Financial Services Fund - Regular Plan - Growth","Kotak Mahindra Mutual Fund","KOTAK_MAHINDRA_MF","INF174KA1MA7","REGULAR","GROWTH","","SOURCE_UNAVAILABLE","AMC_MONTHLY_PORTFOLIO","https://assetmanagement.kotak.com/statutory-disclosures/monthly-portfolio","",0,0,0,0,0,0,0,0,0,0,0,0,0,0,0,false,"AWAITING_MONTHLY_DISCLOSURE"
"123690","Kotak Banking and PSU Debt Fund - Regular Plan - Growth","Kotak Mahindra Mutual Fund","KOTAK_MAHINDRA_MF","INF174K01FO3","REGULAR","GROWTH","","SOURCE_UNAVAILABLE","AMC_MONTHLY_PORTFOLIO","https://assetmanagement.kotak.com/statutory-disclosures/monthly-portfolio","",0,0,0,0,0,0,0,0,0,0,0,0,0,0,0,false,"AWAITING_MONTHLY_DISCLOSURE"
"150626","Kotak Business Cycle Fund - Regular Plan - Growth","Kotak Mahindra Mutual Fund","KOTAK_MAHINDRA_MF","INF174KA1JK2","REGULAR","GROWTH","","SOURCE_UNAVAILABLE","AMC_MONTHLY_PORTFOLIO","https://assetmanagement.kotak.com/statutory-disclosures/monthly-portfolio","",0,0,0,0,0,0,0,0,0,0,0,0,0,0,0,false,"AWAITING_MONTHLY_DISCLOSURE"
"153311","Kotak CRISIL- IBX AAA Bond Financial Services Index - Dec 2026 Fund - Regular Plan - Growth","Kotak Mahindra Mutual Fund","KOTAK_MAHINDRA_MF","INF174KA1VA8","REGULAR","GROWTH","","SOURCE_UNAVAILABLE","AMC_MONTHLY_PORTFOLIO","https://assetmanagement.kotak.com/statutory-disclosures/monthly-portfolio","",0,0,0,0,0,0,0,0,0,0,0,0,0,0,0,false,"AWAITING_MONTHLY_DISCLOSURE"
"152866","Kotak CRISIL-IBX AAA Financial Services Index-Sep 2027 Fund - Regular Plan - GROWTH","Kotak Mahindra Mutual Fund","KOTAK_MAHINDRA_MF","INF174KA1SW8","REGULAR","GROWTH","","SOURCE_UNAVAILABLE","AMC_MONTHLY_PORTFOLIO","https://assetmanagement.kotak.com/statutory-disclosures/monthly-portfolio","",0,0,0,0,0,0,0,0,0,0,0,0,0,0,0,false,"AWAITING_MONTHLY_DISCLOSURE"
"153375","Kotak CRISIL-IBX Financial Services 3-6 Months Debt Index Fund - Regular Plan - Growth","Kotak Mahindra Mutual Fund","KOTAK_MAHINDRA_MF","INF174KA1VN1","REGULAR","GROWTH","","SOURCE_UNAVAILABLE","AMC_MONTHLY_PORTFOLIO","https://assetmanagement.kotak.com/statutory-disclosures/monthly-portfolio","",0,0,0,0,0,0,0,0,0,0,0,0,0,0,0,false,"AWAITING_MONTHLY_DISCLOSURE"
"153877","Kotak CRISIL-IBX Financial Services 9 to 12 Months Debt Index Fund - Regular Plan - Growth","Kotak Mahindra Mutual Fund","KOTAK_MAHINDRA_MF","INF174KA1XP2","REGULAR","GROWTH","","SOURCE_UNAVAILABLE","AMC_MONTHLY_PORTFOLIO","https://assetmanagement.kotak.com/statutory-disclosures/monthly-portfolio","",0,0,0,0,0,0,0,0,0,0,0,0,0,0,0,false,"AWAITING_MONTHLY_DISCLOSURE"
"114859","Kotak Conservative Hybrid Fund - Regular Plan - Growth","Kotak Mahindra Mutual Fund","KOTAK_MAHINDRA_MF","INF174K01393","REGULAR","GROWTH","","SOURCE_UNAVAILABLE","AMC_MONTHLY_PORTFOLIO","https://assetmanagement.kotak.com/statutory-disclosures/monthly-portfolio","",0,0,0,0,0,0,0,0,0,0,0,0,0,0,0,false,"AWAITING_MONTHLY_DISCLOSURE"
"152170","Kotak Consumption Fund - Regular Plan - Growth Option","Kotak Mahindra Mutual Fund","KOTAK_MAHINDRA_MF","INF174KA1PM5","REGULAR","GROWTH","","SOURCE_UNAVAILABLE","AMC_MONTHLY_PORTFOLIO","https://assetmanagement.kotak.com/statutory-disclosures/monthly-portfolio","",0,0,0,0,0,0,0,0,0,0,0,0,0,0,0,false,"AWAITING_MONTHLY_DISCLOSURE"
"103040","Kotak Contra Fund - Regular Plan - Growth","Kotak Mahindra Mutual Fund","KOTAK_MAHINDRA_MF","INF174K01245","REGULAR","GROWTH","","SOURCE_UNAVAILABLE","AMC_MONTHLY_PORTFOLIO","https://assetmanagement.kotak.com/statutory-disclosures/monthly-portfolio","",0,0,0,0,0,0,0,0,0,0,0,0,0,0,0,false,"AWAITING_MONTHLY_DISCLOSURE"
"133782","Kotak Corporate Bond Fund - Regular Plan - Growth Option","Kotak Mahindra Mutual Fund","KOTAK_MAHINDRA_MF","INF178L01BO1","REGULAR","GROWTH","","SOURCE_UNAVAILABLE","AMC_MONTHLY_PORTFOLIO","https://assetmanagement.kotak.com/statutory-disclosures/monthly-portfolio","",0,0,0,0,0,0,0,0,0,0,0,0,0,0,0,false,"AWAITING_MONTHLY_DISCLOSURE"
"117716","Kotak Credit Risk Fund - Regular Plan - Growth","Kotak Mahindra Mutual Fund","KOTAK_MAHINDRA_MF","INF174K01DY7","REGULAR","GROWTH","","SOURCE_UNAVAILABLE","AMC_MONTHLY_PORTFOLIO","https://assetmanagement.kotak.com/statutory-disclosures/monthly-portfolio","",0,0,0,0,0,0,0,0,0,0,0,0,0,0,0,false,"AWAITING_MONTHLY_DISCLOSURE"
"154576","Kotak Diversified Equity All Cap Omni FOF - Regular Plan - Growth","Kotak Mahindra Mutual Fund","KOTAK_MAHINDRA_MF","INF174KA1D59","REGULAR","GROWTH","","SOURCE_UNAVAILABLE","AMC_MONTHLY_PORTFOLIO","https://assetmanagement.kotak.com/statutory-disclosures/monthly-portfolio","",0,0,0,0,0,0,0,0,0,0,0,0,0,0,0,false,"AWAITING_MONTHLY_DISCLOSURE"
"108511","Kotak Dynamic Term Fund - Regular Plan - Growth","Kotak Mahindra Mutual Fund","KOTAK_MAHINDRA_MF","INF174K01FA2","REGULAR","GROWTH","","SOURCE_UNAVAILABLE","AMC_MONTHLY_PORTFOLIO","https://assetmanagement.kotak.com/statutory-disclosures/monthly-portfolio","",0,0,0,0,0,0,0,0,0,0,0,0,0,0,0,false,"AWAITING_MONTHLY_DISCLOSURE"
"103339","Kotak ELSS Tax Saver Fund - Regular Plan - Growth","Kotak Mahindra Mutual Fund","KOTAK_MAHINDRA_MF","INF174K01369","REGULAR","GROWTH","","SOURCE_UNAVAILABLE","AMC_MONTHLY_PORTFOLIO","https://assetmanagement.kotak.com/statutory-disclosures/monthly-portfolio","",0,0,0,0,0,0,0,0,0,0,0,0,0,0,0,false,"AWAITING_MONTHLY_DISCLOSURE"
"148602","Kotak ESG Exclusionary Strategy Fund - Regular Plan - Growth Option","Kotak Mahindra Mutual Fund","KOTAK_MAHINDRA_MF","INF174KA1FF0","REGULAR","GROWTH","","SOURCE_UNAVAILABLE","AMC_MONTHLY_PORTFOLIO","https://assetmanagement.kotak.com/statutory-disclosures/monthly-portfolio","",0,0,0,0,0,0,0,0,0,0,0,0,0,0,0,false,"AWAITING_MONTHLY_DISCLOSURE"
"153449","Kotak Energy Opportunities Fund - Regular Plan - Growth","Kotak Mahindra Mutual Fund","KOTAK_MAHINDRA_MF","INF174KA1WA6","REGULAR","GROWTH","","SOURCE_UNAVAILABLE","AMC_MONTHLY_PORTFOLIO","https://assetmanagement.kotak.com/statutory-disclosures/monthly-portfolio","",0,0,0,0,0,0,0,0,0,0,0,0,0,0,0,false,"AWAITING_MONTHLY_DISCLOSURE"
"131372","Kotak Equity Savings Fund - Regular Plan - Growth","Kotak Mahindra Mutual Fund","KOTAK_MAHINDRA_MF","INF174K01C78","REGULAR","GROWTH","","SOURCE_UNAVAILABLE","AMC_MONTHLY_PORTFOLIO","https://assetmanagement.kotak.com/statutory-disclosures/monthly-portfolio","",0,0,0,0,0,0,0,0,0,0,0,0,0,0,0,false,"AWAITING_MONTHLY_DISCLOSURE"
"151285","Kotak FMP Series 304 - Regular Plan - Growth Option","Kotak Mahindra Mutual Fund","KOTAK_MAHINDRA_MF","INF174KA1LN2","REGULAR","GROWTH","","SOURCE_UNAVAILABLE","AMC_MONTHLY_PORTFOLIO","https://assetmanagement.kotak.com/statutory-disclosures/monthly-portfolio","",0,0,0,0,0,0,0,0,0,0,0,0,0,0,0,false,"AWAITING_MONTHLY_DISCLOSURE"
"112090","Kotak Flexi Cap Fund - Regular Plan - Growth","Kotak Mahindra Mutual Fund","KOTAK_MAHINDRA_MF","INF174K01336","REGULAR","GROWTH","","SOURCE_UNAVAILABLE","AMC_MONTHLY_PORTFOLIO","https://assetmanagement.kotak.com/statutory-disclosures/monthly-portfolio","",0,0,0,0,0,0,0,0,0,0,0,0,0,0,0,false,"AWAITING_MONTHLY_DISCLOSURE"
"147266","Kotak Floating Interest Rates Fund - Regular Plan - GROWTH OPTION","Kotak Mahindra Mutual Fund","KOTAK_MAHINDRA_MF","INF174KA1DY6","REGULAR","GROWTH","","SOURCE_UNAVAILABLE","AMC_MONTHLY_PORTFOLIO","https://assetmanagement.kotak.com/statutory-disclosures/monthly-portfolio","",0,0,0,0,0,0,0,0,0,0,0,0,0,0,0,false,"AWAITING_MONTHLY_DISCLOSURE"
"147477","Kotak Focused Fund - Regular Plan - Growth Option","Kotak Mahindra Mutual Fund","KOTAK_MAHINDRA_MF","INF174KA1EK3","REGULAR","GROWTH","","SOURCE_UNAVAILABLE","AMC_MONTHLY_PORTFOLIO","https://assetmanagement.kotak.com/statutory-disclosures/monthly-portfolio","",0,0,0,0,0,0,0,0,0,0,0,0,0,0,0,false,"AWAITING_MONTHLY_DISCLOSURE"
"100265","Kotak Gilt Fund - Regular Plan - Growth","Kotak Mahindra Mutual Fund","KOTAK_MAHINDRA_MF","INF174K01FI5","REGULAR","GROWTH","","SOURCE_UNAVAILABLE","AMC_MONTHLY_PORTFOLIO","https://assetmanagement.kotak.com/statutory-disclosures/monthly-portfolio","",0,0,0,0,0,0,0,0,0,0,0,0,0,0,0,false,"AWAITING_MONTHLY_DISCLOSURE"
"100281","Kotak Gilt Fund - Regular Plan - Investment Provident Fund and Trust-Growth","Kotak Mahindra Mutual Fund","KOTAK_MAHINDRA_MF","INF174K01FL9","REGULAR","GROWTH","","SOURCE_UNAVAILABLE","AMC_MONTHLY_PORTFOLIO","https://assetmanagement.kotak.com/statutory-disclosures/monthly-portfolio","",0,0,0,0,0,0,0,0,0,0,0,0,0,0,0,false,"AWAITING_MONTHLY_DISCLOSURE"
"106441","Kotak Global Emerging Market Overseas Equity Active FOF - Regular Plan - Growth","Kotak Mahindra Mutual Fund","KOTAK_MAHINDRA_MF","INF174K01DV3","REGULAR","GROWTH","","SOURCE_UNAVAILABLE","AMC_MONTHLY_PORTFOLIO","https://assetmanagement.kotak.com/statutory-disclosures/monthly-portfolio","",0,0,0,0,0,0,0,0,0,0,0,0,0,0,0,false,"AWAITING_MONTHLY_DISCLOSURE"
"149056","Kotak Global Innovation Overseas Equity Active FOF - Regular Plan - Growth","Kotak Mahindra Mutual Fund","KOTAK_MAHINDRA_MF","INF174KA1HD1","REGULAR","GROWTH","","SOURCE_UNAVAILABLE","AMC_MONTHLY_PORTFOLIO","https://assetmanagement.kotak.com/statutory-disclosures/monthly-portfolio","",0,0,0,0,0,0,0,0,0,0,0,0,0,0,0,false,"AWAITING_MONTHLY_DISCLOSURE"
"114758","Kotak Gold Fund - Regular Plan - Growth","Kotak Mahindra Mutual Fund","KOTAK_MAHINDRA_MF","INF174K01AT3","REGULAR","GROWTH","","SOURCE_UNAVAILABLE","AMC_MONTHLY_PORTFOLIO","https://assetmanagement.kotak.com/statutory-disclosures/monthly-portfolio","",0,0,0,0,0,0,0,0,0,0,0,0,0,0,0,false,"AWAITING_MONTHLY_DISCLOSURE"
"153922","Kotak Gold Silver Passive FOF - Regular Plan - Growth","Kotak Mahindra Mutual Fund","KOTAK_MAHINDRA_MF","INF174KA1XU2","REGULAR","GROWTH","","SOURCE_UNAVAILABLE","AMC_MONTHLY_PORTFOLIO","https://assetmanagement.kotak.com/statutory-disclosures/monthly-portfolio","",0,0,0,0,0,0,0,0,0,0,0,0,0,0,0,false,"AWAITING_MONTHLY_DISCLOSURE"
"152216","Kotak Healthcare Fund - Regular Plan - Growth Option","Kotak Mahindra Mutual Fund","KOTAK_MAHINDRA_MF","INF174KA1PW4","REGULAR","GROWTH","","SOURCE_UNAVAILABLE","AMC_MONTHLY_PORTFOLIO","https://assetmanagement.kotak.com/statutory-disclosures/monthly-portfolio","",0,0,0,0,0,0,0,0,0,0,0,0,0,0,0,false,"AWAITING_MONTHLY_DISCLOSURE"
"150820","Kotak Income Plus Arbitrage Omni FOF - Regular Plan - Growth","Kotak Mahindra Mutual Fund","KOTAK_MAHINDRA_MF","INF174KA1KG8","REGULAR","GROWTH","","SOURCE_UNAVAILABLE","AMC_MONTHLY_PORTFOLIO","https://assetmanagement.kotak.com/statutory-disclosures/monthly-portfolio","",0,0,0,0,0,0,0,0,0,0,0,0,0,0,0,false,"AWAITING_MONTHLY_DISCLOSURE"
"134565","Kotak India Growth Fund - Series I - Regular Plan - Growth","Kotak Mahindra Mutual Fund","KOTAK_MAHINDRA_MF","INF174K01P24","REGULAR","GROWTH","","SOURCE_UNAVAILABLE","AMC_MONTHLY_PORTFOLIO","https://assetmanagement.kotak.com/statutory-disclosures/monthly-portfolio","",0,0,0,0,0,0,0,0,0,0,0,0,0,0,0,false,"AWAITING_MONTHLY_DISCLOSURE"
"134567","Kotak India Growth Fund - Series I - Regular Plan - Growth","Kotak Mahindra Mutual Fund","KOTAK_MAHINDRA_MF","INF174K01P40","REGULAR","GROWTH","","SOURCE_UNAVAILABLE","AMC_MONTHLY_PORTFOLIO","https://assetmanagement.kotak.com/statutory-disclosures/monthly-portfolio","",0,0,0,0,0,0,0,0,0,0,0,0,0,0,0,false,"AWAITING_MONTHLY_DISCLOSURE"
"134566","Kotak India Growth Fund - Series I - Regular Plan - Growth","Kotak Mahindra Mutual Fund","KOTAK_MAHINDRA_MF","INF174K01P32","REGULAR","GROWTH","","SOURCE_UNAVAILABLE","AMC_MONTHLY_PORTFOLIO","https://assetmanagement.kotak.com/statutory-disclosures/monthly-portfolio","",0,0,0,0,0,0,0,0,0,0,0,0,0,0,0,false,"AWAITING_MONTHLY_DISCLOSURE"
"134568","Kotak India Growth Fund - Series I - Regular Plan - Growth","Kotak Mahindra Mutual Fund","KOTAK_MAHINDRA_MF","INF174K01P57","REGULAR","GROWTH","","SOURCE_UNAVAILABLE","AMC_MONTHLY_PORTFOLIO","https://assetmanagement.kotak.com/statutory-disclosures/monthly-portfolio","",0,0,0,0,0,0,0,0,0,0,0,0,0,0,0,false,"AWAITING_MONTHLY_DISCLOSURE"
"142417","Kotak India Growth Fund Series 4 - Regular Plan - Growth","Kotak Mahindra Mutual Fund","KOTAK_MAHINDRA_MF","INF174KA1GD3","REGULAR","GROWTH","","SOURCE_UNAVAILABLE","AMC_MONTHLY_PORTFOLIO","https://assetmanagement.kotak.com/statutory-disclosures/monthly-portfolio","",0,0,0,0,0,0,0,0,0,0,0,0,0,0,0,false,"AWAITING_MONTHLY_DISCLOSURE"
"142418","Kotak India Growth Fund Series 4 - Regular Plan - Growth","Kotak Mahindra Mutual Fund","KOTAK_MAHINDRA_MF","INF174KA1GF8","REGULAR","GROWTH","","SOURCE_UNAVAILABLE","AMC_MONTHLY_PORTFOLIO","https://assetmanagement.kotak.com/statutory-disclosures/monthly-portfolio","",0,0,0,0,0,0,0,0,0,0,0,0,0,0,0,false,"AWAITING_MONTHLY_DISCLOSURE"
"142415","Kotak India Growth Fund Series 4 - Regular Plan - Growth","Kotak Mahindra Mutual Fund","KOTAK_MAHINDRA_MF","INF174KA1GG6","REGULAR","GROWTH","","SOURCE_UNAVAILABLE","AMC_MONTHLY_PORTFOLIO","https://assetmanagement.kotak.com/statutory-disclosures/monthly-portfolio","",0,0,0,0,0,0,0,0,0,0,0,0,0,0,0,false,"AWAITING_MONTHLY_DISCLOSURE"
"142416","Kotak India Growth Fund Series 4 - Regular Plan - Growth","Kotak Mahindra Mutual Fund","KOTAK_MAHINDRA_MF","INF174KA1GE1","REGULAR","GROWTH","","SOURCE_UNAVAILABLE","AMC_MONTHLY_PORTFOLIO","https://assetmanagement.kotak.com/statutory-disclosures/monthly-portfolio","",0,0,0,0,0,0,0,0,0,0,0,0,0,0,0,false,"AWAITING_MONTHLY_DISCLOSURE"
"143244","Kotak India Growth Fund Series 5 - Regular Plan - Growth","Kotak Mahindra Mutual Fund","KOTAK_MAHINDRA_MF","INF174K013X2","REGULAR","GROWTH","","SOURCE_UNAVAILABLE","AMC_MONTHLY_PORTFOLIO","https://assetmanagement.kotak.com/statutory-disclosures/monthly-portfolio","",0,0,0,0,0,0,0,0,0,0,0,0,0,0,0,false,"AWAITING_MONTHLY_DISCLOSURE"
"143246","Kotak India Growth Fund Series 5 - Regular Plan - Growth","Kotak Mahindra Mutual Fund","KOTAK_MAHINDRA_MF","INF174K012X4","REGULAR","GROWTH","","SOURCE_UNAVAILABLE","AMC_MONTHLY_PORTFOLIO","https://assetmanagement.kotak.com/statutory-disclosures/monthly-portfolio","",0,0,0,0,0,0,0,0,0,0,0,0,0,0,0,false,"AWAITING_MONTHLY_DISCLOSURE"
"143243","Kotak India Growth Fund Series 5 - Regular Plan - Growth","Kotak Mahindra Mutual Fund","KOTAK_MAHINDRA_MF","INF174K011X6","REGULAR","GROWTH","","SOURCE_UNAVAILABLE","AMC_MONTHLY_PORTFOLIO","https://assetmanagement.kotak.com/statutory-disclosures/monthly-portfolio","",0,0,0,0,0,0,0,0,0,0,0,0,0,0,0,false,"AWAITING_MONTHLY_DISCLOSURE"
"143245","Kotak India Growth Fund Series 5 - Regular Plan - Growth","Kotak Mahindra Mutual Fund","KOTAK_MAHINDRA_MF","INF174K014X0","REGULAR","GROWTH","","SOURCE_UNAVAILABLE","AMC_MONTHLY_PORTFOLIO","https://assetmanagement.kotak.com/statutory-disclosures/monthly-portfolio","",0,0,0,0,0,0,0,0,0,0,0,0,0,0,0,false,"AWAITING_MONTHLY_DISCLOSURE"
"144674","Kotak India Growth Fund Series 7 - Regular Plan - Growth","Kotak Mahindra Mutual Fund","KOTAK_MAHINDRA_MF","INF174KA1517","REGULAR","GROWTH","","SOURCE_UNAVAILABLE","AMC_MONTHLY_PORTFOLIO","https://assetmanagement.kotak.com/statutory-disclosures/monthly-portfolio","",0,0,0,0,0,0,0,0,0,0,0,0,0,0,0,false,"AWAITING_MONTHLY_DISCLOSURE"
"144676","Kotak India Growth Fund Series 7 - Regular Plan - Growth","Kotak Mahindra Mutual Fund","KOTAK_MAHINDRA_MF","INF174KA1509","REGULAR","GROWTH","","SOURCE_UNAVAILABLE","AMC_MONTHLY_PORTFOLIO","https://assetmanagement.kotak.com/statutory-disclosures/monthly-portfolio","",0,0,0,0,0,0,0,0,0,0,0,0,0,0,0,false,"AWAITING_MONTHLY_DISCLOSURE"
"144673","Kotak India Growth Fund Series 7 - Regular Plan - Growth","Kotak Mahindra Mutual Fund","KOTAK_MAHINDRA_MF","INF174KA1525","REGULAR","GROWTH","","SOURCE_UNAVAILABLE","AMC_MONTHLY_PORTFOLIO","https://assetmanagement.kotak.com/statutory-disclosures/monthly-portfolio","",0,0,0,0,0,0,0,0,0,0,0,0,0,0,0,false,"AWAITING_MONTHLY_DISCLOSURE"
"144675","Kotak India Growth Fund Series 7 - Regular Plan - Growth","Kotak Mahindra Mutual Fund","KOTAK_MAHINDRA_MF","INF174KA1533","REGULAR","GROWTH","","SOURCE_UNAVAILABLE","AMC_MONTHLY_PORTFOLIO","https://assetmanagement.kotak.com/statutory-disclosures/monthly-portfolio","",0,0,0,0,0,0,0,0,0,0,0,0,0,0,0,false,"AWAITING_MONTHLY_DISCLOSURE"
"133796","Kotak Infrastructure and Economic Reform Fund - Regular Plan - Growth Option","Kotak Mahindra Mutual Fund","KOTAK_MAHINDRA_MF","INF178L01095","REGULAR","GROWTH","","SOURCE_UNAVAILABLE","AMC_MONTHLY_PORTFOLIO","https://assetmanagement.kotak.com/statutory-disclosures/monthly-portfolio","",0,0,0,0,0,0,0,0,0,0,0,0,0,0,0,false,"AWAITING_MONTHLY_DISCLOSURE"
"148645","Kotak International REIT Overseas Equity Active FOF - Regular Plan - Growth","Kotak Mahindra Mutual Fund","KOTAK_MAHINDRA_MF","INF174KA1FL8","REGULAR","GROWTH","","SOURCE_UNAVAILABLE","AMC_MONTHLY_PORTFOLIO","https://assetmanagement.kotak.com/statutory-disclosures/monthly-portfolio","",0,0,0,0,0,0,0,0,0,0,0,0,0,0,0,false,"AWAITING_MONTHLY_DISCLOSURE"
"103234","Kotak Large & Mid Cap Fund - Regular Plan - Growth","Kotak Mahindra Mutual Fund","KOTAK_MAHINDRA_MF","INF174K01187","REGULAR","GROWTH","","SOURCE_UNAVAILABLE","AMC_MONTHLY_PORTFOLIO","https://assetmanagement.kotak.com/statutory-disclosures/monthly-portfolio","",0,0,0,0,0,0,0,0,0,0,0,0,0,0,0,false,"AWAITING_MONTHLY_DISCLOSURE"
"114458","Kotak Large Cap Fund - Regular Plan - Growth","Kotak Mahindra Mutual Fund","KOTAK_MAHINDRA_MF","INF174K01153","REGULAR","GROWTH","","SOURCE_UNAVAILABLE","AMC_MONTHLY_PORTFOLIO","https://assetmanagement.kotak.com/statutory-disclosures/monthly-portfolio","",0,0,0,0,0,0,0,0,0,0,0,0,0,0,0,false,"AWAITING_MONTHLY_DISCLOSURE"
"100835","Kotak Liquid Fund - Regular Plan - Growth","Kotak Mahindra Mutual Fund","KOTAK_MAHINDRA_MF","INF174K01NI9","REGULAR","GROWTH","","SOURCE_UNAVAILABLE","AMC_MONTHLY_PORTFOLIO","https://assetmanagement.kotak.com/statutory-disclosures/monthly-portfolio","",0,0,0,0,0,0,0,0,0,0,0,0,0,0,0,false,"AWAITING_MONTHLY_DISCLOSURE"
"152489","Kotak Long Term Fund - Regular Plan - Growth","Kotak Mahindra Mutual Fund","KOTAK_MAHINDRA_MF","INF174KA1RC2","REGULAR","GROWTH","","SOURCE_UNAVAILABLE","AMC_MONTHLY_PORTFOLIO","https://assetmanagement.kotak.com/statutory-disclosures/monthly-portfolio","",0,0,0,0,0,0,0,0,0,0,0,0,0,0,0,false,"AWAITING_MONTHLY_DISCLOSURE"
"152913","Kotak MNC Fund - Regular Plan - Growth","Kotak Mahindra Mutual Fund","KOTAK_MAHINDRA_MF","INF174KA1TJ3","REGULAR","GROWTH","","SOURCE_UNAVAILABLE","AMC_MONTHLY_PORTFOLIO","https://assetmanagement.kotak.com/statutory-disclosures/monthly-portfolio","",0,0,0,0,0,0,0,0,0,0,0,0,0,0,0,false,"AWAITING_MONTHLY_DISCLOSURE"
"149840","Kotak Manufacture in India Fund - Regular Plan - Growth","Kotak Mahindra Mutual Fund","KOTAK_MAHINDRA_MF","INF174KA1IC1","REGULAR","GROWTH","","SOURCE_UNAVAILABLE","AMC_MONTHLY_PORTFOLIO","https://assetmanagement.kotak.com/statutory-disclosures/monthly-portfolio","",0,0,0,0,0,0,0,0,0,0,0,0,0,0,0,false,"AWAITING_MONTHLY_DISCLOSURE"
"128009","Kotak Medium Term Fund - Regular Plan - Growth","Kotak Mahindra Mutual Fund","KOTAK_MAHINDRA_MF","INF174K01VL6","REGULAR","GROWTH","","SOURCE_UNAVAILABLE","AMC_MONTHLY_PORTFOLIO","https://assetmanagement.kotak.com/statutory-disclosures/monthly-portfolio","",0,0,0,0,0,0,0,0,0,0,0,0,0,0,0,false,"AWAITING_MONTHLY_DISCLOSURE"
"100299","Kotak Medium to Long Term Fund - Regular Plan - Growth","Kotak Mahindra Mutual Fund","KOTAK_MAHINDRA_MF","INF174K01EM0","REGULAR","GROWTH","","SOURCE_UNAVAILABLE","AMC_MONTHLY_PORTFOLIO","https://assetmanagement.kotak.com/statutory-disclosures/monthly-portfolio","",0,0,0,0,0,0,0,0,0,0,0,0,0,0,0,false,"AWAITING_MONTHLY_DISCLOSURE"
"104908","Kotak Mid Cap Fund - Regular Plan - Growth","Kotak Mahindra Mutual Fund","KOTAK_MAHINDRA_MF","INF174K01DS9","REGULAR","GROWTH","","SOURCE_UNAVAILABLE","AMC_MONTHLY_PORTFOLIO","https://assetmanagement.kotak.com/statutory-disclosures/monthly-portfolio","",0,0,0,0,0,0,0,0,0,0,0,0,0,0,0,false,"AWAITING_MONTHLY_DISCLOSURE"
"101893","Kotak Money Market Fund - Regular Plan - (Growth)","Kotak Mahindra Mutual Fund","KOTAK_MAHINDRA_MF","INF174K01NA6","REGULAR","GROWTH","","SOURCE_UNAVAILABLE","AMC_MONTHLY_PORTFOLIO","https://assetmanagement.kotak.com/statutory-disclosures/monthly-portfolio","",0,0,0,0,0,0,0,0,0,0,0,0,0,0,0,false,"AWAITING_MONTHLY_DISCLOSURE"
"154319","Kotak Multi Asset Active FOF - Regular Plan - Growth","Kotak Mahindra Mutual Fund","KOTAK_MAHINDRA_MF","INF174KA1ZR3","REGULAR","GROWTH","","SOURCE_UNAVAILABLE","AMC_MONTHLY_PORTFOLIO","https://assetmanagement.kotak.com/statutory-disclosures/monthly-portfolio","",0,0,0,0,0,0,0,0,0,0,0,0,0,0,0,false,"AWAITING_MONTHLY_DISCLOSURE"
"152065","Kotak Multi Asset Allocation Fund - Regular Plan - Growth Option","Kotak Mahindra Mutual Fund","KOTAK_MAHINDRA_MF","INF174KA1PA0","REGULAR","GROWTH","","SOURCE_UNAVAILABLE","AMC_MONTHLY_PORTFOLIO","https://assetmanagement.kotak.com/statutory-disclosures/monthly-portfolio","",0,0,0,0,0,0,0,0,0,0,0,0,0,0,0,false,"AWAITING_MONTHLY_DISCLOSURE"
"102574","Kotak Multi Asset Omni FOF - Regular Plan - Growth","Kotak Mahindra Mutual Fund","KOTAK_MAHINDRA_MF","INF174K01468","REGULAR","GROWTH","","SOURCE_UNAVAILABLE","AMC_MONTHLY_PORTFOLIO","https://assetmanagement.kotak.com/statutory-disclosures/monthly-portfolio","",0,0,0,0,0,0,0,0,0,0,0,0,0,0,0,false,"AWAITING_MONTHLY_DISCLOSURE"
"149182","Kotak Multi Cap Fund - Regular Plan - Growth","Kotak Mahindra Mutual Fund","KOTAK_MAHINDRA_MF","INF174KA1HS9","REGULAR","GROWTH","","SOURCE_UNAVAILABLE","AMC_MONTHLY_PORTFOLIO","https://assetmanagement.kotak.com/statutory-disclosures/monthly-portfolio","",0,0,0,0,0,0,0,0,0,0,0,0,0,0,0,false,"AWAITING_MONTHLY_DISCLOSURE"
"154276","Kotak Multi Factor Passive FOF - Regular Plan - Growth","Kotak Mahindra Mutual Fund","KOTAK_MAHINDRA_MF","INF174KA1ZH4","REGULAR","GROWTH","","SOURCE_UNAVAILABLE","AMC_MONTHLY_PORTFOLIO","https://assetmanagement.kotak.com/statutory-disclosures/monthly-portfolio","",0,0,0,0,0,0,0,0,0,0,0,0,0,0,0,false,"AWAITING_MONTHLY_DISCLOSURE"
"152664","Kotak NIFTY 100 Low Volatility 30 Index Fund - Regular Plan - Growth","Kotak Mahindra Mutual Fund","KOTAK_MAHINDRA_MF","INF174KA1RW0","REGULAR","GROWTH","","SOURCE_UNAVAILABLE","AMC_MONTHLY_PORTFOLIO","https://assetmanagement.kotak.com/statutory-disclosures/monthly-portfolio","",0,0,0,0,0,0,0,0,0,0,0,0,0,0,0,false,"AWAITING_MONTHLY_DISCLOSURE"
"153145","Kotak Nifty 100 Equal Weight Index Fund - Regular Plan - Growth","Kotak Mahindra Mutual Fund","KOTAK_MAHINDRA_MF","INF174KA1UB8","REGULAR","GROWTH","","SOURCE_UNAVAILABLE","AMC_MONTHLY_PORTFOLIO","https://assetmanagement.kotak.com/statutory-disclosures/monthly-portfolio","",0,0,0,0,0,0,0,0,0,0,0,0,0,0,0,false,"AWAITING_MONTHLY_DISCLOSURE"
"151783","Kotak Nifty 200 Momentum 30 Index Fund - Regular Plan - Growth","Kotak Mahindra Mutual Fund","KOTAK_MAHINDRA_MF","INF174KA1NY5","REGULAR","GROWTH","","SOURCE_UNAVAILABLE","AMC_MONTHLY_PORTFOLIO","https://assetmanagement.kotak.com/statutory-disclosures/monthly-portfolio","",0,0,0,0,0,0,0,0,0,0,0,0,0,0,0,false,"AWAITING_MONTHLY_DISCLOSURE"
"153148","Kotak Nifty 50 Equal Weight Index Fund - Regular Plan - Growth","Kotak Mahindra Mutual Fund","KOTAK_MAHINDRA_MF","INF174KA1UH5","REGULAR","GROWTH","","SOURCE_UNAVAILABLE","AMC_MONTHLY_PORTFOLIO","https://assetmanagement.kotak.com/statutory-disclosures/monthly-portfolio","",0,0,0,0,0,0,0,0,0,0,0,0,0,0,0,false,"AWAITING_MONTHLY_DISCLOSURE"
"148974","Kotak Nifty 50 Index Fund - Regular Plan - Growth","Kotak Mahindra Mutual Fund","KOTAK_MAHINDRA_MF","INF174KA1GX1","REGULAR","GROWTH","","SOURCE_UNAVAILABLE","AMC_MONTHLY_PORTFOLIO","https://assetmanagement.kotak.com/statutory-disclosures/monthly-portfolio","",0,0,0,0,0,0,0,0,0,0,0,0,0,0,0,false,"AWAITING_MONTHLY_DISCLOSURE"
"153683","Kotak Nifty AAA Bond Financial Services Mar 2028 Index Fund - Regular Plan - Growth","Kotak Mahindra Mutual Fund","KOTAK_MAHINDRA_MF","INF174KA1WV2","REGULAR","GROWTH","","SOURCE_UNAVAILABLE","AMC_MONTHLY_PORTFOLIO","https://assetmanagement.kotak.com/statutory-disclosures/monthly-portfolio","",0,0,0,0,0,0,0,0,0,0,0,0,0,0,0,false,"AWAITING_MONTHLY_DISCLOSURE"
"153784","Kotak Nifty Alpha 50 Index Fund - Regular Plan - Growth","Kotak Mahindra Mutual Fund","KOTAK_MAHINDRA_MF","INF174KA1XJ5","REGULAR","GROWTH","","SOURCE_UNAVAILABLE","AMC_MONTHLY_PORTFOLIO","https://assetmanagement.kotak.com/statutory-disclosures/monthly-portfolio","",0,0,0,0,0,0,0,0,0,0,0,0,0,0,0,false,"AWAITING_MONTHLY_DISCLOSURE"
"154389","Kotak Nifty Alpha Low Volatility 30 Index Fund - Regular Plan - Growth","Kotak Mahindra Mutual Fund","KOTAK_MAHINDRA_MF","INF174KA1A52","REGULAR","GROWTH","","SOURCE_UNAVAILABLE","AMC_MONTHLY_PORTFOLIO","https://assetmanagement.kotak.com/statutory-disclosures/monthly-portfolio","",0,0,0,0,0,0,0,0,0,0,0,0,0,0,0,false,"AWAITING_MONTHLY_DISCLOSURE"
"154570","Kotak Nifty Bank Index Fund - Regular Plan - Growth","Kotak Mahindra Mutual Fund","KOTAK_MAHINDRA_MF","INF174KA1C92","REGULAR","GROWTH","","SOURCE_UNAVAILABLE","AMC_MONTHLY_PORTFOLIO","https://assetmanagement.kotak.com/statutory-disclosures/monthly-portfolio","",0,0,0,0,0,0,0,0,0,0,0,0,0,0,0,false,"AWAITING_MONTHLY_DISCLOSURE"
"153351","Kotak Nifty Commodities Index Fund - Regular Plan - Growth","Kotak Mahindra Mutual Fund","KOTAK_MAHINDRA_MF","INF174KA1VH3","REGULAR","GROWTH","","SOURCE_UNAVAILABLE","AMC_MONTHLY_PORTFOLIO","https://assetmanagement.kotak.com/statutory-disclosures/monthly-portfolio","",0,0,0,0,0,0,0,0,0,0,0,0,0,0,0,false,"AWAITING_MONTHLY_DISCLOSURE"
"151909","Kotak Nifty Financial Services Ex-Bank Index Fund - Regular Plan - Growth","Kotak Mahindra Mutual Fund","KOTAK_MAHINDRA_MF","INF174KA1OO4","REGULAR","GROWTH","","SOURCE_UNAVAILABLE","AMC_MONTHLY_PORTFOLIO","https://assetmanagement.kotak.com/statutory-disclosures/monthly-portfolio","",0,0,0,0,0,0,0,0,0,0,0,0,0,0,0,false,"AWAITING_MONTHLY_DISCLOSURE"
"152100","Kotak Nifty G-Sec July 2033 Index Fund - Regular Plan - Growth","Kotak Mahindra Mutual Fund","KOTAK_MAHINDRA_MF","INF174KA1PG7","REGULAR","GROWTH","","SOURCE_UNAVAILABLE","AMC_MONTHLY_PORTFOLIO","https://assetmanagement.kotak.com/statutory-disclosures/monthly-portfolio","",0,0,0,0,0,0,0,0,0,0,0,0,0,0,0,false,"AWAITING_MONTHLY_DISCLOSURE"
"152872","Kotak Nifty India Tourism Index Fund - Regular Plan - Growth","Kotak Mahindra Mutual Fund","KOTAK_MAHINDRA_MF","INF174KA1TC8","REGULAR","GROWTH","","SOURCE_UNAVAILABLE","AMC_MONTHLY_PORTFOLIO","https://assetmanagement.kotak.com/statutory-disclosures/monthly-portfolio","",0,0,0,0,0,0,0,0,0,0,0,0,0,0,0,false,"AWAITING_MONTHLY_DISCLOSURE"
"153399","Kotak Nifty Midcap 150 Index Fund - Regular Plan - GROWTH","Kotak Mahindra Mutual Fund","KOTAK_MAHINDRA_MF","INF174KA1VT8","REGULAR","GROWTH","","SOURCE_UNAVAILABLE","AMC_MONTHLY_PORTFOLIO","https://assetmanagement.kotak.com/statutory-disclosures/monthly-portfolio","",0,0,0,0,0,0,0,0,0,0,0,0,0,0,0,false,"AWAITING_MONTHLY_DISCLOSURE"
"152918","Kotak Nifty Midcap 150 Momentum 50 Index Fund - Regular Plan - Growth","Kotak Mahindra Mutual Fund","KOTAK_MAHINDRA_MF","INF174KA1TP0","REGULAR","GROWTH","","SOURCE_UNAVAILABLE","AMC_MONTHLY_PORTFOLIO","https://assetmanagement.kotak.com/statutory-disclosures/monthly-portfolio","",0,0,0,0,0,0,0,0,0,0,0,0,0,0,0,false,"AWAITING_MONTHLY_DISCLOSURE"
"152765","Kotak Nifty Midcap 50 Index Fund - Regular Plan - GROWTH","Kotak Mahindra Mutual Fund","KOTAK_MAHINDRA_MF","INF174KA1SO5","REGULAR","GROWTH","","SOURCE_UNAVAILABLE","AMC_MONTHLY_PORTFOLIO","https://assetmanagement.kotak.com/statutory-disclosures/monthly-portfolio","",0,0,0,0,0,0,0,0,0,0,0,0,0,0,0,false,"AWAITING_MONTHLY_DISCLOSURE"
"148743","Kotak Nifty Next 50 Index Fund - Regular Plan - Growth","Kotak Mahindra Mutual Fund","KOTAK_MAHINDRA_MF","INF174KA1FX3","REGULAR","GROWTH","","SOURCE_UNAVAILABLE","AMC_MONTHLY_PORTFOLIO","https://assetmanagement.kotak.com/statutory-disclosures/monthly-portfolio","",0,0,0,0,0,0,0,0,0,0,0,0,0,0,0,false,"AWAITING_MONTHLY_DISCLOSURE"
"149852","Kotak Nifty SDL Apr 2027 Top 12 Equal Weight Index Fund - Regular Plan - Growth","Kotak Mahindra Mutual Fund","KOTAK_MAHINDRA_MF","INF174KA1II8","REGULAR","GROWTH","","SOURCE_UNAVAILABLE","AMC_MONTHLY_PORTFOLIO","https://assetmanagement.kotak.com/statutory-disclosures/monthly-portfolio","",0,0,0,0,0,0,0,0,0,0,0,0,0,0,0,false,"AWAITING_MONTHLY_DISCLOSURE"
"149862","Kotak Nifty SDL Apr 2032 Top 12 Equal Weight Index Fund - Regular Plan - Growth","Kotak Mahindra Mutual Fund","KOTAK_MAHINDRA_MF","INF174KA1IO6","REGULAR","GROWTH","","SOURCE_UNAVAILABLE","AMC_MONTHLY_PORTFOLIO","https://assetmanagement.kotak.com/statutory-disclosures/monthly-portfolio","",0,0,0,0,0,0,0,0,0,0,0,0,0,0,0,false,"AWAITING_MONTHLY_DISCLOSURE"
"151216","Kotak Nifty SDL Jul 2026 Index Fund - Regular Plan - Growth","Kotak Mahindra Mutual Fund","KOTAK_MAHINDRA_MF","INF174KA1KZ8","REGULAR","GROWTH","","SOURCE_UNAVAILABLE","AMC_MONTHLY_PORTFOLIO","https://assetmanagement.kotak.com/statutory-disclosures/monthly-portfolio","",0,0,0,0,0,0,0,0,0,0,0,0,0,0,0,false,"AWAITING_MONTHLY_DISCLOSURE"
"151417","Kotak Nifty SDL Jul 2033 Index Fund - Regular Plan - Growth","Kotak Mahindra Mutual Fund","KOTAK_MAHINDRA_MF","INF174KA1MG4","REGULAR","GROWTH","","SOURCE_UNAVAILABLE","AMC_MONTHLY_PORTFOLIO","https://assetmanagement.kotak.com/statutory-disclosures/monthly-portfolio","",0,0,0,0,0,0,0,0,0,0,0,0,0,0,0,false,"AWAITING_MONTHLY_DISCLOSURE"
"150723","Kotak Nifty SDL Plus AAA PSU Bond Jul 2028 60 - 40 Index Fund - Regular Plan - Growth","Kotak Mahindra Mutual Fund","KOTAK_MAHINDRA_MF","INF174KA1JQ9","REGULAR","GROWTH","","SOURCE_UNAVAILABLE","AMC_MONTHLY_PORTFOLIO","https://assetmanagement.kotak.com/statutory-disclosures/monthly-portfolio","",0,0,0,0,0,0,0,0,0,0,0,0,0,0,0,false,"AWAITING_MONTHLY_DISCLOSURE"
"153221","Kotak Nifty SmallCap 250 Index Fund - Regular Plan - Growth","Kotak Mahindra Mutual Fund","KOTAK_MAHINDRA_MF","INF174KA1UN3","REGULAR","GROWTH","","SOURCE_UNAVAILABLE","AMC_MONTHLY_PORTFOLIO","https://assetmanagement.kotak.com/statutory-disclosures/monthly-portfolio","",0,0,0,0,0,0,0,0,0,0,0,0,0,0,0,false,"AWAITING_MONTHLY_DISCLOSURE"
"151647","Kotak Nifty Smallcap 50 Index Fund - Regular Plan - Growth","Kotak Mahindra Mutual Fund","KOTAK_MAHINDRA_MF","INF174KA1MY7","REGULAR","GROWTH","","SOURCE_UNAVAILABLE","AMC_MONTHLY_PORTFOLIO","https://assetmanagement.kotak.com/statutory-disclosures/monthly-portfolio","",0,0,0,0,0,0,0,0,0,0,0,0,0,0,0,false,"AWAITING_MONTHLY_DISCLOSURE"
"153463","Kotak Nifty Top 10 Equal Weight Index Fund - Regular Plan - Growth","Kotak Mahindra Mutual Fund","KOTAK_MAHINDRA_MF","INF174KA1WG3","REGULAR","GROWTH","","SOURCE_UNAVAILABLE","AMC_MONTHLY_PORTFOLIO","https://assetmanagement.kotak.com/statutory-disclosures/monthly-portfolio","",0,0,0,0,0,0,0,0,0,0,0,0,0,0,0,false,"AWAITING_MONTHLY_DISCLOSURE"
"154148","Kotak Nifty200 Value 30 Index Fund - Regular Plan - Growth","Kotak Mahindra Mutual Fund","KOTAK_MAHINDRA_MF","INF174KA1YS4","REGULAR","GROWTH","","SOURCE_UNAVAILABLE","AMC_MONTHLY_PORTFOLIO","https://assetmanagement.kotak.com/statutory-disclosures/monthly-portfolio","",0,0,0,0,0,0,0,0,0,0,0,0,0,0,0,false,"AWAITING_MONTHLY_DISCLOSURE"
"154030","Kotak Nifty500 Momentum 50 Index Fund - Regular Plan - Growth","Kotak Mahindra Mutual Fund","KOTAK_MAHINDRA_MF","INF174KA1YF1","REGULAR","GROWTH","","SOURCE_UNAVAILABLE","AMC_MONTHLY_PORTFOLIO","https://assetmanagement.kotak.com/statutory-disclosures/monthly-portfolio","",0,0,0,0,0,0,0,0,0,0,0,0,0,0,0,false,"AWAITING_MONTHLY_DISCLOSURE"
"146142","Kotak Overnight Fund - Regular Plan - Growth","Kotak Mahindra Mutual Fund","KOTAK_MAHINDRA_MF","INF174KA1BC6","REGULAR","GROWTH","","SOURCE_UNAVAILABLE","AMC_MONTHLY_PORTFOLIO","https://assetmanagement.kotak.com/statutory-disclosures/monthly-portfolio","",0,0,0,0,0,0,0,0,0,0,0,0,0,0,0,false,"AWAITING_MONTHLY_DISCLOSURE"
"147724","Kotak Pioneer Fund - Regular Plan - Growth","Kotak Mahindra Mutual Fund","KOTAK_MAHINDRA_MF","INF174KA1EW8","REGULAR","GROWTH","","SOURCE_UNAVAILABLE","AMC_MONTHLY_PORTFOLIO","https://assetmanagement.kotak.com/statutory-disclosures/monthly-portfolio","",0,0,0,0,0,0,0,0,0,0,0,0,0,0,0,false,"AWAITING_MONTHLY_DISCLOSURE"
"154286","Kotak Quality Overseas Equity Active FOF - Regular Plan - Growth","Kotak Mahindra Mutual Fund","KOTAK_MAHINDRA_MF","INF174KA1ZL6","REGULAR","GROWTH","","SOURCE_UNAVAILABLE","AMC_MONTHLY_PORTFOLIO","https://assetmanagement.kotak.com/statutory-disclosures/monthly-portfolio","",0,0,0,0,0,0,0,0,0,0,0,0,0,0,0,false,"AWAITING_MONTHLY_DISCLOSURE"
"151878","Kotak Quant Fund - Regular Plan - Growth","Kotak Mahindra Mutual Fund","KOTAK_MAHINDRA_MF","INF174KA1OI6","REGULAR","GROWTH","","SOURCE_UNAVAILABLE","AMC_MONTHLY_PORTFOLIO","https://assetmanagement.kotak.com/statutory-disclosures/monthly-portfolio","",0,0,0,0,0,0,0,0,0,0,0,0,0,0,0,false,"AWAITING_MONTHLY_DISCLOSURE"
"153969","Kotak Rural Opportunities Fund - Regular Plan - Growth","Kotak Mahindra Mutual Fund","KOTAK_MAHINDRA_MF","INF174KA1XZ1","REGULAR","GROWTH","","SOURCE_UNAVAILABLE","AMC_MONTHLY_PORTFOLIO","https://assetmanagement.kotak.com/statutory-disclosures/monthly-portfolio","",0,0,0,0,0,0,0,0,0,0,0,0,0,0,0,false,"AWAITING_MONTHLY_DISCLOSURE"
"154151","Kotak Services Fund - Regular Plan - Growth","Kotak Mahindra Mutual Fund","KOTAK_MAHINDRA_MF","INF174KA1YY2","REGULAR","GROWTH","","SOURCE_UNAVAILABLE","AMC_MONTHLY_PORTFOLIO","https://assetmanagement.kotak.com/statutory-disclosures/monthly-portfolio","",0,0,0,0,0,0,0,0,0,0,0,0,0,0,0,false,"AWAITING_MONTHLY_DISCLOSURE"
"101373","Kotak Short Term Fund - Regular Plan - (Growth)","Kotak Mahindra Mutual Fund","KOTAK_MAHINDRA_MF","INF174K01ES7","REGULAR","GROWTH","","SOURCE_UNAVAILABLE","AMC_MONTHLY_PORTFOLIO","https://assetmanagement.kotak.com/statutory-disclosures/monthly-portfolio","",0,0,0,0,0,0,0,0,0,0,0,0,0,0,0,false,"AWAITING_MONTHLY_DISCLOSURE"
"151602","Kotak Silver ETF Fund of Fund - Regular Plan - Growth","Kotak Mahindra Mutual Fund","KOTAK_MAHINDRA_MF","INF174KA1MR1","REGULAR","GROWTH","","SOURCE_UNAVAILABLE","AMC_MONTHLY_PORTFOLIO","https://assetmanagement.kotak.com/statutory-disclosures/monthly-portfolio","",0,0,0,0,0,0,0,0,0,0,0,0,0,0,0,false,"AWAITING_MONTHLY_DISCLOSURE"
"102875","Kotak Small Cap Fund - Regular Plan - Growth","Kotak Mahindra Mutual Fund","KOTAK_MAHINDRA_MF","INF174K01211","REGULAR","GROWTH","","SOURCE_UNAVAILABLE","AMC_MONTHLY_PORTFOLIO","https://assetmanagement.kotak.com/statutory-disclosures/monthly-portfolio","",0,0,0,0,0,0,0,0,0,0,0,0,0,0,0,false,"AWAITING_MONTHLY_DISCLOSURE"
"152703","Kotak Special Opportunities Fund - Regular Plan - Growth","Kotak Mahindra Mutual Fund","KOTAK_MAHINDRA_MF","INF174KA1SC0","REGULAR","GROWTH","","SOURCE_UNAVAILABLE","AMC_MONTHLY_PORTFOLIO","https://assetmanagement.kotak.com/statutory-disclosures/monthly-portfolio","",0,0,0,0,0,0,0,0,0,0,0,0,0,0,0,false,"AWAITING_MONTHLY_DISCLOSURE"
"152460","Kotak Technology Fund - Regular Plan - Growth","Kotak Mahindra Mutual Fund","KOTAK_MAHINDRA_MF","INF174KA1QW2","REGULAR","GROWTH","","SOURCE_UNAVAILABLE","AMC_MONTHLY_PORTFOLIO","https://assetmanagement.kotak.com/statutory-disclosures/monthly-portfolio","",0,0,0,0,0,0,0,0,0,0,0,0,0,0,0,false,"AWAITING_MONTHLY_DISCLOSURE"
"153116","Kotak Transportation & Logistics Fund - Regular Plan - Growth","Kotak Mahindra Mutual Fund","KOTAK_MAHINDRA_MF","INF174KA1TV8","REGULAR","GROWTH","","SOURCE_UNAVAILABLE","AMC_MONTHLY_PORTFOLIO","https://assetmanagement.kotak.com/statutory-disclosures/monthly-portfolio","",0,0,0,0,0,0,0,0,0,0,0,0,0,0,0,false,"AWAITING_MONTHLY_DISCLOSURE"
"148661","Kotak US Specific Equity Passive FOF - Regular Plan - Growth","Kotak Mahindra Mutual Fund","KOTAK_MAHINDRA_MF","INF174KA1FR5","REGULAR","GROWTH","","SOURCE_UNAVAILABLE","AMC_MONTHLY_PORTFOLIO","https://assetmanagement.kotak.com/statutory-disclosures/monthly-portfolio","",0,0,0,0,0,0,0,0,0,0,0,0,0,0,0,false,"AWAITING_MONTHLY_DISCLOSURE"
"102591","Kotak Ultra Short Term Fund - Regular Plan - Growth","Kotak Mahindra Mutual Fund","KOTAK_MAHINDRA_MF","INF174K01FD6","REGULAR","GROWTH","","SOURCE_UNAVAILABLE","AMC_MONTHLY_PORTFOLIO","https://assetmanagement.kotak.com/statutory-disclosures/monthly-portfolio","",0,0,0,0,0,0,0,0,0,0,0,0,0,0,0,false,"AWAITING_MONTHLY_DISCLOSURE"
"133805","Kotak Ultra Short to Short Term Fund - Regular Plan - Growth Option","Kotak Mahindra Mutual Fund","KOTAK_MAHINDRA_MF","INF178L01202","REGULAR","GROWTH","","SOURCE_UNAVAILABLE","AMC_MONTHLY_PORTFOLIO","https://assetmanagement.kotak.com/statutory-disclosures/monthly-portfolio","",0,0,0,0,0,0,0,0,0,0,0,0,0,0,0,false,"AWAITING_MONTHLY_DISCLOSURE"
"152752","kotak BSE PSU Index Fund - Regular Plan - Growth","Kotak Mahindra Mutual Fund","KOTAK_MAHINDRA_MF","INF174KA1SI7","REGULAR","GROWTH","","SOURCE_UNAVAILABLE","AMC_MONTHLY_PORTFOLIO","https://assetmanagement.kotak.com/statutory-disclosures/monthly-portfolio","",0,0,0,0,0,0,0,0,0,0,0,0,0,0,0,false,"AWAITING_MONTHLY_DISCLOSURE"
"154737","LAKSHYA OVERNIGHT FUND - Regular Plan - GROWTH","Lakshya Mutual Fund","LAKSHYA_MF","INF2ZPR01022","REGULAR","GROWTH","","SOURCE_UNAVAILABLE","AMC_MONTHLY_PORTFOLIO","https://www.lakshyamf.com/statutory-disclosures/monthly-portfolio","",0,0,0,0,0,0,0,0,0,0,0,0,0,0,0,false,"AWAITING_MONTHLY_DISCLOSURE"
"100323","LIC MF Aggressive Hybrid Fund - Regular Plan - Growth","LIC Mutual Fund","LIC_MF","INF767K01030","REGULAR","GROWTH","","SOURCE_UNAVAILABLE","AMC_MONTHLY_PORTFOLIO","https://www.licmf.com/statutory-disclosures/monthly-portfolio","",0,0,0,0,0,0,0,0,0,0,0,0,0,0,0,false,"AWAITING_MONTHLY_DISCLOSURE"
"145890","LIC MF Arbitrage Fund - Regular Plan - Growth","LIC Mutual Fund","LIC_MF","INF767K01PL9","REGULAR","GROWTH","","SOURCE_UNAVAILABLE","AMC_MONTHLY_PORTFOLIO","https://www.licmf.com/statutory-disclosures/monthly-portfolio","",0,0,0,0,0,0,0,0,0,0,0,0,0,0,0,false,"AWAITING_MONTHLY_DISCLOSURE"
"101199","LIC MF BSE Sensex Index Fund - Regular Plan - Growth","LIC Mutual Fund","LIC_MF","INF767K01139","REGULAR","GROWTH","","SOURCE_UNAVAILABLE","AMC_MONTHLY_PORTFOLIO","https://www.licmf.com/statutory-disclosures/monthly-portfolio","",0,0,0,0,0,0,0,0,0,0,0,0,0,0,0,false,"AWAITING_MONTHLY_DISCLOSURE"
"149259","LIC MF Balanced Advantage Fund - Regular Plan - Growth","LIC Mutual Fund","LIC_MF","INF767K01QV6","REGULAR","GROWTH","","SOURCE_UNAVAILABLE","AMC_MONTHLY_PORTFOLIO","https://www.licmf.com/statutory-disclosures/monthly-portfolio","",0,0,0,0,0,0,0,0,0,0,0,0,0,0,0,false,"AWAITING_MONTHLY_DISCLOSURE"
"105823","LIC MF Banking & PSU Debt Fund - Regular Plan - Growth","LIC Mutual Fund","LIC_MF","INF767K01535","REGULAR","GROWTH","","SOURCE_UNAVAILABLE","AMC_MONTHLY_PORTFOLIO","https://www.licmf.com/statutory-disclosures/monthly-portfolio","",0,0,0,0,0,0,0,0,0,0,0,0,0,0,0,false,"AWAITING_MONTHLY_DISCLOSURE"
"134016","LIC MF Banking and Financial Services Fund - Regular Plan - Growth","LIC Mutual Fund","LIC_MF","INF767K01NH2","REGULAR","GROWTH","","SOURCE_UNAVAILABLE","AMC_MONTHLY_PORTFOLIO","https://www.licmf.com/statutory-disclosures/monthly-portfolio","",0,0,0,0,0,0,0,0,0,0,0,0,0,0,0,false,"AWAITING_MONTHLY_DISCLOSURE"
"101271","LIC MF Children's Fund - Regular Plan - Growth","LIC Mutual Fund","LIC_MF","INF767K01048","REGULAR","GROWTH","","SOURCE_UNAVAILABLE","AMC_MONTHLY_PORTFOLIO","https://www.licmf.com/statutory-disclosures/monthly-portfolio","",0,0,0,0,0,0,0,0,0,0,0,0,0,0,0,false,"AWAITING_MONTHLY_DISCLOSURE"
"101869","LIC MF Conservative Hybrid Fund - Regular Plan - Growth","LIC Mutual Fund","LIC_MF","INF767K01808","REGULAR","GROWTH","","SOURCE_UNAVAILABLE","AMC_MONTHLY_PORTFOLIO","https://www.licmf.com/statutory-disclosures/monthly-portfolio","",0,0,0,0,0,0,0,0,0,0,0,0,0,0,0,false,"AWAITING_MONTHLY_DISCLOSURE"
"153950","LIC MF Consumption Fund - Regular Plan - Growth","LIC Mutual Fund","LIC_MF","INF767K01SA6","REGULAR","GROWTH","","SOURCE_UNAVAILABLE","AMC_MONTHLY_PORTFOLIO","https://www.licmf.com/statutory-disclosures/monthly-portfolio","",0,0,0,0,0,0,0,0,0,0,0,0,0,0,0,false,"AWAITING_MONTHLY_DISCLOSURE"
"100865","LIC MF ELSS Tax Saver Fund - Regular Plan - Growth","LIC Mutual Fund","LIC_MF","INF767K01956","REGULAR","GROWTH","","SOURCE_UNAVAILABLE","AMC_MONTHLY_PORTFOLIO","https://www.licmf.com/statutory-disclosures/monthly-portfolio","",0,0,0,0,0,0,0,0,0,0,0,0,0,0,0,false,"AWAITING_MONTHLY_DISCLOSURE"
"151950","LIC MF Equity Savings Fund - Regular Plan - Growth","LIC Mutual Fund","LIC_MF","INF397L01315","REGULAR","GROWTH","","SOURCE_UNAVAILABLE","AMC_MONTHLY_PORTFOLIO","https://www.licmf.com/statutory-disclosures/monthly-portfolio","",0,0,0,0,0,0,0,0,0,0,0,0,0,0,0,false,"AWAITING_MONTHLY_DISCLOSURE"
"100313","LIC MF Flexi Cap Fund - Regular Plan - Growth","LIC Mutual Fund","LIC_MF","INF767K01071","REGULAR","GROWTH","","SOURCE_UNAVAILABLE","AMC_MONTHLY_PORTFOLIO","https://www.licmf.com/statutory-disclosures/monthly-portfolio","",0,0,0,0,0,0,0,0,0,0,0,0,0,0,0,false,"AWAITING_MONTHLY_DISCLOSURE"
"152009","LIC MF Focused Fund - Regular Plan - Growth","LIC Mutual Fund","LIC_MF","INF397L01KE9","REGULAR","GROWTH","","SOURCE_UNAVAILABLE","AMC_MONTHLY_PORTFOLIO","https://www.licmf.com/statutory-disclosures/monthly-portfolio","",0,0,0,0,0,0,0,0,0,0,0,0,0,0,0,false,"AWAITING_MONTHLY_DISCLOSURE"
"100317","LIC MF Gilt Fund - Regular Plan - Growth","LIC Mutual Fund","LIC_MF","INF767K01709","REGULAR","GROWTH","","SOURCE_UNAVAILABLE","AMC_MONTHLY_PORTFOLIO","https://www.licmf.com/statutory-disclosures/monthly-portfolio","",0,0,0,0,0,0,0,0,0,0,0,0,0,0,0,false,"AWAITING_MONTHLY_DISCLOSURE"
"100319","LIC MF Gilt Fund - Regular Plan - Growth","LIC Mutual Fund","LIC_MF","INF767K01733","REGULAR","GROWTH","","SOURCE_UNAVAILABLE","AMC_MONTHLY_PORTFOLIO","https://www.licmf.com/statutory-disclosures/monthly-portfolio","",0,0,0,0,0,0,0,0,0,0,0,0,0,0,0,false,"AWAITING_MONTHLY_DISCLOSURE"
"151973","LIC MF Gold ETF Fund of Fund - Regular Plan - Growth","LIC Mutual Fund","LIC_MF","INF397L01992","REGULAR","GROWTH","","SOURCE_UNAVAILABLE","AMC_MONTHLY_PORTFOLIO","https://www.licmf.com/statutory-disclosures/monthly-portfolio","",0,0,0,0,0,0,0,0,0,0,0,0,0,0,0,false,"AWAITING_MONTHLY_DISCLOSURE"
"152025","LIC MF Healthcare Fund - Regular Plan - Growth","LIC Mutual Fund","LIC_MF","INF397L01LG2","REGULAR","GROWTH","","SOURCE_UNAVAILABLE","AMC_MONTHLY_PORTFOLIO","https://www.licmf.com/statutory-disclosures/monthly-portfolio","",0,0,0,0,0,0,0,0,0,0,0,0,0,0,0,false,"AWAITING_MONTHLY_DISCLOSURE"
"107763","LIC MF Infrastructure Fund - Regular Plan - Growth","LIC Mutual Fund","LIC_MF","INF767K01501","REGULAR","GROWTH","","SOURCE_UNAVAILABLE","AMC_MONTHLY_PORTFOLIO","https://www.licmf.com/statutory-disclosures/monthly-portfolio","",0,0,0,0,0,0,0,0,0,0,0,0,0,0,0,false,"AWAITING_MONTHLY_DISCLOSURE"
"133711","LIC MF Large & Mid Cap Fund - Regular Plan - Growth","LIC Mutual Fund","LIC_MF","INF767K01NB5","REGULAR","GROWTH","","SOURCE_UNAVAILABLE","AMC_MONTHLY_PORTFOLIO","https://www.licmf.com/statutory-disclosures/monthly-portfolio","",0,0,0,0,0,0,0,0,0,0,0,0,0,0,0,false,"AWAITING_MONTHLY_DISCLOSURE"
"106871","LIC MF Large Cap Fund - Regular Plan - Growth","LIC Mutual Fund","LIC_MF","INF767K01105","REGULAR","GROWTH","","SOURCE_UNAVAILABLE","AMC_MONTHLY_PORTFOLIO","https://www.licmf.com/statutory-disclosures/monthly-portfolio","",0,0,0,0,0,0,0,0,0,0,0,0,0,0,0,false,"AWAITING_MONTHLY_DISCLOSURE"
"101185","LIC MF Liquid Fund - Regular Plan - Growth","LIC Mutual Fund","LIC_MF","INF767K01IS9","REGULAR","GROWTH","","SOURCE_UNAVAILABLE","AMC_MONTHLY_PORTFOLIO","https://www.licmf.com/statutory-disclosures/monthly-portfolio","",0,0,0,0,0,0,0,0,0,0,0,0,0,0,0,false,"AWAITING_MONTHLY_DISCLOSURE"
"152922","LIC MF Manufacturing Fund - Regular Plan - Growth","LIC Mutual Fund","LIC_MF","INF767K01RO9","REGULAR","GROWTH","","SOURCE_UNAVAILABLE","AMC_MONTHLY_PORTFOLIO","https://www.licmf.com/statutory-disclosures/monthly-portfolio","",0,0,0,0,0,0,0,0,0,0,0,0,0,0,0,false,"AWAITING_MONTHLY_DISCLOSURE"
"100315","LIC MF Medium to Long Term Fund - Regular Plan - Growth","LIC Mutual Fund","LIC_MF","INF767K01923","REGULAR","GROWTH","","SOURCE_UNAVAILABLE","AMC_MONTHLY_PORTFOLIO","https://www.licmf.com/statutory-disclosures/monthly-portfolio","",0,0,0,0,0,0,0,0,0,0,0,0,0,0,0,false,"AWAITING_MONTHLY_DISCLOSURE"
"152001","LIC MF Mid Cap Fund - Regular Plan - Growth","LIC Mutual Fund","LIC_MF","INF397L01JO0","REGULAR","GROWTH","","SOURCE_UNAVAILABLE","AMC_MONTHLY_PORTFOLIO","https://www.licmf.com/statutory-disclosures/monthly-portfolio","",0,0,0,0,0,0,0,0,0,0,0,0,0,0,0,false,"AWAITING_MONTHLY_DISCLOSURE"
"150393","LIC MF Money Market Fund - Regular Plan - Growth","LIC Mutual Fund","LIC_MF","INF767K01RB6","REGULAR","GROWTH","","SOURCE_UNAVAILABLE","AMC_MONTHLY_PORTFOLIO","https://www.licmf.com/statutory-disclosures/monthly-portfolio","",0,0,0,0,0,0,0,0,0,0,0,0,0,0,0,false,"AWAITING_MONTHLY_DISCLOSURE"
"153248","LIC MF Multi Asset Allocation Fund - Regular Plan - Growth","LIC Mutual Fund","LIC_MF","INF767K01RW2","REGULAR","GROWTH","","SOURCE_UNAVAILABLE","AMC_MONTHLY_PORTFOLIO","https://www.licmf.com/statutory-disclosures/monthly-portfolio","",0,0,0,0,0,0,0,0,0,0,0,0,0,0,0,false,"AWAITING_MONTHLY_DISCLOSURE"
"150661","LIC MF Multi Cap Fund - Regular Plan - Growth","LIC Mutual Fund","LIC_MF","INF767K01RH3","REGULAR","GROWTH","","SOURCE_UNAVAILABLE","AMC_MONTHLY_PORTFOLIO","https://www.licmf.com/statutory-disclosures/monthly-portfolio","",0,0,0,0,0,0,0,0,0,0,0,0,0,0,0,false,"AWAITING_MONTHLY_DISCLOSURE"
"101201","LIC MF Nifty 50 Index Fund - Regular Plan - Growth","LIC Mutual Fund","LIC_MF","INF767K01162","REGULAR","GROWTH","","SOURCE_UNAVAILABLE","AMC_MONTHLY_PORTFOLIO","https://www.licmf.com/statutory-disclosures/monthly-portfolio","",0,0,0,0,0,0,0,0,0,0,0,0,0,0,0,false,"AWAITING_MONTHLY_DISCLOSURE"
"151935","LIC MF Nifty Next 50 Index Fund - Regular Plan - Growth","LIC Mutual Fund","LIC_MF","INF397L01174","REGULAR","GROWTH","","SOURCE_UNAVAILABLE","AMC_MONTHLY_PORTFOLIO","https://www.licmf.com/statutory-disclosures/monthly-portfolio","",0,0,0,0,0,0,0,0,0,0,0,0,0,0,0,false,"AWAITING_MONTHLY_DISCLOSURE"
"147519","LIC MF Overnight Fund - Regular Plan - Growth","LIC Mutual Fund","LIC_MF","INF767K01QD4","REGULAR","GROWTH","","SOURCE_UNAVAILABLE","AMC_MONTHLY_PORTFOLIO","https://www.licmf.com/statutory-disclosures/monthly-portfolio","",0,0,0,0,0,0,0,0,0,0,0,0,0,0,0,false,"AWAITING_MONTHLY_DISCLOSURE"
"145952","LIC MF Short Term Fund - Regular Plan - Growth","LIC Mutual Fund","LIC_MF","INF767K01PT2","REGULAR","GROWTH","","SOURCE_UNAVAILABLE","AMC_MONTHLY_PORTFOLIO","https://www.licmf.com/statutory-disclosures/monthly-portfolio","",0,0,0,0,0,0,0,0,0,0,0,0,0,0,0,false,"AWAITING_MONTHLY_DISCLOSURE"
"152003","LIC MF Small Cap Fund - Regular Plan - Growth","LIC Mutual Fund","LIC_MF","INF397L01JW3","REGULAR","GROWTH","","SOURCE_UNAVAILABLE","AMC_MONTHLY_PORTFOLIO","https://www.licmf.com/statutory-disclosures/monthly-portfolio","",0,0,0,0,0,0,0,0,0,0,0,0,0,0,0,false,"AWAITING_MONTHLY_DISCLOSURE"
"154247","LIC MF Technology Fund - Regular Plan - Growth","LIC Mutual Fund","LIC_MF","INF767K01SG3","REGULAR","GROWTH","","SOURCE_UNAVAILABLE","AMC_MONTHLY_PORTFOLIO","https://www.licmf.com/statutory-disclosures/monthly-portfolio","",0,0,0,0,0,0,0,0,0,0,0,0,0,0,0,false,"AWAITING_MONTHLY_DISCLOSURE"
"147770","LIC MF Ultra Short Term Fund - Regular Plan - Growth","LIC Mutual Fund","LIC_MF","INF767K01QO1","REGULAR","GROWTH","","SOURCE_UNAVAILABLE","AMC_MONTHLY_PORTFOLIO","https://www.licmf.com/statutory-disclosures/monthly-portfolio","",0,0,0,0,0,0,0,0,0,0,0,0,0,0,0,false,"AWAITING_MONTHLY_DISCLOSURE"
"101830","LIC MF Ultra Short to Short Term fund - Regular Plan - Growth","LIC Mutual Fund","LIC_MF","INF767K01AO5","REGULAR","GROWTH","","SOURCE_UNAVAILABLE","AMC_MONTHLY_PORTFOLIO","https://www.licmf.com/statutory-disclosures/monthly-portfolio","",0,0,0,0,0,0,0,0,0,0,0,0,0,0,0,false,"AWAITING_MONTHLY_DISCLOSURE"
"152016","LIC MF Value Fund - Regular Plan - Growth","LIC Mutual Fund","LIC_MF","INF397L01KQ3","REGULAR","GROWTH","","SOURCE_UNAVAILABLE","AMC_MONTHLY_PORTFOLIO","https://www.licmf.com/statutory-disclosures/monthly-portfolio","",0,0,0,0,0,0,0,0,0,0,0,0,0,0,0,false,"AWAITING_MONTHLY_DISCLOSURE"
"147447","Mahindra Manulife Aggressive Hybrid Fund - Regular Plan - Growth","Mahindra Manulife Mutual Fund","MAHINDRA_MANULI_MF","INF174V01754","REGULAR","GROWTH","","SOURCE_UNAVAILABLE","AMC_MONTHLY_PORTFOLIO","https://www.mahindramanulife.com/statutory-disclosures/monthly-portfolio","",0,0,0,0,0,0,0,0,0,0,0,0,0,0,0,false,"AWAITING_MONTHLY_DISCLOSURE"
"148467","Mahindra Manulife Arbitrage Fund - Regular Plan - Growth","Mahindra Manulife Mutual Fund","MAHINDRA_MANULI_MF","INF174V01978","REGULAR","GROWTH","","SOURCE_UNAVAILABLE","AMC_MONTHLY_PORTFOLIO","https://www.mahindramanulife.com/statutory-disclosures/monthly-portfolio","",0,0,0,0,0,0,0,0,0,0,0,0,0,0,0,false,"AWAITING_MONTHLY_DISCLOSURE"
"149228","Mahindra Manulife Asia Pacific REITs FOF - Regular Plan - Growth","Mahindra Manulife Mutual Fund","MAHINDRA_MANULI_MF","INF174V01AV6","REGULAR","GROWTH","","SOURCE_UNAVAILABLE","AMC_MONTHLY_PORTFOLIO","https://www.mahindramanulife.com/statutory-disclosures/monthly-portfolio","",0,0,0,0,0,0,0,0,0,0,0,0,0,0,0,false,"AWAITING_MONTHLY_DISCLOSURE"
"149404","Mahindra Manulife Balanced Advantage Fund - Regular Plan - Growth","Mahindra Manulife Mutual Fund","MAHINDRA_MANULI_MF","INF174V01BB6","REGULAR","GROWTH","","SOURCE_UNAVAILABLE","AMC_MONTHLY_PORTFOLIO","https://www.mahindramanulife.com/statutory-disclosures/monthly-portfolio","",0,0,0,0,0,0,0,0,0,0,0,0,0,0,0,false,"AWAITING_MONTHLY_DISCLOSURE"
"152046","Mahindra Manulife Business Cycle Fund - Regular Plan - Growth","Mahindra Manulife Mutual Fund","MAHINDRA_MANULI_MF","INF174V01BN1","REGULAR","GROWTH","","SOURCE_UNAVAILABLE","AMC_MONTHLY_PORTFOLIO","https://www.mahindramanulife.com/statutory-disclosures/monthly-portfolio","",0,0,0,0,0,0,0,0,0,0,0,0,0,0,0,false,"AWAITING_MONTHLY_DISCLOSURE"
"145355","Mahindra Manulife Consumption Fund - Regular Plan - Growth","Mahindra Manulife Mutual Fund","MAHINDRA_MANULI_MF","INF174V01630","REGULAR","GROWTH","","SOURCE_UNAVAILABLE","AMC_MONTHLY_PORTFOLIO","https://www.mahindramanulife.com/statutory-disclosures/monthly-portfolio","",0,0,0,0,0,0,0,0,0,0,0,0,0,0,0,false,"AWAITING_MONTHLY_DISCLOSURE"
"144401","Mahindra Manulife Dynamic Term Fund - Regular Plan - Growth","Mahindra Manulife Mutual Fund","MAHINDRA_MANULI_MF","INF174V01531","REGULAR","GROWTH","","SOURCE_UNAVAILABLE","AMC_MONTHLY_PORTFOLIO","https://www.mahindramanulife.com/statutory-disclosures/monthly-portfolio","",0,0,0,0,0,0,0,0,0,0,0,0,0,0,0,false,"AWAITING_MONTHLY_DISCLOSURE"
"139783","Mahindra Manulife ELSS Tax Saver Fund - Regular Plan - Growth","Mahindra Manulife Mutual Fund","MAHINDRA_MANULI_MF","INF174V01077","REGULAR","GROWTH","","SOURCE_UNAVAILABLE","AMC_MONTHLY_PORTFOLIO","https://www.mahindramanulife.com/statutory-disclosures/monthly-portfolio","",0,0,0,0,0,0,0,0,0,0,0,0,0,0,0,false,"AWAITING_MONTHLY_DISCLOSURE"
"140447","Mahindra Manulife Equity Savings Fund - Regular Plan - Growth","Mahindra Manulife Mutual Fund","MAHINDRA_MANULI_MF","INF174V01150","REGULAR","GROWTH","","SOURCE_UNAVAILABLE","AMC_MONTHLY_PORTFOLIO","https://www.mahindramanulife.com/statutory-disclosures/monthly-portfolio","",0,0,0,0,0,0,0,0,0,0,0,0,0,0,0,false,"AWAITING_MONTHLY_DISCLOSURE"
"149101","Mahindra Manulife Flexi Cap Fund - Regular Plan - Growth","Mahindra Manulife Mutual Fund","MAHINDRA_MANULI_MF","INF174V01AP8","REGULAR","GROWTH","","SOURCE_UNAVAILABLE","AMC_MONTHLY_PORTFOLIO","https://www.mahindramanulife.com/statutory-disclosures/monthly-portfolio","",0,0,0,0,0,0,0,0,0,0,0,0,0,0,0,false,"AWAITING_MONTHLY_DISCLOSURE"
"148571","Mahindra Manulife Focused Fund - Regular Plan - Growth","Mahindra Manulife Mutual Fund","MAHINDRA_MANULI_MF","INF174V01AD4","REGULAR","GROWTH","","SOURCE_UNAVAILABLE","AMC_MONTHLY_PORTFOLIO","https://www.mahindramanulife.com/statutory-disclosures/monthly-portfolio","",0,0,0,0,0,0,0,0,0,0,0,0,0,0,0,false,"AWAITING_MONTHLY_DISCLOSURE"
"154006","Mahindra Manulife Income Plus Arbitrage Active FOF - Regular Plan - Growth","Mahindra Manulife Mutual Fund","MAHINDRA_MANULI_MF","INF174V01CR0","REGULAR","GROWTH","","SOURCE_UNAVAILABLE","AMC_MONTHLY_PORTFOLIO","https://www.mahindramanulife.com/statutory-disclosures/monthly-portfolio","",0,0,0,0,0,0,0,0,0,0,0,0,0,0,0,false,"AWAITING_MONTHLY_DISCLOSURE"
"154120","Mahindra Manulife Innovation Opportunities Fund - Regular Plan - Growth","Mahindra Manulife Mutual Fund","MAHINDRA_MANULI_MF","INF174V01CX8","REGULAR","GROWTH","","SOURCE_UNAVAILABLE","AMC_MONTHLY_PORTFOLIO","https://www.mahindramanulife.com/statutory-disclosures/monthly-portfolio","",0,0,0,0,0,0,0,0,0,0,0,0,0,0,0,false,"AWAITING_MONTHLY_DISCLOSURE"
"147843","Mahindra Manulife Large & Mid Cap Fund - Regular Plan - Growth","Mahindra Manulife Mutual Fund","MAHINDRA_MANULI_MF","INF174V01911","REGULAR","GROWTH","","SOURCE_UNAVAILABLE","AMC_MONTHLY_PORTFOLIO","https://www.mahindramanulife.com/statutory-disclosures/monthly-portfolio","",0,0,0,0,0,0,0,0,0,0,0,0,0,0,0,false,"AWAITING_MONTHLY_DISCLOSURE"
"146551","Mahindra Manulife Large Cap Fund - Regular Plan - Growth","Mahindra Manulife Mutual Fund","MAHINDRA_MANULI_MF","INF174V01697","REGULAR","GROWTH","","SOURCE_UNAVAILABLE","AMC_MONTHLY_PORTFOLIO","https://www.mahindramanulife.com/statutory-disclosures/monthly-portfolio","",0,0,0,0,0,0,0,0,0,0,0,0,0,0,0,false,"AWAITING_MONTHLY_DISCLOSURE"
"139537","Mahindra Manulife Liquid Fund - Regular Plan - Growth","Mahindra Manulife Mutual Fund","MAHINDRA_MANULI_MF","INF174V01010","REGULAR","GROWTH","","SOURCE_UNAVAILABLE","AMC_MONTHLY_PORTFOLIO","https://www.mahindramanulife.com/statutory-disclosures/monthly-portfolio","",0,0,0,0,0,0,0,0,0,0,0,0,0,0,0,false,"AWAITING_MONTHLY_DISCLOSURE"
"152671","Mahindra Manulife Manufacturing Fund - Regular Plan - Growth","Mahindra Manulife Mutual Fund","MAHINDRA_MANULI_MF","INF174V01BZ5","REGULAR","GROWTH","","SOURCE_UNAVAILABLE","AMC_MONTHLY_PORTFOLIO","https://www.mahindramanulife.com/statutory-disclosures/monthly-portfolio","",0,0,0,0,0,0,0,0,0,0,0,0,0,0,0,false,"AWAITING_MONTHLY_DISCLOSURE"
"142109","Mahindra Manulife Mid Cap Fund - Regular Plan - Growth","Mahindra Manulife Mutual Fund","MAHINDRA_MANULI_MF","INF174V01473","REGULAR","GROWTH","","SOURCE_UNAVAILABLE","AMC_MONTHLY_PORTFOLIO","https://www.mahindramanulife.com/statutory-disclosures/monthly-portfolio","",0,0,0,0,0,0,0,0,0,0,0,0,0,0,0,false,"AWAITING_MONTHLY_DISCLOSURE"
"152441","Mahindra Manulife Multi Asset Allocation Fund - Regular Plan - Growth","Mahindra Manulife Mutual Fund","MAHINDRA_MANULI_MF","INF174V01BT8","REGULAR","GROWTH","","SOURCE_UNAVAILABLE","AMC_MONTHLY_PORTFOLIO","https://www.mahindramanulife.com/statutory-disclosures/monthly-portfolio","",0,0,0,0,0,0,0,0,0,0,0,0,0,0,0,false,"AWAITING_MONTHLY_DISCLOSURE"
"141224","Mahindra Manulife Multi Cap Fund - Regular Plan - Growth","Mahindra Manulife Mutual Fund","MAHINDRA_MANULI_MF","INF174V01317","REGULAR","GROWTH","","SOURCE_UNAVAILABLE","AMC_MONTHLY_PORTFOLIO","https://www.mahindramanulife.com/statutory-disclosures/monthly-portfolio","",0,0,0,0,0,0,0,0,0,0,0,0,0,0,0,false,"AWAITING_MONTHLY_DISCLOSURE"
"147565","Mahindra Manulife Overnight Fund - Regular Plan - Growth","Mahindra Manulife Mutual Fund","MAHINDRA_MANULI_MF","INF174V01812","REGULAR","GROWTH","","SOURCE_UNAVAILABLE","AMC_MONTHLY_PORTFOLIO","https://www.mahindramanulife.com/statutory-disclosures/monthly-portfolio","",0,0,0,0,0,0,0,0,0,0,0,0,0,0,0,false,"AWAITING_MONTHLY_DISCLOSURE"
"148727","Mahindra Manulife Short Term Fund - Regular Plan - Growth","Mahindra Manulife Mutual Fund","MAHINDRA_MANULI_MF","INF174V01AJ1","REGULAR","GROWTH","","SOURCE_UNAVAILABLE","AMC_MONTHLY_PORTFOLIO","https://www.mahindramanulife.com/statutory-disclosures/monthly-portfolio","",0,0,0,0,0,0,0,0,0,0,0,0,0,0,0,false,"AWAITING_MONTHLY_DISCLOSURE"
"150912","Mahindra Manulife Small Cap Fund - Regular Plan - Growth","Mahindra Manulife Mutual Fund","MAHINDRA_MANULI_MF","INF174V01BH3","REGULAR","GROWTH","","SOURCE_UNAVAILABLE","AMC_MONTHLY_PORTFOLIO","https://www.mahindramanulife.com/statutory-disclosures/monthly-portfolio","",0,0,0,0,0,0,0,0,0,0,0,0,0,0,0,false,"AWAITING_MONTHLY_DISCLOSURE"
"147734","Mahindra Manulife Ultra Short Term Fund - Regular Plan - Growth","Mahindra Manulife Mutual Fund","MAHINDRA_MANULI_MF","INF174V01853","REGULAR","GROWTH","","SOURCE_UNAVAILABLE","AMC_MONTHLY_PORTFOLIO","https://www.mahindramanulife.com/statutory-disclosures/monthly-portfolio","",0,0,0,0,0,0,0,0,0,0,0,0,0,0,0,false,"AWAITING_MONTHLY_DISCLOSURE"
"140620","Mahindra Manulife Ultra Short to Short Term Fund - Regular Plan - Growth","Mahindra Manulife Mutual Fund","MAHINDRA_MANULI_MF","INF174V01218","REGULAR","GROWTH","","SOURCE_UNAVAILABLE","AMC_MONTHLY_PORTFOLIO","https://www.mahindramanulife.com/statutory-disclosures/monthly-portfolio","",0,0,0,0,0,0,0,0,0,0,0,0,0,0,0,false,"AWAITING_MONTHLY_DISCLOSURE"
"153304","Mahindra Manulife Value Fund - Regular Plan - Growth","Mahindra Manulife Mutual Fund","MAHINDRA_MANULI_MF","INF174V01CF5","REGULAR","GROWTH","","SOURCE_UNAVAILABLE","AMC_MONTHLY_PORTFOLIO","https://www.mahindramanulife.com/statutory-disclosures/monthly-portfolio","",0,0,0,0,0,0,0,0,0,0,0,0,0,0,0,false,"AWAITING_MONTHLY_DISCLOSURE"
"153675","MahindraManulife Banking & Financial Services Fund - Regular Plan - Growth","Mahindra Manulife Mutual Fund","MAHINDRA_MANULI_MF","INF174V01CL3","REGULAR","GROWTH","","SOURCE_UNAVAILABLE","AMC_MONTHLY_PORTFOLIO","https://www.mahindramanulife.com/statutory-disclosures/monthly-portfolio","",0,0,0,0,0,0,0,0,0,0,0,0,0,0,0,false,"AWAITING_MONTHLY_DISCLOSURE"
"134815","Mirae Asset Aggressive Hybrid Fund - Regular Plan - Growth","Mirae Asset Mutual Fund","MIRAE_ASSET_MF","INF769K01DE6","REGULAR","GROWTH","","SOURCE_UNAVAILABLE","AMC_MONTHLY_PORTFOLIO","https://www.miraeassetmf.co.in/statutory-disclosures/monthly-portfolio","",0,0,0,0,0,0,0,0,0,0,0,0,0,0,0,false,"AWAITING_MONTHLY_DISCLOSURE"
"148400","Mirae Asset Arbitrage Fund - Regular Plan - Growth","Mirae Asset Mutual Fund","MIRAE_ASSET_MF","INF769K01FP7","REGULAR","GROWTH","","SOURCE_UNAVAILABLE","AMC_MONTHLY_PORTFOLIO","https://www.miraeassetmf.co.in/statutory-disclosures/monthly-portfolio","",0,0,0,0,0,0,0,0,0,0,0,0,0,0,0,false,"AWAITING_MONTHLY_DISCLOSURE"
"153382","Mirae Asset BSE 200 Equal Weight ETF Fund of Fund - Regular Plan - Growth","Mirae Asset Mutual Fund","MIRAE_ASSET_MF","INF769K01OB9","REGULAR","GROWTH","","SOURCE_UNAVAILABLE","AMC_MONTHLY_PORTFOLIO","https://www.miraeassetmf.co.in/statutory-disclosures/monthly-portfolio","",0,0,0,0,0,0,0,0,0,0,0,0,0,0,0,false,"AWAITING_MONTHLY_DISCLOSURE"
"154189","Mirae Asset BSE India Defence ETF FOF - Regular Plan - Growth","Mirae Asset Mutual Fund","MIRAE_ASSET_MF","INF769K01QD0","REGULAR","GROWTH","","SOURCE_UNAVAILABLE","AMC_MONTHLY_PORTFOLIO","https://www.miraeassetmf.co.in/statutory-disclosures/monthly-portfolio","",0,0,0,0,0,0,0,0,0,0,0,0,0,0,0,false,"AWAITING_MONTHLY_DISCLOSURE"
"154473","Mirae Asset BSE Midcap 150 Momentum 30 ETF FOF - Regular Plan - Growth","Mirae Asset Mutual Fund","MIRAE_ASSET_MF","INF769K01QW0","REGULAR","GROWTH","","SOURCE_UNAVAILABLE","AMC_MONTHLY_PORTFOLIO","https://www.miraeassetmf.co.in/statutory-disclosures/monthly-portfolio","",0,0,0,0,0,0,0,0,0,0,0,0,0,0,0,false,"AWAITING_MONTHLY_DISCLOSURE"
"153387","Mirae Asset BSE Select IPO ETF Fund of Fund - Regular Plan - Growth","Mirae Asset Mutual Fund","MIRAE_ASSET_MF","INF769K01OH6","REGULAR","GROWTH","","SOURCE_UNAVAILABLE","AMC_MONTHLY_PORTFOLIO","https://www.miraeassetmf.co.in/statutory-disclosures/monthly-portfolio","",0,0,0,0,0,0,0,0,0,0,0,0,0,0,0,false,"AWAITING_MONTHLY_DISCLOSURE"
"150473","Mirae Asset Balanced Advantage Fund - Regular Plan - Growth","Mirae Asset Mutual Fund","MIRAE_ASSET_MF","INF769K01IK2","REGULAR","GROWTH","","SOURCE_UNAVAILABLE","AMC_MONTHLY_PORTFOLIO","https://www.miraeassetmf.co.in/statutory-disclosures/monthly-portfolio","",0,0,0,0,0,0,0,0,0,0,0,0,0,0,0,false,"AWAITING_MONTHLY_DISCLOSURE"
"148621","Mirae Asset Banking and Financial Services Fund - Regular Plan - Growth","Mirae Asset Mutual Fund","MIRAE_ASSET_MF","INF769K01GU5","REGULAR","GROWTH","","SOURCE_UNAVAILABLE","AMC_MONTHLY_PORTFOLIO","https://www.miraeassetmf.co.in/statutory-disclosures/monthly-portfolio","",0,0,0,0,0,0,0,0,0,0,0,0,0,0,0,false,"AWAITING_MONTHLY_DISCLOSURE"
"148416","Mirae Asset Banking and PSU Debt Fund - Regular Plan - Growth","Mirae Asset Mutual Fund","MIRAE_ASSET_MF","INF769K01FV5","REGULAR","GROWTH","","SOURCE_UNAVAILABLE","AMC_MONTHLY_PORTFOLIO","https://www.miraeassetmf.co.in/statutory-disclosures/monthly-portfolio","",0,0,0,0,0,0,0,0,0,0,0,0,0,0,0,false,"AWAITING_MONTHLY_DISCLOSURE"
"150790","Mirae Asset CRISIL IBX Gilt Index - April 2033 Index Fund - Regular Plan - Growth","Mirae Asset Mutual Fund","MIRAE_ASSET_MF","INF769K01IU1","REGULAR","GROWTH","","SOURCE_UNAVAILABLE","AMC_MONTHLY_PORTFOLIO","https://www.miraeassetmf.co.in/statutory-disclosures/monthly-portfolio","",0,0,0,0,0,0,0,0,0,0,0,0,0,0,0,false,"AWAITING_MONTHLY_DISCLOSURE"
"153636","Mirae Asset CRISIL-IBX Financial Services 9-12 Months Debt Index Fund - Regular Plan - Growth","Mirae Asset Mutual Fund","MIRAE_ASSET_MF","INF769K01OP9","REGULAR","GROWTH","","SOURCE_UNAVAILABLE","AMC_MONTHLY_PORTFOLIO","https://www.miraeassetmf.co.in/statutory-disclosures/monthly-portfolio","",0,0,0,0,0,0,0,0,0,0,0,0,0,0,0,false,"AWAITING_MONTHLY_DISCLOSURE"
"148757","Mirae Asset Corporate Bond Fund - Regular Plan - Growth","Mirae Asset Mutual Fund","MIRAE_ASSET_MF","INF769K01HA5","REGULAR","GROWTH","","SOURCE_UNAVAILABLE","AMC_MONTHLY_PORTFOLIO","https://www.miraeassetmf.co.in/statutory-disclosures/monthly-portfolio","",0,0,0,0,0,0,0,0,0,0,0,0,0,0,0,false,"AWAITING_MONTHLY_DISCLOSURE"
"148502","Mirae Asset Diversified Equity Allocator Passive FOF - Regular Plan - Growth","Mirae Asset Mutual Fund","MIRAE_ASSET_MF","INF769K01GB5","REGULAR","GROWTH","","SOURCE_UNAVAILABLE","AMC_MONTHLY_PORTFOLIO","https://www.miraeassetmf.co.in/statutory-disclosures/monthly-portfolio","",0,0,0,0,0,0,0,0,0,0,0,0,0,0,0,false,"AWAITING_MONTHLY_DISCLOSURE"
"140771","Mirae Asset Dynamic Term Fund - Regular Plan - Growth","Mirae Asset Mutual Fund","MIRAE_ASSET_MF","INF769K01DO5","REGULAR","GROWTH","","SOURCE_UNAVAILABLE","AMC_MONTHLY_PORTFOLIO","https://www.miraeassetmf.co.in/statutory-disclosures/monthly-portfolio","",0,0,0,0,0,0,0,0,0,0,0,0,0,0,0,false,"AWAITING_MONTHLY_DISCLOSURE"
"135784","Mirae Asset ELSS Tax Saver Fund - Regular Plan - Growth","Mirae Asset Mutual Fund","MIRAE_ASSET_MF","INF769K01DK3","REGULAR","GROWTH","","SOURCE_UNAVAILABLE","AMC_MONTHLY_PORTFOLIO","https://www.miraeassetmf.co.in/statutory-disclosures/monthly-portfolio","",0,0,0,0,0,0,0,0,0,0,0,0,0,0,0,false,"AWAITING_MONTHLY_DISCLOSURE"
"145695","Mirae Asset Equity Savings Fund - Regular Plan - Growth","Mirae Asset Mutual Fund","MIRAE_ASSET_MF","INF769K01EI5","REGULAR","GROWTH","","SOURCE_UNAVAILABLE","AMC_MONTHLY_PORTFOLIO","https://www.miraeassetmf.co.in/statutory-disclosures/monthly-portfolio","",0,0,0,0,0,0,0,0,0,0,0,0,0,0,0,false,"AWAITING_MONTHLY_DISCLOSURE"
"151414","Mirae Asset Flexi Cap Fund - Regular Plan - Growth","Mirae Asset Mutual Fund","MIRAE_ASSET_MF","INF769K01JG8","REGULAR","GROWTH","","SOURCE_UNAVAILABLE","AMC_MONTHLY_PORTFOLIO","https://www.miraeassetmf.co.in/statutory-disclosures/monthly-portfolio","",0,0,0,0,0,0,0,0,0,0,0,0,0,0,0,false,"AWAITING_MONTHLY_DISCLOSURE"
"147203","Mirae Asset Focused Fund - Regular Plan - Growth","Mirae Asset Mutual Fund","MIRAE_ASSET_MF","INF769K01ES4","REGULAR","GROWTH","","SOURCE_UNAVAILABLE","AMC_MONTHLY_PORTFOLIO","https://www.miraeassetmf.co.in/statutory-disclosures/monthly-portfolio","",0,0,0,0,0,0,0,0,0,0,0,0,0,0,0,false,"AWAITING_MONTHLY_DISCLOSURE"
"150594","Mirae Asset Global Electric & Autonomous Vehicles Equity Passive FOF - Regular Plan - Growth","Mirae Asset Mutual Fund","MIRAE_ASSET_MF","INF769K01IP1","REGULAR","GROWTH","","SOURCE_UNAVAILABLE","AMC_MONTHLY_PORTFOLIO","https://www.miraeassetmf.co.in/statutory-disclosures/monthly-portfolio","",0,0,0,0,0,0,0,0,0,0,0,0,0,0,0,false,"AWAITING_MONTHLY_DISCLOSURE"
"150596","Mirae Asset Global X Artificial Intelligence & Technology ETF Fund of Fund - Regular Plan - Growth","Mirae Asset Mutual Fund","MIRAE_ASSET_MF","INF769K01IR7","REGULAR","GROWTH","","SOURCE_UNAVAILABLE","AMC_MONTHLY_PORTFOLIO","https://www.miraeassetmf.co.in/statutory-disclosures/monthly-portfolio","",0,0,0,0,0,0,0,0,0,0,0,0,0,0,0,false,"AWAITING_MONTHLY_DISCLOSURE"
"153009","Mirae Asset Gold ETF Fund of Fund - Regular Plan - Growth","Mirae Asset Mutual Fund","MIRAE_ASSET_MF","INF769K01MS7","REGULAR","GROWTH","","SOURCE_UNAVAILABLE","AMC_MONTHLY_PORTFOLIO","https://www.miraeassetmf.co.in/statutory-disclosures/monthly-portfolio","",0,0,0,0,0,0,0,0,0,0,0,0,0,0,0,false,"AWAITING_MONTHLY_DISCLOSURE"
"153814","Mirae Asset Gold Silver Passive FoF - Regular Plan - Growth","Mirae Asset Mutual Fund","MIRAE_ASSET_MF","INF769K01PP6","REGULAR","GROWTH","","SOURCE_UNAVAILABLE","AMC_MONTHLY_PORTFOLIO","https://www.miraeassetmf.co.in/statutory-disclosures/monthly-portfolio","",0,0,0,0,0,0,0,0,0,0,0,0,0,0,0,false,"AWAITING_MONTHLY_DISCLOSURE"
"114931","Mirae Asset Great Consumer Fund - Regular Plan - Growth","Mirae Asset Mutual Fund","MIRAE_ASSET_MF","INF769K01135","REGULAR","GROWTH","","SOURCE_UNAVAILABLE","AMC_MONTHLY_PORTFOLIO","https://www.miraeassetmf.co.in/statutory-disclosures/monthly-portfolio","",0,0,0,0,0,0,0,0,0,0,0,0,0,0,0,false,"AWAITING_MONTHLY_DISCLOSURE"
"149380","Mirae Asset Hang Seng TECH ETF Fund of Fund - Regular Plan - Growth","Mirae Asset Mutual Fund","MIRAE_ASSET_MF","INF769K01HT5","REGULAR","GROWTH","","SOURCE_UNAVAILABLE","AMC_MONTHLY_PORTFOLIO","https://www.miraeassetmf.co.in/statutory-disclosures/monthly-portfolio","",0,0,0,0,0,0,0,0,0,0,0,0,0,0,0,false,"AWAITING_MONTHLY_DISCLOSURE"
"143785","Mirae Asset Healthcare Fund - Regular Plan - Growth","Mirae Asset Mutual Fund","MIRAE_ASSET_MF","INF769K01EA2","REGULAR","GROWTH","","SOURCE_UNAVAILABLE","AMC_MONTHLY_PORTFOLIO","https://www.miraeassetmf.co.in/statutory-disclosures/monthly-portfolio","",0,0,0,0,0,0,0,0,0,0,0,0,0,0,0,false,"AWAITING_MONTHLY_DISCLOSURE"
"153640","Mirae Asset Income plus Arbitrage Active FOF - Regular Plan - Growth","Mirae Asset Mutual Fund","MIRAE_ASSET_MF","INF769K01OV7","REGULAR","GROWTH","","SOURCE_UNAVAILABLE","AMC_MONTHLY_PORTFOLIO","https://www.miraeassetmf.co.in/statutory-disclosures/monthly-portfolio","",0,0,0,0,0,0,0,0,0,0,0,0,0,0,0,false,"AWAITING_MONTHLY_DISCLOSURE"
"153985","Mirae Asset Infrastructure Fund - Regular Plan - Growth","Mirae Asset Mutual Fund","MIRAE_ASSET_MF","INF769K01PS0","REGULAR","GROWTH","","SOURCE_UNAVAILABLE","AMC_MONTHLY_PORTFOLIO","https://www.miraeassetmf.co.in/statutory-disclosures/monthly-portfolio","",0,0,0,0,0,0,0,0,0,0,0,0,0,0,0,false,"AWAITING_MONTHLY_DISCLOSURE"
"112932","Mirae Asset Large & Midcap Fund - Regular Plan - Growth","Mirae Asset Mutual Fund","MIRAE_ASSET_MF","INF769K01101","REGULAR","GROWTH","","SOURCE_UNAVAILABLE","AMC_MONTHLY_PORTFOLIO","https://www.miraeassetmf.co.in/statutory-disclosures/monthly-portfolio","",0,0,0,0,0,0,0,0,0,0,0,0,0,0,0,false,"AWAITING_MONTHLY_DISCLOSURE"
"107578","Mirae Asset Large Cap Fund - Regular Plan - Growth","Mirae Asset Mutual Fund","MIRAE_ASSET_MF","INF769K01010","REGULAR","GROWTH","","SOURCE_UNAVAILABLE","AMC_MONTHLY_PORTFOLIO","https://www.miraeassetmf.co.in/statutory-disclosures/monthly-portfolio","",0,0,0,0,0,0,0,0,0,0,0,0,0,0,0,false,"AWAITING_MONTHLY_DISCLOSURE"
"111646","Mirae Asset Liquid Fund - Regular Plan - Growth","Mirae Asset Mutual Fund","MIRAE_ASSET_MF","INF769K01788","REGULAR","GROWTH","","SOURCE_UNAVAILABLE","AMC_MONTHLY_PORTFOLIO","https://www.miraeassetmf.co.in/statutory-disclosures/monthly-portfolio","",0,0,0,0,0,0,0,0,0,0,0,0,0,0,0,false,"AWAITING_MONTHLY_DISCLOSURE"
"153107","Mirae Asset Long Term Fund - Regular Plan - Growth","Mirae Asset Mutual Fund","MIRAE_ASSET_MF","INF769K01MZ2","REGULAR","GROWTH","","SOURCE_UNAVAILABLE","AMC_MONTHLY_PORTFOLIO","https://www.miraeassetmf.co.in/statutory-disclosures/monthly-portfolio","",0,0,0,0,0,0,0,0,0,0,0,0,0,0,0,false,"AWAITING_MONTHLY_DISCLOSURE"
"147479","Mirae Asset Midcap Fund - Regular Plan - Growth","Mirae Asset Mutual Fund","MIRAE_ASSET_MF","INF769K01EY2","REGULAR","GROWTH","","SOURCE_UNAVAILABLE","AMC_MONTHLY_PORTFOLIO","https://www.miraeassetmf.co.in/statutory-disclosures/monthly-portfolio","",0,0,0,0,0,0,0,0,0,0,0,0,0,0,0,false,"AWAITING_MONTHLY_DISCLOSURE"
"149115","Mirae Asset Money Market Fund - Regular Plan - Growth","Mirae Asset Mutual Fund","MIRAE_ASSET_MF","INF769K01HK4","REGULAR","GROWTH","","SOURCE_UNAVAILABLE","AMC_MONTHLY_PORTFOLIO","https://www.miraeassetmf.co.in/statutory-disclosures/monthly-portfolio","",0,0,0,0,0,0,0,0,0,0,0,0,0,0,0,false,"AWAITING_MONTHLY_DISCLOSURE"
"152347","Mirae Asset Multi Asset Allocation Fund - Regular Plan - Growth","Mirae Asset Mutual Fund","MIRAE_ASSET_MF","INF769K01KW3","REGULAR","GROWTH","","SOURCE_UNAVAILABLE","AMC_MONTHLY_PORTFOLIO","https://www.miraeassetmf.co.in/statutory-disclosures/monthly-portfolio","",0,0,0,0,0,0,0,0,0,0,0,0,0,0,0,false,"AWAITING_MONTHLY_DISCLOSURE"
"153818","Mirae Asset Multi Factor Passive FOF - Regular Plan - Growth","Mirae Asset Mutual Fund","MIRAE_ASSET_MF","INF769K01PE0","REGULAR","GROWTH","","SOURCE_UNAVAILABLE","AMC_MONTHLY_PORTFOLIO","https://www.miraeassetmf.co.in/statutory-disclosures/monthly-portfolio","",0,0,0,0,0,0,0,0,0,0,0,0,0,0,0,false,"AWAITING_MONTHLY_DISCLOSURE"
"151812","Mirae Asset Multicap Fund - Regular Plan - Growth","Mirae Asset Mutual Fund","MIRAE_ASSET_MF","INF769K01KH4","REGULAR","GROWTH","","SOURCE_UNAVAILABLE","AMC_MONTHLY_PORTFOLIO","https://www.miraeassetmf.co.in/statutory-disclosures/monthly-portfolio","",0,0,0,0,0,0,0,0,0,0,0,0,0,0,0,false,"AWAITING_MONTHLY_DISCLOSURE"
"148929","Mirae Asset NYSE FANG + ETF Fund of Fund - Regular Plan - Growth","Mirae Asset Mutual Fund","MIRAE_ASSET_MF","INF769K01HG2","REGULAR","GROWTH","","SOURCE_UNAVAILABLE","AMC_MONTHLY_PORTFOLIO","https://www.miraeassetmf.co.in/statutory-disclosures/monthly-portfolio","",0,0,0,0,0,0,0,0,0,0,0,0,0,0,0,false,"AWAITING_MONTHLY_DISCLOSURE"
"148576","Mirae Asset Nifty 100 ESG Sector Leaders Fund of Fund - Regular Plan - Growth","Mirae Asset Mutual Fund","MIRAE_ASSET_MF","INF769K01GN0","REGULAR","GROWTH","","SOURCE_UNAVAILABLE","AMC_MONTHLY_PORTFOLIO","https://www.miraeassetmf.co.in/statutory-disclosures/monthly-portfolio","",0,0,0,0,0,0,0,0,0,0,0,0,0,0,0,false,"AWAITING_MONTHLY_DISCLOSURE"
"153045","Mirae Asset Nifty 1D Rate Liquid ETF - Regular Plan - Growth","Mirae Asset Mutual Fund","MIRAE_ASSET_MF","INF769K01MY5","REGULAR","GROWTH","","SOURCE_UNAVAILABLE","AMC_MONTHLY_PORTFOLIO","https://www.miraeassetmf.co.in/statutory-disclosures/monthly-portfolio","",0,0,0,0,0,0,0,0,0,0,0,0,0,0,0,false,"AWAITING_MONTHLY_DISCLOSURE"
"152974","Mirae Asset Nifty 50 Index Fund - Regular Plan - Growth","Mirae Asset Mutual Fund","MIRAE_ASSET_MF","INF769K01MO6","REGULAR","GROWTH","","SOURCE_UNAVAILABLE","AMC_MONTHLY_PORTFOLIO","https://www.miraeassetmf.co.in/statutory-disclosures/monthly-portfolio","",0,0,0,0,0,0,0,0,0,0,0,0,0,0,0,false,"AWAITING_MONTHLY_DISCLOSURE"
"149788","Mirae Asset Nifty India Manufacturing ETF Fund of Fund - Regular Plan - Growth","Mirae Asset Mutual Fund","MIRAE_ASSET_MF","INF769K01HW9","REGULAR","GROWTH","","SOURCE_UNAVAILABLE","AMC_MONTHLY_PORTFOLIO","https://www.miraeassetmf.co.in/statutory-disclosures/monthly-portfolio","",0,0,0,0,0,0,0,0,0,0,0,0,0,0,0,false,"AWAITING_MONTHLY_DISCLOSURE"
"153194","Mirae Asset Nifty India New Age Consumption ETF Fund of Fund - Regular Plan - Growth","Mirae Asset Mutual Fund","MIRAE_ASSET_MF","INF769K01NM8","REGULAR","GROWTH","","SOURCE_UNAVAILABLE","AMC_MONTHLY_PORTFOLIO","https://www.miraeassetmf.co.in/statutory-disclosures/monthly-portfolio","",0,0,0,0,0,0,0,0,0,0,0,0,0,0,0,false,"AWAITING_MONTHLY_DISCLOSURE"
"152978","Mirae Asset Nifty LargeMidcap 250 Index Fund - Regular Plan - Growth","Mirae Asset Mutual Fund","MIRAE_ASSET_MF","INF769K01MG2","REGULAR","GROWTH","","SOURCE_UNAVAILABLE","AMC_MONTHLY_PORTFOLIO","https://www.miraeassetmf.co.in/statutory-disclosures/monthly-portfolio","",0,0,0,0,0,0,0,0,0,0,0,0,0,0,0,false,"AWAITING_MONTHLY_DISCLOSURE"
"154218","Mirae Asset Nifty Metal ETF FOF - Regular Plan - Growth","Mirae Asset Mutual Fund","MIRAE_ASSET_MF","INF769K01QJ7","REGULAR","GROWTH","","SOURCE_UNAVAILABLE","AMC_MONTHLY_PORTFOLIO","https://www.miraeassetmf.co.in/statutory-disclosures/monthly-portfolio","",0,0,0,0,0,0,0,0,0,0,0,0,0,0,0,false,"AWAITING_MONTHLY_DISCLOSURE"
"152647","Mirae Asset Nifty MidSmallcap400 Momentum Quality 100 ETF Fund of Fund - Regular Plan - Growth","Mirae Asset Mutual Fund","MIRAE_ASSET_MF","INF769K01LK6","REGULAR","GROWTH","","SOURCE_UNAVAILABLE","AMC_MONTHLY_PORTFOLIO","https://www.miraeassetmf.co.in/statutory-disclosures/monthly-portfolio","",0,0,0,0,0,0,0,0,0,0,0,0,0,0,0,false,"AWAITING_MONTHLY_DISCLOSURE"
"150360","Mirae Asset Nifty SDL Jun 2027 Index Fund - Regular Plan - Growth","Mirae Asset Mutual Fund","MIRAE_ASSET_MF","INF769K01IE5","REGULAR","GROWTH","","SOURCE_UNAVAILABLE","AMC_MONTHLY_PORTFOLIO","https://www.miraeassetmf.co.in/statutory-disclosures/monthly-portfolio","",0,0,0,0,0,0,0,0,0,0,0,0,0,0,0,false,"AWAITING_MONTHLY_DISCLOSURE"
"151694","Mirae Asset Nifty SDL June 2028 Index Fund - Regular Plan - Growth","Mirae Asset Mutual Fund","MIRAE_ASSET_MF","INF769K01JW5","REGULAR","GROWTH","","SOURCE_UNAVAILABLE","AMC_MONTHLY_PORTFOLIO","https://www.miraeassetmf.co.in/statutory-disclosures/monthly-portfolio","",0,0,0,0,0,0,0,0,0,0,0,0,0,0,0,false,"AWAITING_MONTHLY_DISCLOSURE"
"152457","Mirae Asset Nifty Smallcap 250 Momentum Quality 100 ETF Fund of Fund - Regular Plan - Growth","Mirae Asset Mutual Fund","MIRAE_ASSET_MF","INF769K01LD1","REGULAR","GROWTH","","SOURCE_UNAVAILABLE","AMC_MONTHLY_PORTFOLIO","https://www.miraeassetmf.co.in/statutory-disclosures/monthly-portfolio","",0,0,0,0,0,0,0,0,0,0,0,0,0,0,0,false,"AWAITING_MONTHLY_DISCLOSURE"
"152970","Mirae Asset Nifty Total Market Index Fund - Regular Plan - Growth","Mirae Asset Mutual Fund","MIRAE_ASSET_MF","INF769K01MA5","REGULAR","GROWTH","","SOURCE_UNAVAILABLE","AMC_MONTHLY_PORTFOLIO","https://www.miraeassetmf.co.in/statutory-disclosures/monthly-portfolio","",0,0,0,0,0,0,0,0,0,0,0,0,0,0,0,false,"AWAITING_MONTHLY_DISCLOSURE"
"152720","Mirae Asset Nifty200 Alpha 30 ETF Fund of Fund - Regular Plan - Growth","Mirae Asset Mutual Fund","MIRAE_ASSET_MF","INF769K01LR1","REGULAR","GROWTH","","SOURCE_UNAVAILABLE","AMC_MONTHLY_PORTFOLIO","https://www.miraeassetmf.co.in/statutory-disclosures/monthly-portfolio","",0,0,0,0,0,0,0,0,0,0,0,0,0,0,0,false,"AWAITING_MONTHLY_DISCLOSURE"
"154495","Mirae Asset Nifty200 Momentum 30 Plus 8-13yr G-Sec 75:25 Index Fund - Regular Plan - Growth","Mirae Asset Mutual Fund","MIRAE_ASSET_MF","INF769K01RD8","REGULAR","GROWTH","","SOURCE_UNAVAILABLE","AMC_MONTHLY_PORTFOLIO","https://www.miraeassetmf.co.in/statutory-disclosures/monthly-portfolio","",0,0,0,0,0,0,0,0,0,0,0,0,0,0,0,false,"AWAITING_MONTHLY_DISCLOSURE"
"147739","Mirae Asset Overnight Fund - Regular Plan - Growth","Mirae Asset Mutual Fund","MIRAE_ASSET_MF","INF769K01FE1","REGULAR","GROWTH","","SOURCE_UNAVAILABLE","AMC_MONTHLY_PORTFOLIO","https://www.miraeassetmf.co.in/statutory-disclosures/monthly-portfolio","",0,0,0,0,0,0,0,0,0,0,0,0,0,0,0,false,"AWAITING_MONTHLY_DISCLOSURE"
"149171","Mirae Asset S&P 500 Top 50 ETF Fund of Fund - Regular Plan - Growth","Mirae Asset Mutual Fund","MIRAE_ASSET_MF","INF769K01HQ1","REGULAR","GROWTH","","SOURCE_UNAVAILABLE","AMC_MONTHLY_PORTFOLIO","https://www.miraeassetmf.co.in/statutory-disclosures/monthly-portfolio","",0,0,0,0,0,0,0,0,0,0,0,0,0,0,0,false,"AWAITING_MONTHLY_DISCLOSURE"
"142642","Mirae Asset Short Term Fund - Regular Plan - Growth","Mirae Asset Mutual Fund","MIRAE_ASSET_MF","INF769K01DU2","REGULAR","GROWTH","","SOURCE_UNAVAILABLE","AMC_MONTHLY_PORTFOLIO","https://www.miraeassetmf.co.in/statutory-disclosures/monthly-portfolio","",0,0,0,0,0,0,0,0,0,0,0,0,0,0,0,false,"AWAITING_MONTHLY_DISCLOSURE"
"154281","Mirae Asset Silver ETF FOF - Regular Plan - Growth","Mirae Asset Mutual Fund","MIRAE_ASSET_MF","INF769K01QP4","REGULAR","GROWTH","","SOURCE_UNAVAILABLE","AMC_MONTHLY_PORTFOLIO","https://www.miraeassetmf.co.in/statutory-disclosures/monthly-portfolio","",0,0,0,0,0,0,0,0,0,0,0,0,0,0,0,false,"AWAITING_MONTHLY_DISCLOSURE"
"153198","Mirae Asset Small Cap Fund - Regular Plan - Growth","Mirae Asset Mutual Fund","MIRAE_ASSET_MF","INF769K01NG0","REGULAR","GROWTH","","SOURCE_UNAVAILABLE","AMC_MONTHLY_PORTFOLIO","https://www.miraeassetmf.co.in/statutory-disclosures/monthly-portfolio","",0,0,0,0,0,0,0,0,0,0,0,0,0,0,0,false,"AWAITING_MONTHLY_DISCLOSURE"
"107705","Mirae Asset Ultra Short to Short Term Fund - Regular Plan - Growth","Mirae Asset Mutual Fund","MIRAE_ASSET_MF","INF769K01937","REGULAR","GROWTH","","SOURCE_UNAVAILABLE","AMC_MONTHLY_PORTFOLIO","https://www.miraeassetmf.co.in/statutory-disclosures/monthly-portfolio","",0,0,0,0,0,0,0,0,0,0,0,0,0,0,0,false,"AWAITING_MONTHLY_DISCLOSURE"
"148530","Mirae Asset Ultra Short-Term Fund - Regular Plan - Growth","Mirae Asset Mutual Fund","MIRAE_ASSET_MF","INF769K01GH2","REGULAR","GROWTH","","SOURCE_UNAVAILABLE","AMC_MONTHLY_PORTFOLIO","https://www.miraeassetmf.co.in/statutory-disclosures/monthly-portfolio","",0,0,0,0,0,0,0,0,0,0,0,0,0,0,0,false,"AWAITING_MONTHLY_DISCLOSURE"
"154711","Monarch Overnight Fund - Regular Plan - Growth","Monarch Mutual Fund","MONARCH_MF","INF2ZSC01010","REGULAR","GROWTH","","SOURCE_UNAVAILABLE","AMC_MONTHLY_PORTFOLIO","https://www.monarchmf.com/statutory-disclosures/monthly-portfolio","",0,0,0,0,0,0,0,0,0,0,0,0,0,0,0,false,"AWAITING_MONTHLY_DISCLOSURE"
"149241","Motilal Oswal 5 Year G-Sec Fund of Fund - Regular Plan - Growth","Motilal Oswal Mutual Fund","MOTILAL_OSWAL_MF","INF247L01AR9","REGULAR","GROWTH","","SOURCE_UNAVAILABLE","AMC_MONTHLY_PORTFOLIO","https://www.motilaloswalmf.com/statutory-disclosures/monthly-portfolio","",0,0,0,0,0,0,0,0,0,0,0,0,0,0,0,false,"AWAITING_MONTHLY_DISCLOSURE"
"153365","Motilal Oswal Active Momentum Fund - Regular Plan - Growth","Motilal Oswal Mutual Fund","MOTILAL_OSWAL_MF","INF247L01ES9","REGULAR","GROWTH","","SOURCE_UNAVAILABLE","AMC_MONTHLY_PORTFOLIO","https://www.motilaloswalmf.com/statutory-disclosures/monthly-portfolio","",0,0,0,0,0,0,0,0,0,0,0,0,0,0,0,false,"AWAITING_MONTHLY_DISCLOSURE"
"153188","Motilal Oswal Arbitrage Fund - Regular Plan - Growth","Motilal Oswal Mutual Fund","MOTILAL_OSWAL_MF","INF247L01EG4","REGULAR","GROWTH","","SOURCE_UNAVAILABLE","AMC_MONTHLY_PORTFOLIO","https://www.motilaloswalmf.com/statutory-disclosures/monthly-portfolio","",0,0,0,0,0,0,0,0,0,0,0,0,0,0,0,false,"AWAITING_MONTHLY_DISCLOSURE"
"148749","Motilal Oswal Asset Allocation Fund of Fund- Conservative - Regular Plan - Growth","Motilal Oswal Mutual Fund","MOTILAL_OSWAL_MF","INF247L01AO6","REGULAR","GROWTH","","SOURCE_UNAVAILABLE","AMC_MONTHLY_PORTFOLIO","https://www.motilaloswalmf.com/statutory-disclosures/monthly-portfolio","",0,0,0,0,0,0,0,0,0,0,0,0,0,0,0,false,"AWAITING_MONTHLY_DISCLOSURE"
"153597","Motilal Oswal BSE 1000 Index Fund - Regular Plan - Growth","Motilal Oswal Mutual Fund","MOTILAL_OSWAL_MF","INF247L01FN7","REGULAR","GROWTH","","SOURCE_UNAVAILABLE","AMC_MONTHLY_PORTFOLIO","https://www.motilaloswalmf.com/statutory-disclosures/monthly-portfolio","",0,0,0,0,0,0,0,0,0,0,0,0,0,0,0,false,"AWAITING_MONTHLY_DISCLOSURE"
"139870","Motilal Oswal Balanced Advantage Fund - Regular Plan - Growth","Motilal Oswal Mutual Fund","MOTILAL_OSWAL_MF","INF247L01585","REGULAR","GROWTH","","SOURCE_UNAVAILABLE","AMC_MONTHLY_PORTFOLIO","https://www.motilaloswalmf.com/statutory-disclosures/monthly-portfolio","",0,0,0,0,0,0,0,0,0,0,0,0,0,0,0,false,"AWAITING_MONTHLY_DISCLOSURE"
"153916","Motilal Oswal Consumption Fund - Regular Plan - Growth","Motilal Oswal Mutual Fund","MOTILAL_OSWAL_MF","INF247L01GD6","REGULAR","GROWTH","","SOURCE_UNAVAILABLE","AMC_MONTHLY_PORTFOLIO","https://www.motilaloswalmf.com/statutory-disclosures/monthly-portfolio","",0,0,0,0,0,0,0,0,0,0,0,0,0,0,0,false,"AWAITING_MONTHLY_DISCLOSURE"
"154338","Motilal Oswal Contra Fund - Regular Plan - Growth","Motilal Oswal Mutual Fund","MOTILAL_OSWAL_MF","INF247L01GZ9","REGULAR","GROWTH","","SOURCE_UNAVAILABLE","AMC_MONTHLY_PORTFOLIO","https://www.motilaloswalmf.com/statutory-disclosures/monthly-portfolio","",0,0,0,0,0,0,0,0,0,0,0,0,0,0,0,false,"AWAITING_MONTHLY_DISCLOSURE"
"152091","Motilal Oswal Developed Market Ex US ETFs Overseas Equity Passive FOF - Regular Plan - Growth","Motilal Oswal Mutual Fund","MOTILAL_OSWAL_MF","INF247L01BS5","REGULAR","GROWTH","","SOURCE_UNAVAILABLE","AMC_MONTHLY_PORTFOLIO","https://www.motilaloswalmf.com/statutory-disclosures/monthly-portfolio","",0,0,0,0,0,0,0,0,0,0,0,0,0,0,0,false,"AWAITING_MONTHLY_DISCLOSURE"
"152967","Motilal Oswal Digital India Fund - Regular Plan - Growth","Motilal Oswal Mutual Fund","MOTILAL_OSWAL_MF","INF247L01DR3","REGULAR","GROWTH","","SOURCE_UNAVAILABLE","AMC_MONTHLY_PORTFOLIO","https://www.motilaloswalmf.com/statutory-disclosures/monthly-portfolio","",0,0,0,0,0,0,0,0,0,0,0,0,0,0,0,false,"AWAITING_MONTHLY_DISCLOSURE"
"152966","Motilal Oswal Digital India Fund - Regular Plan - Growth","Motilal Oswal Mutual Fund","MOTILAL_OSWAL_MF","INF247L01DQ5","REGULAR","GROWTH","","SOURCE_UNAVAILABLE","AMC_MONTHLY_PORTFOLIO","https://www.motilaloswalmf.com/statutory-disclosures/monthly-portfolio","",0,0,0,0,0,0,0,0,0,0,0,0,0,0,0,false,"AWAITING_MONTHLY_DISCLOSURE"
"154113","Motilal Oswal Diversified Equity Flexicap Passive Fund of Funds - Regular Plan - Growth","Motilal Oswal Mutual Fund","MOTILAL_OSWAL_MF","INF247L01GM7","REGULAR","GROWTH","","SOURCE_UNAVAILABLE","AMC_MONTHLY_PORTFOLIO","https://www.motilaloswalmf.com/statutory-disclosures/monthly-portfolio","",0,0,0,0,0,0,0,0,0,0,0,0,0,0,0,false,"AWAITING_MONTHLY_DISCLOSURE"
"133385","Motilal Oswal ELSS Tax Saver Fund - Regular Plan - Growth","Motilal Oswal Mutual Fund","MOTILAL_OSWAL_MF","INF247L01544","REGULAR","GROWTH","","SOURCE_UNAVAILABLE","AMC_MONTHLY_PORTFOLIO","https://www.motilaloswalmf.com/statutory-disclosures/monthly-portfolio","",0,0,0,0,0,0,0,0,0,0,0,0,0,0,0,false,"AWAITING_MONTHLY_DISCLOSURE"
"154137","Motilal Oswal Financial Services Fund - Regular Plan - Growth","Motilal Oswal Mutual Fund","MOTILAL_OSWAL_MF","INF247L01GQ8","REGULAR","GROWTH","","SOURCE_UNAVAILABLE","AMC_MONTHLY_PORTFOLIO","https://www.motilaloswalmf.com/statutory-disclosures/monthly-portfolio","",0,0,0,0,0,0,0,0,0,0,0,0,0,0,0,false,"AWAITING_MONTHLY_DISCLOSURE"
"129048","Motilal Oswal Flexi Cap Fund - Regular Plan - Growth","Motilal Oswal Mutual Fund","MOTILAL_OSWAL_MF","INF247L01478","REGULAR","GROWTH","","SOURCE_UNAVAILABLE","AMC_MONTHLY_PORTFOLIO","https://www.motilaloswalmf.com/statutory-disclosures/monthly-portfolio","",0,0,0,0,0,0,0,0,0,0,0,0,0,0,0,false,"AWAITING_MONTHLY_DISCLOSURE"
"122387","Motilal Oswal Focused Fund - Regular Plan - Growth","Motilal Oswal Mutual Fund","MOTILAL_OSWAL_MF","INF247L01155","REGULAR","GROWTH","","SOURCE_UNAVAILABLE","AMC_MONTHLY_PORTFOLIO","https://www.motilaloswalmf.com/statutory-disclosures/monthly-portfolio","",0,0,0,0,0,0,0,0,0,0,0,0,0,0,0,false,"AWAITING_MONTHLY_DISCLOSURE"
"150641","Motilal Oswal Gold and Silver Passive Fund of Funds - Regular Plan - Growth","Motilal Oswal Mutual Fund","MOTILAL_OSWAL_MF","INF247L01BN6","REGULAR","GROWTH","","SOURCE_UNAVAILABLE","AMC_MONTHLY_PORTFOLIO","https://www.motilaloswalmf.com/statutory-disclosures/monthly-portfolio","",0,0,0,0,0,0,0,0,0,0,0,0,0,0,0,false,"AWAITING_MONTHLY_DISCLOSURE"
"153482","Motilal Oswal Infrastructure Fund - Regular Plan - Growth","Motilal Oswal Mutual Fund","MOTILAL_OSWAL_MF","INF247L01EZ4","REGULAR","GROWTH","","SOURCE_UNAVAILABLE","AMC_MONTHLY_PORTFOLIO","https://www.motilaloswalmf.com/statutory-disclosures/monthly-portfolio","",0,0,0,0,0,0,0,0,0,0,0,0,0,0,0,false,"AWAITING_MONTHLY_DISCLOSURE"
"153256","Motilal Oswal Innovation Opportunities Fund - Regular Plan - Growth","Motilal Oswal Mutual Fund","MOTILAL_OSWAL_MF","INF247L01EM2","REGULAR","GROWTH","","SOURCE_UNAVAILABLE","AMC_MONTHLY_PORTFOLIO","https://www.motilaloswalmf.com/statutory-disclosures/monthly-portfolio","",0,0,0,0,0,0,0,0,0,0,0,0,0,0,0,false,"AWAITING_MONTHLY_DISCLOSURE"
"147701","Motilal Oswal Large and Midcap Fund - Regular Plan - Growth","Motilal Oswal Mutual Fund","MOTILAL_OSWAL_MF","INF247L01965","REGULAR","GROWTH","","SOURCE_UNAVAILABLE","AMC_MONTHLY_PORTFOLIO","https://www.motilaloswalmf.com/statutory-disclosures/monthly-portfolio","",0,0,0,0,0,0,0,0,0,0,0,0,0,0,0,false,"AWAITING_MONTHLY_DISCLOSURE"
"147795","Motilal Oswal Nifty 50 Index Fund - Regular Plan - Growth","Motilal Oswal Mutual Fund","MOTILAL_OSWAL_MF","INF247L01AF4","REGULAR","GROWTH","","SOURCE_UNAVAILABLE","AMC_MONTHLY_PORTFOLIO","https://www.motilaloswalmf.com/statutory-disclosures/monthly-portfolio","",0,0,0,0,0,0,0,0,0,0,0,0,0,0,0,false,"AWAITING_MONTHLY_DISCLOSURE"
"147626","Motilal Oswal Nifty 500 Index Fund - Regular Plan - Growth","Motilal Oswal Mutual Fund","MOTILAL_OSWAL_MF","INF247L01940","REGULAR","GROWTH","","SOURCE_UNAVAILABLE","AMC_MONTHLY_PORTFOLIO","https://www.motilaloswalmf.com/statutory-disclosures/monthly-portfolio","",0,0,0,0,0,0,0,0,0,0,0,0,0,0,0,false,"AWAITING_MONTHLY_DISCLOSURE"
"152876","Motilal Oswal Nifty 500 Momentum 50 Index Fund - Regular Plan - Growth","Motilal Oswal Mutual Fund","MOTILAL_OSWAL_MF","INF247L01DM4","REGULAR","GROWTH","","SOURCE_UNAVAILABLE","AMC_MONTHLY_PORTFOLIO","https://www.motilaloswalmf.com/statutory-disclosures/monthly-portfolio","",0,0,0,0,0,0,0,0,0,0,0,0,0,0,0,false,"AWAITING_MONTHLY_DISCLOSURE"
"147619","Motilal Oswal Nifty Bank Index Fund - Regular Plan - Growth","Motilal Oswal Mutual Fund","MOTILAL_OSWAL_MF","INF247L01882","REGULAR","GROWTH","","SOURCE_UNAVAILABLE","AMC_MONTHLY_PORTFOLIO","https://www.motilaloswalmf.com/statutory-disclosures/monthly-portfolio","",0,0,0,0,0,0,0,0,0,0,0,0,0,0,0,false,"AWAITING_MONTHLY_DISCLOSURE"
"153137","Motilal Oswal Nifty Capital Market Index Fund - Regular Plan - Growth","Motilal Oswal Mutual Fund","MOTILAL_OSWAL_MF","INF247L01EC3","REGULAR","GROWTH","","SOURCE_UNAVAILABLE","AMC_MONTHLY_PORTFOLIO","https://www.motilaloswalmf.com/statutory-disclosures/monthly-portfolio","",0,0,0,0,0,0,0,0,0,0,0,0,0,0,0,false,"AWAITING_MONTHLY_DISCLOSURE"
"152711","Motilal Oswal Nifty India Defence Index Fund - Regular Plan - Growth","Motilal Oswal Mutual Fund","MOTILAL_OSWAL_MF","INF247L01CV7","REGULAR","GROWTH","","SOURCE_UNAVAILABLE","AMC_MONTHLY_PORTFOLIO","https://www.motilaloswalmf.com/statutory-disclosures/monthly-portfolio","",0,0,0,0,0,0,0,0,0,0,0,0,0,0,0,false,"AWAITING_MONTHLY_DISCLOSURE"
"151815","Motilal Oswal Nifty Microcap 250 Index Fund - Regular Plan - Growth","Motilal Oswal Mutual Fund","MOTILAL_OSWAL_MF","INF247L01BR7","REGULAR","GROWTH","","SOURCE_UNAVAILABLE","AMC_MONTHLY_PORTFOLIO","https://www.motilaloswalmf.com/statutory-disclosures/monthly-portfolio","",0,0,0,0,0,0,0,0,0,0,0,0,0,0,0,false,"AWAITING_MONTHLY_DISCLOSURE"
"153026","Motilal Oswal Nifty MidSmall Financial Services Index Fund - Regular Plan - Growth","Motilal Oswal Mutual Fund","MOTILAL_OSWAL_MF","INF247L01DX1","REGULAR","GROWTH","","SOURCE_UNAVAILABLE","AMC_MONTHLY_PORTFOLIO","https://www.motilaloswalmf.com/statutory-disclosures/monthly-portfolio","",0,0,0,0,0,0,0,0,0,0,0,0,0,0,0,false,"AWAITING_MONTHLY_DISCLOSURE"
"153022","Motilal Oswal Nifty MidSmall Healthcare Index Fund - Regular Plan - Growth","Motilal Oswal Mutual Fund","MOTILAL_OSWAL_MF","INF247L01DT9","REGULAR","GROWTH","","SOURCE_UNAVAILABLE","AMC_MONTHLY_PORTFOLIO","https://www.motilaloswalmf.com/statutory-disclosures/monthly-portfolio","",0,0,0,0,0,0,0,0,0,0,0,0,0,0,0,false,"AWAITING_MONTHLY_DISCLOSURE"
"153028","Motilal Oswal Nifty MidSmall IT and Telecom Index Fund - Regular Plan - Growth","Motilal Oswal Mutual Fund","MOTILAL_OSWAL_MF","INF247L01DZ6","REGULAR","GROWTH","","SOURCE_UNAVAILABLE","AMC_MONTHLY_PORTFOLIO","https://www.motilaloswalmf.com/statutory-disclosures/monthly-portfolio","",0,0,0,0,0,0,0,0,0,0,0,0,0,0,0,false,"AWAITING_MONTHLY_DISCLOSURE"
"153024","Motilal Oswal Nifty MidSmall India Consumption Index Fund - Regular Plan - Growth","Motilal Oswal Mutual Fund","MOTILAL_OSWAL_MF","INF247L01DV5","REGULAR","GROWTH","","SOURCE_UNAVAILABLE","AMC_MONTHLY_PORTFOLIO","https://www.motilaloswalmf.com/statutory-disclosures/monthly-portfolio","",0,0,0,0,0,0,0,0,0,0,0,0,0,0,0,false,"AWAITING_MONTHLY_DISCLOSURE"
"147621","Motilal Oswal Nifty Midcap 150 Index Fund - Regular Plan - Growth","Motilal Oswal Mutual Fund","MOTILAL_OSWAL_MF","INF247L01908","REGULAR","GROWTH","","SOURCE_UNAVAILABLE","AMC_MONTHLY_PORTFOLIO","https://www.motilaloswalmf.com/statutory-disclosures/monthly-portfolio","",0,0,0,0,0,0,0,0,0,0,0,0,0,0,0,false,"AWAITING_MONTHLY_DISCLOSURE"
"147797","Motilal Oswal Nifty Next 50 Index Fund - Regular Plan - Growth","Motilal Oswal Mutual Fund","MOTILAL_OSWAL_MF","INF247L01AD9","REGULAR","GROWTH","","SOURCE_UNAVAILABLE","AMC_MONTHLY_PORTFOLIO","https://www.motilaloswalmf.com/statutory-disclosures/monthly-portfolio","",0,0,0,0,0,0,0,0,0,0,0,0,0,0,0,false,"AWAITING_MONTHLY_DISCLOSURE"
"147624","Motilal Oswal Nifty Smallcap 250 Index Fund - Regular Plan - GROWTH","Motilal Oswal Mutual Fund","MOTILAL_OSWAL_MF","INF247L01924","REGULAR","GROWTH","","SOURCE_UNAVAILABLE","AMC_MONTHLY_PORTFOLIO","https://www.motilaloswalmf.com/statutory-disclosures/monthly-portfolio","",0,0,0,0,0,0,0,0,0,0,0,0,0,0,0,false,"AWAITING_MONTHLY_DISCLOSURE"
"154667","Motilal Oswal Quality Fund - Regular Plan - GROWTH","Motilal Oswal Mutual Fund","MOTILAL_OSWAL_MF","INF247L01HL7","REGULAR","GROWTH","","SOURCE_UNAVAILABLE","AMC_MONTHLY_PORTFOLIO","https://www.motilaloswalmf.com/statutory-disclosures/monthly-portfolio","",0,0,0,0,0,0,0,0,0,0,0,0,0,0,0,false,"AWAITING_MONTHLY_DISCLOSURE"
"152692","Motilal Oswal Quant Fund - Regular Plan - GROWTH","Motilal Oswal Mutual Fund","MOTILAL_OSWAL_MF","INF247L01CP9","REGULAR","GROWTH","","SOURCE_UNAVAILABLE","AMC_MONTHLY_PORTFOLIO","https://www.motilaloswalmf.com/statutory-disclosures/monthly-portfolio","",0,0,0,0,0,0,0,0,0,0,0,0,0,0,0,false,"AWAITING_MONTHLY_DISCLOSURE"
"148382","Motilal Oswal S&P 500 Index Fund - Regular Plan - GROWTH","Motilal Oswal Mutual Fund","MOTILAL_OSWAL_MF","INF247L01AH0","REGULAR","GROWTH","","SOURCE_UNAVAILABLE","AMC_MONTHLY_PORTFOLIO","https://www.motilaloswalmf.com/statutory-disclosures/monthly-portfolio","",0,0,0,0,0,0,0,0,0,0,0,0,0,0,0,false,"AWAITING_MONTHLY_DISCLOSURE"
"153561","Motilal Oswal Services Fund - Regular Plan - GROWTH","Motilal Oswal Mutual Fund","MOTILAL_OSWAL_MF","INF247L01FG1","REGULAR","GROWTH","","SOURCE_UNAVAILABLE","AMC_MONTHLY_PORTFOLIO","https://www.motilaloswalmf.com/statutory-disclosures/monthly-portfolio","",0,0,0,0,0,0,0,0,0,0,0,0,0,0,0,false,"AWAITING_MONTHLY_DISCLOSURE"
"152232","Motilal Oswal Small Cap Fund - Regular Plan - Growth","Motilal Oswal Mutual Fund","MOTILAL_OSWAL_MF","INF247L01BV9","REGULAR","GROWTH","","SOURCE_UNAVAILABLE","AMC_MONTHLY_PORTFOLIO","https://www.motilaloswalmf.com/statutory-disclosures/monthly-portfolio","",0,0,0,0,0,0,0,0,0,0,0,0,0,0,0,false,"AWAITING_MONTHLY_DISCLOSURE"
"153751","Motilal Oswal Special Opportunities Fund - Regular Plan - Growth","Motilal Oswal Mutual Fund","MOTILAL_OSWAL_MF","INF247L01FV0","REGULAR","GROWTH","","SOURCE_UNAVAILABLE","AMC_MONTHLY_PORTFOLIO","https://www.motilaloswalmf.com/statutory-disclosures/monthly-portfolio","",0,0,0,0,0,0,0,0,0,0,0,0,0,0,0,false,"AWAITING_MONTHLY_DISCLOSURE"
"124233","Motilal Oswal Ultra Short Term Fund - Regular Plan - Growth","Motilal Oswal Mutual Fund","MOTILAL_OSWAL_MF","INF247L01213","REGULAR","GROWTH","","SOURCE_UNAVAILABLE","AMC_MONTHLY_PORTFOLIO","https://www.motilaloswalmf.com/statutory-disclosures/monthly-portfolio","",0,0,0,0,0,0,0,0,0,0,0,0,0,0,0,false,"AWAITING_MONTHLY_DISCLOSURE"
"152061","NAVI BSE SENSEX INDEX FUND - Regular Plan - GROWTH","Navi Mutual Fund","NAVI_MF","INF959L01HJ1","REGULAR","GROWTH","","SOURCE_UNAVAILABLE","AMC_MONTHLY_PORTFOLIO","https://navi.com/mutual-fund/statutory-disclosures/monthly-portfolio","",0,0,0,0,0,0,0,0,0,0,0,0,0,0,0,false,"AWAITING_MONTHLY_DISCLOSURE"
"151472","NAVI ELSS TAX SAVER NIFTY50 INDEX FUND - Regular Plan - GROWTH","Navi Mutual Fund","NAVI_MF","INF959L01GS4","REGULAR","GROWTH","","SOURCE_UNAVAILABLE","AMC_MONTHLY_PORTFOLIO","https://navi.com/mutual-fund/statutory-disclosures/monthly-portfolio","",0,0,0,0,0,0,0,0,0,0,0,0,0,0,0,false,"AWAITING_MONTHLY_DISCLOSURE"
"143162","Navi Aggressive Hybrid Fund - Regular Plan - Growth","Navi Mutual Fund","NAVI_MF","INF959L01DI2","REGULAR","GROWTH","","SOURCE_UNAVAILABLE","AMC_MONTHLY_PORTFOLIO","https://navi.com/mutual-fund/statutory-disclosures/monthly-portfolio","",0,0,0,0,0,0,0,0,0,0,0,0,0,0,0,false,"AWAITING_MONTHLY_DISCLOSURE"
"143787","Navi Flexi Cap Fund - Regular Plan - Growth","Navi Mutual Fund","NAVI_MF","INF959L01EE9","REGULAR","GROWTH","","SOURCE_UNAVAILABLE","AMC_MONTHLY_PORTFOLIO","https://navi.com/mutual-fund/statutory-disclosures/monthly-portfolio","",0,0,0,0,0,0,0,0,0,0,0,0,0,0,0,false,"AWAITING_MONTHLY_DISCLOSURE"
"135678","Navi Large & Midcap Fund - Regular Plan - Growth","Navi Mutual Fund","NAVI_MF","INF959L01CK0","REGULAR","GROWTH","","SOURCE_UNAVAILABLE","AMC_MONTHLY_PORTFOLIO","https://navi.com/mutual-fund/statutory-disclosures/monthly-portfolio","",0,0,0,0,0,0,0,0,0,0,0,0,0,0,0,false,"AWAITING_MONTHLY_DISCLOSURE"
"112636","Navi Liquid Fund - Regular Plan - Growth Option","Navi Mutual Fund","NAVI_MF","INF959L01GL9","REGULAR","GROWTH","","SOURCE_UNAVAILABLE","AMC_MONTHLY_PORTFOLIO","https://navi.com/mutual-fund/statutory-disclosures/monthly-portfolio","",0,0,0,0,0,0,0,0,0,0,0,0,0,0,0,false,"AWAITING_MONTHLY_DISCLOSURE"
"149040","Navi Nifty 50 Index Fund - Regular Plan - Growth","Navi Mutual Fund","NAVI_MF","INF959L01FQ0","REGULAR","GROWTH","","SOURCE_UNAVAILABLE","AMC_MONTHLY_PORTFOLIO","https://navi.com/mutual-fund/statutory-disclosures/monthly-portfolio","",0,0,0,0,0,0,0,0,0,0,0,0,0,0,0,false,"AWAITING_MONTHLY_DISCLOSURE"
"152750","Navi Nifty 500 Multicap 50:25:25 Index Fund - Regular Plan - Growth","Navi Mutual Fund","NAVI_MF","INF959L01HN3","REGULAR","GROWTH","","SOURCE_UNAVAILABLE","AMC_MONTHLY_PORTFOLIO","https://navi.com/mutual-fund/statutory-disclosures/monthly-portfolio","",0,0,0,0,0,0,0,0,0,0,0,0,0,0,0,false,"AWAITING_MONTHLY_DISCLOSURE"
"149805","Navi Nifty Bank Index Fund - Regular Plan - Growth","Navi Mutual Fund","NAVI_MF","INF959L01FU2","REGULAR","GROWTH","","SOURCE_UNAVAILABLE","AMC_MONTHLY_PORTFOLIO","https://navi.com/mutual-fund/statutory-disclosures/monthly-portfolio","",0,0,0,0,0,0,0,0,0,0,0,0,0,0,0,false,"AWAITING_MONTHLY_DISCLOSURE"
"150516","Navi Nifty India Manufacturing Index Fund - Regular Plan - Growth","Navi Mutual Fund","NAVI_MF","INF959L01GE4","REGULAR","GROWTH","","SOURCE_UNAVAILABLE","AMC_MONTHLY_PORTFOLIO","https://navi.com/mutual-fund/statutory-disclosures/monthly-portfolio","",0,0,0,0,0,0,0,0,0,0,0,0,0,0,0,false,"AWAITING_MONTHLY_DISCLOSURE"
"154026","Navi Nifty Midsmallcap 400 Index Fund - Regular Plan - Growth","Navi Mutual Fund","NAVI_MF","INF959L01HS2","REGULAR","GROWTH","","SOURCE_UNAVAILABLE","AMC_MONTHLY_PORTFOLIO","https://navi.com/mutual-fund/statutory-disclosures/monthly-portfolio","",0,0,0,0,0,0,0,0,0,0,0,0,0,0,0,false,"AWAITING_MONTHLY_DISCLOSURE"
"149448","Navi Nifty Next 50 Index Fund - Regular Plan - Growth","Navi Mutual Fund","NAVI_MF","INF959L01FS6","REGULAR","GROWTH","","SOURCE_UNAVAILABLE","AMC_MONTHLY_PORTFOLIO","https://navi.com/mutual-fund/statutory-disclosures/monthly-portfolio","",0,0,0,0,0,0,0,0,0,0,0,0,0,0,0,false,"AWAITING_MONTHLY_DISCLOSURE"
"154703","Navi Nifty Reits & Realty Index fund - Regular Plan - Growth","Navi Mutual Fund","NAVI_MF","INF959L01HU8","REGULAR","GROWTH","","SOURCE_UNAVAILABLE","AMC_MONTHLY_PORTFOLIO","https://navi.com/mutual-fund/statutory-disclosures/monthly-portfolio","",0,0,0,0,0,0,0,0,0,0,0,0,0,0,0,false,"AWAITING_MONTHLY_DISCLOSURE"
"153363","Navi Nifty Smallcap250 Momentum Quality 100 Index Fund - Regular Plan - Growth","Navi Mutual Fund","NAVI_MF","INF959L01HP8","REGULAR","GROWTH","","SOURCE_UNAVAILABLE","AMC_MONTHLY_PORTFOLIO","https://navi.com/mutual-fund/statutory-disclosures/monthly-portfolio","",0,0,0,0,0,0,0,0,0,0,0,0,0,0,0,false,"AWAITING_MONTHLY_DISCLOSURE"
"152536","Navi NiftyIT Index Fund - Regular Plan - Growth","Navi Mutual Fund","NAVI_MF","INF959L01HL7","REGULAR","GROWTH","","SOURCE_UNAVAILABLE","AMC_MONTHLY_PORTFOLIO","https://navi.com/mutual-fund/statutory-disclosures/monthly-portfolio","",0,0,0,0,0,0,0,0,0,0,0,0,0,0,0,false,"AWAITING_MONTHLY_DISCLOSURE"
"153276","Nippon India Active Momentum Fund - Regular Plan - Growth Option","Nippon India Mutual Fund","NIPPON_INDIA_MF","INF204KC1EH1","REGULAR","GROWTH","","SOURCE_UNAVAILABLE","AMC_MONTHLY_PORTFOLIO","https://mf.nipponindiaim.com/statutory-disclosures/monthly-portfolio","",0,0,0,0,0,0,0,0,0,0,0,0,0,0,0,false,"AWAITING_MONTHLY_DISCLOSURE"
"147685","Nippon India Aggressive Hybrid Fund (Existing Number of Segregated Portfolios - 2) - Regular Plan - Growth Option","Nippon India Mutual Fund","NIPPON_INDIA_MF","INF204KB13G8","REGULAR","GROWTH","","SOURCE_UNAVAILABLE","AMC_MONTHLY_PORTFOLIO","https://mf.nipponindiaim.com/statutory-disclosures/monthly-portfolio","",0,0,0,0,0,0,0,0,0,0,0,0,0,0,0,false,"AWAITING_MONTHLY_DISCLOSURE"
"112936","Nippon India Aggressive Hybrid Fund (Existing Number of Segregated Portfolios - 2) - Regular Plan - Growth Option","Nippon India Mutual Fund","NIPPON_INDIA_MF","INF204K01FW1","REGULAR","GROWTH","","SOURCE_UNAVAILABLE","AMC_MONTHLY_PORTFOLIO","https://mf.nipponindiaim.com/statutory-disclosures/monthly-portfolio","",0,0,0,0,0,0,0,0,0,0,0,0,0,0,0,false,"AWAITING_MONTHLY_DISCLOSURE"
"113345","Nippon India Arbitrage Fund - Regular Plan - Growth Option","Nippon India Mutual Fund","NIPPON_INDIA_MF","INF204K01IY1","REGULAR","GROWTH","","SOURCE_UNAVAILABLE","AMC_MONTHLY_PORTFOLIO","https://mf.nipponindiaim.com/statutory-disclosures/monthly-portfolio","",0,0,0,0,0,0,0,0,0,0,0,0,0,0,0,false,"AWAITING_MONTHLY_DISCLOSURE"
"153566","Nippon India BSE Sensex Next 30 Index Fund - Regular Plan - Growth Option","Nippon India Mutual Fund","NIPPON_INDIA_MF","INF204KC1FA3","REGULAR","GROWTH","","SOURCE_UNAVAILABLE","AMC_MONTHLY_PORTFOLIO","https://mf.nipponindiaim.com/statutory-disclosures/monthly-portfolio","",0,0,0,0,0,0,0,0,0,0,0,0,0,0,0,false,"AWAITING_MONTHLY_DISCLOSURE"
"102846","Nippon India Balanced Advantage Fund - Regular Plan - Growth Option","Nippon India Mutual Fund","NIPPON_INDIA_MF","INF204K01604","REGULAR","GROWTH","","SOURCE_UNAVAILABLE","AMC_MONTHLY_PORTFOLIO","https://mf.nipponindiaim.com/statutory-disclosures/monthly-portfolio","",0,0,0,0,0,0,0,0,0,0,0,0,0,0,0,false,"AWAITING_MONTHLY_DISCLOSURE"
"101862","Nippon India Banking & Financial Services Fund - Regular Plan - Growth Option","Nippon India Mutual Fund","NIPPON_INDIA_MF","INF204K01927","REGULAR","GROWTH","","SOURCE_UNAVAILABLE","AMC_MONTHLY_PORTFOLIO","https://mf.nipponindiaim.com/statutory-disclosures/monthly-portfolio","",0,0,0,0,0,0,0,0,0,0,0,0,0,0,0,false,"AWAITING_MONTHLY_DISCLOSURE"
"134545","Nippon India Banking and PSU Debt Fund - Regular Plan - Growth Option","Nippon India Mutual Fund","NIPPON_INDIA_MF","INF204KA1T56","REGULAR","GROWTH","","SOURCE_UNAVAILABLE","AMC_MONTHLY_PORTFOLIO","https://mf.nipponindiaim.com/statutory-disclosures/monthly-portfolio","",0,0,0,0,0,0,0,0,0,0,0,0,0,0,0,false,"AWAITING_MONTHLY_DISCLOSURE"
"152994","Nippon India CRISIL - IBX AAA Financial Services - Dec 2026 Index Fund - Regular Plan - Growth Option","Nippon India Mutual Fund","NIPPON_INDIA_MF","INF204KC1DJ9","REGULAR","GROWTH","","SOURCE_UNAVAILABLE","AMC_MONTHLY_PORTFOLIO","https://mf.nipponindiaim.com/statutory-disclosures/monthly-portfolio","",0,0,0,0,0,0,0,0,0,0,0,0,0,0,0,false,"AWAITING_MONTHLY_DISCLOSURE"
"152998","Nippon India CRISIL - IBX AAA Financial Services - Jan 2028 Index Fund - Regular Plan - Growth Option","Nippon India Mutual Fund","NIPPON_INDIA_MF","INF204KC1DP6","REGULAR","GROWTH","","SOURCE_UNAVAILABLE","AMC_MONTHLY_PORTFOLIO","https://mf.nipponindiaim.com/statutory-disclosures/monthly-portfolio","",0,0,0,0,0,0,0,0,0,0,0,0,0,0,0,false,"AWAITING_MONTHLY_DISCLOSURE"
"154274","Nippon India CRISIL-IBX Financial Services 3-6 Months Debt Index Fund - Regular Plan - Growth Option","Nippon India Mutual Fund","NIPPON_INDIA_MF","INF204KC1GU9","REGULAR","GROWTH","","SOURCE_UNAVAILABLE","AMC_MONTHLY_PORTFOLIO","https://mf.nipponindiaim.com/statutory-disclosures/monthly-portfolio","",0,0,0,0,0,0,0,0,0,0,0,0,0,0,0,false,"AWAITING_MONTHLY_DISCLOSURE"
"154255","Nippon India CRISIL-IBX Financial Services 9-12 Months Debt Index Fund - Regular Plan - Growth Option","Nippon India Mutual Fund","NIPPON_INDIA_MF","INF204KC1GO2","REGULAR","GROWTH","","SOURCE_UNAVAILABLE","AMC_MONTHLY_PORTFOLIO","https://mf.nipponindiaim.com/statutory-disclosures/monthly-portfolio","",0,0,0,0,0,0,0,0,0,0,0,0,0,0,0,false,"AWAITING_MONTHLY_DISCLOSURE"
"102172","Nippon India Conservative Hybrid Fund (Existing number of Segregated Portfolios - 1) - Regular Plan - Growth Option","Nippon India Mutual Fund","NIPPON_INDIA_MF","INF204K01FD1","REGULAR","GROWTH","","SOURCE_UNAVAILABLE","AMC_MONTHLY_PORTFOLIO","https://mf.nipponindiaim.com/statutory-disclosures/monthly-portfolio","",0,0,0,0,0,0,0,0,0,0,0,0,0,0,0,false,"AWAITING_MONTHLY_DISCLOSURE"
"148141","Nippon India Conservative Hybrid Fund (Existing number of Segregated Portfolios - 1) - Regular Plan - Growth Option","Nippon India Mutual Fund","NIPPON_INDIA_MF","INF204KB17K1","REGULAR","GROWTH","","SOURCE_UNAVAILABLE","AMC_MONTHLY_PORTFOLIO","https://mf.nipponindiaim.com/statutory-disclosures/monthly-portfolio","",0,0,0,0,0,0,0,0,0,0,0,0,0,0,0,false,"AWAITING_MONTHLY_DISCLOSURE"
"102751","Nippon India Consumption Fund - Regular Plan - Growth Option","Nippon India Mutual Fund","NIPPON_INDIA_MF","INF204K01AQ4","REGULAR","GROWTH","","SOURCE_UNAVAILABLE","AMC_MONTHLY_PORTFOLIO","https://mf.nipponindiaim.com/statutory-disclosures/monthly-portfolio","",0,0,0,0,0,0,0,0,0,0,0,0,0,0,0,false,"AWAITING_MONTHLY_DISCLOSURE"
"100856","Nippon India Corporate Bond Fund - Regular Plan - Growth Option","Nippon India Mutual Fund","NIPPON_INDIA_MF","INF204K01EF9","REGULAR","GROWTH","","SOURCE_UNAVAILABLE","AMC_MONTHLY_PORTFOLIO","https://mf.nipponindiaim.com/statutory-disclosures/monthly-portfolio","",0,0,0,0,0,0,0,0,0,0,0,0,0,0,0,false,"AWAITING_MONTHLY_DISCLOSURE"
"148094","Nippon India Credit Risk Fund (Existing Number of Segregated Portfolios - 1) - Regular Plan - Growth Option","Nippon India Mutual Fund","NIPPON_INDIA_MF","INF204KB17L9","REGULAR","GROWTH","","SOURCE_UNAVAILABLE","AMC_MONTHLY_PORTFOLIO","https://mf.nipponindiaim.com/statutory-disclosures/monthly-portfolio","",0,0,0,0,0,0,0,0,0,0,0,0,0,0,0,false,"AWAITING_MONTHLY_DISCLOSURE"
"112938","Nippon India Credit Risk Fund (Existing Number of Segregated Portfolios - 1) - Regular Plan - Growth option","Nippon India Mutual Fund","NIPPON_INDIA_MF","INF204K01FQ3","REGULAR","GROWTH","","SOURCE_UNAVAILABLE","AMC_MONTHLY_PORTFOLIO","https://mf.nipponindiaim.com/statutory-disclosures/monthly-portfolio","",0,0,0,0,0,0,0,0,0,0,0,0,0,0,0,false,"AWAITING_MONTHLY_DISCLOSURE"
"148641","Nippon India Diversified Equity Flexicap Passive FoF - Regular Plan - Growth Option","Nippon India Mutual Fund","NIPPON_INDIA_MF","INF204KB13X3","REGULAR","GROWTH","","SOURCE_UNAVAILABLE","AMC_MONTHLY_PORTFOLIO","https://mf.nipponindiaim.com/statutory-disclosures/monthly-portfolio","",0,0,0,0,0,0,0,0,0,0,0,0,0,0,0,false,"AWAITING_MONTHLY_DISCLOSURE"
"139335","Nippon India Dual Advantage Fixed Tenure Fund IX- Plan D - Regular Plan - Growth Option","Nippon India Mutual Fund","NIPPON_INDIA_MF","INF204KB1437","REGULAR","GROWTH","","SOURCE_UNAVAILABLE","AMC_MONTHLY_PORTFOLIO","https://mf.nipponindiaim.com/statutory-disclosures/monthly-portfolio","",0,0,0,0,0,0,0,0,0,0,0,0,0,0,0,false,"AWAITING_MONTHLY_DISCLOSURE"
"139569","Nippon India Dual Advantage Fixed Tenure Fund IX- Plan E - Regular Plan - Growth Option","Nippon India Mutual Fund","NIPPON_INDIA_MF","INF204KB1AM0","REGULAR","GROWTH","","SOURCE_UNAVAILABLE","AMC_MONTHLY_PORTFOLIO","https://mf.nipponindiaim.com/statutory-disclosures/monthly-portfolio","",0,0,0,0,0,0,0,0,0,0,0,0,0,0,0,false,"AWAITING_MONTHLY_DISCLOSURE"
"139598","Nippon India Dual Advantage Fixed Tenure Fund IX- Plan F - Regular Plan - Growth Option","Nippon India Mutual Fund","NIPPON_INDIA_MF","INF204KB1AU3","REGULAR","GROWTH","","SOURCE_UNAVAILABLE","AMC_MONTHLY_PORTFOLIO","https://mf.nipponindiaim.com/statutory-disclosures/monthly-portfolio","",0,0,0,0,0,0,0,0,0,0,0,0,0,0,0,false,"AWAITING_MONTHLY_DISCLOSURE"
"140056","Nippon India Dual Advantage Fixed Tenure Fund X- Plan A - Regular Plan - Growth Option","Nippon India Mutual Fund","NIPPON_INDIA_MF","INF204KB1FC0","REGULAR","GROWTH","","SOURCE_UNAVAILABLE","AMC_MONTHLY_PORTFOLIO","https://mf.nipponindiaim.com/statutory-disclosures/monthly-portfolio","",0,0,0,0,0,0,0,0,0,0,0,0,0,0,0,false,"AWAITING_MONTHLY_DISCLOSURE"
"140148","Nippon India Dual Advantage Fixed Tenure Fund X- Plan B - Regular Plan - Growth Option","Nippon India Mutual Fund","NIPPON_INDIA_MF","INF204KB1FH9","REGULAR","GROWTH","","SOURCE_UNAVAILABLE","AMC_MONTHLY_PORTFOLIO","https://mf.nipponindiaim.com/statutory-disclosures/monthly-portfolio","",0,0,0,0,0,0,0,0,0,0,0,0,0,0,0,false,"AWAITING_MONTHLY_DISCLOSURE"
"140407","Nippon India Dual Advantage Fixed Tenure Fund X- Plan C - Regular Plan - Growth Option","Nippon India Mutual Fund","NIPPON_INDIA_MF","INF204KB1GF1","REGULAR","GROWTH","","SOURCE_UNAVAILABLE","AMC_MONTHLY_PORTFOLIO","https://mf.nipponindiaim.com/statutory-disclosures/monthly-portfolio","",0,0,0,0,0,0,0,0,0,0,0,0,0,0,0,false,"AWAITING_MONTHLY_DISCLOSURE"
"140429","Nippon India Dual Advantage Fixed Tenure Fund X- Plan D - Regular Plan - Growth Option","Nippon India Mutual Fund","NIPPON_INDIA_MF","INF204KB1GN5","REGULAR","GROWTH","","SOURCE_UNAVAILABLE","AMC_MONTHLY_PORTFOLIO","https://mf.nipponindiaim.com/statutory-disclosures/monthly-portfolio","",0,0,0,0,0,0,0,0,0,0,0,0,0,0,0,false,"AWAITING_MONTHLY_DISCLOSURE"
"140440","Nippon India Dual Advantage Fixed Tenure Fund X- Plan E - Regular Plan - Growth Option","Nippon India Mutual Fund","NIPPON_INDIA_MF","INF204KB1GR6","REGULAR","GROWTH","","SOURCE_UNAVAILABLE","AMC_MONTHLY_PORTFOLIO","https://mf.nipponindiaim.com/statutory-disclosures/monthly-portfolio","",0,0,0,0,0,0,0,0,0,0,0,0,0,0,0,false,"AWAITING_MONTHLY_DISCLOSURE"
"140516","Nippon India Dual Advantage Fixed Tenure Fund X- Plan F - Regular Plan - Growth Option","Nippon India Mutual Fund","NIPPON_INDIA_MF","INF204KB1GZ9","REGULAR","GROWTH","","SOURCE_UNAVAILABLE","AMC_MONTHLY_PORTFOLIO","https://mf.nipponindiaim.com/statutory-disclosures/monthly-portfolio","",0,0,0,0,0,0,0,0,0,0,0,0,0,0,0,false,"AWAITING_MONTHLY_DISCLOSURE"
"141155","Nippon India Dual Advantage Fixed Tenure Fund XI- Plan A - Regular Plan - Growth Option","Nippon India Mutual Fund","NIPPON_INDIA_MF","INF204KB1JX8","REGULAR","GROWTH","","SOURCE_UNAVAILABLE","AMC_MONTHLY_PORTFOLIO","https://mf.nipponindiaim.com/statutory-disclosures/monthly-portfolio","",0,0,0,0,0,0,0,0,0,0,0,0,0,0,0,false,"AWAITING_MONTHLY_DISCLOSURE"
"141416","Nippon India Dual Advantage Fixed Tenure Fund- XI- Plan B - Regular Plan - Growth Option","Nippon India Mutual Fund","NIPPON_INDIA_MF","INF204KB1NL5","REGULAR","GROWTH","","SOURCE_UNAVAILABLE","AMC_MONTHLY_PORTFOLIO","https://mf.nipponindiaim.com/statutory-disclosures/monthly-portfolio","",0,0,0,0,0,0,0,0,0,0,0,0,0,0,0,false,"AWAITING_MONTHLY_DISCLOSURE"
"141584","Nippon India Dual Advantege Fixed Tenure Fund XI- Plan C - Regular Plan - Growth Option","Nippon India Mutual Fund","NIPPON_INDIA_MF","INF204KB1PX5","REGULAR","GROWTH","","SOURCE_UNAVAILABLE","AMC_MONTHLY_PORTFOLIO","https://mf.nipponindiaim.com/statutory-disclosures/monthly-portfolio","",0,0,0,0,0,0,0,0,0,0,0,0,0,0,0,false,"AWAITING_MONTHLY_DISCLOSURE"
"141692","Nippon India Dual Advantege Fixed Tenure Fund XI- Plan D - Regular Plan - Growth Option","Nippon India Mutual Fund","NIPPON_INDIA_MF","INF204KB1QW5","REGULAR","GROWTH","","SOURCE_UNAVAILABLE","AMC_MONTHLY_PORTFOLIO","https://mf.nipponindiaim.com/statutory-disclosures/monthly-portfolio","",0,0,0,0,0,0,0,0,0,0,0,0,0,0,0,false,"AWAITING_MONTHLY_DISCLOSURE"
"141799","Nippon India Dual Advantege Fixed Tenure Fund XI- Plan E - Regular Plan - Growth Option","Nippon India Mutual Fund","NIPPON_INDIA_MF","INF204KB1RN2","REGULAR","GROWTH","","SOURCE_UNAVAILABLE","AMC_MONTHLY_PORTFOLIO","https://mf.nipponindiaim.com/statutory-disclosures/monthly-portfolio","",0,0,0,0,0,0,0,0,0,0,0,0,0,0,0,false,"AWAITING_MONTHLY_DISCLOSURE"
"142103","Nippon India Dual Advantege Fixed Tenure Fund XII- Plan A - Regular Plan - Growth Option","Nippon India Mutual Fund","NIPPON_INDIA_MF","INF204KB1TN8","REGULAR","GROWTH","","SOURCE_UNAVAILABLE","AMC_MONTHLY_PORTFOLIO","https://mf.nipponindiaim.com/statutory-disclosures/monthly-portfolio","",0,0,0,0,0,0,0,0,0,0,0,0,0,0,0,false,"AWAITING_MONTHLY_DISCLOSURE"
"102849","Nippon India Dynamic Term Fund - Regular Plan - Growth Option","Nippon India Mutual Fund","NIPPON_INDIA_MF","INF204K01FI0","REGULAR","GROWTH","","SOURCE_UNAVAILABLE","AMC_MONTHLY_PORTFOLIO","https://mf.nipponindiaim.com/statutory-disclosures/monthly-portfolio","",0,0,0,0,0,0,0,0,0,0,0,0,0,0,0,false,"AWAITING_MONTHLY_DISCLOSURE"
"103196","Nippon India ELSS Tax Saver Fund - Regular Plan - Growth Option","Nippon India Mutual Fund","NIPPON_INDIA_MF","INF204K01GK4","REGULAR","GROWTH","","SOURCE_UNAVAILABLE","AMC_MONTHLY_PORTFOLIO","https://mf.nipponindiaim.com/statutory-disclosures/monthly-portfolio","",0,0,0,0,0,0,0,0,0,0,0,0,0,0,0,false,"AWAITING_MONTHLY_DISCLOSURE"
"134593","Nippon India Equity Savings Fund (Existing number of Segregated Portfolios - 2) - Regular Plan - Growth Option","Nippon India Mutual Fund","NIPPON_INDIA_MF","INF204KA1V94","REGULAR","GROWTH","","SOURCE_UNAVAILABLE","AMC_MONTHLY_PORTFOLIO","https://mf.nipponindiaim.com/statutory-disclosures/monthly-portfolio","",0,0,0,0,0,0,0,0,0,0,0,0,0,0,0,false,"AWAITING_MONTHLY_DISCLOSURE"
"147700","Nippon India Equity Savings Fund (Existing number of Segregated Portfolios - 2) - Regular Plan - Growth Option","Nippon India Mutual Fund","NIPPON_INDIA_MF","INF204KB19E0","REGULAR","GROWTH","","SOURCE_UNAVAILABLE","AMC_MONTHLY_PORTFOLIO","https://mf.nipponindiaim.com/statutory-disclosures/monthly-portfolio","",0,0,0,0,0,0,0,0,0,0,0,0,0,0,0,false,"AWAITING_MONTHLY_DISCLOSURE"
"146673","Nippon India Fixed Horizon Fund - XLI - Series 1 - Regular Plan - Growth Option","Nippon India Mutual Fund","NIPPON_INDIA_MF","INF204KB1Y73","REGULAR","GROWTH","","SOURCE_UNAVAILABLE","AMC_MONTHLY_PORTFOLIO","https://mf.nipponindiaim.com/statutory-disclosures/monthly-portfolio","",0,0,0,0,0,0,0,0,0,0,0,0,0,0,0,false,"AWAITING_MONTHLY_DISCLOSURE"
"147351","Nippon India Fixed Horizon Fund - XLI - Series 10 - Regular Plan - Growth Option","Nippon India Mutual Fund","NIPPON_INDIA_MF","INF204KB13C7","REGULAR","GROWTH","","SOURCE_UNAVAILABLE","AMC_MONTHLY_PORTFOLIO","https://mf.nipponindiaim.com/statutory-disclosures/monthly-portfolio","",0,0,0,0,0,0,0,0,0,0,0,0,0,0,0,false,"AWAITING_MONTHLY_DISCLOSURE"
"147357","Nippon India Fixed Horizon Fund - XLI - Series 11 - Regular Plan - Growth Option","Nippon India Mutual Fund","NIPPON_INDIA_MF","INF204KB17C8","REGULAR","GROWTH","","SOURCE_UNAVAILABLE","AMC_MONTHLY_PORTFOLIO","https://mf.nipponindiaim.com/statutory-disclosures/monthly-portfolio","",0,0,0,0,0,0,0,0,0,0,0,0,0,0,0,false,"AWAITING_MONTHLY_DISCLOSURE"
"147462","Nippon India Fixed Horizon Fund - XLI - Series 12 - Regular Plan - Growth Option","Nippon India Mutual Fund","NIPPON_INDIA_MF","INF204KB11D9","REGULAR","GROWTH","","SOURCE_UNAVAILABLE","AMC_MONTHLY_PORTFOLIO","https://mf.nipponindiaim.com/statutory-disclosures/monthly-portfolio","",0,0,0,0,0,0,0,0,0,0,0,0,0,0,0,false,"AWAITING_MONTHLY_DISCLOSURE"
"147097","Nippon India Fixed Maturity Plan - XLI - Series 8 - Regular Plan - Growth Option","Nippon India Mutual Fund","NIPPON_INDIA_MF","INF204KB15B4","REGULAR","GROWTH","","SOURCE_UNAVAILABLE","AMC_MONTHLY_PORTFOLIO","https://mf.nipponindiaim.com/statutory-disclosures/monthly-portfolio","",0,0,0,0,0,0,0,0,0,0,0,0,0,0,0,false,"AWAITING_MONTHLY_DISCLOSURE"
"149915","Nippon India Fixed Maturity Plan - XLIII - Series 5 - Regular Plan - Growth Option","Nippon India Mutual Fund","NIPPON_INDIA_MF","INF204KC1451","REGULAR","GROWTH","","SOURCE_UNAVAILABLE","AMC_MONTHLY_PORTFOLIO","https://mf.nipponindiaim.com/statutory-disclosures/monthly-portfolio","",0,0,0,0,0,0,0,0,0,0,0,0,0,0,0,false,"AWAITING_MONTHLY_DISCLOSURE"
"150629","Nippon India Fixed Maturity Plan - XLIV - Series 1 - Regular Plan - Growth Option","Nippon India Mutual Fund","NIPPON_INDIA_MF","INF204KC1618","REGULAR","GROWTH","","SOURCE_UNAVAILABLE","AMC_MONTHLY_PORTFOLIO","https://mf.nipponindiaim.com/statutory-disclosures/monthly-portfolio","",0,0,0,0,0,0,0,0,0,0,0,0,0,0,0,false,"AWAITING_MONTHLY_DISCLOSURE"
"151710","Nippon India Fixed Maturity Plan - XLV - Series 5 - Regular Plan - Growth Option","Nippon India Mutual Fund","NIPPON_INDIA_MF","INF204KC1BH7","REGULAR","GROWTH","","SOURCE_UNAVAILABLE","AMC_MONTHLY_PORTFOLIO","https://mf.nipponindiaim.com/statutory-disclosures/monthly-portfolio","",0,0,0,0,0,0,0,0,0,0,0,0,0,0,0,false,"AWAITING_MONTHLY_DISCLOSURE"
"149089","Nippon India Flexi Cap Fund - Regular Plan - Growth Option","Nippon India Mutual Fund","NIPPON_INDIA_MF","INF204KC1097","REGULAR","GROWTH","","SOURCE_UNAVAILABLE","AMC_MONTHLY_PORTFOLIO","https://mf.nipponindiaim.com/statutory-disclosures/monthly-portfolio","",0,0,0,0,0,0,0,0,0,0,0,0,0,0,0,false,"AWAITING_MONTHLY_DISCLOSURE"
"102673","Nippon India Floating Interest Rates Fund - Regular Plan - Growth Option","Nippon India Mutual Fund","NIPPON_INDIA_MF","INF204K01CG1","REGULAR","GROWTH","","SOURCE_UNAVAILABLE","AMC_MONTHLY_PORTFOLIO","https://mf.nipponindiaim.com/statutory-disclosures/monthly-portfolio","",0,0,0,0,0,0,0,0,0,0,0,0,0,0,0,false,"AWAITING_MONTHLY_DISCLOSURE"
"104637","Nippon India Focused Fund - Regular Plan - Growth Option","Nippon India Mutual Fund","NIPPON_INDIA_MF","INF204K01GE7","REGULAR","GROWTH","","SOURCE_UNAVAILABLE","AMC_MONTHLY_PORTFOLIO","https://mf.nipponindiaim.com/statutory-disclosures/monthly-portfolio","",0,0,0,0,0,0,0,0,0,0,0,0,0,0,0,false,"AWAITING_MONTHLY_DISCLOSURE"
"109720","Nippon India Gilt Fund - Regular Plan - Growth Option","Nippon India Mutual Fund","NIPPON_INDIA_MF","INF204K01BU4","REGULAR","GROWTH","","SOURCE_UNAVAILABLE","AMC_MONTHLY_PORTFOLIO","https://mf.nipponindiaim.com/statutory-disclosures/monthly-portfolio","",0,0,0,0,0,0,0,0,0,0,0,0,0,0,0,false,"AWAITING_MONTHLY_DISCLOSURE"
"114616","Nippon India Gold Savings Fund - Regular Plan - Growth Option","Nippon India Mutual Fund","NIPPON_INDIA_MF","INF204K01KN0","REGULAR","GROWTH","","SOURCE_UNAVAILABLE","AMC_MONTHLY_PORTFOLIO","https://mf.nipponindiaim.com/statutory-disclosures/monthly-portfolio","",0,0,0,0,0,0,0,0,0,0,0,0,0,0,0,false,"AWAITING_MONTHLY_DISCLOSURE"
"100377","Nippon India Growth Mid Cap Fund - Regular Plan - Growth Option","Nippon India Mutual Fund","NIPPON_INDIA_MF","INF204K01323","REGULAR","GROWTH","","SOURCE_UNAVAILABLE","AMC_MONTHLY_PORTFOLIO","https://mf.nipponindiaim.com/statutory-disclosures/monthly-portfolio","",0,0,0,0,0,0,0,0,0,0,0,0,0,0,0,false,"AWAITING_MONTHLY_DISCLOSURE"
"153601","Nippon India Income Plus Arbitrage Active Fund of Fund - Regular Plan - Growth Option","Nippon India Mutual Fund","NIPPON_INDIA_MF","INF204KC1FG0","REGULAR","GROWTH","","SOURCE_UNAVAILABLE","AMC_MONTHLY_PORTFOLIO","https://mf.nipponindiaim.com/statutory-disclosures/monthly-portfolio","",0,0,0,0,0,0,0,0,0,0,0,0,0,0,0,false,"AWAITING_MONTHLY_DISCLOSURE"
"154649","Nippon India Income Plus Arbitrage Omni Fund of Fund - Regular Plan - Growth Option","Nippon India Mutual Fund","NIPPON_INDIA_MF","INF204KC1HM4","REGULAR","GROWTH","","SOURCE_UNAVAILABLE","AMC_MONTHLY_PORTFOLIO","https://mf.nipponindiaim.com/statutory-disclosures/monthly-portfolio","",0,0,0,0,0,0,0,0,0,0,0,0,0,0,0,false,"AWAITING_MONTHLY_DISCLOSURE"
"113269","Nippon India Index Fund - BSE Sensex Plan - Regular Plan - Growth Option","Nippon India Mutual Fund","NIPPON_INDIA_MF","INF204K01IM6","REGULAR","GROWTH","","SOURCE_UNAVAILABLE","AMC_MONTHLY_PORTFOLIO","https://mf.nipponindiaim.com/statutory-disclosures/monthly-portfolio","",0,0,0,0,0,0,0,0,0,0,0,0,0,0,0,false,"AWAITING_MONTHLY_DISCLOSURE"
"113296","Nippon India Index Fund - Nifty 50 Plan - Regular Plan - Growth Option","Nippon India Mutual Fund","NIPPON_INDIA_MF","INF204K01IE3","REGULAR","GROWTH","","SOURCE_UNAVAILABLE","AMC_MONTHLY_PORTFOLIO","https://mf.nipponindiaim.com/statutory-disclosures/monthly-portfolio","",0,0,0,0,0,0,0,0,0,0,0,0,0,0,0,false,"AWAITING_MONTHLY_DISCLOSURE"
"152034","Nippon India Innovation Fund - Regular Plan - Growth Option","Nippon India Mutual Fund","NIPPON_INDIA_MF","INF204KC1BL9","REGULAR","GROWTH","","SOURCE_UNAVAILABLE","AMC_MONTHLY_PORTFOLIO","https://mf.nipponindiaim.com/statutory-disclosures/monthly-portfolio","",0,0,0,0,0,0,0,0,0,0,0,0,0,0,0,false,"AWAITING_MONTHLY_DISCLOSURE"
"105689","Nippon India Interval Fund-Quarterly Interval Fund Serie-II - Regular Plan - Growth Option","Nippon India Mutual Fund","NIPPON_INDIA_MF","INF204K01DN5","REGULAR","GROWTH","","SOURCE_UNAVAILABLE","AMC_MONTHLY_PORTFOLIO","https://mf.nipponindiaim.com/statutory-disclosures/monthly-portfolio","",0,0,0,0,0,0,0,0,0,0,0,0,0,0,0,false,"AWAITING_MONTHLY_DISCLOSURE"
"130863","Nippon India Japan Equity Fund - Regular Plan - Growth Option","Nippon India Mutual Fund","NIPPON_INDIA_MF","INF204KA1SH3","REGULAR","GROWTH","","SOURCE_UNAVAILABLE","AMC_MONTHLY_PORTFOLIO","https://mf.nipponindiaim.com/statutory-disclosures/monthly-portfolio","",0,0,0,0,0,0,0,0,0,0,0,0,0,0,0,false,"AWAITING_MONTHLY_DISCLOSURE"
"106235","Nippon India Large Cap Fund - Regular Plan - Growth Option","Nippon India Mutual Fund","NIPPON_INDIA_MF","INF204K01562","REGULAR","GROWTH","","SOURCE_UNAVAILABLE","AMC_MONTHLY_PORTFOLIO","https://mf.nipponindiaim.com/statutory-disclosures/monthly-portfolio","",0,0,0,0,0,0,0,0,0,0,0,0,0,0,0,false,"AWAITING_MONTHLY_DISCLOSURE"
"100851","Nippon India Liquid Fund - Regular Plan - Growth Option","Nippon India Mutual Fund","NIPPON_INDIA_MF","INF204K01UN9","REGULAR","GROWTH","","SOURCE_UNAVAILABLE","AMC_MONTHLY_PORTFOLIO","https://mf.nipponindiaim.com/statutory-disclosures/monthly-portfolio","",0,0,0,0,0,0,0,0,0,0,0,0,0,0,0,false,"AWAITING_MONTHLY_DISCLOSURE"
"100837","Nippon India Liquid Fund - Regular Plan - Retail Plan - Growth Option","Nippon India Mutual Fund","NIPPON_INDIA_MF","INF204K01UL3","REGULAR","GROWTH","","SOURCE_UNAVAILABLE","AMC_MONTHLY_PORTFOLIO","https://mf.nipponindiaim.com/statutory-disclosures/monthly-portfolio","",0,0,0,0,0,0,0,0,0,0,0,0,0,0,0,false,"AWAITING_MONTHLY_DISCLOSURE"
"153691","Nippon India MNC Fund - Regular Plan - Growth Option","Nippon India Mutual Fund","NIPPON_INDIA_MF","INF204KC1FO4","REGULAR","GROWTH","","SOURCE_UNAVAILABLE","AMC_MONTHLY_PORTFOLIO","https://mf.nipponindiaim.com/statutory-disclosures/monthly-portfolio","",0,0,0,0,0,0,0,0,0,0,0,0,0,0,0,false,"AWAITING_MONTHLY_DISCLOSURE"
"148083","Nippon India Medium Term Fund (Existing Number of Segregated Portfolios - 1) - Regular Plan - Growth Option","Nippon India Mutual Fund","NIPPON_INDIA_MF","INF204KB14N2","REGULAR","GROWTH","","SOURCE_UNAVAILABLE","AMC_MONTHLY_PORTFOLIO","https://mf.nipponindiaim.com/statutory-disclosures/monthly-portfolio","",0,0,0,0,0,0,0,0,0,0,0,0,0,0,0,false,"AWAITING_MONTHLY_DISCLOSURE"
"130037","Nippon India Medium Term Fund (Existing Number of Segregated Portfolios - 1) - Regular Plan - Growth Option","Nippon India Mutual Fund","NIPPON_INDIA_MF","INF204KA1PZ1","REGULAR","GROWTH","","SOURCE_UNAVAILABLE","AMC_MONTHLY_PORTFOLIO","https://mf.nipponindiaim.com/statutory-disclosures/monthly-portfolio","",0,0,0,0,0,0,0,0,0,0,0,0,0,0,0,false,"AWAITING_MONTHLY_DISCLOSURE"
"100387","Nippon India Medium to Long Term Fund - Regular Plan - Growth Option","Nippon India Mutual Fund","NIPPON_INDIA_MF","INF204K01CL1","REGULAR","GROWTH","","SOURCE_UNAVAILABLE","AMC_MONTHLY_PORTFOLIO","https://mf.nipponindiaim.com/statutory-disclosures/monthly-portfolio","",0,0,0,0,0,0,0,0,0,0,0,0,0,0,0,false,"AWAITING_MONTHLY_DISCLOSURE"
"103048","Nippon India Money Market Fund - Regular Plan - Growth Option","Nippon India Mutual Fund","NIPPON_INDIA_MF","INF204K01VA4","REGULAR","GROWTH","","SOURCE_UNAVAILABLE","AMC_MONTHLY_PORTFOLIO","https://mf.nipponindiaim.com/statutory-disclosures/monthly-portfolio","",0,0,0,0,0,0,0,0,0,0,0,0,0,0,0,false,"AWAITING_MONTHLY_DISCLOSURE"
"148663","Nippon India Multi - Asset Omni FoF - Regular Plan - Growth Option","Nippon India Mutual Fund","NIPPON_INDIA_MF","INF204KB13Y1","REGULAR","GROWTH","","SOURCE_UNAVAILABLE","AMC_MONTHLY_PORTFOLIO","https://mf.nipponindiaim.com/statutory-disclosures/monthly-portfolio","",0,0,0,0,0,0,0,0,0,0,0,0,0,0,0,false,"AWAITING_MONTHLY_DISCLOSURE"
"148459","Nippon India Multi Asset Allocation Fund - Regular Plan - Growth Option","Nippon India Mutual Fund","NIPPON_INDIA_MF","INF204KB16V0","REGULAR","GROWTH","","SOURCE_UNAVAILABLE","AMC_MONTHLY_PORTFOLIO","https://mf.nipponindiaim.com/statutory-disclosures/monthly-portfolio","",0,0,0,0,0,0,0,0,0,0,0,0,0,0,0,false,"AWAITING_MONTHLY_DISCLOSURE"
"101161","Nippon India Multi Cap Fund - Regular Plan - Growth Option","Nippon India Mutual Fund","NIPPON_INDIA_MF","INF204K01489","REGULAR","GROWTH","","SOURCE_UNAVAILABLE","AMC_MONTHLY_PORTFOLIO","https://mf.nipponindiaim.com/statutory-disclosures/monthly-portfolio","",0,0,0,0,0,0,0,0,0,0,0,0,0,0,0,false,"AWAITING_MONTHLY_DISCLOSURE"
"148719","Nippon India Nifty 50 Value 20 Index Fund - Regular Plan - Growth Option","Nippon India Mutual Fund","NIPPON_INDIA_MF","INF204KB19Y8","REGULAR","GROWTH","","SOURCE_UNAVAILABLE","AMC_MONTHLY_PORTFOLIO","https://mf.nipponindiaim.com/statutory-disclosures/monthly-portfolio","",0,0,0,0,0,0,0,0,0,0,0,0,0,0,0,false,"AWAITING_MONTHLY_DISCLOSURE"
"152840","Nippon India Nifty 500 Equal Weight Index Fund - Regular Plan - Growth Option","Nippon India Mutual Fund","NIPPON_INDIA_MF","INF204KC1CX2","REGULAR","GROWTH","","SOURCE_UNAVAILABLE","AMC_MONTHLY_PORTFOLIO","https://mf.nipponindiaim.com/statutory-disclosures/monthly-portfolio","",0,0,0,0,0,0,0,0,0,0,0,0,0,0,0,false,"AWAITING_MONTHLY_DISCLOSURE"
"153475","Nippon India Nifty 500 Low Volatility 50 Index Fund - Regular Plan - Growth Option","Nippon India Mutual Fund","NIPPON_INDIA_MF","INF204KC1EN9","REGULAR","GROWTH","","SOURCE_UNAVAILABLE","AMC_MONTHLY_PORTFOLIO","https://mf.nipponindiaim.com/statutory-disclosures/monthly-portfolio","",0,0,0,0,0,0,0,0,0,0,0,0,0,0,0,false,"AWAITING_MONTHLY_DISCLOSURE"
"152883","Nippon India Nifty 500 Momentum 50 Index Fund - Regular Plan - Growth Option","Nippon India Mutual Fund","NIPPON_INDIA_MF","INF204KC1DD2","REGULAR","GROWTH","","SOURCE_UNAVAILABLE","AMC_MONTHLY_PORTFOLIO","https://mf.nipponindiaim.com/statutory-disclosures/monthly-portfolio","",0,0,0,0,0,0,0,0,0,0,0,0,0,0,0,false,"AWAITING_MONTHLY_DISCLOSURE"
"153472","Nippon India Nifty 500 Quality 50 Index Fund - Regular Plan - Growth Option","Nippon India Mutual Fund","NIPPON_INDIA_MF","INF204KC1ET6","REGULAR","GROWTH","","SOURCE_UNAVAILABLE","AMC_MONTHLY_PORTFOLIO","https://mf.nipponindiaim.com/statutory-disclosures/monthly-portfolio","",0,0,0,0,0,0,0,0,0,0,0,0,0,0,0,false,"AWAITING_MONTHLY_DISCLOSURE"
"150011","Nippon India Nifty AAA CPSE Bond Plus SDL - Apr 2027 Maturity 60:40 Index Fund - Regular Plan - Growth Option","Nippon India Mutual Fund","NIPPON_INDIA_MF","INF204KC1493","REGULAR","GROWTH","","SOURCE_UNAVAILABLE","AMC_MONTHLY_PORTFOLIO","https://mf.nipponindiaim.com/statutory-disclosures/monthly-portfolio","",0,0,0,0,0,0,0,0,0,0,0,0,0,0,0,false,"AWAITING_MONTHLY_DISCLOSURE"
"150752","Nippon India Nifty AAA PSU Bond Plus SDL - Sep 2026 Maturity 50:50 Index Fund - Regular Plan - Growth Option","Nippon India Mutual Fund","NIPPON_INDIA_MF","INF204KC1659","REGULAR","GROWTH","","SOURCE_UNAVAILABLE","AMC_MONTHLY_PORTFOLIO","https://mf.nipponindiaim.com/statutory-disclosures/monthly-portfolio","",0,0,0,0,0,0,0,0,0,0,0,0,0,0,0,false,"AWAITING_MONTHLY_DISCLOSURE"
"150490","Nippon India Nifty Alpha Low Volatility 30 Index Fund - Regular Plan - Growth Option","Nippon India Mutual Fund","NIPPON_INDIA_MF","INF204KC1550","REGULAR","GROWTH","","SOURCE_UNAVAILABLE","AMC_MONTHLY_PORTFOLIO","https://mf.nipponindiaim.com/statutory-disclosures/monthly-portfolio","",0,0,0,0,0,0,0,0,0,0,0,0,0,0,0,false,"AWAITING_MONTHLY_DISCLOSURE"
"153066","Nippon India Nifty Auto Index Fund - Regular Plan - Growth Option","Nippon India Mutual Fund","NIPPON_INDIA_MF","INF204KC1EB4","REGULAR","GROWTH","","SOURCE_UNAVAILABLE","AMC_MONTHLY_PORTFOLIO","https://mf.nipponindiaim.com/statutory-disclosures/monthly-portfolio","",0,0,0,0,0,0,0,0,0,0,0,0,0,0,0,false,"AWAITING_MONTHLY_DISCLOSURE"
"152387","Nippon India Nifty Bank Index Fund - Regular Plan - Growth Option","Nippon India Mutual Fund","NIPPON_INDIA_MF","INF204KC1BV8","REGULAR","GROWTH","","SOURCE_UNAVAILABLE","AMC_MONTHLY_PORTFOLIO","https://mf.nipponindiaim.com/statutory-disclosures/monthly-portfolio","",0,0,0,0,0,0,0,0,0,0,0,0,0,0,0,false,"AWAITING_MONTHLY_DISCLOSURE"
"150923","Nippon India Nifty G-Sec Jun 2036 Maturity Index Fund - Regular Plan - Growth Option","Nippon India Mutual Fund","NIPPON_INDIA_MF","INF204KC1998","REGULAR","GROWTH","","SOURCE_UNAVAILABLE","AMC_MONTHLY_PORTFOLIO","https://mf.nipponindiaim.com/statutory-disclosures/monthly-portfolio","",0,0,0,0,0,0,0,0,0,0,0,0,0,0,0,false,"AWAITING_MONTHLY_DISCLOSURE"
"151439","Nippon India Nifty G-Sec Oct 2028 Maturity Index Fund - Regular Plan - Growth Option","Nippon India Mutual Fund","NIPPON_INDIA_MF","INF204KC1AL1","REGULAR","GROWTH","","SOURCE_UNAVAILABLE","AMC_MONTHLY_PORTFOLIO","https://mf.nipponindiaim.com/statutory-disclosures/monthly-portfolio","",0,0,0,0,0,0,0,0,0,0,0,0,0,0,0,false,"AWAITING_MONTHLY_DISCLOSURE"
"150904","Nippon India Nifty G-Sec Sep 2027 Maturity Index Fund - Regular Plan - Growth Option","Nippon India Mutual Fund","NIPPON_INDIA_MF","INF204KC1857","REGULAR","GROWTH","","SOURCE_UNAVAILABLE","AMC_MONTHLY_PORTFOLIO","https://mf.nipponindiaim.com/statutory-disclosures/monthly-portfolio","",0,0,0,0,0,0,0,0,0,0,0,0,0,0,0,false,"AWAITING_MONTHLY_DISCLOSURE"
"152391","Nippon India Nifty IT Index Fund - Regular Plan - Growth Option","Nippon India Mutual Fund","NIPPON_INDIA_MF","INF204KC1CB8","REGULAR","GROWTH","","SOURCE_UNAVAILABLE","AMC_MONTHLY_PORTFOLIO","https://mf.nipponindiaim.com/statutory-disclosures/monthly-portfolio","",0,0,0,0,0,0,0,0,0,0,0,0,0,0,0,false,"AWAITING_MONTHLY_DISCLOSURE"
"153809","Nippon India Nifty India Manufacturing Index Fund - Regular Plan - Growth Option","Nippon India Mutual Fund","NIPPON_INDIA_MF","INF204KC1GI4","REGULAR","GROWTH","","SOURCE_UNAVAILABLE","AMC_MONTHLY_PORTFOLIO","https://mf.nipponindiaim.com/statutory-disclosures/monthly-portfolio","",0,0,0,0,0,0,0,0,0,0,0,0,0,0,0,false,"AWAITING_MONTHLY_DISCLOSURE"
"148723","Nippon India Nifty Midcap 150 Index Fund - Regular Plan - Growth Option","Nippon India Mutual Fund","NIPPON_INDIA_MF","INF204KB15Z3","REGULAR","GROWTH","","SOURCE_UNAVAILABLE","AMC_MONTHLY_PORTFOLIO","https://mf.nipponindiaim.com/statutory-disclosures/monthly-portfolio","",0,0,0,0,0,0,0,0,0,0,0,0,0,0,0,false,"AWAITING_MONTHLY_DISCLOSURE"
"146514","Nippon India Nifty Next 50 Junior BeES FoF - Regular Plan - Growth Option","Nippon India Mutual Fund","NIPPON_INDIA_MF","INF204KB1W91","REGULAR","GROWTH","","SOURCE_UNAVAILABLE","AMC_MONTHLY_PORTFOLIO","https://mf.nipponindiaim.com/statutory-disclosures/monthly-portfolio","",0,0,0,0,0,0,0,0,0,0,0,0,0,0,0,false,"AWAITING_MONTHLY_DISCLOSURE"
"153061","Nippon India Nifty Realty Index Fund - Regular Plan - Growth Option","Nippon India Mutual Fund","NIPPON_INDIA_MF","INF204KC1DV4","REGULAR","GROWTH","","SOURCE_UNAVAILABLE","AMC_MONTHLY_PORTFOLIO","https://mf.nipponindiaim.com/statutory-disclosures/monthly-portfolio","",0,0,0,0,0,0,0,0,0,0,0,0,0,0,0,false,"AWAITING_MONTHLY_DISCLOSURE"
"150825","Nippon India Nifty SDL Plus G-Sec - Jun 2028 Maturity 70:30 Index Fund - Regular Plan - Growth Option","Nippon India Mutual Fund","NIPPON_INDIA_MF","INF204KC1717","REGULAR","GROWTH","","SOURCE_UNAVAILABLE","AMC_MONTHLY_PORTFOLIO","https://mf.nipponindiaim.com/statutory-disclosures/monthly-portfolio","",0,0,0,0,0,0,0,0,0,0,0,0,0,0,0,false,"AWAITING_MONTHLY_DISCLOSURE"
"151392","Nippon India Nifty SDL Plus G-Sec - Jun 2029 Maturity 70:30 Index Fund - Regular Plan - Growth Option","Nippon India Mutual Fund","NIPPON_INDIA_MF","INF204KC1AF3","REGULAR","GROWTH","","SOURCE_UNAVAILABLE","AMC_MONTHLY_PORTFOLIO","https://mf.nipponindiaim.com/statutory-disclosures/monthly-portfolio","",0,0,0,0,0,0,0,0,0,0,0,0,0,0,0,false,"AWAITING_MONTHLY_DISCLOSURE"
"148518","Nippon India Nifty Smallcap 250 Index Fund - Regular Plan - Growth Option","Nippon India Mutual Fund","NIPPON_INDIA_MF","INF204KB12W7","REGULAR","GROWTH","","SOURCE_UNAVAILABLE","AMC_MONTHLY_PORTFOLIO","https://mf.nipponindiaim.com/statutory-disclosures/monthly-portfolio","",0,0,0,0,0,0,0,0,0,0,0,0,0,0,0,false,"AWAITING_MONTHLY_DISCLOSURE"
"143702","Nippon India Nivesh Lakshya Long Term Fund - Regular Plan - Growth Option","Nippon India Mutual Fund","NIPPON_INDIA_MF","INF204KB1ZB0","REGULAR","GROWTH","","SOURCE_UNAVAILABLE","AMC_MONTHLY_PORTFOLIO","https://mf.nipponindiaim.com/statutory-disclosures/monthly-portfolio","",0,0,0,0,0,0,0,0,0,0,0,0,0,0,0,false,"AWAITING_MONTHLY_DISCLOSURE"
"145811","Nippon India Overnight Fund - Regular Plan - Growth Option","Nippon India Mutual Fund","NIPPON_INDIA_MF","INF204KB1Q65","REGULAR","GROWTH","","SOURCE_UNAVAILABLE","AMC_MONTHLY_PORTFOLIO","https://mf.nipponindiaim.com/statutory-disclosures/monthly-portfolio","",0,0,0,0,0,0,0,0,0,0,0,0,0,0,0,false,"AWAITING_MONTHLY_DISCLOSURE"
"102431","Nippon India Pharma Fund - Regular Plan - Growth Option","Nippon India Mutual Fund","NIPPON_INDIA_MF","INF204K01968","REGULAR","GROWTH","","SOURCE_UNAVAILABLE","AMC_MONTHLY_PORTFOLIO","https://mf.nipponindiaim.com/statutory-disclosures/monthly-portfolio","",0,0,0,0,0,0,0,0,0,0,0,0,0,0,0,false,"AWAITING_MONTHLY_DISCLOSURE"
"101262","Nippon India Power & Infra Fund - Regular Plan - Growth Option","Nippon India Mutual Fund","NIPPON_INDIA_MF","INF204K01AE0","REGULAR","GROWTH","","SOURCE_UNAVAILABLE","AMC_MONTHLY_PORTFOLIO","https://mf.nipponindiaim.com/statutory-disclosures/monthly-portfolio","",0,0,0,0,0,0,0,0,0,0,0,0,0,0,0,false,"AWAITING_MONTHLY_DISCLOSURE"
"108249","Nippon India Quant Fund - Regular Plan - Growth Option","Nippon India Mutual Fund","NIPPON_INDIA_MF","INF204K01760","REGULAR","GROWTH","","SOURCE_UNAVAILABLE","AMC_MONTHLY_PORTFOLIO","https://mf.nipponindiaim.com/statutory-disclosures/monthly-portfolio","",0,0,0,0,0,0,0,0,0,0,0,0,0,0,0,false,"AWAITING_MONTHLY_DISCLOSURE"
"133572","Nippon India Retirement Fund- Income Generation Scheme - Regular Plan - Growth Option","Nippon India Mutual Fund","NIPPON_INDIA_MF","INF204KA1C22","REGULAR","GROWTH","","SOURCE_UNAVAILABLE","AMC_MONTHLY_PORTFOLIO","https://mf.nipponindiaim.com/statutory-disclosures/monthly-portfolio","",0,0,0,0,0,0,0,0,0,0,0,0,0,0,0,false,"AWAITING_MONTHLY_DISCLOSURE"
"133565","Nippon India Retirement Fund- Wealth Creation Scheme - Regular Plan - Growth Option","Nippon India Mutual Fund","NIPPON_INDIA_MF","INF204KA1B64","REGULAR","GROWTH","","SOURCE_UNAVAILABLE","AMC_MONTHLY_PORTFOLIO","https://mf.nipponindiaim.com/statutory-disclosures/monthly-portfolio","",0,0,0,0,0,0,0,0,0,0,0,0,0,0,0,false,"AWAITING_MONTHLY_DISCLOSURE"
"101665","Nippon India Short Term Fund - Regular Plan - Growth Option","Nippon India Mutual Fund","NIPPON_INDIA_MF","INF204K01FL4","REGULAR","GROWTH","","SOURCE_UNAVAILABLE","AMC_MONTHLY_PORTFOLIO","https://mf.nipponindiaim.com/statutory-disclosures/monthly-portfolio","",0,0,0,0,0,0,0,0,0,0,0,0,0,0,0,false,"AWAITING_MONTHLY_DISCLOSURE"
"149759","Nippon India Silver ETF FOF - Regular Plan - Growth Option","Nippon India Mutual Fund","NIPPON_INDIA_MF","INF204KC1345","REGULAR","GROWTH","","SOURCE_UNAVAILABLE","AMC_MONTHLY_PORTFOLIO","https://mf.nipponindiaim.com/statutory-disclosures/monthly-portfolio","",0,0,0,0,0,0,0,0,0,0,0,0,0,0,0,false,"AWAITING_MONTHLY_DISCLOSURE"
"149328","Nippon India Taiwan Equity Fund - Regular Plan - Growth Option","Nippon India Mutual Fund","NIPPON_INDIA_MF","INF204KC1279","REGULAR","GROWTH","","SOURCE_UNAVAILABLE","AMC_MONTHLY_PORTFOLIO","https://mf.nipponindiaim.com/statutory-disclosures/monthly-portfolio","",0,0,0,0,0,0,0,0,0,0,0,0,0,0,0,false,"AWAITING_MONTHLY_DISCLOSURE"
"134922","Nippon India US Equity Opportunities Fund - Regular Plan - Growth Option","Nippon India Mutual Fund","NIPPON_INDIA_MF","INF204KA12G2","REGULAR","GROWTH","","SOURCE_UNAVAILABLE","AMC_MONTHLY_PORTFOLIO","https://mf.nipponindiaim.com/statutory-disclosures/monthly-portfolio","",0,0,0,0,0,0,0,0,0,0,0,0,0,0,0,false,"AWAITING_MONTHLY_DISCLOSURE"
"143493","Nippon India Ultra Short Term Fund - Regular Plan - Growth Option","Nippon India Mutual Fund","NIPPON_INDIA_MF","INF204K01UE8","REGULAR","GROWTH","","SOURCE_UNAVAILABLE","AMC_MONTHLY_PORTFOLIO","https://mf.nipponindiaim.com/statutory-disclosures/monthly-portfolio","",0,0,0,0,0,0,0,0,0,0,0,0,0,0,0,false,"AWAITING_MONTHLY_DISCLOSURE"
"111753","Nippon India Ultra Short to Short Term Fund - Regular Plan - Growth Option","Nippon India Mutual Fund","NIPPON_INDIA_MF","INF204K01EV6","REGULAR","GROWTH","","SOURCE_UNAVAILABLE","AMC_MONTHLY_PORTFOLIO","https://mf.nipponindiaim.com/statutory-disclosures/monthly-portfolio","",0,0,0,0,0,0,0,0,0,0,0,0,0,0,0,false,"AWAITING_MONTHLY_DISCLOSURE"
"111748","Nippon India Ultra Short to Short Term Fund - Regular Plan - Retail Plan - Growth Option","Nippon India Mutual Fund","NIPPON_INDIA_MF","INF204K01EN3","REGULAR","GROWTH","","SOURCE_UNAVAILABLE","AMC_MONTHLY_PORTFOLIO","https://mf.nipponindiaim.com/statutory-disclosures/monthly-portfolio","",0,0,0,0,0,0,0,0,0,0,0,0,0,0,0,false,"AWAITING_MONTHLY_DISCLOSURE"
"103085","Nippon India Value Fund - Regular Plan - Growth Option","Nippon India Mutual Fund","NIPPON_INDIA_MF","INF204K01GB3","REGULAR","GROWTH","","SOURCE_UNAVAILABLE","AMC_MONTHLY_PORTFOLIO","https://mf.nipponindiaim.com/statutory-disclosures/monthly-portfolio","",0,0,0,0,0,0,0,0,0,0,0,0,0,0,0,false,"AWAITING_MONTHLY_DISCLOSURE"
"100380","Nippon India Vision Large & Mid Cap Fund - Regular Plan - GROWTH Option","Nippon India Mutual Fund","NIPPON_INDIA_MF","INF204K01406","REGULAR","GROWTH","","SOURCE_UNAVAILABLE","AMC_MONTHLY_PORTFOLIO","https://mf.nipponindiaim.com/statutory-disclosures/monthly-portfolio","",0,0,0,0,0,0,0,0,0,0,0,0,0,0,0,false,"AWAITING_MONTHLY_DISCLOSURE"
"124678","Reliance Interval Fund - II - Series 1 - Regular Plan - Growth Plan","Nippon India Mutual Fund","NIPPON_INDIA_MF","INF204KA1AL3","REGULAR","GROWTH","","SOURCE_UNAVAILABLE","AMC_MONTHLY_PORTFOLIO","https://mf.nipponindiaim.com/statutory-disclosures/monthly-portfolio","",0,0,0,0,0,0,0,0,0,0,0,0,0,0,0,false,"AWAITING_MONTHLY_DISCLOSURE"
"124748","Reliance Interval Fund - II - Series 2 - Regular Plan - Growth Option","Nippon India Mutual Fund","NIPPON_INDIA_MF","INF204KA1AR0","REGULAR","GROWTH","","SOURCE_UNAVAILABLE","AMC_MONTHLY_PORTFOLIO","https://mf.nipponindiaim.com/statutory-disclosures/monthly-portfolio","",0,0,0,0,0,0,0,0,0,0,0,0,0,0,0,false,"AWAITING_MONTHLY_DISCLOSURE"
"124752","Reliance Interval Fund - II - Series 3 - Regular Plan - Growth Option","Nippon India Mutual Fund","NIPPON_INDIA_MF","INF204KA1AX8","REGULAR","GROWTH","","SOURCE_UNAVAILABLE","AMC_MONTHLY_PORTFOLIO","https://mf.nipponindiaim.com/statutory-disclosures/monthly-portfolio","",0,0,0,0,0,0,0,0,0,0,0,0,0,0,0,false,"AWAITING_MONTHLY_DISCLOSURE"
"124874","Reliance Interval Fund - II - Series 4 - Regular Plan - Growth Option","Nippon India Mutual Fund","NIPPON_INDIA_MF","INF204KA1BD8","REGULAR","GROWTH","","SOURCE_UNAVAILABLE","AMC_MONTHLY_PORTFOLIO","https://mf.nipponindiaim.com/statutory-disclosures/monthly-portfolio","",0,0,0,0,0,0,0,0,0,0,0,0,0,0,0,false,"AWAITING_MONTHLY_DISCLOSURE"
"121699","Reliance Yearly Interval Fund - Series 5 - Regular Plan - Growth Option","Nippon India Mutual Fund","NIPPON_INDIA_MF","INF204K01T24","REGULAR","GROWTH","","SOURCE_UNAVAILABLE","AMC_MONTHLY_PORTFOLIO","https://mf.nipponindiaim.com/statutory-disclosures/monthly-portfolio","",0,0,0,0,0,0,0,0,0,0,0,0,0,0,0,false,"AWAITING_MONTHLY_DISCLOSURE"
"122652","Reliance Yearly Interval Fund - Series 8 - Regular Plan - Growth Option","Nippon India Mutual Fund","NIPPON_INDIA_MF","INF204K01V04","REGULAR","GROWTH","","SOURCE_UNAVAILABLE","AMC_MONTHLY_PORTFOLIO","https://mf.nipponindiaim.com/statutory-disclosures/monthly-portfolio","",0,0,0,0,0,0,0,0,0,0,0,0,0,0,0,false,"AWAITING_MONTHLY_DISCLOSURE"
"122729","Reliance Yearly Interval Fund - Series 9 - Regular Plan - Growth Option","Nippon India Mutual Fund","NIPPON_INDIA_MF","INF204K01V61","REGULAR","GROWTH","","SOURCE_UNAVAILABLE","AMC_MONTHLY_PORTFOLIO","https://mf.nipponindiaim.com/statutory-disclosures/monthly-portfolio","",0,0,0,0,0,0,0,0,0,0,0,0,0,0,0,false,"AWAITING_MONTHLY_DISCLOSURE"
"113177","Nippon India Small Cap Fund - Regular Plan - Growth Option","Nippon India Mutual Fund","NIPPON_MF","INF204K01HY3","REGULAR","GROWTH","","SOURCE_UNAVAILABLE","AMC_MONTHLY_PORTFOLIO","https://mf.nipponindiaim.com/statutory-disclosures/monthly-portfolio","",0,0,0,0,0,0,0,0,0,0,0,0,0,0,0,false,"AWAITING_MONTHLY_DISCLOSURE"
"150366","NJ Arbitrage Fund - Regular Plan - Growth Option","NJ Mutual Fund","NJ_MF","INF0J8L01057","REGULAR","GROWTH","","SOURCE_UNAVAILABLE","AMC_MONTHLY_PORTFOLIO","https://www.njmutualfund.com/statutory-disclosures/monthly-portfolio","",0,0,0,0,0,0,0,0,0,0,0,0,0,0,0,false,"AWAITING_MONTHLY_DISCLOSURE"
"149266","NJ Balanced Advantage Fund - Regular Plan - Growth Option","NJ Mutual Fund","NJ_MF","INF0J8L01024","REGULAR","GROWTH","","SOURCE_UNAVAILABLE","AMC_MONTHLY_PORTFOLIO","https://www.njmutualfund.com/statutory-disclosures/monthly-portfolio","",0,0,0,0,0,0,0,0,0,0,0,0,0,0,0,false,"AWAITING_MONTHLY_DISCLOSURE"
"151609","NJ ELSS Tax Saver Fund - Regular Plan - Growth Option","NJ Mutual Fund","NJ_MF","INF0J8L01099","REGULAR","GROWTH","","SOURCE_UNAVAILABLE","AMC_MONTHLY_PORTFOLIO","https://www.njmutualfund.com/statutory-disclosures/monthly-portfolio","",0,0,0,0,0,0,0,0,0,0,0,0,0,0,0,false,"AWAITING_MONTHLY_DISCLOSURE"
"151920","NJ Flexi Cap Fund - Regular Plan - Growth Option","NJ Mutual Fund","NJ_MF","INF0J8L01131","REGULAR","GROWTH","","SOURCE_UNAVAILABLE","AMC_MONTHLY_PORTFOLIO","https://www.njmutualfund.com/statutory-disclosures/monthly-portfolio","",0,0,0,0,0,0,0,0,0,0,0,0,0,0,0,false,"AWAITING_MONTHLY_DISCLOSURE"
"154452","NJ Momentum Fund - Regular Plan - Growth Option","NJ Mutual Fund","NJ_MF","INF0J8L01198","REGULAR","GROWTH","","SOURCE_UNAVAILABLE","AMC_MONTHLY_PORTFOLIO","https://www.njmutualfund.com/statutory-disclosures/monthly-portfolio","",0,0,0,0,0,0,0,0,0,0,0,0,0,0,0,false,"AWAITING_MONTHLY_DISCLOSURE"
"150368","NJ Overnight Fund - Regular Plan - Growth Option","NJ Mutual Fund","NJ_MF","INF0J8L01073","REGULAR","GROWTH","","SOURCE_UNAVAILABLE","AMC_MONTHLY_PORTFOLIO","https://www.njmutualfund.com/statutory-disclosures/monthly-portfolio","",0,0,0,0,0,0,0,0,0,0,0,0,0,0,0,false,"AWAITING_MONTHLY_DISCLOSURE"
"154458","NJ Value Fund - Regular Plan - Growth Option","NJ Mutual Fund","NJ_MF","INF0J8L01230","REGULAR","GROWTH","","SOURCE_UNAVAILABLE","AMC_MONTHLY_PORTFOLIO","https://www.njmutualfund.com/statutory-disclosures/monthly-portfolio","",0,0,0,0,0,0,0,0,0,0,0,0,0,0,0,false,"AWAITING_MONTHLY_DISCLOSURE"
"153977","Old Bridge Arbitrage Fund - Regular Plan - Regular Growth","Old Bridge Mutual Fund","OLD_BRIDGE_MF","INF0S5R01091","REGULAR","GROWTH","","SOURCE_UNAVAILABLE","AMC_MONTHLY_PORTFOLIO","https://www.oldbridgemf.com/statutory-disclosures/monthly-portfolio","",0,0,0,0,0,0,0,0,0,0,0,0,0,0,0,false,"AWAITING_MONTHLY_DISCLOSURE"
"154226","Old Bridge Flexi Cap Fund - Regular Plan - Regular Growth","Old Bridge Mutual Fund","OLD_BRIDGE_MF","INF0S5R01166","REGULAR","GROWTH","","SOURCE_UNAVAILABLE","AMC_MONTHLY_PORTFOLIO","https://www.oldbridgemf.com/statutory-disclosures/monthly-portfolio","",0,0,0,0,0,0,0,0,0,0,0,0,0,0,0,false,"AWAITING_MONTHLY_DISCLOSURE"
"152361","Old Bridge Focused Fund - Regular Plan - Regular Growth","Old Bridge Mutual Fund","OLD_BRIDGE_MF","INF0S5R01034","REGULAR","GROWTH","","SOURCE_UNAVAILABLE","AMC_MONTHLY_PORTFOLIO","https://www.oldbridgemf.com/statutory-disclosures/monthly-portfolio","",0,0,0,0,0,0,0,0,0,0,0,0,0,0,0,false,"AWAITING_MONTHLY_DISCLOSURE"
"138382","PGIM India Aggressive Hybrid Equity Fund - Regular Plan - Regular Growth","PGIM India Mutual Fund","PGIM_INDIA_MF","INF663L01HC4","REGULAR","GROWTH","","SOURCE_UNAVAILABLE","AMC_MONTHLY_PORTFOLIO","https://www.pgimindiamf.com/statutory-disclosures/monthly-portfolio","",0,0,0,0,0,0,0,0,0,0,0,0,0,0,0,false,"AWAITING_MONTHLY_DISCLOSURE"
"148657","PGIM India Balanced Advantage Fund - Regular Plan - Regular Growth","PGIM India Mutual Fund","PGIM_INDIA_MF","INF663L01V72","REGULAR","GROWTH","","SOURCE_UNAVAILABLE","AMC_MONTHLY_PORTFOLIO","https://www.pgimindiamf.com/statutory-disclosures/monthly-portfolio","",0,0,0,0,0,0,0,0,0,0,0,0,0,0,0,false,"AWAITING_MONTHLY_DISCLOSURE"
"151404","PGIM India CRISIL IBX Gilt Index - Apr 2028 Fund - Regular Plan - Regular Growth","PGIM India Mutual Fund","PGIM_INDIA_MF","INF663L01X54","REGULAR","GROWTH","","SOURCE_UNAVAILABLE","AMC_MONTHLY_PORTFOLIO","https://www.pgimindiamf.com/statutory-disclosures/monthly-portfolio","",0,0,0,0,0,0,0,0,0,0,0,0,0,0,0,false,"AWAITING_MONTHLY_DISCLOSURE"
"138318","PGIM India Corporate Bond Fund - Regular Plan - Regular Growth","PGIM India Mutual Fund","PGIM_INDIA_MF","INF223J01DB2","REGULAR","GROWTH","","SOURCE_UNAVAILABLE","AMC_MONTHLY_PORTFOLIO","https://www.pgimindiamf.com/statutory-disclosures/monthly-portfolio","",0,0,0,0,0,0,0,0,0,0,0,0,0,0,0,false,"AWAITING_MONTHLY_DISCLOSURE"
"116485","PGIM India Dynamic Term Fund - Regular Plan - Regular Growth","PGIM India Mutual Fund","PGIM_INDIA_MF","INF663L01484","REGULAR","GROWTH","","SOURCE_UNAVAILABLE","AMC_MONTHLY_PORTFOLIO","https://www.pgimindiamf.com/statutory-disclosures/monthly-portfolio","",0,0,0,0,0,0,0,0,0,0,0,0,0,0,0,false,"AWAITING_MONTHLY_DISCLOSURE"
"135598","PGIM India ELSS Tax Saver Fund - Regular Plan - Regular Growth","PGIM India Mutual Fund","PGIM_INDIA_MF","INF663L01FQ8","REGULAR","GROWTH","","SOURCE_UNAVAILABLE","AMC_MONTHLY_PORTFOLIO","https://www.pgimindiamf.com/statutory-disclosures/monthly-portfolio","",0,0,0,0,0,0,0,0,0,0,0,0,0,0,0,false,"AWAITING_MONTHLY_DISCLOSURE"
"138453","PGIM India Emerging Markets Equity Fund of Fund - Regular Plan - Regular Growth","PGIM India Mutual Fund","PGIM_INDIA_MF","INF223J01AY0","REGULAR","GROWTH","","SOURCE_UNAVAILABLE","AMC_MONTHLY_PORTFOLIO","https://www.pgimindiamf.com/statutory-disclosures/monthly-portfolio","",0,0,0,0,0,0,0,0,0,0,0,0,0,0,0,false,"AWAITING_MONTHLY_DISCLOSURE"
"138372","PGIM India Equity Savings Fund - Regular Plan - Regular Growth","PGIM India Mutual Fund","PGIM_INDIA_MF","INF223J01FB7","REGULAR","GROWTH","","SOURCE_UNAVAILABLE","AMC_MONTHLY_PORTFOLIO","https://www.pgimindiamf.com/statutory-disclosures/monthly-portfolio","",0,0,0,0,0,0,0,0,0,0,0,0,0,0,0,false,"AWAITING_MONTHLY_DISCLOSURE"
"133836","PGIM India Flexi Cap Fund - Regular Plan - Regular Growth","PGIM India Mutual Fund","PGIM_INDIA_MF","INF663L01FJ3","REGULAR","GROWTH","","SOURCE_UNAVAILABLE","AMC_MONTHLY_PORTFOLIO","https://www.pgimindiamf.com/statutory-disclosures/monthly-portfolio","",0,0,0,0,0,0,0,0,0,0,0,0,0,0,0,false,"AWAITING_MONTHLY_DISCLOSURE"
"138470","PGIM India Gilt Fund - Regular Plan - Regular Growth","PGIM India Mutual Fund","PGIM_INDIA_MF","INF223J01AQ6","REGULAR","GROWTH","","SOURCE_UNAVAILABLE","AMC_MONTHLY_PORTFOLIO","https://www.pgimindiamf.com/statutory-disclosures/monthly-portfolio","",0,0,0,0,0,0,0,0,0,0,0,0,0,0,0,false,"AWAITING_MONTHLY_DISCLOSURE"
"138523","PGIM India Global Equity Opportunities Fund of Fund - Regular Plan - Regular Growth","PGIM India Mutual Fund","PGIM_INDIA_MF","INF223J01AU8","REGULAR","GROWTH","","SOURCE_UNAVAILABLE","AMC_MONTHLY_PORTFOLIO","https://www.pgimindiamf.com/statutory-disclosures/monthly-portfolio","",0,0,0,0,0,0,0,0,0,0,0,0,0,0,0,false,"AWAITING_MONTHLY_DISCLOSURE"
"149299","PGIM India Global Select Real Estate Securities Fund of Fund - Regular Plan - Regular Growth","PGIM India Mutual Fund","PGIM_INDIA_MF","INF663L01W97","REGULAR","GROWTH","","SOURCE_UNAVAILABLE","AMC_MONTHLY_PORTFOLIO","https://www.pgimindiamf.com/statutory-disclosures/monthly-portfolio","",0,0,0,0,0,0,0,0,0,0,0,0,0,0,0,false,"AWAITING_MONTHLY_DISCLOSURE"
"153040","PGIM India Healthcare Fund - Regular Plan - Regular Growth","PGIM India Mutual Fund","PGIM_INDIA_MF","INF663L01Z52","REGULAR","GROWTH","","SOURCE_UNAVAILABLE","AMC_MONTHLY_PORTFOLIO","https://www.pgimindiamf.com/statutory-disclosures/monthly-portfolio","",0,0,0,0,0,0,0,0,0,0,0,0,0,0,0,false,"AWAITING_MONTHLY_DISCLOSURE"
"138308","PGIM India Large Cap Fund - Regular Plan - Regular Growth","PGIM India Mutual Fund","PGIM_INDIA_MF","INF663L01GW4","REGULAR","GROWTH","","SOURCE_UNAVAILABLE","AMC_MONTHLY_PORTFOLIO","https://www.pgimindiamf.com/statutory-disclosures/monthly-portfolio","",0,0,0,0,0,0,0,0,0,0,0,0,0,0,0,false,"AWAITING_MONTHLY_DISCLOSURE"
"152383","PGIM India Large and Midcap Fund - Regular Plan - Regular Growth","PGIM India Mutual Fund","PGIM_INDIA_MF","INF663L01X88","REGULAR","GROWTH","","SOURCE_UNAVAILABLE","AMC_MONTHLY_PORTFOLIO","https://www.pgimindiamf.com/statutory-disclosures/monthly-portfolio","",0,0,0,0,0,0,0,0,0,0,0,0,0,0,0,false,"AWAITING_MONTHLY_DISCLOSURE"
"138288","PGIM India Liquid Fund - Regular Plan - Regular Growth","PGIM India Mutual Fund","PGIM_INDIA_MF","INF223J01BP6","REGULAR","GROWTH","","SOURCE_UNAVAILABLE","AMC_MONTHLY_PORTFOLIO","https://www.pgimindiamf.com/statutory-disclosures/monthly-portfolio","",0,0,0,0,0,0,0,0,0,0,0,0,0,0,0,false,"AWAITING_MONTHLY_DISCLOSURE"
"125305","PGIM India Midcap Fund - Regular Plan - Regular Growth","PGIM India Mutual Fund","PGIM_INDIA_MF","INF663L01DZ4","REGULAR","GROWTH","","SOURCE_UNAVAILABLE","AMC_MONTHLY_PORTFOLIO","https://www.pgimindiamf.com/statutory-disclosures/monthly-portfolio","",0,0,0,0,0,0,0,0,0,0,0,0,0,0,0,false,"AWAITING_MONTHLY_DISCLOSURE"
"148159","PGIM India Money Market Fund - Regular Plan - Regular Growth","PGIM India Mutual Fund","PGIM_INDIA_MF","INF663L01U24","REGULAR","GROWTH","","SOURCE_UNAVAILABLE","AMC_MONTHLY_PORTFOLIO","https://www.pgimindiamf.com/statutory-disclosures/monthly-portfolio","",0,0,0,0,0,0,0,0,0,0,0,0,0,0,0,false,"AWAITING_MONTHLY_DISCLOSURE"
"153988","PGIM India Multi Asset Allocation Fund - Regular Plan - Regular Growth","PGIM India Mutual Fund","PGIM_INDIA_MF","INF663L013A7","REGULAR","GROWTH","","SOURCE_UNAVAILABLE","AMC_MONTHLY_PORTFOLIO","https://www.pgimindiamf.com/statutory-disclosures/monthly-portfolio","",0,0,0,0,0,0,0,0,0,0,0,0,0,0,0,false,"AWAITING_MONTHLY_DISCLOSURE"
"152816","PGIM India Multi Cap Fund - Regular Plan - Regular Growth","PGIM India Mutual Fund","PGIM_INDIA_MF","INF663L01Y87","REGULAR","GROWTH","","SOURCE_UNAVAILABLE","AMC_MONTHLY_PORTFOLIO","https://www.pgimindiamf.com/statutory-disclosures/monthly-portfolio","",0,0,0,0,0,0,0,0,0,0,0,0,0,0,0,false,"AWAITING_MONTHLY_DISCLOSURE"
"147600","PGIM India Overnight Fund - Regular Plan - Regular Growth","PGIM India Mutual Fund","PGIM_INDIA_MF","INF663L01T43","REGULAR","GROWTH","","SOURCE_UNAVAILABLE","AMC_MONTHLY_PORTFOLIO","https://www.pgimindiamf.com/statutory-disclosures/monthly-portfolio","",0,0,0,0,0,0,0,0,0,0,0,0,0,0,0,false,"AWAITING_MONTHLY_DISCLOSURE"
"152538","PGIM India Retirement Fund - Regular Plan - Regular Growth","PGIM India Mutual Fund","PGIM_INDIA_MF","INF663L01Y46","REGULAR","GROWTH","","SOURCE_UNAVAILABLE","AMC_MONTHLY_PORTFOLIO","https://www.pgimindiamf.com/statutory-disclosures/monthly-portfolio","",0,0,0,0,0,0,0,0,0,0,0,0,0,0,0,false,"AWAITING_MONTHLY_DISCLOSURE"
"149020","PGIM India Small Cap Fund - Regular Plan - Regular Growth","PGIM India Mutual Fund","PGIM_INDIA_MF","INF663L01W30","REGULAR","GROWTH","","SOURCE_UNAVAILABLE","AMC_MONTHLY_PORTFOLIO","https://www.pgimindiamf.com/statutory-disclosures/monthly-portfolio","",0,0,0,0,0,0,0,0,0,0,0,0,0,0,0,false,"AWAITING_MONTHLY_DISCLOSURE"
"138343","PGIM India Ultra Short Term Fund - Regular Plan - Regular Growth","PGIM India Mutual Fund","PGIM_INDIA_MF","INF223J01FK8","REGULAR","GROWTH","","SOURCE_UNAVAILABLE","AMC_MONTHLY_PORTFOLIO","https://www.pgimindiamf.com/statutory-disclosures/monthly-portfolio","",0,0,0,0,0,0,0,0,0,0,0,0,0,0,0,false,"AWAITING_MONTHLY_DISCLOSURE"
"152110","Parag Parikh Arbitrage Fund - Regular Plan - Growth","PPFAS Mutual Fund","PPFAS_MF","INF879O01217","REGULAR","GROWTH","","SOURCE_UNAVAILABLE","AMC_MONTHLY_PORTFOLIO","https://amc.ppfas.com/statutory-disclosures/monthly-portfolio","",0,0,0,0,0,0,0,0,0,0,0,0,0,0,0,false,"AWAITING_MONTHLY_DISCLOSURE"
"148959","Parag Parikh Conservative Hybrid Fund - Regular Plan - Growth","PPFAS Mutual Fund","PPFAS_MF","INF879O01209","REGULAR","GROWTH","","SOURCE_UNAVAILABLE","AMC_MONTHLY_PORTFOLIO","https://amc.ppfas.com/statutory-disclosures/monthly-portfolio","",0,0,0,0,0,0,0,0,0,0,0,0,0,0,0,false,"AWAITING_MONTHLY_DISCLOSURE"
"152464","Parag Parikh Dynamic Asset Allocation Fund - Regular Plan - Growth","PPFAS Mutual Fund","PPFAS_MF","INF879O01233","REGULAR","GROWTH","","SOURCE_UNAVAILABLE","AMC_MONTHLY_PORTFOLIO","https://amc.ppfas.com/statutory-disclosures/monthly-portfolio","",0,0,0,0,0,0,0,0,0,0,0,0,0,0,0,false,"AWAITING_MONTHLY_DISCLOSURE"
"147482","Parag Parikh ELSS Tax Saver Fund - Regular Plan - Growth","PPFAS Mutual Fund","PPFAS_MF","INF879O01092","REGULAR","GROWTH","","SOURCE_UNAVAILABLE","AMC_MONTHLY_PORTFOLIO","https://amc.ppfas.com/statutory-disclosures/monthly-portfolio","",0,0,0,0,0,0,0,0,0,0,0,0,0,0,0,false,"AWAITING_MONTHLY_DISCLOSURE"
"122640","Parag Parikh Flexi Cap Fund - Regular Plan - Growth","PPFAS Mutual Fund","PPFAS_MF","INF879O01019","REGULAR","GROWTH","2026-09-30","COMPLETE_VERIFIED","AMC_MONTHLY_PORTFOLIO","https://amc.ppfas.com/statutory-disclosures/monthly-portfolio","eb5eb8dbbf50b973ddac7c13e0db7693e7ba309b8133b5eb3d12aad7c18d40d7",150,150,150,150,10,38,48,0,18,0,24,22,0,0,0,false,"PARSED_AND_VERIFIED"
"154154","Parag Parikh Large Cap Fund - Regular Plan - Growth","PPFAS Mutual Fund","PPFAS_MF","INF879O01365","REGULAR","GROWTH","","SOURCE_UNAVAILABLE","AMC_MONTHLY_PORTFOLIO","https://amc.ppfas.com/statutory-disclosures/monthly-portfolio","",0,0,0,0,0,0,0,0,0,0,0,0,0,0,0,false,"AWAITING_MONTHLY_DISCLOSURE"
"143260","Parag Parikh Liquid Fund - Regular Plan - Growth","PPFAS Mutual Fund","PPFAS_MF","INF879O01035","REGULAR","GROWTH","","SOURCE_UNAVAILABLE","AMC_MONTHLY_PORTFOLIO","https://amc.ppfas.com/statutory-disclosures/monthly-portfolio","",0,0,0,0,0,0,0,0,0,0,0,0,0,0,0,false,"AWAITING_MONTHLY_DISCLOSURE"
"147371","QUANTUM ESG BEST IN CLASS STRATEGY FUND - Regular Plan - Growth Option","Quantum Mutual Fund","QUANTUM_MF","INF082J01390","REGULAR","GROWTH","","SOURCE_UNAVAILABLE","AMC_MONTHLY_PORTFOLIO","https://www.quantumamc.com/statutory-disclosures/monthly-portfolio","",0,0,0,0,0,0,0,0,0,0,0,0,0,0,0,false,"AWAITING_MONTHLY_DISCLOSURE"
"152108","QUANTUM SMALL CAP FUND - Regular Plan - Growth Option","Quantum Mutual Fund","QUANTUM_MF","INF082J01440","REGULAR","GROWTH","","SOURCE_UNAVAILABLE","AMC_MONTHLY_PORTFOLIO","https://www.quantumamc.com/statutory-disclosures/monthly-portfolio","",0,0,0,0,0,0,0,0,0,0,0,0,0,0,0,false,"AWAITING_MONTHLY_DISCLOSURE"
"141063","Quantum Diversified Equity All Cap Active FOF - Regular Plan - Growth Option","Quantum Mutual Fund","QUANTUM_MF","INF082J01275","REGULAR","GROWTH","","SOURCE_UNAVAILABLE","AMC_MONTHLY_PORTFOLIO","https://www.quantumamc.com/statutory-disclosures/monthly-portfolio","",0,0,0,0,0,0,0,0,0,0,0,0,0,0,0,false,"AWAITING_MONTHLY_DISCLOSURE"
"141061","Quantum Dynamic Term Fund - Regular Plan - Growth Option","Quantum Mutual Fund","QUANTUM_MF","INF082J01218","REGULAR","GROWTH","","SOURCE_UNAVAILABLE","AMC_MONTHLY_PORTFOLIO","https://www.quantumamc.com/statutory-disclosures/monthly-portfolio","",0,0,0,0,0,0,0,0,0,0,0,0,0,0,0,false,"AWAITING_MONTHLY_DISCLOSURE"
"141070","Quantum ELSS Tax Saver Fund - Regular Plan - Growth Option","Quantum Mutual Fund","QUANTUM_MF","INF082J01366","REGULAR","GROWTH","","SOURCE_UNAVAILABLE","AMC_MONTHLY_PORTFOLIO","https://www.quantumamc.com/statutory-disclosures/monthly-portfolio","",0,0,0,0,0,0,0,0,0,0,0,0,0,0,0,false,"AWAITING_MONTHLY_DISCLOSURE"
"153095","Quantum Ethical Fund - Regular Plan - Growth Option","Quantum Mutual Fund","QUANTUM_MF","INF082J01481","REGULAR","GROWTH","","SOURCE_UNAVAILABLE","AMC_MONTHLY_PORTFOLIO","https://www.quantumamc.com/statutory-disclosures/monthly-portfolio","",0,0,0,0,0,0,0,0,0,0,0,0,0,0,0,false,"AWAITING_MONTHLY_DISCLOSURE"
"154516","Quantum Flexi Cap Fund - Regular Plan - Growth Option","Quantum Mutual Fund","QUANTUM_MF","INF082J01515","REGULAR","GROWTH","","SOURCE_UNAVAILABLE","AMC_MONTHLY_PORTFOLIO","https://www.quantumamc.com/statutory-disclosures/monthly-portfolio","",0,0,0,0,0,0,0,0,0,0,0,0,0,0,0,false,"AWAITING_MONTHLY_DISCLOSURE"
"141064","Quantum Gold ETF FOF - Regular Plan - Growth Option","Quantum Mutual Fund","QUANTUM_MF","INF082J01358","REGULAR","GROWTH","","SOURCE_UNAVAILABLE","AMC_MONTHLY_PORTFOLIO","https://www.quantumamc.com/statutory-disclosures/monthly-portfolio","",0,0,0,0,0,0,0,0,0,0,0,0,0,0,0,false,"AWAITING_MONTHLY_DISCLOSURE"
"141066","Quantum Liquid Fund - Regular Plan - Growth Option","Quantum Mutual Fund","QUANTUM_MF","INF082J01309","REGULAR","GROWTH","","SOURCE_UNAVAILABLE","AMC_MONTHLY_PORTFOLIO","https://www.quantumamc.com/statutory-disclosures/monthly-portfolio","",0,0,0,0,0,0,0,0,0,0,0,0,0,0,0,false,"AWAITING_MONTHLY_DISCLOSURE"
"141072","Quantum Multi Asset Active FOF - Regular Plan - Growth Option","Quantum Mutual Fund","QUANTUM_MF","INF082J01341","REGULAR","GROWTH","","SOURCE_UNAVAILABLE","AMC_MONTHLY_PORTFOLIO","https://www.quantumamc.com/statutory-disclosures/monthly-portfolio","",0,0,0,0,0,0,0,0,0,0,0,0,0,0,0,false,"AWAITING_MONTHLY_DISCLOSURE"
"152475","Quantum Multi Asset Allocation Fund - Regular Plan - Growth Option","Quantum Mutual Fund","QUANTUM_MF","INF082J01465","REGULAR","GROWTH","","SOURCE_UNAVAILABLE","AMC_MONTHLY_PORTFOLIO","https://www.quantumamc.com/statutory-disclosures/monthly-portfolio","",0,0,0,0,0,0,0,0,0,0,0,0,0,0,0,false,"AWAITING_MONTHLY_DISCLOSURE"
"150389","Quantum Nifty 50 ETF FOF - Regular Plan - Growth Option","Quantum Mutual Fund","QUANTUM_MF","INF082J01424","REGULAR","GROWTH","","SOURCE_UNAVAILABLE","AMC_MONTHLY_PORTFOLIO","https://www.quantumamc.com/statutory-disclosures/monthly-portfolio","",0,0,0,0,0,0,0,0,0,0,0,0,0,0,0,false,"AWAITING_MONTHLY_DISCLOSURE"
"141068","Quantum Value Fund - Regular Plan - Growth Option","Quantum Mutual Fund","QUANTUM_MF","INF082J01242","REGULAR","GROWTH","","SOURCE_UNAVAILABLE","AMC_MONTHLY_PORTFOLIO","https://www.quantumamc.com/statutory-disclosures/monthly-portfolio","",0,0,0,0,0,0,0,0,0,0,0,0,0,0,0,false,"AWAITING_MONTHLY_DISCLOSURE"
"101070","Quant Aggressive Hybrid Fund - Regular Plan - Growth Option","quant Mutual Fund","QUANT_MF","INF966L01267","REGULAR","GROWTH","","SOURCE_UNAVAILABLE","AMC_MONTHLY_PORTFOLIO","https://quantmutual.com/statutory-disclosures/monthly-portfolio","",0,0,0,0,0,0,0,0,0,0,0,0,0,0,0,false,"AWAITING_MONTHLY_DISCLOSURE"
"100175","Quant ELSS Tax Saver Fund - Regular Plan - Growth Option","quant Mutual Fund","QUANT_MF","INF966L01135","REGULAR","GROWTH","","SOURCE_UNAVAILABLE","AMC_MONTHLY_PORTFOLIO","https://quantmutual.com/statutory-disclosures/monthly-portfolio","",0,0,0,0,0,0,0,0,0,0,0,0,0,0,0,false,"AWAITING_MONTHLY_DISCLOSURE"
"109830","Quant Flexi Cap Fund - Regular Plan - Growth Option","quant Mutual Fund","QUANT_MF","INF966L01457","REGULAR","GROWTH","","SOURCE_UNAVAILABLE","AMC_MONTHLY_PORTFOLIO","https://quantmutual.com/statutory-disclosures/monthly-portfolio","",0,0,0,0,0,0,0,0,0,0,0,0,0,0,0,false,"AWAITING_MONTHLY_DISCLOSURE"
"109275","Quant Focused Fund - Regular Plan - Growth Option","quant Mutual Fund","QUANT_MF","INF966L01374","REGULAR","GROWTH","","SOURCE_UNAVAILABLE","AMC_MONTHLY_PORTFOLIO","https://quantmutual.com/statutory-disclosures/monthly-portfolio","",0,0,0,0,0,0,0,0,0,0,0,0,0,0,0,false,"AWAITING_MONTHLY_DISCLOSURE"
"106170","Quant Infrastructure Fund - Regular Plan - Growth Option","quant Mutual Fund","QUANT_MF","INF966L01523","REGULAR","GROWTH","","SOURCE_UNAVAILABLE","AMC_MONTHLY_PORTFOLIO","https://quantmutual.com/statutory-disclosures/monthly-portfolio","",0,0,0,0,0,0,0,0,0,0,0,0,0,0,0,false,"AWAITING_MONTHLY_DISCLOSURE"
"104513","Quant Large & Mid Cap Fund - Regular Plan - Growth Option","quant Mutual Fund","QUANT_MF","INF966L01341","REGULAR","GROWTH","","SOURCE_UNAVAILABLE","AMC_MONTHLY_PORTFOLIO","https://quantmutual.com/statutory-disclosures/monthly-portfolio","",0,0,0,0,0,0,0,0,0,0,0,0,0,0,0,false,"AWAITING_MONTHLY_DISCLOSURE"
"103225","Quant Liquid Fund - Regular Plan - Growth Option","quant Mutual Fund","QUANT_MF","INF966L01317","REGULAR","GROWTH","","SOURCE_UNAVAILABLE","AMC_MONTHLY_PORTFOLIO","https://quantmutual.com/statutory-disclosures/monthly-portfolio","",0,0,0,0,0,0,0,0,0,0,0,0,0,0,0,false,"AWAITING_MONTHLY_DISCLOSURE"
"101065","Quant Mid Cap Fund - Regular Plan - Growth Option","quant Mutual Fund","QUANT_MF","INF966L01176","REGULAR","GROWTH","","SOURCE_UNAVAILABLE","AMC_MONTHLY_PORTFOLIO","https://quantmutual.com/statutory-disclosures/monthly-portfolio","",0,0,0,0,0,0,0,0,0,0,0,0,0,0,0,false,"AWAITING_MONTHLY_DISCLOSURE"
"101072","Quant Multi Asset Allocation Fund - Regular Plan - Growth Option","quant Mutual Fund","QUANT_MF","INF966L01200","REGULAR","GROWTH","","SOURCE_UNAVAILABLE","AMC_MONTHLY_PORTFOLIO","https://quantmutual.com/statutory-disclosures/monthly-portfolio","",0,0,0,0,0,0,0,0,0,0,0,0,0,0,0,false,"AWAITING_MONTHLY_DISCLOSURE"
"100631","Quant Multi Cap Fund - Regular Plan - Growth Option","quant Mutual Fund","QUANT_MF","INF966L01234","REGULAR","GROWTH","","SOURCE_UNAVAILABLE","AMC_MONTHLY_PORTFOLIO","https://quantmutual.com/statutory-disclosures/monthly-portfolio","",0,0,0,0,0,0,0,0,0,0,0,0,0,0,0,false,"AWAITING_MONTHLY_DISCLOSURE"
"100177","Quant Small Cap Fund - Regular Plan - Growth Option","Quant Mutual Fund","QUANT_MF","INF966L01AA0","REGULAR","GROWTH","","SOURCE_UNAVAILABLE","AMC_MONTHLY_PORTFOLIO","https://quantmutual.com/statutory-disclosures/monthly-portfolio","",0,0,0,0,0,0,0,0,0,0,0,0,0,0,0,false,"AWAITING_MONTHLY_DISCLOSURE"
"149337","Quant Value Fund - Regular Plan - Growth Option","quant Mutual Fund","QUANT_MF","INF966L01AQ6","REGULAR","GROWTH","","SOURCE_UNAVAILABLE","AMC_MONTHLY_PORTFOLIO","https://quantmutual.com/statutory-disclosures/monthly-portfolio","",0,0,0,0,0,0,0,0,0,0,0,0,0,0,0,false,"AWAITING_MONTHLY_DISCLOSURE"
"153428","quant Arbitrage Fund - Regular Plan - Growth Option","quant Mutual Fund","QUANT_MF","INF966L01DZ1","REGULAR","GROWTH","","SOURCE_UNAVAILABLE","AMC_MONTHLY_PORTFOLIO","https://quantmutual.com/statutory-disclosures/monthly-portfolio","",0,0,0,0,0,0,0,0,0,0,0,0,0,0,0,false,"AWAITING_MONTHLY_DISCLOSURE"
"151788","quant BFSI Fund - Regular Plan - Growth Option","quant Mutual Fund","QUANT_MF","INF966L01CA6","REGULAR","GROWTH","","SOURCE_UNAVAILABLE","AMC_MONTHLY_PORTFOLIO","https://quantmutual.com/statutory-disclosures/monthly-portfolio","",0,0,0,0,0,0,0,0,0,0,0,0,0,0,0,false,"AWAITING_MONTHLY_DISCLOSURE"
"151758","quant Business Cycle Fund - Regular Plan - Growth Option","quant Mutual Fund","QUANT_MF","INF966L01BU6","REGULAR","GROWTH","","SOURCE_UNAVAILABLE","AMC_MONTHLY_PORTFOLIO","https://quantmutual.com/statutory-disclosures/monthly-portfolio","",0,0,0,0,0,0,0,0,0,0,0,0,0,0,0,false,"AWAITING_MONTHLY_DISCLOSURE"
"152256","quant Commodities Fund - Regular Plan - Growth Option","quant Mutual Fund","QUANT_MF","INF966L01DC0","REGULAR","GROWTH","","SOURCE_UNAVAILABLE","AMC_MONTHLY_PORTFOLIO","https://quantmutual.com/statutory-disclosures/monthly-portfolio","",0,0,0,0,0,0,0,0,0,0,0,0,0,0,0,false,"AWAITING_MONTHLY_DISCLOSURE"
"152338","quant Consumption Fund - Regular Plan - Growth Option","quant Mutual Fund","QUANT_MF","INF966L01DI7","REGULAR","GROWTH","","SOURCE_UNAVAILABLE","AMC_MONTHLY_PORTFOLIO","https://quantmutual.com/statutory-disclosures/monthly-portfolio","",0,0,0,0,0,0,0,0,0,0,0,0,0,0,0,false,"AWAITING_MONTHLY_DISCLOSURE"
"151714","quant Dynamic Asset Allocation Fund - Regular Plan - Growth Option","quant Mutual Fund","QUANT_MF","INF966L01BO9","REGULAR","GROWTH","","SOURCE_UNAVAILABLE","AMC_MONTHLY_PORTFOLIO","https://quantmutual.com/statutory-disclosures/monthly-portfolio","",0,0,0,0,0,0,0,0,0,0,0,0,0,0,0,false,"AWAITING_MONTHLY_DISCLOSURE"
"148560","quant ESG Integration Strategy Fund - Regular Plan - Growth Option","quant Mutual Fund","QUANT_MF","INF966L01AB8","REGULAR","GROWTH","","SOURCE_UNAVAILABLE","AMC_MONTHLY_PORTFOLIO","https://quantmutual.com/statutory-disclosures/monthly-portfolio","",0,0,0,0,0,0,0,0,0,0,0,0,0,0,0,false,"AWAITING_MONTHLY_DISCLOSURE"
"153707","quant Equity Savings Fund - Regular Plan - Growth Option","quant Mutual Fund","QUANT_MF","INF966L01EF1","REGULAR","GROWTH","","SOURCE_UNAVAILABLE","AMC_MONTHLY_PORTFOLIO","https://quantmutual.com/statutory-disclosures/monthly-portfolio","",0,0,0,0,0,0,0,0,0,0,0,0,0,0,0,false,"AWAITING_MONTHLY_DISCLOSURE"
"151230","quant Gilt Fund - Regular Plan - Growth Option","quant Mutual Fund","QUANT_MF","INF966L01BI1","REGULAR","GROWTH","","SOURCE_UNAVAILABLE","AMC_MONTHLY_PORTFOLIO","https://quantmutual.com/statutory-disclosures/monthly-portfolio","",0,0,0,0,0,0,0,0,0,0,0,0,0,0,0,false,"AWAITING_MONTHLY_DISCLOSURE"
"151855","quant Healthcare Fund - Regular Plan - Growth Option","quant Mutual Fund","QUANT_MF","INF966L01CG3","REGULAR","GROWTH","","SOURCE_UNAVAILABLE","AMC_MONTHLY_PORTFOLIO","https://quantmutual.com/statutory-disclosures/monthly-portfolio","",0,0,0,0,0,0,0,0,0,0,0,0,0,0,0,false,"AWAITING_MONTHLY_DISCLOSURE"
"154657","quant Income Plus Arbitrage Active FOF - Regular Plan - Growth Option","quant Mutual Fund","QUANT_MF","INF966L01EM7","REGULAR","GROWTH","","SOURCE_UNAVAILABLE","AMC_MONTHLY_PORTFOLIO","https://quantmutual.com/statutory-disclosures/monthly-portfolio","",0,0,0,0,0,0,0,0,0,0,0,0,0,0,0,false,"AWAITING_MONTHLY_DISCLOSURE"
"150441","quant Large Cap Fund - Regular Plan - Growth Option","quant Mutual Fund","QUANT_MF","INF966L01AW4","REGULAR","GROWTH","","SOURCE_UNAVAILABLE","AMC_MONTHLY_PORTFOLIO","https://quantmutual.com/statutory-disclosures/monthly-portfolio","",0,0,0,0,0,0,0,0,0,0,0,0,0,0,0,false,"AWAITING_MONTHLY_DISCLOSURE"
"151913","quant Manufacturing Fund - Regular Plan - Growth Option","quant Mutual Fund","QUANT_MF","INF966L01CN9","REGULAR","GROWTH","","SOURCE_UNAVAILABLE","AMC_MONTHLY_PORTFOLIO","https://quantmutual.com/statutory-disclosures/monthly-portfolio","",0,0,0,0,0,0,0,0,0,0,0,0,0,0,0,false,"AWAITING_MONTHLY_DISCLOSURE"
"152190","quant Momentum Fund - Regular Plan - Growth Option","quant Mutual Fund","QUANT_MF","INF966L01CW0","REGULAR","GROWTH","","SOURCE_UNAVAILABLE","AMC_MONTHLY_PORTFOLIO","https://quantmutual.com/statutory-disclosures/monthly-portfolio","",0,0,0,0,0,0,0,0,0,0,0,0,0,0,0,false,"AWAITING_MONTHLY_DISCLOSURE"
"151195","quant Overnight Fund - Regular Plan - Growth Option","quant Mutual Fund","QUANT_MF","INF966L01BC4","REGULAR","GROWTH","","SOURCE_UNAVAILABLE","AMC_MONTHLY_PORTFOLIO","https://quantmutual.com/statutory-disclosures/monthly-portfolio","",0,0,0,0,0,0,0,0,0,0,0,0,0,0,0,false,"AWAITING_MONTHLY_DISCLOSURE"
"152413","quant PSU Fund - Regular Plan - Growth Option","quant Mutual Fund","QUANT_MF","INF966L01DQ0","REGULAR","GROWTH","","SOURCE_UNAVAILABLE","AMC_MONTHLY_PORTFOLIO","https://quantmutual.com/statutory-disclosures/monthly-portfolio","",0,0,0,0,0,0,0,0,0,0,0,0,0,0,0,false,"AWAITING_MONTHLY_DISCLOSURE"
"148923","quant Quantamental Fund - Regular Plan - Growth Option","quant Mutual Fund","QUANT_MF","INF966L01AH5","REGULAR","GROWTH","","SOURCE_UNAVAILABLE","AMC_MONTHLY_PORTFOLIO","https://quantmutual.com/statutory-disclosures/monthly-portfolio","",0,0,0,0,0,0,0,0,0,0,0,0,0,0,0,false,"AWAITING_MONTHLY_DISCLOSURE"
"152070","quant Teck Fund - Regular Plan - Growth Option","quant Mutual Fund","QUANT_MF","INF966L01CQ2","REGULAR","GROWTH","","SOURCE_UNAVAILABLE","AMC_MONTHLY_PORTFOLIO","https://quantmutual.com/statutory-disclosures/monthly-portfolio","",0,0,0,0,0,0,0,0,0,0,0,0,0,0,0,false,"AWAITING_MONTHLY_DISCLOSURE"
"151752","Samco Active Momentum Fund - Regular Plan - Growth","Samco Mutual Fund","SAMCO_MF","INF0K1H01073","REGULAR","GROWTH","","SOURCE_UNAVAILABLE","AMC_MONTHLY_PORTFOLIO","https://www.samcomf.com/statutory-disclosures/monthly-portfolio","",0,0,0,0,0,0,0,0,0,0,0,0,0,0,0,false,"AWAITING_MONTHLY_DISCLOSURE"
"153091","Samco Arbitrage Fund - Regular Plan - Growth","Samco Mutual Fund","SAMCO_MF","INF0K1H01222","REGULAR","GROWTH","","SOURCE_UNAVAILABLE","AMC_MONTHLY_PORTFOLIO","https://www.samcomf.com/statutory-disclosures/monthly-portfolio","",0,0,0,0,0,0,0,0,0,0,0,0,0,0,0,false,"AWAITING_MONTHLY_DISCLOSURE"
"152187","Samco Dynamic Asset Allocation Fund - Regular Plan - Growth","Samco Mutual Fund","SAMCO_MF","INF0K1H01099","REGULAR","GROWTH","","SOURCE_UNAVAILABLE","AMC_MONTHLY_PORTFOLIO","https://www.samcomf.com/statutory-disclosures/monthly-portfolio","",0,0,0,0,0,0,0,0,0,0,0,0,0,0,0,false,"AWAITING_MONTHLY_DISCLOSURE"
"150839","Samco ELSS Tax Saver Fund - Regular Plan - Growth","Samco Mutual Fund","SAMCO_MF","INF0K1H01057","REGULAR","GROWTH","","SOURCE_UNAVAILABLE","AMC_MONTHLY_PORTFOLIO","https://www.samcomf.com/statutory-disclosures/monthly-portfolio","",0,0,0,0,0,0,0,0,0,0,0,0,0,0,0,false,"AWAITING_MONTHLY_DISCLOSURE"
"149449","Samco Flexi Cap Fund - Regular Plan - Growth","Samco Mutual Fund","SAMCO_MF","INF0K1H01016","REGULAR","GROWTH","","SOURCE_UNAVAILABLE","AMC_MONTHLY_PORTFOLIO","https://www.samcomf.com/statutory-disclosures/monthly-portfolio","",0,0,0,0,0,0,0,0,0,0,0,0,0,0,0,false,"AWAITING_MONTHLY_DISCLOSURE"
"153533","Samco Large & Mid Cap Fund - Regular Plan - Growth","Samco Mutual Fund","SAMCO_MF","INF0K1H01289","REGULAR","GROWTH","","SOURCE_UNAVAILABLE","AMC_MONTHLY_PORTFOLIO","https://www.samcomf.com/statutory-disclosures/monthly-portfolio","",0,0,0,0,0,0,0,0,0,0,0,0,0,0,0,false,"AWAITING_MONTHLY_DISCLOSURE"
"153238","Samco Large Cap Fund - Regular Plan - Growth","Samco Mutual Fund","SAMCO_MF","INF0K1H01263","REGULAR","GROWTH","","SOURCE_UNAVAILABLE","AMC_MONTHLY_PORTFOLIO","https://www.samcomf.com/statutory-disclosures/monthly-portfolio","",0,0,0,0,0,0,0,0,0,0,0,0,0,0,0,false,"AWAITING_MONTHLY_DISCLOSURE"
"154115","Samco Mid Cap Fund - Regular Plan - Growth","Samco Mutual Fund","SAMCO_MF","INF0K1H01321","REGULAR","GROWTH","","SOURCE_UNAVAILABLE","AMC_MONTHLY_PORTFOLIO","https://www.samcomf.com/statutory-disclosures/monthly-portfolio","",0,0,0,0,0,0,0,0,0,0,0,0,0,0,0,false,"AWAITING_MONTHLY_DISCLOSURE"
"153093","Samco Multi Asset Allocation Fund - Regular Plan - Growth","Samco Mutual Fund","SAMCO_MF","INF0K1H01248","REGULAR","GROWTH","","SOURCE_UNAVAILABLE","AMC_MONTHLY_PORTFOLIO","https://www.samcomf.com/statutory-disclosures/monthly-portfolio","",0,0,0,0,0,0,0,0,0,0,0,0,0,0,0,false,"AWAITING_MONTHLY_DISCLOSURE"
"152848","Samco Multi Cap Fund - Regular Plan - Growth","Samco Mutual Fund","SAMCO_MF","INF0K1H01206","REGULAR","GROWTH","","SOURCE_UNAVAILABLE","AMC_MONTHLY_PORTFOLIO","https://www.samcomf.com/statutory-disclosures/monthly-portfolio","",0,0,0,0,0,0,0,0,0,0,0,0,0,0,0,false,"AWAITING_MONTHLY_DISCLOSURE"
"150632","Samco Overnight Fund - Regular Plan - Growth","Samco Mutual Fund","SAMCO_MF","INF0K1H01032","REGULAR","GROWTH","","SOURCE_UNAVAILABLE","AMC_MONTHLY_PORTFOLIO","https://www.samcomf.com/statutory-disclosures/monthly-portfolio","",0,0,0,0,0,0,0,0,0,0,0,0,0,0,0,false,"AWAITING_MONTHLY_DISCLOSURE"
"153869","Samco Small Cap Fund - Regular Plan - Growth","Samco Mutual Fund","SAMCO_MF","INF0K1H01305","REGULAR","GROWTH","","SOURCE_UNAVAILABLE","AMC_MONTHLY_PORTFOLIO","https://www.samcomf.com/statutory-disclosures/monthly-portfolio","",0,0,0,0,0,0,0,0,0,0,0,0,0,0,0,false,"AWAITING_MONTHLY_DISCLOSURE"
"152587","Samco Special Opportunities Fund - Regular Plan - Growth","Samco Mutual Fund","SAMCO_MF","INF0K1H01172","REGULAR","GROWTH","","SOURCE_UNAVAILABLE","AMC_MONTHLY_PORTFOLIO","https://www.samcomf.com/statutory-disclosures/monthly-portfolio","",0,0,0,0,0,0,0,0,0,0,0,0,0,0,0,false,"AWAITING_MONTHLY_DISCLOSURE"
"101002","SBI 10 YEAR CONSTANT MATURITY GILT FUND - Regular Plan - Growth","SBI Mutual Fund","SBI_MF","INF200K01AN9","REGULAR","GROWTH","","SOURCE_UNAVAILABLE","AMC_MONTHLY_PORTFOLIO","https://www.sbimf.com/en-us/statutory-disclosures/monthly-portfolio","",0,0,0,0,0,0,0,0,0,0,0,0,0,0,0,false,"AWAITING_MONTHLY_DISCLOSURE"
"102885","SBI AGGRESSIVE HYBRID FUND - Regular Plan - Growth","SBI Mutual Fund","SBI_MF","INF200K01107","REGULAR","GROWTH","","SOURCE_UNAVAILABLE","AMC_MONTHLY_PORTFOLIO","https://www.sbimf.com/en-us/statutory-disclosures/monthly-portfolio","",0,0,0,0,0,0,0,0,0,0,0,0,0,0,0,false,"AWAITING_MONTHLY_DISCLOSURE"
"104457","SBI Arbitrage Fund - Regular Plan - Growth","SBI Mutual Fund","SBI_MF","INF200K01156","REGULAR","GROWTH","","SOURCE_UNAVAILABLE","AMC_MONTHLY_PORTFOLIO","https://www.sbimf.com/en-us/statutory-disclosures/monthly-portfolio","",0,0,0,0,0,0,0,0,0,0,0,0,0,0,0,false,"AWAITING_MONTHLY_DISCLOSURE"
"152658","SBI Automotive Opportunities Fund - Regular Plan - Growth","SBI Mutual Fund","SBI_MF","INF200KB1159","REGULAR","GROWTH","","SOURCE_UNAVAILABLE","AMC_MONTHLY_PORTFOLIO","https://www.sbimf.com/en-us/statutory-disclosures/monthly-portfolio","",0,0,0,0,0,0,0,0,0,0,0,0,0,0,0,false,"AWAITING_MONTHLY_DISCLOSURE"
"133858","SBI BANKING & FINANCIAL SERVICES FUND - Regular Plan - Growth","SBI Mutual Fund","SBI_MF","INF200KA1473","REGULAR","GROWTH","","SOURCE_UNAVAILABLE","AMC_MONTHLY_PORTFOLIO","https://www.sbimf.com/en-us/statutory-disclosures/monthly-portfolio","",0,0,0,0,0,0,0,0,0,0,0,0,0,0,0,false,"AWAITING_MONTHLY_DISCLOSURE"
"125498","SBI BANKING & PSU DEBT FUND - Regular Plan - Growth","SBI Mutual Fund","SBI_MF","INF200K01U41","REGULAR","GROWTH","","SOURCE_UNAVAILABLE","AMC_MONTHLY_PORTFOLIO","https://www.sbimf.com/en-us/statutory-disclosures/monthly-portfolio","",0,0,0,0,0,0,0,0,0,0,0,0,0,0,0,false,"AWAITING_MONTHLY_DISCLOSURE"
"153434","SBI BSE PSU BANK INDEX FUND - Regular Plan - Growth","SBI Mutual Fund","SBI_MF","INF200KB1654","REGULAR","GROWTH","","SOURCE_UNAVAILABLE","AMC_MONTHLY_PORTFOLIO","https://www.sbimf.com/en-us/statutory-disclosures/monthly-portfolio","",0,0,0,0,0,0,0,0,0,0,0,0,0,0,0,false,"AWAITING_MONTHLY_DISCLOSURE"
"151765","SBI BSE Sensex Index Fund - Regular Plan - Growth","SBI Mutual Fund","SBI_MF","INF200KA13Y1","REGULAR","GROWTH","","SOURCE_UNAVAILABLE","AMC_MONTHLY_PORTFOLIO","https://www.sbimf.com/en-us/statutory-disclosures/monthly-portfolio","",0,0,0,0,0,0,0,0,0,0,0,0,0,0,0,false,"AWAITING_MONTHLY_DISCLOSURE"
"149132","SBI Balanced Advantage Fund - Regular Plan - Growth","SBI Mutual Fund","SBI_MF","INF200KA1Y40","REGULAR","GROWTH","","SOURCE_UNAVAILABLE","AMC_MONTHLY_PORTFOLIO","https://www.sbimf.com/en-us/statutory-disclosures/monthly-portfolio","",0,0,0,0,0,0,0,0,0,0,0,0,0,0,0,false,"AWAITING_MONTHLY_DISCLOSURE"
"154615","SBI Balanced Hybrid Fund - Regular Plan - Growth","SBI Mutual Fund","SBI_MF","INF200KB1BX9","REGULAR","GROWTH","","SOURCE_UNAVAILABLE","AMC_MONTHLY_PORTFOLIO","https://www.sbimf.com/en-us/statutory-disclosures/monthly-portfolio","",0,0,0,0,0,0,0,0,0,0,0,0,0,0,0,false,"AWAITING_MONTHLY_DISCLOSURE"
"101169","SBI CHILDREN'S FUND - SAVINGS PLAN - Regular Plan - Growth","SBI Mutual Fund","SBI_MF","INF200K01776","REGULAR","GROWTH","","SOURCE_UNAVAILABLE","AMC_MONTHLY_PORTFOLIO","https://www.sbimf.com/en-us/statutory-disclosures/monthly-portfolio","",0,0,0,0,0,0,0,0,0,0,0,0,0,0,0,false,"AWAITING_MONTHLY_DISCLOSURE"
"103145","SBI COMMA FUND - Regular Plan - Growth","SBI Mutual Fund","SBI_MF","INF200K01339","REGULAR","GROWTH","","SOURCE_UNAVAILABLE","AMC_MONTHLY_PORTFOLIO","https://www.sbimf.com/en-us/statutory-disclosures/monthly-portfolio","",0,0,0,0,0,0,0,0,0,0,0,0,0,0,0,false,"AWAITING_MONTHLY_DISCLOSURE"
"100968","SBI CONSERVATIVE HYBRID FUND - Regular Plan - Growth","SBI Mutual Fund","SBI_MF","INF200K01859","REGULAR","GROWTH","","SOURCE_UNAVAILABLE","AMC_MONTHLY_PORTFOLIO","https://www.sbimf.com/en-us/statutory-disclosures/monthly-portfolio","",0,0,0,0,0,0,0,0,0,0,0,0,0,0,0,false,"AWAITING_MONTHLY_DISCLOSURE"
"120576","SBI CONSUMPTION OPPORTUNITIES FUND - Regular Plan - Growth","SBI Mutual Fund","SBI_MF","INF200K01VR6","REGULAR","GROWTH","","SOURCE_UNAVAILABLE","AMC_MONTHLY_PORTFOLIO","https://www.sbimf.com/en-us/statutory-disclosures/monthly-portfolio","",0,0,0,0,0,0,0,0,0,0,0,0,0,0,0,false,"AWAITING_MONTHLY_DISCLOSURE"
"102414","SBI CONTRA FUND - Regular Plan - Growth","SBI Mutual Fund","SBI_MF","INF200K01362","REGULAR","GROWTH","","SOURCE_UNAVAILABLE","AMC_MONTHLY_PORTFOLIO","https://www.sbimf.com/en-us/statutory-disclosures/monthly-portfolio","",0,0,0,0,0,0,0,0,0,0,0,0,0,0,0,false,"AWAITING_MONTHLY_DISCLOSURE"
"149472","SBI CPSE Bond Plus SDL Sep 2026 50:50 Index Fund - Regular Plan - Growth","SBI Mutual Fund","SBI_MF","INF200KA10D1","REGULAR","GROWTH","","SOURCE_UNAVAILABLE","AMC_MONTHLY_PORTFOLIO","https://www.sbimf.com/en-us/statutory-disclosures/monthly-portfolio","",0,0,0,0,0,0,0,0,0,0,0,0,0,0,0,false,"AWAITING_MONTHLY_DISCLOSURE"
"102505","SBI CREDIT RISK FUND - Regular Plan - Growth","SBI Mutual Fund","SBI_MF","INF200K01685","REGULAR","GROWTH","","SOURCE_UNAVAILABLE","AMC_MONTHLY_PORTFOLIO","https://www.sbimf.com/en-us/statutory-disclosures/monthly-portfolio","",0,0,0,0,0,0,0,0,0,0,0,0,0,0,0,false,"AWAITING_MONTHLY_DISCLOSURE"
"150707","SBI CRISIL IBX Gilt Index - April 2029 Fund - Regular Plan - Growth","SBI Mutual Fund","SBI_MF","INF200KA15Q2","REGULAR","GROWTH","","SOURCE_UNAVAILABLE","AMC_MONTHLY_PORTFOLIO","https://www.sbimf.com/en-us/statutory-disclosures/monthly-portfolio","",0,0,0,0,0,0,0,0,0,0,0,0,0,0,0,false,"AWAITING_MONTHLY_DISCLOSURE"
"150683","SBI CRISIL IBX Gilt Index - June 2036 Fund - Regular Plan - Growth","SBI Mutual Fund","SBI_MF","INF200KA19P6","REGULAR","GROWTH","","SOURCE_UNAVAILABLE","AMC_MONTHLY_PORTFOLIO","https://www.sbimf.com/en-us/statutory-disclosures/monthly-portfolio","",0,0,0,0,0,0,0,0,0,0,0,0,0,0,0,false,"AWAITING_MONTHLY_DISCLOSURE"
"150712","SBI CRISIL IBX SDL Index - September 2027 Fund - Regular Plan - Growth","SBI Mutual Fund","SBI_MF","INF200KA11R9","REGULAR","GROWTH","","SOURCE_UNAVAILABLE","AMC_MONTHLY_PORTFOLIO","https://www.sbimf.com/en-us/statutory-disclosures/monthly-portfolio","",0,0,0,0,0,0,0,0,0,0,0,0,0,0,0,false,"AWAITING_MONTHLY_DISCLOSURE"
"154363","SBI CRISIL-IBX 10:90 Gilt + SDL Index - Dec 2029 Index Fund - Regular Plan - Growth","SBI Mutual Fund","SBI_MF","INF200KB1BF6","REGULAR","GROWTH","","SOURCE_UNAVAILABLE","AMC_MONTHLY_PORTFOLIO","https://www.sbimf.com/en-us/statutory-disclosures/monthly-portfolio","",0,0,0,0,0,0,0,0,0,0,0,0,0,0,0,false,"AWAITING_MONTHLY_DISCLOSURE"
"154329","SBI CRISIL-IBX Financial Services 3-6 Months Debt Index Fund - Regular Plan - Growth","SBI Mutual Fund","SBI_MF","INF200KB1AL6","REGULAR","GROWTH","","SOURCE_UNAVAILABLE","AMC_MONTHLY_PORTFOLIO","https://www.sbimf.com/en-us/statutory-disclosures/monthly-portfolio","",0,0,0,0,0,0,0,0,0,0,0,0,0,0,0,false,"AWAITING_MONTHLY_DISCLOSURE"
"154328","SBI CRISIL-IBX Financial Services 9-12 Months Debt Index Fund - Regular Plan - Growth","SBI Mutual Fund","SBI_MF","INF200KB1AR3","REGULAR","GROWTH","","SOURCE_UNAVAILABLE","AMC_MONTHLY_PORTFOLIO","https://www.sbimf.com/en-us/statutory-disclosures/monthly-portfolio","",0,0,0,0,0,0,0,0,0,0,0,0,0,0,0,false,"AWAITING_MONTHLY_DISCLOSURE"
"148489","SBI Children's Fund - Investment Plan - Regular Plan - Growth","SBI Mutual Fund","SBI_MF","INF200KA1Q99","REGULAR","GROWTH","","SOURCE_UNAVAILABLE","AMC_MONTHLY_PORTFOLIO","https://www.sbimf.com/en-us/statutory-disclosures/monthly-portfolio","",0,0,0,0,0,0,0,0,0,0,0,0,0,0,0,false,"AWAITING_MONTHLY_DISCLOSURE"
"146207","SBI Corporate Bond Fund - Regular Plan - Growth","SBI Mutual Fund","SBI_MF","INF200KA1YM5","REGULAR","GROWTH","","SOURCE_UNAVAILABLE","AMC_MONTHLY_PORTFOLIO","https://www.sbimf.com/en-us/statutory-disclosures/monthly-portfolio","",0,0,0,0,0,0,0,0,0,0,0,0,0,0,0,false,"AWAITING_MONTHLY_DISCLOSURE"
"154468","SBI Crisil - IBX SDL Index - June 2034 Index Fund - Regular Plan - Growth","SBI Mutual Fund","SBI_MF","INF200KB1BL4","REGULAR","GROWTH","","SOURCE_UNAVAILABLE","AMC_MONTHLY_PORTFOLIO","https://www.sbimf.com/en-us/statutory-disclosures/monthly-portfolio","",0,0,0,0,0,0,0,0,0,0,0,0,0,0,0,false,"AWAITING_MONTHLY_DISCLOSURE"
"102205","SBI DYNAMIC TERM FUND - Regular Plan - Growth","SBI Mutual Fund","SBI_MF","INF200K01958","REGULAR","GROWTH","","SOURCE_UNAVAILABLE","AMC_MONTHLY_PORTFOLIO","https://www.sbimf.com/en-us/statutory-disclosures/monthly-portfolio","",0,0,0,0,0,0,0,0,0,0,0,0,0,0,0,false,"AWAITING_MONTHLY_DISCLOSURE"
"153831","SBI Dynamic Asset Allocation Active FoF - Regular Plan - Growth","SBI Mutual Fund","SBI_MF","INF200KB1977","REGULAR","GROWTH","","SOURCE_UNAVAILABLE","AMC_MONTHLY_PORTFOLIO","https://www.sbimf.com/en-us/statutory-disclosures/monthly-portfolio","",0,0,0,0,0,0,0,0,0,0,0,0,0,0,0,false,"AWAITING_MONTHLY_DISCLOSURE"
"105628","SBI ELSS Tax Saver Fund - Regular Plan - Growth","SBI Mutual Fund","SBI_MF","INF200K01495","REGULAR","GROWTH","","SOURCE_UNAVAILABLE","AMC_MONTHLY_PORTFOLIO","https://www.sbimf.com/en-us/statutory-disclosures/monthly-portfolio","",0,0,0,0,0,0,0,0,0,0,0,0,0,0,0,false,"AWAITING_MONTHLY_DISCLOSURE"
"134644","SBI EQUITY SAVINGS FUND - Regular Plan - Growth","SBI Mutual Fund","SBI_MF","INF200KA1DA4","REGULAR","GROWTH","","SOURCE_UNAVAILABLE","AMC_MONTHLY_PORTFOLIO","https://www.sbimf.com/en-us/statutory-disclosures/monthly-portfolio","",0,0,0,0,0,0,0,0,0,0,0,0,0,0,0,false,"AWAITING_MONTHLY_DISCLOSURE"
"104523","SBI ESG Exclusionary Strategy Fund - Regular Plan - Growth","SBI Mutual Fund","SBI_MF","INF200K01214","REGULAR","GROWTH","","SOURCE_UNAVAILABLE","AMC_MONTHLY_PORTFOLIO","https://www.sbimf.com/en-us/statutory-disclosures/monthly-portfolio","",0,0,0,0,0,0,0,0,0,0,0,0,0,0,0,false,"AWAITING_MONTHLY_DISCLOSURE"
"152418","SBI Energy Opportunities Fund - Regular Plan - Growth","SBI Mutual Fund","SBI_MF","INF200KB1092","REGULAR","GROWTH","","SOURCE_UNAVAILABLE","AMC_MONTHLY_PORTFOLIO","https://www.sbimf.com/en-us/statutory-disclosures/monthly-portfolio","",0,0,0,0,0,0,0,0,0,0,0,0,0,0,0,false,"AWAITING_MONTHLY_DISCLOSURE"
"146644","SBI Equity Minimum Variance Fund - Regular Plan - Growth","SBI Mutual Fund","SBI_MF","INF200KA1A48","REGULAR","GROWTH","","SOURCE_UNAVAILABLE","AMC_MONTHLY_PORTFOLIO","https://www.sbimf.com/en-us/statutory-disclosures/monthly-portfolio","",0,0,0,0,0,0,0,0,0,0,0,0,0,0,0,false,"AWAITING_MONTHLY_DISCLOSURE"
"103215","SBI FLEXICAP FUND - Regular Plan - Growth","SBI Mutual Fund","SBI_MF","INF200K01222","REGULAR","GROWTH","","SOURCE_UNAVAILABLE","AMC_MONTHLY_PORTFOLIO","https://www.sbimf.com/en-us/statutory-disclosures/monthly-portfolio","",0,0,0,0,0,0,0,0,0,0,0,0,0,0,0,false,"AWAITING_MONTHLY_DISCLOSURE"
"102756","SBI FOCUSED FUND - Regular Plan - Growth","SBI Mutual Fund","SBI_MF","INF200K01370","REGULAR","GROWTH","","SOURCE_UNAVAILABLE","AMC_MONTHLY_PORTFOLIO","https://www.sbimf.com/en-us/statutory-disclosures/monthly-portfolio","",0,0,0,0,0,0,0,0,0,0,0,0,0,0,0,false,"AWAITING_MONTHLY_DISCLOSURE"
"146976","SBI Fixed Maturity Plan (FMP) - Series 1 (3668 Days) - Regular Plan - Growth","SBI Mutual Fund","SBI_MF","INF200KA1C87","REGULAR","GROWTH","","SOURCE_UNAVAILABLE","AMC_MONTHLY_PORTFOLIO","https://www.sbimf.com/en-us/statutory-disclosures/monthly-portfolio","",0,0,0,0,0,0,0,0,0,0,0,0,0,0,0,false,"AWAITING_MONTHLY_DISCLOSURE"
"148389","SBI Fixed Maturity Plan (FMP) - Series 34 (3682 Days) - Regular Plan - Growth","SBI Mutual Fund","SBI_MF","INF200KA1Q57","REGULAR","GROWTH","","SOURCE_UNAVAILABLE","AMC_MONTHLY_PORTFOLIO","https://www.sbimf.com/en-us/statutory-disclosures/monthly-portfolio","",0,0,0,0,0,0,0,0,0,0,0,0,0,0,0,false,"AWAITING_MONTHLY_DISCLOSURE"
"149145","SBI Fixed Maturity Plan (FMP) - Series 49 (1823 Days) - Regular Plan - Growth","SBI Mutual Fund","SBI_MF","INF200KA1Z07","REGULAR","GROWTH","","SOURCE_UNAVAILABLE","AMC_MONTHLY_PORTFOLIO","https://www.sbimf.com/en-us/statutory-disclosures/monthly-portfolio","",0,0,0,0,0,0,0,0,0,0,0,0,0,0,0,false,"AWAITING_MONTHLY_DISCLOSURE"
"149172","SBI Fixed Maturity Plan (FMP) - Series 50 (1843 Days) - Regular Plan - Growth","SBI Mutual Fund","SBI_MF","INF200KA1Z49","REGULAR","GROWTH","","SOURCE_UNAVAILABLE","AMC_MONTHLY_PORTFOLIO","https://www.sbimf.com/en-us/statutory-disclosures/monthly-portfolio","",0,0,0,0,0,0,0,0,0,0,0,0,0,0,0,false,"AWAITING_MONTHLY_DISCLOSURE"
"149197","SBI Fixed Maturity Plan (FMP) - Series 51 (1846 Days) - Regular Plan - Growth","SBI Mutual Fund","SBI_MF","INF200KA1Z80","REGULAR","GROWTH","","SOURCE_UNAVAILABLE","AMC_MONTHLY_PORTFOLIO","https://www.sbimf.com/en-us/statutory-disclosures/monthly-portfolio","",0,0,0,0,0,0,0,0,0,0,0,0,0,0,0,false,"AWAITING_MONTHLY_DISCLOSURE"
"149235","SBI Fixed Maturity Plan (FMP) - Series 52 (1848 Days) - Regular Plan - Growth","SBI Mutual Fund","SBI_MF","INF200KA12A3","REGULAR","GROWTH","","SOURCE_UNAVAILABLE","AMC_MONTHLY_PORTFOLIO","https://www.sbimf.com/en-us/statutory-disclosures/monthly-portfolio","",0,0,0,0,0,0,0,0,0,0,0,0,0,0,0,false,"AWAITING_MONTHLY_DISCLOSURE"
"149278","SBI Fixed Maturity Plan (FMP) - Series 53 (1839 Days) - Regular Plan - Growth","SBI Mutual Fund","SBI_MF","INF200KA16A4","REGULAR","GROWTH","","SOURCE_UNAVAILABLE","AMC_MONTHLY_PORTFOLIO","https://www.sbimf.com/en-us/statutory-disclosures/monthly-portfolio","",0,0,0,0,0,0,0,0,0,0,0,0,0,0,0,false,"AWAITING_MONTHLY_DISCLOSURE"
"149308","SBI Fixed Maturity Plan (FMP) - Series 54 (1842 Days) - Regular Plan - Growth","SBI Mutual Fund","SBI_MF","INF200KA10B5","REGULAR","GROWTH","","SOURCE_UNAVAILABLE","AMC_MONTHLY_PORTFOLIO","https://www.sbimf.com/en-us/statutory-disclosures/monthly-portfolio","",0,0,0,0,0,0,0,0,0,0,0,0,0,0,0,false,"AWAITING_MONTHLY_DISCLOSURE"
"149347","SBI Fixed Maturity Plan (FMP) - Series 55 (1849 Days) - Regular Plan - Growth","SBI Mutual Fund","SBI_MF","INF200KA14B7","REGULAR","GROWTH","","SOURCE_UNAVAILABLE","AMC_MONTHLY_PORTFOLIO","https://www.sbimf.com/en-us/statutory-disclosures/monthly-portfolio","",0,0,0,0,0,0,0,0,0,0,0,0,0,0,0,false,"AWAITING_MONTHLY_DISCLOSURE"
"149432","SBI Fixed Maturity Plan (FMP) - Series 57 (1835 Days) - Regular Plan - Growth","SBI Mutual Fund","SBI_MF","INF200KA12C9","REGULAR","GROWTH","","SOURCE_UNAVAILABLE","AMC_MONTHLY_PORTFOLIO","https://www.sbimf.com/en-us/statutory-disclosures/monthly-portfolio","",0,0,0,0,0,0,0,0,0,0,0,0,0,0,0,false,"AWAITING_MONTHLY_DISCLOSURE"
"149459","SBI Fixed Maturity Plan (FMP) - Series 58 (1842 Days) - Regular Plan - Growth","SBI Mutual Fund","SBI_MF","INF200KA16C0","REGULAR","GROWTH","","SOURCE_UNAVAILABLE","AMC_MONTHLY_PORTFOLIO","https://www.sbimf.com/en-us/statutory-disclosures/monthly-portfolio","",0,0,0,0,0,0,0,0,0,0,0,0,0,0,0,false,"AWAITING_MONTHLY_DISCLOSURE"
"147247","SBI Fixed Maturity Plan (FMP) - Series 6 (3668 Days) - Regular Plan - Growth","SBI Mutual Fund","SBI_MF","INF200KA1F01","REGULAR","GROWTH","","SOURCE_UNAVAILABLE","AMC_MONTHLY_PORTFOLIO","https://www.sbimf.com/en-us/statutory-disclosures/monthly-portfolio","",0,0,0,0,0,0,0,0,0,0,0,0,0,0,0,false,"AWAITING_MONTHLY_DISCLOSURE"
"149876","SBI Fixed Maturity Plan (FMP) - Series 60 (1878 Days) - Regular Plan - Growth","SBI Mutual Fund","SBI_MF","INF200KA11E7","REGULAR","GROWTH","","SOURCE_UNAVAILABLE","AMC_MONTHLY_PORTFOLIO","https://www.sbimf.com/en-us/statutory-disclosures/monthly-portfolio","",0,0,0,0,0,0,0,0,0,0,0,0,0,0,0,false,"AWAITING_MONTHLY_DISCLOSURE"
"149994","SBI Fixed Maturity Plan (FMP) - Series 61 (1927 Days) - Regular Plan - Growth","SBI Mutual Fund","SBI_MF","INF200KA11F4","REGULAR","GROWTH","","SOURCE_UNAVAILABLE","AMC_MONTHLY_PORTFOLIO","https://www.sbimf.com/en-us/statutory-disclosures/monthly-portfolio","",0,0,0,0,0,0,0,0,0,0,0,0,0,0,0,false,"AWAITING_MONTHLY_DISCLOSURE"
"148543","SBI Floating Interest Rates Fund - Regular Plan - Growth","SBI Mutual Fund","SBI_MF","INF200KA1R15","REGULAR","GROWTH","","SOURCE_UNAVAILABLE","AMC_MONTHLY_PORTFOLIO","https://www.sbimf.com/en-us/statutory-disclosures/monthly-portfolio","",0,0,0,0,0,0,0,0,0,0,0,0,0,0,0,false,"AWAITING_MONTHLY_DISCLOSURE"
"101001","SBI GILT FUND - Regular Plan - Growth","SBI Mutual Fund","SBI_MF","INF200K01982","REGULAR","GROWTH","","SOURCE_UNAVAILABLE","AMC_MONTHLY_PORTFOLIO","https://www.sbimf.com/en-us/statutory-disclosures/monthly-portfolio","",0,0,0,0,0,0,0,0,0,0,0,0,0,0,0,false,"AWAITING_MONTHLY_DISCLOSURE"
"101932","SBI GILT FUND - Regular Plan - Growth","SBI Mutual Fund","SBI_MF","INF200K01AK5","REGULAR","GROWTH","","SOURCE_UNAVAILABLE","AMC_MONTHLY_PORTFOLIO","https://www.sbimf.com/en-us/statutory-disclosures/monthly-portfolio","",0,0,0,0,0,0,0,0,0,0,0,0,0,0,0,false,"AWAITING_MONTHLY_DISCLOSURE"
"101934","SBI GILT FUND - Regular Plan - Growth","SBI Mutual Fund","SBI_MF","INF200K01AH1","REGULAR","GROWTH","","SOURCE_UNAVAILABLE","AMC_MONTHLY_PORTFOLIO","https://www.sbimf.com/en-us/statutory-disclosures/monthly-portfolio","",0,0,0,0,0,0,0,0,0,0,0,0,0,0,0,false,"AWAITING_MONTHLY_DISCLOSURE"
"115676","SBI GOLD FUND - Regular Plan - Growth","SBI Mutual Fund","SBI_MF","INF200K01HA1","REGULAR","GROWTH","","SOURCE_UNAVAILABLE","AMC_MONTHLY_PORTFOLIO","https://www.sbimf.com/en-us/statutory-disclosures/monthly-portfolio","",0,0,0,0,0,0,0,0,0,0,0,0,0,0,0,false,"AWAITING_MONTHLY_DISCLOSURE"
"111954","SBI Gold ETF - Regular Plan - Growth","SBI Mutual Fund","SBI_MF","INF200KA16D8","REGULAR","GROWTH","","SOURCE_UNAVAILABLE","AMC_MONTHLY_PORTFOLIO","https://www.sbimf.com/en-us/statutory-disclosures/monthly-portfolio","",0,0,0,0,0,0,0,0,0,0,0,0,0,0,0,false,"AWAITING_MONTHLY_DISCLOSURE"
"102823","SBI HEALTHCARE OPPORTUNITIES FUND - Regular Plan - Growth","SBI Mutual Fund","SBI_MF","INF200K01446","REGULAR","GROWTH","","SOURCE_UNAVAILABLE","AMC_MONTHLY_PORTFOLIO","https://www.sbimf.com/en-us/statutory-disclosures/monthly-portfolio","",0,0,0,0,0,0,0,0,0,0,0,0,0,0,0,false,"AWAITING_MONTHLY_DISCLOSURE"
"106096","SBI INFRASTRUCTURE FUND - Regular Plan - Growth","SBI Mutual Fund","SBI_MF","INF200K01CT2","REGULAR","GROWTH","","SOURCE_UNAVAILABLE","AMC_MONTHLY_PORTFOLIO","https://www.sbimf.com/en-us/statutory-disclosures/monthly-portfolio","",0,0,0,0,0,0,0,0,0,0,0,0,0,0,0,false,"AWAITING_MONTHLY_DISCLOSURE"
"153500","SBI Income Plus Arbitrage Active FOF - Regular Plan - Growth","SBI Mutual Fund","SBI_MF","INF200KB1720","REGULAR","GROWTH","","SOURCE_UNAVAILABLE","AMC_MONTHLY_PORTFOLIO","https://www.sbimf.com/en-us/statutory-disclosures/monthly-portfolio","",0,0,0,0,0,0,0,0,0,0,0,0,0,0,0,false,"AWAITING_MONTHLY_DISCLOSURE"
"152774","SBI Innovative Opportunities Fund - Regular Plan - Growth","SBI Mutual Fund","SBI_MF","INF200KB1290","REGULAR","GROWTH","","SOURCE_UNAVAILABLE","AMC_MONTHLY_PORTFOLIO","https://www.sbimf.com/en-us/statutory-disclosures/monthly-portfolio","",0,0,0,0,0,0,0,0,0,0,0,0,0,0,0,false,"AWAITING_MONTHLY_DISCLOSURE"
"103024","SBI LARGE & MIDCAP FUND - Regular Plan - Growth","SBI Mutual Fund","SBI_MF","INF200K01305","REGULAR","GROWTH","","SOURCE_UNAVAILABLE","AMC_MONTHLY_PORTFOLIO","https://www.sbimf.com/en-us/statutory-disclosures/monthly-portfolio","",0,0,0,0,0,0,0,0,0,0,0,0,0,0,0,false,"AWAITING_MONTHLY_DISCLOSURE"
"105280","SBI LIQUID FUND - Regular Plan - Growth","SBI Mutual Fund","SBI_MF","INF200K01MA1","REGULAR","GROWTH","","SOURCE_UNAVAILABLE","AMC_MONTHLY_PORTFOLIO","https://www.sbimf.com/en-us/statutory-disclosures/monthly-portfolio","",0,0,0,0,0,0,0,0,0,0,0,0,0,0,0,false,"AWAITING_MONTHLY_DISCLOSURE"
"105274","SBI LIQUID FUND - Regular Plan - Growth","SBI Mutual Fund","SBI_MF","INF200K01LU1","REGULAR","GROWTH","","SOURCE_UNAVAILABLE","AMC_MONTHLY_PORTFOLIO","https://www.sbimf.com/en-us/statutory-disclosures/monthly-portfolio","",0,0,0,0,0,0,0,0,0,0,0,0,0,0,0,false,"AWAITING_MONTHLY_DISCLOSURE"
"103504","SBI Large Cap Fund - Regular Plan - Growth","SBI Mutual Fund","SBI_MF","INF200K01180","REGULAR","GROWTH","","SOURCE_UNAVAILABLE","AMC_MONTHLY_PORTFOLIO","https://www.sbimf.com/en-us/statutory-disclosures/monthly-portfolio","",0,0,0,0,0,0,0,0,0,0,0,0,0,0,0,false,"AWAITING_MONTHLY_DISCLOSURE"
"140488","SBI Long Term Advantage Fund - Series IV - Regular Plan - Growth","SBI Mutual Fund","SBI_MF","INF200KA1LQ3","REGULAR","GROWTH","","SOURCE_UNAVAILABLE","AMC_MONTHLY_PORTFOLIO","https://www.sbimf.com/en-us/statutory-disclosures/monthly-portfolio","",0,0,0,0,0,0,0,0,0,0,0,0,0,0,0,false,"AWAITING_MONTHLY_DISCLOSURE"
"142139","SBI Long Term Advantage Fund - Series V - Regular Plan - Growth","SBI Mutual Fund","SBI_MF","INF200KA1RU2","REGULAR","GROWTH","","SOURCE_UNAVAILABLE","AMC_MONTHLY_PORTFOLIO","https://www.sbimf.com/en-us/statutory-disclosures/monthly-portfolio","",0,0,0,0,0,0,0,0,0,0,0,0,0,0,0,false,"AWAITING_MONTHLY_DISCLOSURE"
"143176","SBI Long Term Advantage Fund - Series VI - Regular Plan - Growth","SBI Mutual Fund","SBI_MF","INF200KA1TM5","REGULAR","GROWTH","","SOURCE_UNAVAILABLE","AMC_MONTHLY_PORTFOLIO","https://www.sbimf.com/en-us/statutory-disclosures/monthly-portfolio","",0,0,0,0,0,0,0,0,0,0,0,0,0,0,0,false,"AWAITING_MONTHLY_DISCLOSURE"
"151212","SBI Long Term Fund - Regular Plan - Growth","SBI Mutual Fund","SBI_MF","INF200KA13T1","REGULAR","GROWTH","","SOURCE_UNAVAILABLE","AMC_MONTHLY_PORTFOLIO","https://www.sbimf.com/en-us/statutory-disclosures/monthly-portfolio","",0,0,0,0,0,0,0,0,0,0,0,0,0,0,0,false,"AWAITING_MONTHLY_DISCLOSURE"
"102053","SBI MEDIUM TERM FUND - Regular Plan - Growth","SBI Mutual Fund","SBI_MF","INF200K01719","REGULAR","GROWTH","","SOURCE_UNAVAILABLE","AMC_MONTHLY_PORTFOLIO","https://www.sbimf.com/en-us/statutory-disclosures/monthly-portfolio","",0,0,0,0,0,0,0,0,0,0,0,0,0,0,0,false,"AWAITING_MONTHLY_DISCLOSURE"
"100639","SBI MEDIUM TO LONG TERM FUND - Regular Plan - Growth","SBI Mutual Fund","SBI_MF","INF200K01594","REGULAR","GROWTH","","SOURCE_UNAVAILABLE","AMC_MONTHLY_PORTFOLIO","https://www.sbimf.com/en-us/statutory-disclosures/monthly-portfolio","",0,0,0,0,0,0,0,0,0,0,0,0,0,0,0,false,"AWAITING_MONTHLY_DISCLOSURE"
"102941","SBI MIDCAP FUND - Regular Plan - Growth","SBI Mutual Fund","SBI_MF","INF200K01560","REGULAR","GROWTH","","SOURCE_UNAVAILABLE","AMC_MONTHLY_PORTFOLIO","https://www.sbimf.com/en-us/statutory-disclosures/monthly-portfolio","",0,0,0,0,0,0,0,0,0,0,0,0,0,0,0,false,"AWAITING_MONTHLY_DISCLOSURE"
"103034","SBI MNC FUND - Regular Plan - Growth","SBI Mutual Fund","SBI_MF","INF200K01271","REGULAR","GROWTH","","SOURCE_UNAVAILABLE","AMC_MONTHLY_PORTFOLIO","https://www.sbimf.com/en-us/statutory-disclosures/monthly-portfolio","",0,0,0,0,0,0,0,0,0,0,0,0,0,0,0,false,"AWAITING_MONTHLY_DISCLOSURE"
"103408","SBI MULTI ASSET ALLOCATION FUND - Regular Plan - Growth","SBI Mutual Fund","SBI_MF","INF200K01800","REGULAR","GROWTH","","SOURCE_UNAVAILABLE","AMC_MONTHLY_PORTFOLIO","https://www.sbimf.com/en-us/statutory-disclosures/monthly-portfolio","",0,0,0,0,0,0,0,0,0,0,0,0,0,0,0,false,"AWAITING_MONTHLY_DISCLOSURE"
"102503","SBI Money Market Fund - Regular Plan - Growth","SBI Mutual Fund","SBI_MF","INF200K01636","REGULAR","GROWTH","","SOURCE_UNAVAILABLE","AMC_MONTHLY_PORTFOLIO","https://www.sbimf.com/en-us/statutory-disclosures/monthly-portfolio","",0,0,0,0,0,0,0,0,0,0,0,0,0,0,0,false,"AWAITING_MONTHLY_DISCLOSURE"
"149886","SBI MultiCap Fund - Regular Plan - Growth","SBI Mutual Fund","SBI_MF","INF200KA15E8","REGULAR","GROWTH","","SOURCE_UNAVAILABLE","AMC_MONTHLY_PORTFOLIO","https://www.sbimf.com/en-us/statutory-disclosures/monthly-portfolio","",0,0,0,0,0,0,0,0,0,0,0,0,0,0,0,false,"AWAITING_MONTHLY_DISCLOSURE"
"153796","SBI NIFTY 1D Rate Liquid ETF - Growth - Regular Plan - Growth","SBI Mutual Fund","SBI_MF","INF200KB1969","REGULAR","GROWTH","","SOURCE_UNAVAILABLE","AMC_MONTHLY_PORTFOLIO","https://www.sbimf.com/en-us/statutory-disclosures/monthly-portfolio","",0,0,0,0,0,0,0,0,0,0,0,0,0,0,0,false,"AWAITING_MONTHLY_DISCLOSURE"
"102272","SBI NIFTY INDEX FUND - Regular Plan - Growth","SBI Mutual Fund","SBI_MF","INF200K01537","REGULAR","GROWTH","","SOURCE_UNAVAILABLE","AMC_MONTHLY_PORTFOLIO","https://www.sbimf.com/en-us/statutory-disclosures/monthly-portfolio","",0,0,0,0,0,0,0,0,0,0,0,0,0,0,0,false,"AWAITING_MONTHLY_DISCLOSURE"
"152906","SBI Nifty 500 Index Fund - Regular Plan - Growth","SBI Mutual Fund","SBI_MF","INF200KB1357","REGULAR","GROWTH","","SOURCE_UNAVAILABLE","AMC_MONTHLY_PORTFOLIO","https://www.sbimf.com/en-us/statutory-disclosures/monthly-portfolio","",0,0,0,0,0,0,0,0,0,0,0,0,0,0,0,false,"AWAITING_MONTHLY_DISCLOSURE"
"153253","SBI Nifty Bank Index Fund - Regular Plan - Growth","SBI Mutual Fund","SBI_MF","INF200KB1530","REGULAR","GROWTH","","SOURCE_UNAVAILABLE","AMC_MONTHLY_PORTFOLIO","https://www.sbimf.com/en-us/statutory-disclosures/monthly-portfolio","",0,0,0,0,0,0,0,0,0,0,0,0,0,0,0,false,"AWAITING_MONTHLY_DISCLOSURE"
"154362","SBI Nifty G-sec Jul 2031 Index Fund - Regular Plan - Growth","SBI Mutual Fund","SBI_MF","INF200KB1AZ6","REGULAR","GROWTH","","SOURCE_UNAVAILABLE","AMC_MONTHLY_PORTFOLIO","https://www.sbimf.com/en-us/statutory-disclosures/monthly-portfolio","",0,0,0,0,0,0,0,0,0,0,0,0,0,0,0,false,"AWAITING_MONTHLY_DISCLOSURE"
"153323","SBI Nifty IT Index Fund - Regular Plan - Growth","SBI Mutual Fund","SBI_MF","INF200KB1597","REGULAR","GROWTH","","SOURCE_UNAVAILABLE","AMC_MONTHLY_PORTFOLIO","https://www.sbimf.com/en-us/statutory-disclosures/monthly-portfolio","",0,0,0,0,0,0,0,0,0,0,0,0,0,0,0,false,"AWAITING_MONTHLY_DISCLOSURE"
"153012","SBI Nifty India Consumption Index Fund - Regular Plan - Growth","SBI Mutual Fund","SBI_MF","INF200KB1415","REGULAR","GROWTH","","SOURCE_UNAVAILABLE","AMC_MONTHLY_PORTFOLIO","https://www.sbimf.com/en-us/statutory-disclosures/monthly-portfolio","",0,0,0,0,0,0,0,0,0,0,0,0,0,0,0,false,"AWAITING_MONTHLY_DISCLOSURE"
"150672","SBI Nifty Midcap 150 Index Fund - Regular Plan - Growth","SBI Mutual Fund","SBI_MF","INF200KA17O3","REGULAR","GROWTH","","SOURCE_UNAVAILABLE","AMC_MONTHLY_PORTFOLIO","https://www.sbimf.com/en-us/statutory-disclosures/monthly-portfolio","",0,0,0,0,0,0,0,0,0,0,0,0,0,0,0,false,"AWAITING_MONTHLY_DISCLOSURE"
"154523","SBI Nifty Midcap 150 Momentum 50 ETF FOF - Regular Plan - Growth","SBI Mutual Fund","SBI_MF","INF200KB1BR1","REGULAR","GROWTH","","SOURCE_UNAVAILABLE","AMC_MONTHLY_PORTFOLIO","https://www.sbimf.com/en-us/statutory-disclosures/monthly-portfolio","",0,0,0,0,0,0,0,0,0,0,0,0,0,0,0,false,"AWAITING_MONTHLY_DISCLOSURE"
"148943","SBI Nifty Next 50 Index Fund - Regular Plan - Growth","SBI Mutual Fund","SBI_MF","INF200KA1V76","REGULAR","GROWTH","","SOURCE_UNAVAILABLE","AMC_MONTHLY_PORTFOLIO","https://www.sbimf.com/en-us/statutory-disclosures/monthly-portfolio","",0,0,0,0,0,0,0,0,0,0,0,0,0,0,0,false,"AWAITING_MONTHLY_DISCLOSURE"
"150676","SBI Nifty Smallcap 250 Index Fund - Regular Plan - Growth","SBI Mutual Fund","SBI_MF","INF200KA13P9","REGULAR","GROWTH","","SOURCE_UNAVAILABLE","AMC_MONTHLY_PORTFOLIO","https://www.sbimf.com/en-us/statutory-disclosures/monthly-portfolio","",0,0,0,0,0,0,0,0,0,0,0,0,0,0,0,false,"AWAITING_MONTHLY_DISCLOSURE"
"153716","SBI Nifty100 Low Volatility 30 Index Fund - Regular Plan - Growth","SBI Mutual Fund","SBI_MF","INF200KB1902","REGULAR","GROWTH","","SOURCE_UNAVAILABLE","AMC_MONTHLY_PORTFOLIO","https://www.sbimf.com/en-us/statutory-disclosures/monthly-portfolio","",0,0,0,0,0,0,0,0,0,0,0,0,0,0,0,false,"AWAITING_MONTHLY_DISCLOSURE"
"153663","SBI Nifty200 Momentum 30 Index Fund - Regular Plan - Growth","SBI Mutual Fund","SBI_MF","INF200KB1845","REGULAR","GROWTH","","SOURCE_UNAVAILABLE","AMC_MONTHLY_PORTFOLIO","https://www.sbimf.com/en-us/statutory-disclosures/monthly-portfolio","",0,0,0,0,0,0,0,0,0,0,0,0,0,0,0,false,"AWAITING_MONTHLY_DISCLOSURE"
"153554","SBI Nifty200 Quality 30 Index Fund - Regular Plan - Growth","SBI Mutual Fund","SBI_MF","INF200KB1787","REGULAR","GROWTH","","SOURCE_UNAVAILABLE","AMC_MONTHLY_PORTFOLIO","https://www.sbimf.com/en-us/statutory-disclosures/monthly-portfolio","",0,0,0,0,0,0,0,0,0,0,0,0,0,0,0,false,"AWAITING_MONTHLY_DISCLOSURE"
"152372","SBI Nifty50 Equal Weight Index Fund - Regular Plan - Growth","SBI Mutual Fund","SBI_MF","INF200KA18Z7","REGULAR","GROWTH","","SOURCE_UNAVAILABLE","AMC_MONTHLY_PORTFOLIO","https://www.sbimf.com/en-us/statutory-disclosures/monthly-portfolio","",0,0,0,0,0,0,0,0,0,0,0,0,0,0,0,false,"AWAITING_MONTHLY_DISCLOSURE"
"101206","SBI OVERNIGHT FUND - Regular Plan - Growth","SBI Mutual Fund","SBI_MF","INF200K01LQ9","REGULAR","GROWTH","","SOURCE_UNAVAILABLE","AMC_MONTHLY_PORTFOLIO","https://www.sbimf.com/en-us/statutory-disclosures/monthly-portfolio","",0,0,0,0,0,0,0,0,0,0,0,0,0,0,0,false,"AWAITING_MONTHLY_DISCLOSURE"
"113099","SBI PSU FUND - Regular Plan - Growth","SBI Mutual Fund","SBI_MF","INF200K01BC0","REGULAR","GROWTH","","SOURCE_UNAVAILABLE","AMC_MONTHLY_PORTFOLIO","https://www.sbimf.com/en-us/statutory-disclosures/monthly-portfolio","",0,0,0,0,0,0,0,0,0,0,0,0,0,0,0,false,"AWAITING_MONTHLY_DISCLOSURE"
"154175","SBI Quality Fund - Regular Plan - Growth","SBI Mutual Fund","SBI_MF","INF200KB1AD3","REGULAR","GROWTH","","SOURCE_UNAVAILABLE","AMC_MONTHLY_PORTFOLIO","https://www.sbimf.com/en-us/statutory-disclosures/monthly-portfolio","",0,0,0,0,0,0,0,0,0,0,0,0,0,0,0,false,"AWAITING_MONTHLY_DISCLOSURE"
"153153","SBI Quant Fund - Regular Plan - Growth","SBI Mutual Fund","SBI_MF","INF200KB1472","REGULAR","GROWTH","","SOURCE_UNAVAILABLE","AMC_MONTHLY_PORTFOLIO","https://www.sbimf.com/en-us/statutory-disclosures/monthly-portfolio","",0,0,0,0,0,0,0,0,0,0,0,0,0,0,0,false,"AWAITING_MONTHLY_DISCLOSURE"
"148695","SBI Retirement Benefit Fund - Aggressive Hybrid Plan - Regular Plan - Growth","SBI Mutual Fund","SBI_MF","INF200KA1S71","REGULAR","GROWTH","","SOURCE_UNAVAILABLE","AMC_MONTHLY_PORTFOLIO","https://www.sbimf.com/en-us/statutory-disclosures/monthly-portfolio","",0,0,0,0,0,0,0,0,0,0,0,0,0,0,0,false,"AWAITING_MONTHLY_DISCLOSURE"
"148698","SBI Retirement Benefit Fund - Aggressive Plan - Regular Plan - Growth","SBI Mutual Fund","SBI_MF","INF200KA1S30","REGULAR","GROWTH","","SOURCE_UNAVAILABLE","AMC_MONTHLY_PORTFOLIO","https://www.sbimf.com/en-us/statutory-disclosures/monthly-portfolio","",0,0,0,0,0,0,0,0,0,0,0,0,0,0,0,false,"AWAITING_MONTHLY_DISCLOSURE"
"148692","SBI Retirement Benefit Fund - Conservative Hybrid Plan - Regular Plan - Growth","SBI Mutual Fund","SBI_MF","INF200KA1T54","REGULAR","GROWTH","","SOURCE_UNAVAILABLE","AMC_MONTHLY_PORTFOLIO","https://www.sbimf.com/en-us/statutory-disclosures/monthly-portfolio","",0,0,0,0,0,0,0,0,0,0,0,0,0,0,0,false,"AWAITING_MONTHLY_DISCLOSURE"
"148696","SBI Retirement Benefit Fund - Conservative Plan - Regular Plan - Growth","SBI Mutual Fund","SBI_MF","INF200KA1T13","REGULAR","GROWTH","","SOURCE_UNAVAILABLE","AMC_MONTHLY_PORTFOLIO","https://www.sbimf.com/en-us/statutory-disclosures/monthly-portfolio","",0,0,0,0,0,0,0,0,0,0,0,0,0,0,0,false,"AWAITING_MONTHLY_DISCLOSURE"
"106227","SBI SHORT TERM FUND - Regular Plan - Growth","SBI Mutual Fund","SBI_MF","INF200K01IG6","REGULAR","GROWTH","","SOURCE_UNAVAILABLE","AMC_MONTHLY_PORTFOLIO","https://www.sbimf.com/en-us/statutory-disclosures/monthly-portfolio","",0,0,0,0,0,0,0,0,0,0,0,0,0,0,0,false,"AWAITING_MONTHLY_DISCLOSURE"
"106231","SBI SHORT TERM FUND - Regular Plan - Growth","SBI Mutual Fund","SBI_MF","INF200K01HZ8","REGULAR","GROWTH","","SOURCE_UNAVAILABLE","AMC_MONTHLY_PORTFOLIO","https://www.sbimf.com/en-us/statutory-disclosures/monthly-portfolio","",0,0,0,0,0,0,0,0,0,0,0,0,0,0,0,false,"AWAITING_MONTHLY_DISCLOSURE"
"125494","SBI SMALL CAP FUND - Regular Plan - Growth","SBI Mutual Fund","SBI_MF","INF200K01T28","REGULAR","GROWTH","","SOURCE_UNAVAILABLE","AMC_MONTHLY_PORTFOLIO","https://www.sbimf.com/en-us/statutory-disclosures/monthly-portfolio","",0,0,0,0,0,0,0,0,0,0,0,0,0,0,0,false,"AWAITING_MONTHLY_DISCLOSURE"
"152725","SBI Silver ETF - Regular Plan - Growth","SBI Mutual Fund","SBI_MF","INF200KB1217","REGULAR","GROWTH","","SOURCE_UNAVAILABLE","AMC_MONTHLY_PORTFOLIO","https://www.sbimf.com/en-us/statutory-disclosures/monthly-portfolio","",0,0,0,0,0,0,0,0,0,0,0,0,0,0,0,false,"AWAITING_MONTHLY_DISCLOSURE"
"152733","SBI Silver ETF Fund of Fund - Regular Plan - Growth","SBI Mutual Fund","SBI_MF","INF200KB1266","REGULAR","GROWTH","","SOURCE_UNAVAILABLE","AMC_MONTHLY_PORTFOLIO","https://www.sbimf.com/en-us/statutory-disclosures/monthly-portfolio","",0,0,0,0,0,0,0,0,0,0,0,0,0,0,0,false,"AWAITING_MONTHLY_DISCLOSURE"
"120577","SBI TECHNOLOGY OPPORTUNITIES FUND - Regular Plan - Growth","SBI Mutual Fund","SBI_MF","INF200K01VS4","REGULAR","GROWTH","","SOURCE_UNAVAILABLE","AMC_MONTHLY_PORTFOLIO","https://www.sbimf.com/en-us/statutory-disclosures/monthly-portfolio","",0,0,0,0,0,0,0,0,0,0,0,0,0,0,0,false,"AWAITING_MONTHLY_DISCLOSURE"
"100641","SBI ULTRA SHORT TERM FUND - Regular Plan - Growth","SBI Mutual Fund","SBI_MF","INF200K01LJ4","REGULAR","GROWTH","","SOURCE_UNAVAILABLE","AMC_MONTHLY_PORTFOLIO","https://www.sbimf.com/en-us/statutory-disclosures/monthly-portfolio","",0,0,0,0,0,0,0,0,0,0,0,0,0,0,0,false,"AWAITING_MONTHLY_DISCLOSURE"
"148762","SBI US Specific Equity Active FoF - Regular Plan - Growth","SBI Mutual Fund","SBI_MF","INF200KA1T96","REGULAR","GROWTH","","SOURCE_UNAVAILABLE","AMC_MONTHLY_PORTFOLIO","https://www.sbimf.com/en-us/statutory-disclosures/monthly-portfolio","",0,0,0,0,0,0,0,0,0,0,0,0,0,0,0,false,"AWAITING_MONTHLY_DISCLOSURE"
"106217","SBI Ultra Short to Short Term Fund - Regular Plan - Growth","SBI Mutual Fund","SBI_MF","INF200K01MG8","REGULAR","GROWTH","","SOURCE_UNAVAILABLE","AMC_MONTHLY_PORTFOLIO","https://www.sbimf.com/en-us/statutory-disclosures/monthly-portfolio","",0,0,0,0,0,0,0,0,0,0,0,0,0,0,0,false,"AWAITING_MONTHLY_DISCLOSURE"
"106212","SBI Ultra Short to Short Term Fund - Regular Plan - Growth","SBI Mutual Fund","SBI_MF","INF200K01MO2","REGULAR","GROWTH","","SOURCE_UNAVAILABLE","AMC_MONTHLY_PORTFOLIO","https://www.sbimf.com/en-us/statutory-disclosures/monthly-portfolio","",0,0,0,0,0,0,0,0,0,0,0,0,0,0,0,false,"AWAITING_MONTHLY_DISCLOSURE"
"125713","Shriram Aggressive Hybrid Fund - Regular Plan - Growth","Shriram Mutual Fund","SHRIRAM_MF","INF680P01018","REGULAR","GROWTH","","SOURCE_UNAVAILABLE","AMC_MONTHLY_PORTFOLIO","https://www.shrirammf.in/statutory-disclosures/monthly-portfolio","",0,0,0,0,0,0,0,0,0,0,0,0,0,0,0,false,"AWAITING_MONTHLY_DISCLOSURE"
"147405","Shriram Balanced Advantage Fund - Regular Plan - Growth","Shriram Mutual Fund","SHRIRAM_MF","INF680P01174","REGULAR","GROWTH","","SOURCE_UNAVAILABLE","AMC_MONTHLY_PORTFOLIO","https://www.shrirammf.in/statutory-disclosures/monthly-portfolio","",0,0,0,0,0,0,0,0,0,0,0,0,0,0,0,false,"AWAITING_MONTHLY_DISCLOSURE"
"145820","Shriram ELSS Tax Saver Fund - Regular Plan - Growth","Shriram Mutual Fund","SHRIRAM_MF","INF680P01133","REGULAR","GROWTH","","SOURCE_UNAVAILABLE","AMC_MONTHLY_PORTFOLIO","https://www.shrirammf.in/statutory-disclosures/monthly-portfolio","",0,0,0,0,0,0,0,0,0,0,0,0,0,0,0,false,"AWAITING_MONTHLY_DISCLOSURE"
"144902","Shriram Flexi Cap Fund - Regular Plan - Growth","Shriram Mutual Fund","SHRIRAM_MF","INF680P01075","REGULAR","GROWTH","","SOURCE_UNAVAILABLE","AMC_MONTHLY_PORTFOLIO","https://www.shrirammf.in/statutory-disclosures/monthly-portfolio","",0,0,0,0,0,0,0,0,0,0,0,0,0,0,0,false,"AWAITING_MONTHLY_DISCLOSURE"
"153036","Shriram Liquid Fund - Regular Plan - Growth","Shriram Mutual Fund","SHRIRAM_MF","INF680P01448","REGULAR","GROWTH","","SOURCE_UNAVAILABLE","AMC_MONTHLY_PORTFOLIO","https://www.shrirammf.in/statutory-disclosures/monthly-portfolio","",0,0,0,0,0,0,0,0,0,0,0,0,0,0,0,false,"AWAITING_MONTHLY_DISCLOSURE"
"154143","Shriram Money Market Fund - Regular Plan - Growth","Shriram Mutual Fund","SHRIRAM_MF","INF680P01489","REGULAR","GROWTH","","SOURCE_UNAVAILABLE","AMC_MONTHLY_PORTFOLIO","https://www.shrirammf.in/statutory-disclosures/monthly-portfolio","",0,0,0,0,0,0,0,0,0,0,0,0,0,0,0,false,"AWAITING_MONTHLY_DISCLOSURE"
"152052","Shriram Multi Asset Allocation Fund - Regular Plan - Growth","Shriram Mutual Fund","SHRIRAM_MF","INF680P01414","REGULAR","GROWTH","","SOURCE_UNAVAILABLE","AMC_MONTHLY_PORTFOLIO","https://www.shrirammf.in/statutory-disclosures/monthly-portfolio","",0,0,0,0,0,0,0,0,0,0,0,0,0,0,0,false,"AWAITING_MONTHLY_DISCLOSURE"
"153077","Shriram Multi Sector Rotation Fund - Regular Plan - Growth","Shriram Mutual Fund","SHRIRAM_MF","INF680P01463","REGULAR","GROWTH","","SOURCE_UNAVAILABLE","AMC_MONTHLY_PORTFOLIO","https://www.shrirammf.in/statutory-disclosures/monthly-portfolio","",0,0,0,0,0,0,0,0,0,0,0,0,0,0,0,false,"AWAITING_MONTHLY_DISCLOSURE"
"154399","Shriram Overnight Fund - Regular Plan - Growth","Shriram Mutual Fund","SHRIRAM_MF","INF680P01505","REGULAR","GROWTH","","SOURCE_UNAVAILABLE","AMC_MONTHLY_PORTFOLIO","https://www.shrirammf.in/statutory-disclosures/monthly-portfolio","",0,0,0,0,0,0,0,0,0,0,0,0,0,0,0,false,"AWAITING_MONTHLY_DISCLOSURE"
"149599","Sundaram Aggressive Hybrid Fund (Formerly Known as Principal Hybrid Equity Fund) - Regular Plan - GROWTH","Sundaram Mutual Fund","SUNDARAM_MF","INF173K01CL8","REGULAR","GROWTH","","SOURCE_UNAVAILABLE","AMC_MONTHLY_PORTFOLIO","https://www.sundarammutual.com/statutory-disclosures/monthly-portfolio","",0,0,0,0,0,0,0,0,0,0,0,0,0,0,0,false,"AWAITING_MONTHLY_DISCLOSURE"
"149552","Sundaram Arbitrage Fund(Formerly Known as Prinicpal Arbitrage Fund) - Regular Plan - GROWTH","Sundaram Mutual Fund","SUNDARAM_MF","INF173K01NB6","REGULAR","GROWTH","","SOURCE_UNAVAILABLE","AMC_MONTHLY_PORTFOLIO","https://www.sundarammutual.com/statutory-disclosures/monthly-portfolio","",0,0,0,0,0,0,0,0,0,0,0,0,0,0,0,false,"AWAITING_MONTHLY_DISCLOSURE"
"134356","Sundaram Banking and PSU Debt Fund (Formerly Known as Sundaram Banking and PSU Fund) - Regular Plan - GROWTH","Sundaram Mutual Fund","SUNDARAM_MF","INF903J016H9","REGULAR","GROWTH","","SOURCE_UNAVAILABLE","AMC_MONTHLY_PORTFOLIO","https://www.sundarammutual.com/statutory-disclosures/monthly-portfolio","",0,0,0,0,0,0,0,0,0,0,0,0,0,0,0,false,"AWAITING_MONTHLY_DISCLOSURE"
"100784","Sundaram Banking and PSU Debt Fund (Formerly Known as Sundaram Banking and PSU Fund) - Regular Plan - GROWTH","Sundaram Mutual Fund","SUNDARAM_MF","INF903J01IN3","REGULAR","GROWTH","","SOURCE_UNAVAILABLE","AMC_MONTHLY_PORTFOLIO","https://www.sundarammutual.com/statutory-disclosures/monthly-portfolio","",0,0,0,0,0,0,0,0,0,0,0,0,0,0,0,false,"AWAITING_MONTHLY_DISCLOSURE"
"100781","Sundaram Banking and PSU Debt Fund (Formerly Known as Sundaram Banking and PSU Fund) - Retail Regular Plan - Growth","Sundaram Mutual Fund","SUNDARAM_MF","INF903J01IK9","REGULAR","GROWTH","","SOURCE_UNAVAILABLE","AMC_MONTHLY_PORTFOLIO","https://www.sundarammutual.com/statutory-disclosures/monthly-portfolio","",0,0,0,0,0,0,0,0,0,0,0,0,0,0,0,false,"AWAITING_MONTHLY_DISCLOSURE"
"152678","Sundaram Business Cycle Fund - Regular Plan - GROWTH","Sundaram Mutual Fund","SUNDARAM_MF","INF903JA1LN3","REGULAR","GROWTH","","SOURCE_UNAVAILABLE","AMC_MONTHLY_PORTFOLIO","https://www.sundarammutual.com/statutory-disclosures/monthly-portfolio","",0,0,0,0,0,0,0,0,0,0,0,0,0,0,0,false,"AWAITING_MONTHLY_DISCLOSURE"
"112868","Sundaram Conservative Hybrid Fund (Formerly Known as Sundaram Debt Oriented Hybrid Fund) - Regular Plan - GROWTH","Sundaram Mutual Fund","SUNDARAM_MF","INF903J01HB0","REGULAR","GROWTH","","SOURCE_UNAVAILABLE","AMC_MONTHLY_PORTFOLIO","https://www.sundarammutual.com/statutory-disclosures/monthly-portfolio","",0,0,0,0,0,0,0,0,0,0,0,0,0,0,0,false,"AWAITING_MONTHLY_DISCLOSURE"
"102142","Sundaram Consumption Fund (Formerly Known as Sundaram Rural and Consumption Fund) - Regular Plan - GROWTH","Sundaram Mutual Fund","SUNDARAM_MF","INF903J01561","REGULAR","GROWTH","","SOURCE_UNAVAILABLE","AMC_MONTHLY_PORTFOLIO","https://www.sundarammutual.com/statutory-disclosures/monthly-portfolio","",0,0,0,0,0,0,0,0,0,0,0,0,0,0,0,false,"AWAITING_MONTHLY_DISCLOSURE"
"100789","Sundaram Corporate Bond Fund - Regular Plan - GROWTH","Sundaram Mutual Fund","SUNDARAM_MF","INF903J01HW6","REGULAR","GROWTH","","SOURCE_UNAVAILABLE","AMC_MONTHLY_PORTFOLIO","https://www.sundarammutual.com/statutory-disclosures/monthly-portfolio","",0,0,0,0,0,0,0,0,0,0,0,0,0,0,0,false,"AWAITING_MONTHLY_DISCLOSURE"
"149715","Sundaram Dynamic Asset Allocation Fund (Formerly Known as Sundaram Balanced Advantage Fund) - Regular Plan - GROWTH","Sundaram Mutual Fund","SUNDARAM_MF","INF173K01585","REGULAR","GROWTH","","SOURCE_UNAVAILABLE","AMC_MONTHLY_PORTFOLIO","https://www.sundarammutual.com/statutory-disclosures/monthly-portfolio","",0,0,0,0,0,0,0,0,0,0,0,0,0,0,0,false,"AWAITING_MONTHLY_DISCLOSURE"
"149569","Sundaram ELSS Tax Saver Fund - Regular Plan - GROWTH","Sundaram Mutual Fund","SUNDARAM_MF","INF173K01361","REGULAR","GROWTH","","SOURCE_UNAVAILABLE","AMC_MONTHLY_PORTFOLIO","https://www.sundarammutual.com/statutory-disclosures/monthly-portfolio","",0,0,0,0,0,0,0,0,0,0,0,0,0,0,0,false,"AWAITING_MONTHLY_DISCLOSURE"
"149674","Sundaram Equity Savings Fund (Formerly Known as Principal Equity Savings Fund) - Regular Plan - GROWTH","Sundaram Mutual Fund","SUNDARAM_MF","INF173K01213","REGULAR","GROWTH","","SOURCE_UNAVAILABLE","AMC_MONTHLY_PORTFOLIO","https://www.sundarammutual.com/statutory-disclosures/monthly-portfolio","",0,0,0,0,0,0,0,0,0,0,0,0,0,0,0,false,"AWAITING_MONTHLY_DISCLOSURE"
"109059","Sundaram Financial Services Opportunities Fund - Regular Plan - GROWTH","Sundaram Mutual Fund","SUNDARAM_MF","INF903J01629","REGULAR","GROWTH","","SOURCE_UNAVAILABLE","AMC_MONTHLY_PORTFOLIO","https://www.sundarammutual.com/statutory-disclosures/monthly-portfolio","",0,0,0,0,0,0,0,0,0,0,0,0,0,0,0,false,"AWAITING_MONTHLY_DISCLOSURE"
"150568","Sundaram Flexicap Fund - Regular Plan - GROWTH","Sundaram Mutual Fund","SUNDARAM_MF","INF903JA1LB8","REGULAR","GROWTH","","SOURCE_UNAVAILABLE","AMC_MONTHLY_PORTFOLIO","https://www.sundarammutual.com/statutory-disclosures/monthly-portfolio","",0,0,0,0,0,0,0,0,0,0,0,0,0,0,0,false,"AWAITING_MONTHLY_DISCLOSURE"
"149532","Sundaram Focused Fund (Formerly Known as Principal Focused Multicap Fund) - Regular Plan - GROWTH","Sundaram Mutual Fund","SUNDARAM_MF","INF173K01189","REGULAR","GROWTH","","SOURCE_UNAVAILABLE","AMC_MONTHLY_PORTFOLIO","https://www.sundarammutual.com/statutory-disclosures/monthly-portfolio","",0,0,0,0,0,0,0,0,0,0,0,0,0,0,0,false,"AWAITING_MONTHLY_DISCLOSURE"
"106370","Sundaram Global Brand Theme-Equity Active FOF - Regular Plan - GROWTH","Sundaram Mutual Fund","SUNDARAM_MF","INF903J01EX1","REGULAR","GROWTH","","SOURCE_UNAVAILABLE","AMC_MONTHLY_PORTFOLIO","https://www.sundarammutual.com/statutory-disclosures/monthly-portfolio","",0,0,0,0,0,0,0,0,0,0,0,0,0,0,0,false,"AWAITING_MONTHLY_DISCLOSURE"
"154127","Sundaram Income Plus Arbitrage Active FoF - Regular Plan - GROWTH","Sundaram Mutual Fund","SUNDARAM_MF","INF903JA1MC4","REGULAR","GROWTH","","SOURCE_UNAVAILABLE","AMC_MONTHLY_PORTFOLIO","https://www.sundarammutual.com/statutory-disclosures/monthly-portfolio","",0,0,0,0,0,0,0,0,0,0,0,0,0,0,0,false,"AWAITING_MONTHLY_DISCLOSURE"
"129213","Sundaram Infrastructure Advantage Fund (Erstwhile Sundaram Capex Opportunities) - Regular Plan - GROWTH","Sundaram Mutual Fund","SUNDARAM_MF","INF903J01F68","REGULAR","GROWTH","","SOURCE_UNAVAILABLE","AMC_MONTHLY_PORTFOLIO","https://www.sundarammutual.com/statutory-disclosures/monthly-portfolio","",0,0,0,0,0,0,0,0,0,0,0,0,0,0,0,false,"AWAITING_MONTHLY_DISCLOSURE"
"148504","Sundaram Large Cap Fund ( Formerly Know as Sundaram Blue Chip Fund) - Regular Plan - GROWTH","Sundaram Mutual Fund","SUNDARAM_MF","INF903JA1IZ3","REGULAR","GROWTH","","SOURCE_UNAVAILABLE","AMC_MONTHLY_PORTFOLIO","https://www.sundarammutual.com/statutory-disclosures/monthly-portfolio","",0,0,0,0,0,0,0,0,0,0,0,0,0,0,0,false,"AWAITING_MONTHLY_DISCLOSURE"
"105001","Sundaram Large and Midcap Fund - Regular Plan - GROWTH","Sundaram Mutual Fund","SUNDARAM_MF","INF903J01DT1","REGULAR","GROWTH","","SOURCE_UNAVAILABLE","AMC_MONTHLY_PORTFOLIO","https://www.sundarammutual.com/statutory-disclosures/monthly-portfolio","",0,0,0,0,0,0,0,0,0,0,0,0,0,0,0,false,"AWAITING_MONTHLY_DISCLOSURE"
"149661","Sundaram Liquid Fund (Formerly Known as Principal Cash Management Fund) - Regular Plan - GROWTH","Sundaram Mutual Fund","SUNDARAM_MF","INF173K01DA9","REGULAR","GROWTH","","SOURCE_UNAVAILABLE","AMC_MONTHLY_PORTFOLIO","https://www.sundarammutual.com/statutory-disclosures/monthly-portfolio","",0,0,0,0,0,0,0,0,0,0,0,0,0,0,0,false,"AWAITING_MONTHLY_DISCLOSURE"
"100603","Sundaram Medium Term Fund (Formerly Known as Sundaram Medium Duration Fund) - Regular Plan - GROWTH","Sundaram Mutual Fund","SUNDARAM_MF","INF903J01FQ2","REGULAR","GROWTH","","SOURCE_UNAVAILABLE","AMC_MONTHLY_PORTFOLIO","https://www.sundarammutual.com/statutory-disclosures/monthly-portfolio","",0,0,0,0,0,0,0,0,0,0,0,0,0,0,0,false,"AWAITING_MONTHLY_DISCLOSURE"
"101539","Sundaram Mid Cap Fund - Regular Plan - GROWTH","Sundaram Mutual Fund","SUNDARAM_MF","INF903J01173","REGULAR","GROWTH","","SOURCE_UNAVAILABLE","AMC_MONTHLY_PORTFOLIO","https://www.sundarammutual.com/statutory-disclosures/monthly-portfolio","",0,0,0,0,0,0,0,0,0,0,0,0,0,0,0,false,"AWAITING_MONTHLY_DISCLOSURE"
"145042","Sundaram Money Market Fund - Regular Plan - GROWTH","Sundaram Mutual Fund","SUNDARAM_MF","INF903JA1FJ3","REGULAR","GROWTH","","SOURCE_UNAVAILABLE","AMC_MONTHLY_PORTFOLIO","https://www.sundarammutual.com/statutory-disclosures/monthly-portfolio","",0,0,0,0,0,0,0,0,0,0,0,0,0,0,0,false,"AWAITING_MONTHLY_DISCLOSURE"
"152311","Sundaram Multi Asset Allocation Fund - Regular Plan - GROWTH","Sundaram Mutual Fund","SUNDARAM_MF","INF903JA1LH5","REGULAR","GROWTH","","SOURCE_UNAVAILABLE","AMC_MONTHLY_PORTFOLIO","https://www.sundarammutual.com/statutory-disclosures/monthly-portfolio","",0,0,0,0,0,0,0,0,0,0,0,0,0,0,0,false,"AWAITING_MONTHLY_DISCLOSURE"
"149667","Sundaram Multi Cap Fund (Formerly Known as Principal Multi Cap Growth Fund) - Regular Plan - GROWTH","Sundaram Mutual Fund","SUNDARAM_MF","INF173K01940","REGULAR","GROWTH","","SOURCE_UNAVAILABLE","AMC_MONTHLY_PORTFOLIO","https://www.sundarammutual.com/statutory-disclosures/monthly-portfolio","",0,0,0,0,0,0,0,0,0,0,0,0,0,0,0,false,"AWAITING_MONTHLY_DISCLOSURE"
"153667","Sundaram Multi-Factor Fund - Regular Plan - GROWTH","Sundaram Mutual Fund","SUNDARAM_MF","INF903JA1LY0","REGULAR","GROWTH","","SOURCE_UNAVAILABLE","AMC_MONTHLY_PORTFOLIO","https://www.sundarammutual.com/statutory-disclosures/monthly-portfolio","",0,0,0,0,0,0,0,0,0,0,0,0,0,0,0,false,"AWAITING_MONTHLY_DISCLOSURE"
"149481","Sundaram Nifty 100 Equal Weight Fund (Formerly Known as Principal Nifty 100 Equal Weight Fund) - Regular Plan - GROWTH","Sundaram Mutual Fund","SUNDARAM_MF","INF173K01AG2","REGULAR","GROWTH","","SOURCE_UNAVAILABLE","AMC_MONTHLY_PORTFOLIO","https://www.sundarammutual.com/statutory-disclosures/monthly-portfolio","",0,0,0,0,0,0,0,0,0,0,0,0,0,0,0,false,"AWAITING_MONTHLY_DISCLOSURE"
"146959","Sundaram Overnight Fund - Regular Plan - GROWTH","Sundaram Mutual Fund","SUNDARAM_MF","INF903JA1GZ7","REGULAR","GROWTH","","SOURCE_UNAVAILABLE","AMC_MONTHLY_PORTFOLIO","https://www.sundarammutual.com/statutory-disclosures/monthly-portfolio","",0,0,0,0,0,0,0,0,0,0,0,0,0,0,0,false,"AWAITING_MONTHLY_DISCLOSURE"
"144838","Sundaram Services Fund - Regular Plan - GROWTH","Sundaram Mutual Fund","SUNDARAM_MF","INF903JA1EX7","REGULAR","GROWTH","","SOURCE_UNAVAILABLE","AMC_MONTHLY_PORTFOLIO","https://www.sundarammutual.com/statutory-disclosures/monthly-portfolio","",0,0,0,0,0,0,0,0,0,0,0,0,0,0,0,false,"AWAITING_MONTHLY_DISCLOSURE"
"149585","Sundaram Short Term Fund (Formerly Known as Sundaram Short Duration Fund) - Regular Plan - GROWTH","Sundaram Mutual Fund","SUNDARAM_MF","INF173K01BA3","REGULAR","GROWTH","","SOURCE_UNAVAILABLE","AMC_MONTHLY_PORTFOLIO","https://www.sundarammutual.com/statutory-disclosures/monthly-portfolio","",0,0,0,0,0,0,0,0,0,0,0,0,0,0,0,false,"AWAITING_MONTHLY_DISCLOSURE"
"100795","Sundaram Small Cap Fund - Regular Plan - GROWTH","Sundaram Mutual Fund","SUNDARAM_MF","INF903J01470","REGULAR","GROWTH","","SOURCE_UNAVAILABLE","AMC_MONTHLY_PORTFOLIO","https://www.sundarammutual.com/statutory-disclosures/monthly-portfolio","",0,0,0,0,0,0,0,0,0,0,0,0,0,0,0,false,"AWAITING_MONTHLY_DISCLOSURE"
"149535","Sundaram Ultra Short Term Fund (Formerly Known as Sundaram Ultra Short Duration Fund) - Regular Plan - GROWTH","Sundaram Mutual Fund","SUNDARAM_MF","INF173K01CU9","REGULAR","GROWTH","","SOURCE_UNAVAILABLE","AMC_MONTHLY_PORTFOLIO","https://www.sundarammutual.com/statutory-disclosures/monthly-portfolio","",0,0,0,0,0,0,0,0,0,0,0,0,0,0,0,false,"AWAITING_MONTHLY_DISCLOSURE"
"149519","Sundaram Ultra Short to Short Term Fund (Formerly Known as Sundaram Low Duration Fund) - Regular Plan - GROWTH","Sundaram Mutual Fund","SUNDARAM_MF","INF173K01DG6","REGULAR","GROWTH","","SOURCE_UNAVAILABLE","AMC_MONTHLY_PORTFOLIO","https://www.sundarammutual.com/statutory-disclosures/monthly-portfolio","",0,0,0,0,0,0,0,0,0,0,0,0,0,0,0,false,"AWAITING_MONTHLY_DISCLOSURE"
"101853","Sundaram Value Fund - Regular Plan - GROWTH","Sundaram Mutual Fund","SUNDARAM_MF","INF903J01538","REGULAR","GROWTH","","SOURCE_UNAVAILABLE","AMC_MONTHLY_PORTFOLIO","https://www.sundarammutual.com/statutory-disclosures/monthly-portfolio","",0,0,0,0,0,0,0,0,0,0,0,0,0,0,0,false,"AWAITING_MONTHLY_DISCLOSURE"
"150694","TATA CRISIL-IBX GILT INDEX - APRIL 2026 INDEX FUND - Regular Plan - GROWTH OPTION","Tata Mutual Fund","TATA_MF","INF277KA1588","REGULAR","GROWTH","","SOURCE_UNAVAILABLE","AMC_MONTHLY_PORTFOLIO","https://www.tatamutualfund.com/statutory-disclosures/monthly-portfolio","",0,0,0,0,0,0,0,0,0,0,0,0,0,0,0,false,"AWAITING_MONTHLY_DISCLOSURE"
"150537","TATA HOUSING OPPORTUNITIES FUND - Regular Plan - Growth Option","Tata Mutual Fund","TATA_MF","INF277KA1521","REGULAR","GROWTH","","SOURCE_UNAVAILABLE","AMC_MONTHLY_PORTFOLIO","https://www.tatamutualfund.com/statutory-disclosures/monthly-portfolio","",0,0,0,0,0,0,0,0,0,0,0,0,0,0,0,false,"AWAITING_MONTHLY_DISCLOSURE"
"151235","TATA MULTICAP FUND - Regular Plan - Growth Option","Tata Mutual Fund","TATA_MF","INF277KA1703","REGULAR","GROWTH","","SOURCE_UNAVAILABLE","AMC_MONTHLY_PORTFOLIO","https://www.tatamutualfund.com/statutory-disclosures/monthly-portfolio","",0,0,0,0,0,0,0,0,0,0,0,0,0,0,0,false,"AWAITING_MONTHLY_DISCLOSURE"
"100414","Tata Aggressive Hybrid Fund - Regular Plan - Growth Option","Tata Mutual Fund","TATA_MF","INF277K01303","REGULAR","GROWTH","","SOURCE_UNAVAILABLE","AMC_MONTHLY_PORTFOLIO","https://www.tatamutualfund.com/statutory-disclosures/monthly-portfolio","",0,0,0,0,0,0,0,0,0,0,0,0,0,0,0,false,"AWAITING_MONTHLY_DISCLOSURE"
"145723","Tata Arbitrage Fund - Regular Plan - Growth Option","Tata Mutual Fund","TATA_MF","INF277K015Q7","REGULAR","GROWTH","","SOURCE_UNAVAILABLE","AMC_MONTHLY_PORTFOLIO","https://www.tatamutualfund.com/statutory-disclosures/monthly-portfolio","",0,0,0,0,0,0,0,0,0,0,0,0,0,0,0,false,"AWAITING_MONTHLY_DISCLOSURE"
"154064","Tata BSE Multicap Consumption 50:30:20 Index Fund - Regular Plan - Growth Option","Tata Mutual Fund","TATA_MF","INF277KA1EM5","REGULAR","GROWTH","","SOURCE_UNAVAILABLE","AMC_MONTHLY_PORTFOLIO","https://www.tatamutualfund.com/statutory-disclosures/monthly-portfolio","",0,0,0,0,0,0,0,0,0,0,0,0,0,0,0,false,"AWAITING_MONTHLY_DISCLOSURE"
"153425","Tata BSE Quality Index Fund - Regular Plan - Growth Option","Tata Mutual Fund","TATA_MF","INF277KA1DH7","REGULAR","GROWTH","","SOURCE_UNAVAILABLE","AMC_MONTHLY_PORTFOLIO","https://www.tatamutualfund.com/statutory-disclosures/monthly-portfolio","",0,0,0,0,0,0,0,0,0,0,0,0,0,0,0,false,"AWAITING_MONTHLY_DISCLOSURE"
"153134","Tata BSE Select Business Groups Index Fund - Regular Plan - Growth Option","Tata Mutual Fund","TATA_MF","INF277KA1CX6","REGULAR","GROWTH","","SOURCE_UNAVAILABLE","AMC_MONTHLY_PORTFOLIO","https://www.tatamutualfund.com/statutory-disclosures/monthly-portfolio","",0,0,0,0,0,0,0,0,0,0,0,0,0,0,0,false,"AWAITING_MONTHLY_DISCLOSURE"
"146007","Tata Balanced Advantage Fund - Regular Plan - Growth Option","Tata Mutual Fund","TATA_MF","INF277K010S4","REGULAR","GROWTH","","SOURCE_UNAVAILABLE","AMC_MONTHLY_PORTFOLIO","https://www.tatamutualfund.com/statutory-disclosures/monthly-portfolio","",0,0,0,0,0,0,0,0,0,0,0,0,0,0,0,false,"AWAITING_MONTHLY_DISCLOSURE"
"135794","Tata Banking & Financial Services Fund - Regular Plan - Growth Option","Tata Mutual Fund","TATA_MF","INF277K01Y86","REGULAR","GROWTH","","SOURCE_UNAVAILABLE","AMC_MONTHLY_PORTFOLIO","https://www.tatamutualfund.com/statutory-disclosures/monthly-portfolio","",0,0,0,0,0,0,0,0,0,0,0,0,0,0,0,false,"AWAITING_MONTHLY_DISCLOSURE"
"149068","Tata Business Cycle Fund - Regular Plan - Growth Option","Tata Mutual Fund","TATA_MF","INF277KA1190","REGULAR","GROWTH","","SOURCE_UNAVAILABLE","AMC_MONTHLY_PORTFOLIO","https://www.tatamutualfund.com/statutory-disclosures/monthly-portfolio","",0,0,0,0,0,0,0,0,0,0,0,0,0,0,0,false,"AWAITING_MONTHLY_DISCLOSURE"
"101491","Tata Childrens Fund - Regular Plan - Growth Option","Tata Mutual Fund","TATA_MF","INF277K01AJ5","REGULAR","GROWTH","","SOURCE_UNAVAILABLE","AMC_MONTHLY_PORTFOLIO","https://www.tatamutualfund.com/statutory-disclosures/monthly-portfolio","",0,0,0,0,0,0,0,0,0,0,0,0,0,0,0,false,"AWAITING_MONTHLY_DISCLOSURE"
"149351","Tata Corporate Bond Fund - Regular Plan - Growth Option","Tata Mutual Fund","TATA_MF","INF277KA1299","REGULAR","GROWTH","","SOURCE_UNAVAILABLE","AMC_MONTHLY_PORTFOLIO","https://www.tatamutualfund.com/statutory-disclosures/monthly-portfolio","",0,0,0,0,0,0,0,0,0,0,0,0,0,0,0,false,"AWAITING_MONTHLY_DISCLOSURE"
"135797","Tata Digital India Fund - Regular Plan - Growth Option","Tata Mutual Fund","TATA_MF","INF277K01Z44","REGULAR","GROWTH","","SOURCE_UNAVAILABLE","AMC_MONTHLY_PORTFOLIO","https://www.tatamutualfund.com/statutory-disclosures/monthly-portfolio","",0,0,0,0,0,0,0,0,0,0,0,0,0,0,0,false,"AWAITING_MONTHLY_DISCLOSURE"
"101909","Tata Dynamic Bond Fund - Regular Plan - Growth Option","Tata Mutual Fund","TATA_MF","INF277K01360","REGULAR","GROWTH","","SOURCE_UNAVAILABLE","AMC_MONTHLY_PORTFOLIO","https://www.tatamutualfund.com/statutory-disclosures/monthly-portfolio","",0,0,0,0,0,0,0,0,0,0,0,0,0,0,0,false,"AWAITING_MONTHLY_DISCLOSURE"
"132757","Tata ELSS - Tax Saver Fund - Regular Plan - Growth Option","Tata Mutual Fund","TATA_MF","INF277K01I52","REGULAR","GROWTH","","SOURCE_UNAVAILABLE","AMC_MONTHLY_PORTFOLIO","https://www.tatamutualfund.com/statutory-disclosures/monthly-portfolio","",0,0,0,0,0,0,0,0,0,0,0,0,0,0,0,false,"AWAITING_MONTHLY_DISCLOSURE"
"101906","Tata Equity Savings Fund - Regular Plan - Growth Option","Tata Mutual Fund","TATA_MF","INF277K01907","REGULAR","GROWTH","","SOURCE_UNAVAILABLE","AMC_MONTHLY_PORTFOLIO","https://www.tatamutualfund.com/statutory-disclosures/monthly-portfolio","",0,0,0,0,0,0,0,0,0,0,0,0,0,0,0,false,"AWAITING_MONTHLY_DISCLOSURE"
"100415","Tata Ethical Fund - Regular Plan - Growth Option","Tata Mutual Fund","TATA_MF","INF277K01956","REGULAR","GROWTH","","SOURCE_UNAVAILABLE","AMC_MONTHLY_PORTFOLIO","https://www.tatamutualfund.com/statutory-disclosures/monthly-portfolio","",0,0,0,0,0,0,0,0,0,0,0,0,0,0,0,false,"AWAITING_MONTHLY_DISCLOSURE"
"144548","Tata Flexi Cap Fund - Regular Plan - Growth Option","Tata Mutual Fund","TATA_MF","INF277K019K2","REGULAR","GROWTH","","SOURCE_UNAVAILABLE","AMC_MONTHLY_PORTFOLIO","https://www.tatamutualfund.com/statutory-disclosures/monthly-portfolio","",0,0,0,0,0,0,0,0,0,0,0,0,0,0,0,false,"AWAITING_MONTHLY_DISCLOSURE"
"149003","Tata Floating Interest Rates Fund - Regular Plan - Growth Option","Tata Mutual Fund","TATA_MF","INF277KA1091","REGULAR","GROWTH","","SOURCE_UNAVAILABLE","AMC_MONTHLY_PORTFOLIO","https://www.tatamutualfund.com/statutory-disclosures/monthly-portfolio","",0,0,0,0,0,0,0,0,0,0,0,0,0,0,0,false,"AWAITING_MONTHLY_DISCLOSURE"
"147760","Tata Focused Fund - Regular Plan - Growth Option","Tata Mutual Fund","TATA_MF","INF277K010Y2","REGULAR","GROWTH","","SOURCE_UNAVAILABLE","AMC_MONTHLY_PORTFOLIO","https://www.tatamutualfund.com/statutory-disclosures/monthly-portfolio","",0,0,0,0,0,0,0,0,0,0,0,0,0,0,0,false,"AWAITING_MONTHLY_DISCLOSURE"
"101042","Tata Gilt Fund - Regular Plan - Growth Option","Tata Mutual Fund","TATA_MF","INF277K01519","REGULAR","GROWTH","","SOURCE_UNAVAILABLE","AMC_MONTHLY_PORTFOLIO","https://www.tatamutualfund.com/statutory-disclosures/monthly-portfolio","",0,0,0,0,0,0,0,0,0,0,0,0,0,0,0,false,"AWAITING_MONTHLY_DISCLOSURE"
"152290","Tata Gold ETF Fund of Fund - Regular Plan - Growth Option","Tata Mutual Fund","TATA_MF","INF277KA1901","REGULAR","GROWTH","","SOURCE_UNAVAILABLE","AMC_MONTHLY_PORTFOLIO","https://www.tatamutualfund.com/statutory-disclosures/monthly-portfolio","",0,0,0,0,0,0,0,0,0,0,0,0,0,0,0,false,"AWAITING_MONTHLY_DISCLOSURE"
"100418","Tata Income Fund - Regular Plan - Growth Option","Tata Mutual Fund","TATA_MF","INF277K01659","REGULAR","GROWTH","","SOURCE_UNAVAILABLE","AMC_MONTHLY_PORTFOLIO","https://www.tatamutualfund.com/statutory-disclosures/monthly-portfolio","",0,0,0,0,0,0,0,0,0,0,0,0,0,0,0,false,"AWAITING_MONTHLY_DISCLOSURE"
"153511","Tata Income Plus Arbitrage Active FOF - Regular Plan - Growth Option","Tata Mutual Fund","TATA_MF","INF277KA1DQ8","REGULAR","GROWTH","","SOURCE_UNAVAILABLE","AMC_MONTHLY_PORTFOLIO","https://www.tatamutualfund.com/statutory-disclosures/monthly-portfolio","",0,0,0,0,0,0,0,0,0,0,0,0,0,0,0,false,"AWAITING_MONTHLY_DISCLOSURE"
"135804","Tata India Consumer Fund - Regular Plan - Growth Option","Tata Mutual Fund","TATA_MF","INF277K010A2","REGULAR","GROWTH","","SOURCE_UNAVAILABLE","AMC_MONTHLY_PORTFOLIO","https://www.tatamutualfund.com/statutory-disclosures/monthly-portfolio","",0,0,0,0,0,0,0,0,0,0,0,0,0,0,0,false,"AWAITING_MONTHLY_DISCLOSURE"
"153059","Tata India Innovation Fund - Regular Plan - Growth Option","Tata Mutual Fund","TATA_MF","INF277KA1CR8","REGULAR","GROWTH","","SOURCE_UNAVAILABLE","AMC_MONTHLY_PORTFOLIO","https://www.tatamutualfund.com/statutory-disclosures/monthly-portfolio","",0,0,0,0,0,0,0,0,0,0,0,0,0,0,0,false,"AWAITING_MONTHLY_DISCLOSURE"
"135812","Tata India Pharma & Healthcare Fund - Regular Plan - Growth Option","Tata Mutual Fund","TATA_MF","INF277K016A9","REGULAR","GROWTH","","SOURCE_UNAVAILABLE","AMC_MONTHLY_PORTFOLIO","https://www.tatamutualfund.com/statutory-disclosures/monthly-portfolio","",0,0,0,0,0,0,0,0,0,0,0,0,0,0,0,false,"AWAITING_MONTHLY_DISCLOSURE"
"101766","Tata Infrastructure Fund - Regular Plan - Growth Option","Tata Mutual Fund","TATA_MF","INF277K01782","REGULAR","GROWTH","","SOURCE_UNAVAILABLE","AMC_MONTHLY_PORTFOLIO","https://www.tatamutualfund.com/statutory-disclosures/monthly-portfolio","",0,0,0,0,0,0,0,0,0,0,0,0,0,0,0,false,"AWAITING_MONTHLY_DISCLOSURE"
"101824","Tata Large & Mid Cap Fund - Regular Plan - Growth Option","Tata Mutual Fund","TATA_MF","INF277K01428","REGULAR","GROWTH","","SOURCE_UNAVAILABLE","AMC_MONTHLY_PORTFOLIO","https://www.tatamutualfund.com/statutory-disclosures/monthly-portfolio","",0,0,0,0,0,0,0,0,0,0,0,0,0,0,0,false,"AWAITING_MONTHLY_DISCLOSURE"
"100475","Tata Large Cap Fund - Regular Plan - Growth Option","Tata Mutual Fund","TATA_MF","INF277K01931","REGULAR","GROWTH","","SOURCE_UNAVAILABLE","AMC_MONTHLY_PORTFOLIO","https://www.tatamutualfund.com/statutory-disclosures/monthly-portfolio","",0,0,0,0,0,0,0,0,0,0,0,0,0,0,0,false,"AWAITING_MONTHLY_DISCLOSURE"
"102672","Tata Liquid Fund - Regular Plan - Growth Option","Tata Mutual Fund","TATA_MF","INF277K01YD8","REGULAR","GROWTH","","SOURCE_UNAVAILABLE","AMC_MONTHLY_PORTFOLIO","https://www.tatamutualfund.com/statutory-disclosures/monthly-portfolio","",0,0,0,0,0,0,0,0,0,0,0,0,0,0,0,false,"AWAITING_MONTHLY_DISCLOSURE"
"102328","Tata Mid Cap Fund - Regular Plan - Growth Option","Tata Mutual Fund","TATA_MF","INF277K01626","REGULAR","GROWTH","","SOURCE_UNAVAILABLE","AMC_MONTHLY_PORTFOLIO","https://www.tatamutualfund.com/statutory-disclosures/monthly-portfolio","",0,0,0,0,0,0,0,0,0,0,0,0,0,0,0,false,"AWAITING_MONTHLY_DISCLOSURE"
"101847","Tata Money Market Fund - Regular Plan - Growth Option","Tata Mutual Fund","TATA_MF","INF277K01LQ7","REGULAR","GROWTH","","SOURCE_UNAVAILABLE","AMC_MONTHLY_PORTFOLIO","https://www.tatamutualfund.com/statutory-disclosures/monthly-portfolio","",0,0,0,0,0,0,0,0,0,0,0,0,0,0,0,false,"AWAITING_MONTHLY_DISCLOSURE"
"148050","Tata Multi Asset Allocation Fund - Regular Plan - Growth Option","Tata Mutual Fund","TATA_MF","INF277K012Z5","REGULAR","GROWTH","","SOURCE_UNAVAILABLE","AMC_MONTHLY_PORTFOLIO","https://www.tatamutualfund.com/statutory-disclosures/monthly-portfolio","",0,0,0,0,0,0,0,0,0,0,0,0,0,0,0,false,"AWAITING_MONTHLY_DISCLOSURE"
"154405","Tata Multi Sector Passive FOF - Regular Plan - Growth Option","Tata Mutual Fund","TATA_MF","INF277KA1ES2","REGULAR","GROWTH","","SOURCE_UNAVAILABLE","AMC_MONTHLY_PORTFOLIO","https://www.tatamutualfund.com/statutory-disclosures/monthly-portfolio","",0,0,0,0,0,0,0,0,0,0,0,0,0,0,0,false,"AWAITING_MONTHLY_DISCLOSURE"
"152560","Tata Nifty Auto Index Fund - Regular Plan - Growth Option","Tata Mutual Fund","TATA_MF","INF277KA1AR2","REGULAR","GROWTH","","SOURCE_UNAVAILABLE","AMC_MONTHLY_PORTFOLIO","https://www.tatamutualfund.com/statutory-disclosures/monthly-portfolio","",0,0,0,0,0,0,0,0,0,0,0,0,0,0,0,false,"AWAITING_MONTHLY_DISCLOSURE"
"152954","Tata Nifty Capital Markets Index Fund - Regular Plan - Growth Option","Tata Mutual Fund","TATA_MF","INF277KA1CL1","REGULAR","GROWTH","","SOURCE_UNAVAILABLE","AMC_MONTHLY_PORTFOLIO","https://www.tatamutualfund.com/statutory-disclosures/monthly-portfolio","",0,0,0,0,0,0,0,0,0,0,0,0,0,0,0,false,"AWAITING_MONTHLY_DISCLOSURE"
"152574","Tata Nifty Financial Services Index Fund - Regular Plan - Growth Option","Tata Mutual Fund","TATA_MF","INF277KA1AX0","REGULAR","GROWTH","","SOURCE_UNAVAILABLE","AMC_MONTHLY_PORTFOLIO","https://www.tatamutualfund.com/statutory-disclosures/monthly-portfolio","",0,0,0,0,0,0,0,0,0,0,0,0,0,0,0,false,"AWAITING_MONTHLY_DISCLOSURE"
"151306","Tata Nifty G-Sec Dec 2026 Index Fund - Regular Plan - Growth Option","Tata Mutual Fund","TATA_MF","INF277KA1828","REGULAR","GROWTH","","SOURCE_UNAVAILABLE","AMC_MONTHLY_PORTFOLIO","https://www.tatamutualfund.com/statutory-disclosures/monthly-portfolio","",0,0,0,0,0,0,0,0,0,0,0,0,0,0,0,false,"AWAITING_MONTHLY_DISCLOSURE"
"151275","Tata Nifty G-Sec Dec 2029 Index Fund - Regular Plan - Growth Option","Tata Mutual Fund","TATA_MF","INF277KA1760","REGULAR","GROWTH","","SOURCE_UNAVAILABLE","AMC_MONTHLY_PORTFOLIO","https://www.tatamutualfund.com/statutory-disclosures/monthly-portfolio","",0,0,0,0,0,0,0,0,0,0,0,0,0,0,0,false,"AWAITING_MONTHLY_DISCLOSURE"
"150345","Tata Nifty India Digital ETF Fund of Fund - Regular Plan - Growth Option","Tata Mutual Fund","TATA_MF","INF277KA1463","REGULAR","GROWTH","","SOURCE_UNAVAILABLE","AMC_MONTHLY_PORTFOLIO","https://www.tatamutualfund.com/statutory-disclosures/monthly-portfolio","",0,0,0,0,0,0,0,0,0,0,0,0,0,0,0,false,"AWAITING_MONTHLY_DISCLOSURE"
"152746","Tata Nifty India Tourism Index Fund - Regular Plan - Growth Option","Tata Mutual Fund","TATA_MF","INF277KA1BZ3","REGULAR","GROWTH","","SOURCE_UNAVAILABLE","AMC_MONTHLY_PORTFOLIO","https://www.tatamutualfund.com/statutory-disclosures/monthly-portfolio","",0,0,0,0,0,0,0,0,0,0,0,0,0,0,0,false,"AWAITING_MONTHLY_DISCLOSURE"
"152567","Tata Nifty MidSmall Healthcare Index Fund - Regular Plan - Growth Option","Tata Mutual Fund","TATA_MF","INF277KA1BD0","REGULAR","GROWTH","","SOURCE_UNAVAILABLE","AMC_MONTHLY_PORTFOLIO","https://www.tatamutualfund.com/statutory-disclosures/monthly-portfolio","",0,0,0,0,0,0,0,0,0,0,0,0,0,0,0,false,"AWAITING_MONTHLY_DISCLOSURE"
"153580","Tata Nifty Midcap 150 Index Fund - Regular Plan - Growth Option","Tata Mutual Fund","TATA_MF","INF277KA1DW6","REGULAR","GROWTH","","SOURCE_UNAVAILABLE","AMC_MONTHLY_PORTFOLIO","https://www.tatamutualfund.com/statutory-disclosures/monthly-portfolio","",0,0,0,0,0,0,0,0,0,0,0,0,0,0,0,false,"AWAITING_MONTHLY_DISCLOSURE"
"150741","Tata Nifty Midcap 150 Momentum 50 Index Fund - Regular Plan - Growth Option","Tata Mutual Fund","TATA_MF","INF277KA1646","REGULAR","GROWTH","","SOURCE_UNAVAILABLE","AMC_MONTHLY_PORTFOLIO","https://www.tatamutualfund.com/statutory-disclosures/monthly-portfolio","",0,0,0,0,0,0,0,0,0,0,0,0,0,0,0,false,"AWAITING_MONTHLY_DISCLOSURE"
"153855","Tata Nifty Next 50 Index Fund - Regular Plan - Growth Option","Tata Mutual Fund","TATA_MF","INF277KA1EG7","REGULAR","GROWTH","","SOURCE_UNAVAILABLE","AMC_MONTHLY_PORTFOLIO","https://www.tatamutualfund.com/statutory-disclosures/monthly-portfolio","",0,0,0,0,0,0,0,0,0,0,0,0,0,0,0,false,"AWAITING_MONTHLY_DISCLOSURE"
"152573","Tata Nifty Realty Index Fund - Regular Plan - Growth Option","Tata Mutual Fund","TATA_MF","INF277KA1AL5","REGULAR","GROWTH","","SOURCE_UNAVAILABLE","AMC_MONTHLY_PORTFOLIO","https://www.tatamutualfund.com/statutory-disclosures/monthly-portfolio","",0,0,0,0,0,0,0,0,0,0,0,0,0,0,0,false,"AWAITING_MONTHLY_DISCLOSURE"
"150330","Tata Nifty SDL Plus AAA PSU Bond Dec 2027 60 40 Index Fund - Regular Plan - Growth Option","Tata Mutual Fund","TATA_MF","INF277KA1406","REGULAR","GROWTH","","SOURCE_UNAVAILABLE","AMC_MONTHLY_PORTFOLIO","https://www.tatamutualfund.com/statutory-disclosures/monthly-portfolio","",0,0,0,0,0,0,0,0,0,0,0,0,0,0,0,false,"AWAITING_MONTHLY_DISCLOSURE"
"152834","Tata Nifty200 Alpha 30 Index Fund - Regular Plan - Growth Option","Tata Mutual Fund","TATA_MF","INF277KA1CF3","REGULAR","GROWTH","","SOURCE_UNAVAILABLE","AMC_MONTHLY_PORTFOLIO","https://www.tatamutualfund.com/statutory-disclosures/monthly-portfolio","",0,0,0,0,0,0,0,0,0,0,0,0,0,0,0,false,"AWAITING_MONTHLY_DISCLOSURE"
"152590","Tata Nifty500 Multicap India Manufacturing 50:30:20 Index Fund - Regular Plan - Growth Option","Tata Mutual Fund","TATA_MF","INF277KA1BJ7","REGULAR","GROWTH","","SOURCE_UNAVAILABLE","AMC_MONTHLY_PORTFOLIO","https://www.tatamutualfund.com/statutory-disclosures/monthly-portfolio","",0,0,0,0,0,0,0,0,0,0,0,0,0,0,0,false,"AWAITING_MONTHLY_DISCLOSURE"
"152596","Tata Nifty500 Multicap Infrastructure 50:30:20 Index Fund - Regular Plan - Growth Option","Tata Mutual Fund","TATA_MF","INF277KA1BP4","REGULAR","GROWTH","","SOURCE_UNAVAILABLE","AMC_MONTHLY_PORTFOLIO","https://www.tatamutualfund.com/statutory-disclosures/monthly-portfolio","",0,0,0,0,0,0,0,0,0,0,0,0,0,0,0,false,"AWAITING_MONTHLY_DISCLOSURE"
"146977","Tata Overnight Fund - Regular Plan - Growth Option","Tata Mutual Fund","TATA_MF","INF277K016T9","REGULAR","GROWTH","","SOURCE_UNAVAILABLE","AMC_MONTHLY_PORTFOLIO","https://www.tatamutualfund.com/statutory-disclosures/monthly-portfolio","",0,0,0,0,0,0,0,0,0,0,0,0,0,0,0,false,"AWAITING_MONTHLY_DISCLOSURE"
"135815","Tata Resources & Energy Fund - Regular Plan - Growth Option","Tata Mutual Fund","TATA_MF","INF277K012B6","REGULAR","GROWTH","","SOURCE_UNAVAILABLE","AMC_MONTHLY_PORTFOLIO","https://www.tatamutualfund.com/statutory-disclosures/monthly-portfolio","",0,0,0,0,0,0,0,0,0,0,0,0,0,0,0,false,"AWAITING_MONTHLY_DISCLOSURE"
"115944","Tata Retirement Savings Fund-Conservative Plan - Regular Plan - Growth Option","Tata Mutual Fund","TATA_MF","INF277K01FI6","REGULAR","GROWTH","","SOURCE_UNAVAILABLE","AMC_MONTHLY_PORTFOLIO","https://www.tatamutualfund.com/statutory-disclosures/monthly-portfolio","",0,0,0,0,0,0,0,0,0,0,0,0,0,0,0,false,"AWAITING_MONTHLY_DISCLOSURE"
"115943","Tata Retirement Savings Fund-Moderate Plan - Regular Plan - Growth Option","Tata Mutual Fund","TATA_MF","INF277K01FH8","REGULAR","GROWTH","","SOURCE_UNAVAILABLE","AMC_MONTHLY_PORTFOLIO","https://www.tatamutualfund.com/statutory-disclosures/monthly-portfolio","",0,0,0,0,0,0,0,0,0,0,0,0,0,0,0,false,"AWAITING_MONTHLY_DISCLOSURE"
"115942","Tata Retirement Savings Fund-Progressive Plan - Regular Plan - Growth Option","Tata Mutual Fund","TATA_MF","INF277K01FG0","REGULAR","GROWTH","","SOURCE_UNAVAILABLE","AMC_MONTHLY_PORTFOLIO","https://www.tatamutualfund.com/statutory-disclosures/monthly-portfolio","",0,0,0,0,0,0,0,0,0,0,0,0,0,0,0,false,"AWAITING_MONTHLY_DISCLOSURE"
"101548","Tata Short Term Fund - Regular Plan - Growth Option","Tata Mutual Fund","TATA_MF","INF277K01972","REGULAR","GROWTH","","SOURCE_UNAVAILABLE","AMC_MONTHLY_PORTFOLIO","https://www.tatamutualfund.com/statutory-disclosures/monthly-portfolio","",0,0,0,0,0,0,0,0,0,0,0,0,0,0,0,false,"AWAITING_MONTHLY_DISCLOSURE"
"152297","Tata Silver ETF Fund of Fund - Regular Plan - Growth Option","Tata Mutual Fund","TATA_MF","INF277KA1893","REGULAR","GROWTH","","SOURCE_UNAVAILABLE","AMC_MONTHLY_PORTFOLIO","https://www.tatamutualfund.com/statutory-disclosures/monthly-portfolio","",0,0,0,0,0,0,0,0,0,0,0,0,0,0,0,false,"AWAITING_MONTHLY_DISCLOSURE"
"145208","Tata Small Cap Fund - Regular Plan - Growth Option","Tata Mutual Fund","TATA_MF","INF277K015O2","REGULAR","GROWTH","","SOURCE_UNAVAILABLE","AMC_MONTHLY_PORTFOLIO","https://www.tatamutualfund.com/statutory-disclosures/monthly-portfolio","",0,0,0,0,0,0,0,0,0,0,0,0,0,0,0,false,"AWAITING_MONTHLY_DISCLOSURE"
"146070","Tata Ultra Short Term Fund - Regular Plan - Growth Option","Tata Mutual Fund","TATA_MF","INF277K016S1","REGULAR","GROWTH","","SOURCE_UNAVAILABLE","AMC_MONTHLY_PORTFOLIO","https://www.tatamutualfund.com/statutory-disclosures/monthly-portfolio","",0,0,0,0,0,0,0,0,0,0,0,0,0,0,0,false,"AWAITING_MONTHLY_DISCLOSURE"
"103159","Tata Ultra Short to Short Term Fund - Regular Plan - Growth Option","Tata Mutual Fund","TATA_MF","INF277K01MA9","REGULAR","GROWTH","","SOURCE_UNAVAILABLE","AMC_MONTHLY_PORTFOLIO","https://www.tatamutualfund.com/statutory-disclosures/monthly-portfolio","",0,0,0,0,0,0,0,0,0,0,0,0,0,0,0,false,"AWAITING_MONTHLY_DISCLOSURE"
"101672","Tata Value Fund - Regular Plan - Growth Option","Tata Mutual Fund","TATA_MF","INF277K01451","REGULAR","GROWTH","","SOURCE_UNAVAILABLE","AMC_MONTHLY_PORTFOLIO","https://www.tatamutualfund.com/statutory-disclosures/monthly-portfolio","",0,0,0,0,0,0,0,0,0,0,0,0,0,0,0,false,"AWAITING_MONTHLY_DISCLOSURE"
"117312","Taurus Banking & Financial Services Fund - Regular Plan - Growth","Taurus Mutual Fund","TAURUS_MF","INF044D01BI4","REGULAR","GROWTH","","SOURCE_UNAVAILABLE","AMC_MONTHLY_PORTFOLIO","https://www.taurusmutualfund.com/statutory-disclosures/monthly-portfolio","",0,0,0,0,0,0,0,0,0,0,0,0,0,0,0,false,"AWAITING_MONTHLY_DISCLOSURE"
"100480","Taurus ELSS Tax Saver Fund - Regular Plan - Growth","Taurus Mutual Fund","TAURUS_MF","INF044D01AC9","REGULAR","GROWTH","","SOURCE_UNAVAILABLE","AMC_MONTHLY_PORTFOLIO","https://www.taurusmutualfund.com/statutory-disclosures/monthly-portfolio","",0,0,0,0,0,0,0,0,0,0,0,0,0,0,0,false,"AWAITING_MONTHLY_DISCLOSURE"
"111787","Taurus Ethical Fund - Regular Plan - Growth","Taurus Mutual Fund","TAURUS_MF","INF044D01864","REGULAR","GROWTH","","SOURCE_UNAVAILABLE","AMC_MONTHLY_PORTFOLIO","https://www.taurusmutualfund.com/statutory-disclosures/monthly-portfolio","",0,0,0,0,0,0,0,0,0,0,0,0,0,0,0,false,"AWAITING_MONTHLY_DISCLOSURE"
"100476","Taurus Flexi Cap Fund - Regular Plan - Growth","Taurus Mutual Fund","TAURUS_MF","INF044D01989","REGULAR","GROWTH","","SOURCE_UNAVAILABLE","AMC_MONTHLY_PORTFOLIO","https://www.taurusmutualfund.com/statutory-disclosures/monthly-portfolio","",0,0,0,0,0,0,0,0,0,0,0,0,0,0,0,false,"AWAITING_MONTHLY_DISCLOSURE"
"105417","Taurus Infrastructure Fund - Regular Plan - Growth","Taurus Mutual Fund","TAURUS_MF","INF044D01906","REGULAR","GROWTH","","SOURCE_UNAVAILABLE","AMC_MONTHLY_PORTFOLIO","https://www.taurusmutualfund.com/statutory-disclosures/monthly-portfolio","",0,0,0,0,0,0,0,0,0,0,0,0,0,0,0,false,"AWAITING_MONTHLY_DISCLOSURE"
"101209","Taurus Large Cap Fund - Regular Plan - Growth","Taurus Mutual Fund","TAURUS_MF","INF044D01773","REGULAR","GROWTH","","SOURCE_UNAVAILABLE","AMC_MONTHLY_PORTFOLIO","https://www.taurusmutualfund.com/statutory-disclosures/monthly-portfolio","",0,0,0,0,0,0,0,0,0,0,0,0,0,0,0,false,"AWAITING_MONTHLY_DISCLOSURE"
"100477","Taurus Mid Cap Fund - Regular Plan - Growth","Taurus Mutual Fund","TAURUS_MF","INF044D01815","REGULAR","GROWTH","","SOURCE_UNAVAILABLE","AMC_MONTHLY_PORTFOLIO","https://www.taurusmutualfund.com/statutory-disclosures/monthly-portfolio","",0,0,0,0,0,0,0,0,0,0,0,0,0,0,0,false,"AWAITING_MONTHLY_DISCLOSURE"
"112948","Taurus Nifty 50 Index Fund - Regular Plan - Growth","Taurus Mutual Fund","TAURUS_MF","INF044D01948","REGULAR","GROWTH","","SOURCE_UNAVAILABLE","AMC_MONTHLY_PORTFOLIO","https://www.taurusmutualfund.com/statutory-disclosures/monthly-portfolio","",0,0,0,0,0,0,0,0,0,0,0,0,0,0,0,false,"AWAITING_MONTHLY_DISCLOSURE"
"153897","THE WEALTH COMPANY ETHICAL FUND - Regular Plan - Growth","The Wealth Company Mutual Fund","THE_WEALTH_MF","INF2F0001248","REGULAR","GROWTH","","SOURCE_UNAVAILABLE","AMC_MONTHLY_PORTFOLIO","https://www.wealthcompany.in/statutory-disclosures/monthly-portfolio","",0,0,0,0,0,0,0,0,0,0,0,0,0,0,0,false,"AWAITING_MONTHLY_DISCLOSURE"
"153892","The Wealth Company Arbitrage Fund - Regular Plan - Growth","The Wealth Company Mutual Fund","THE_WEALTH_MF","INF2F0001305","REGULAR","GROWTH","","SOURCE_UNAVAILABLE","AMC_MONTHLY_PORTFOLIO","https://www.wealthcompany.in/statutory-disclosures/monthly-portfolio","",0,0,0,0,0,0,0,0,0,0,0,0,0,0,0,false,"AWAITING_MONTHLY_DISCLOSURE"
"154183","The Wealth Company Balanced Advantage Fund - Regular Plan - Growth","The Wealth Company Mutual Fund","THE_WEALTH_MF","INF2F0001446","REGULAR","GROWTH","","SOURCE_UNAVAILABLE","AMC_MONTHLY_PORTFOLIO","https://www.wealthcompany.in/statutory-disclosures/monthly-portfolio","",0,0,0,0,0,0,0,0,0,0,0,0,0,0,0,false,"AWAITING_MONTHLY_DISCLOSURE"
"153870","The Wealth Company Flexi Cap Fund - Regular Plan - Growth","The Wealth Company Mutual Fund","THE_WEALTH_MF","INF2F0001016","REGULAR","GROWTH","","SOURCE_UNAVAILABLE","AMC_MONTHLY_PORTFOLIO","https://www.wealthcompany.in/statutory-disclosures/monthly-portfolio","",0,0,0,0,0,0,0,0,0,0,0,0,0,0,0,false,"AWAITING_MONTHLY_DISCLOSURE"
"154092","The Wealth Company Gold ETF - Regular Plan - Growth","The Wealth Company Mutual Fund","THE_WEALTH_MF","INF2F0001370","REGULAR","GROWTH","","SOURCE_UNAVAILABLE","AMC_MONTHLY_PORTFOLIO","https://www.wealthcompany.in/statutory-disclosures/monthly-portfolio","",0,0,0,0,0,0,0,0,0,0,0,0,0,0,0,false,"AWAITING_MONTHLY_DISCLOSURE"
"154133","The Wealth Company Gold ETF FOF - Regular Plan - Growth","The Wealth Company Mutual Fund","THE_WEALTH_MF","INF2F0001388","REGULAR","GROWTH","","SOURCE_UNAVAILABLE","AMC_MONTHLY_PORTFOLIO","https://www.wealthcompany.in/statutory-disclosures/monthly-portfolio","",0,0,0,0,0,0,0,0,0,0,0,0,0,0,0,false,"AWAITING_MONTHLY_DISCLOSURE"
"154382","The Wealth Company Large & Mid Cap Fund - Regular Plan - Growth","The Wealth Company Mutual Fund","THE_WEALTH_MF","INF2F0001560","REGULAR","GROWTH","","SOURCE_UNAVAILABLE","AMC_MONTHLY_PORTFOLIO","https://www.wealthcompany.in/statutory-disclosures/monthly-portfolio","",0,0,0,0,0,0,0,0,0,0,0,0,0,0,0,false,"AWAITING_MONTHLY_DISCLOSURE"
"153888","The Wealth Company Liquid Fund - Regular Plan - Growth","The Wealth Company Mutual Fund","THE_WEALTH_MF","INF2F0001149","REGULAR","GROWTH","","SOURCE_UNAVAILABLE","AMC_MONTHLY_PORTFOLIO","https://www.wealthcompany.in/statutory-disclosures/monthly-portfolio","",0,0,0,0,0,0,0,0,0,0,0,0,0,0,0,false,"AWAITING_MONTHLY_DISCLOSURE"
"154479","The Wealth Company Mid Cap Fund - Regular Plan - Growth","The Wealth Company Mutual Fund","THE_WEALTH_MF","INF2F0001628","REGULAR","GROWTH","","SOURCE_UNAVAILABLE","AMC_MONTHLY_PORTFOLIO","https://www.wealthcompany.in/statutory-disclosures/monthly-portfolio","",0,0,0,0,0,0,0,0,0,0,0,0,0,0,0,false,"AWAITING_MONTHLY_DISCLOSURE"
"154002","The Wealth Company Multi Asset Allocation Fund - Regular Plan - Growth","The Wealth Company Mutual Fund","THE_WEALTH_MF","INF2F0001313","REGULAR","GROWTH","","SOURCE_UNAVAILABLE","AMC_MONTHLY_PORTFOLIO","https://www.wealthcompany.in/statutory-disclosures/monthly-portfolio","",0,0,0,0,0,0,0,0,0,0,0,0,0,0,0,false,"AWAITING_MONTHLY_DISCLOSURE"
"154664","The Wealth Company Multi Cap Fund - Regular Plan - Growth","The Wealth Company Mutual Fund","THE_WEALTH_MF","INF2F0001685","REGULAR","GROWTH","","SOURCE_UNAVAILABLE","AMC_MONTHLY_PORTFOLIO","https://www.wealthcompany.in/statutory-disclosures/monthly-portfolio","",0,0,0,0,0,0,0,0,0,0,0,0,0,0,0,false,"AWAITING_MONTHLY_DISCLOSURE"
"154268","The Wealth Company Small Cap Fund - Regular Plan - Growth","The Wealth Company Mutual Fund","THE_WEALTH_MF","INF2F0001503","REGULAR","GROWTH","","SOURCE_UNAVAILABLE","AMC_MONTHLY_PORTFOLIO","https://www.wealthcompany.in/statutory-disclosures/monthly-portfolio","",0,0,0,0,0,0,0,0,0,0,0,0,0,0,0,false,"AWAITING_MONTHLY_DISCLOSURE"
"153805","TRUSTMF ARBITRAGE FUND - Regular Plan - Growth","Trust Mutual Fund","TRUST_MF","INF0GCD01867","REGULAR","GROWTH","","SOURCE_UNAVAILABLE","AMC_MONTHLY_PORTFOLIO","https://www.trustmf.com/statutory-disclosures/monthly-portfolio","",0,0,0,0,0,0,0,0,0,0,0,0,0,0,0,false,"AWAITING_MONTHLY_DISCLOSURE"
"151322","TRUSTMF CORPORATE BOND FUND - Regular Plan - Growth","Trust Mutual Fund","TRUST_MF","INF0GCD01537","REGULAR","GROWTH","","SOURCE_UNAVAILABLE","AMC_MONTHLY_PORTFOLIO","https://www.trustmf.com/statutory-disclosures/monthly-portfolio","",0,0,0,0,0,0,0,0,0,0,0,0,0,0,0,false,"AWAITING_MONTHLY_DISCLOSURE"
"152582","TRUSTMF Flexi Cap Fund - Regular Plan - Growth","Trust Mutual Fund","TRUST_MF","INF0GCD01719","REGULAR","GROWTH","","SOURCE_UNAVAILABLE","AMC_MONTHLY_PORTFOLIO","https://www.trustmf.com/statutory-disclosures/monthly-portfolio","",0,0,0,0,0,0,0,0,0,0,0,0,0,0,0,false,"AWAITING_MONTHLY_DISCLOSURE"
"154434","TRUSTMF LARGE & MIDCAP FUND - Regular Plan - Growth","Trust Mutual Fund","TRUST_MF","INF0GCD01909","REGULAR","GROWTH","","SOURCE_UNAVAILABLE","AMC_MONTHLY_PORTFOLIO","https://www.trustmf.com/statutory-disclosures/monthly-portfolio","",0,0,0,0,0,0,0,0,0,0,0,0,0,0,0,false,"AWAITING_MONTHLY_DISCLOSURE"
"148833","TRUSTMF Liquid Fund - Regular Plan - Growth","Trust Mutual Fund","TRUST_MF","INF0GCD01198","REGULAR","GROWTH","","SOURCE_UNAVAILABLE","AMC_MONTHLY_PORTFOLIO","https://www.trustmf.com/statutory-disclosures/monthly-portfolio","",0,0,0,0,0,0,0,0,0,0,0,0,0,0,0,false,"AWAITING_MONTHLY_DISCLOSURE"
"154211","TRUSTMF MID CAP FUND - Regular Plan - Growth","Trust Mutual Fund","TRUST_MF","INF0GCD01883","REGULAR","GROWTH","","SOURCE_UNAVAILABLE","AMC_MONTHLY_PORTFOLIO","https://www.trustmf.com/statutory-disclosures/monthly-portfolio","",0,0,0,0,0,0,0,0,0,0,0,0,0,0,0,false,"AWAITING_MONTHLY_DISCLOSURE"
"153645","TRUSTMF MULTI CAP FUND - Regular Plan - Growth","Trust Mutual Fund","TRUST_MF","INF0GCD01842","REGULAR","GROWTH","","SOURCE_UNAVAILABLE","AMC_MONTHLY_PORTFOLIO","https://www.trustmf.com/statutory-disclosures/monthly-portfolio","",0,0,0,0,0,0,0,0,0,0,0,0,0,0,0,false,"AWAITING_MONTHLY_DISCLOSURE"
"150511","TRUSTMF Money Market Fund - Regular Plan - Growth","Trust Mutual Fund","TRUST_MF","INF0GCD01479","REGULAR","GROWTH","","SOURCE_UNAVAILABLE","AMC_MONTHLY_PORTFOLIO","https://www.trustmf.com/statutory-disclosures/monthly-portfolio","",0,0,0,0,0,0,0,0,0,0,0,0,0,0,0,false,"AWAITING_MONTHLY_DISCLOSURE"
"149795","TRUSTMF Overnight Fund - Regular Plan - Growth","Trust Mutual Fund","TRUST_MF","INF0GCD01438","REGULAR","GROWTH","","SOURCE_UNAVAILABLE","AMC_MONTHLY_PORTFOLIO","https://www.trustmf.com/statutory-disclosures/monthly-portfolio","",0,0,0,0,0,0,0,0,0,0,0,0,0,0,0,false,"AWAITING_MONTHLY_DISCLOSURE"
"152940","TRUSTMF SMALL CAP FUND - Regular Plan - Growth","Trust Mutual Fund","TRUST_MF","INF0GCD01776","REGULAR","GROWTH","","SOURCE_UNAVAILABLE","AMC_MONTHLY_PORTFOLIO","https://www.trustmf.com/statutory-disclosures/monthly-portfolio","",0,0,0,0,0,0,0,0,0,0,0,0,0,0,0,false,"AWAITING_MONTHLY_DISCLOSURE"
"149073","TRUSTMF Short Term Fund - Regular Plan - Growth","Trust Mutual Fund","TRUST_MF","INF0GCD01313","REGULAR","GROWTH","","SOURCE_UNAVAILABLE","AMC_MONTHLY_PORTFOLIO","https://www.trustmf.com/statutory-disclosures/monthly-portfolio","",0,0,0,0,0,0,0,0,0,0,0,0,0,0,0,false,"AWAITING_MONTHLY_DISCLOSURE"
"153377","UNIFI DYNAMIC ASSET ALLOCATION FUND - Regular Plan - GROWTH","Unifi Mutual Fund","UNIFI_MF","INF1MIY01023","REGULAR","GROWTH","","SOURCE_UNAVAILABLE","AMC_MONTHLY_PORTFOLIO","https://www.unificapital.com/statutory-disclosures/monthly-portfolio","",0,0,0,0,0,0,0,0,0,0,0,0,0,0,0,false,"AWAITING_MONTHLY_DISCLOSURE"
"153542","UNIFI FLEXI CAP FUND - Regular Plan - GROWTH","Unifi Mutual Fund","UNIFI_MF","INF1MIY01049","REGULAR","GROWTH","","SOURCE_UNAVAILABLE","AMC_MONTHLY_PORTFOLIO","https://www.unificapital.com/statutory-disclosures/monthly-portfolio","",0,0,0,0,0,0,0,0,0,0,0,0,0,0,0,false,"AWAITING_MONTHLY_DISCLOSURE"
"153571","UNIFI LIQUID FUND - Regular Plan - GROWTH","Unifi Mutual Fund","UNIFI_MF","INF1MIY01064","REGULAR","GROWTH","","SOURCE_UNAVAILABLE","AMC_MONTHLY_PORTFOLIO","https://www.unificapital.com/statutory-disclosures/monthly-portfolio","",0,0,0,0,0,0,0,0,0,0,0,0,0,0,0,false,"AWAITING_MONTHLY_DISCLOSURE"
"153111","Union Active Momentum Fund - Regular Plan - Growth Option","Union Mutual Fund","UNION_MF","INF582M01KC8","REGULAR","GROWTH","","SOURCE_UNAVAILABLE","AMC_MONTHLY_PORTFOLIO","https://www.unionmf.com/statutory-disclosures/monthly-portfolio","",0,0,0,0,0,0,0,0,0,0,0,0,0,0,0,false,"AWAITING_MONTHLY_DISCLOSURE"
"148591","Union Aggressive Hybrid Fund - Regular Plan - Growth Option","Union Mutual Fund","UNION_MF","INF582M01HC4","REGULAR","GROWTH","","SOURCE_UNAVAILABLE","AMC_MONTHLY_PORTFOLIO","https://www.unionmf.com/statutory-disclosures/monthly-portfolio","",0,0,0,0,0,0,0,0,0,0,0,0,0,0,0,false,"AWAITING_MONTHLY_DISCLOSURE"
"146294","Union Arbitrage Fund - Regular Plan - Growth Option","Union Mutual Fund","UNION_MF","INF582M01EW9","REGULAR","GROWTH","","SOURCE_UNAVAILABLE","AMC_MONTHLY_PORTFOLIO","https://www.unionmf.com/statutory-disclosures/monthly-portfolio","",0,0,0,0,0,0,0,0,0,0,0,0,0,0,0,false,"AWAITING_MONTHLY_DISCLOSURE"
"142035","Union Balanced Advantage Fund - Regular Plan - Growth Option","Union Mutual Fund","UNION_MF","INF582M01DI0","REGULAR","GROWTH","","SOURCE_UNAVAILABLE","AMC_MONTHLY_PORTFOLIO","https://www.unionmf.com/statutory-disclosures/monthly-portfolio","",0,0,0,0,0,0,0,0,0,0,0,0,0,0,0,false,"AWAITING_MONTHLY_DISCLOSURE"
"152411","Union Business Cycle Fund - Regular Plan - Growth Option","Union Mutual Fund","UNION_MF","INF582M01JM9","REGULAR","GROWTH","","SOURCE_UNAVAILABLE","AMC_MONTHLY_PORTFOLIO","https://www.unionmf.com/statutory-disclosures/monthly-portfolio","",0,0,0,0,0,0,0,0,0,0,0,0,0,0,0,false,"AWAITING_MONTHLY_DISCLOSURE"
"152217","Union Children's Fund - Regular Plan - Growth Option","Union Mutual Fund","UNION_MF","INF582M01JI7","REGULAR","GROWTH","","SOURCE_UNAVAILABLE","AMC_MONTHLY_PORTFOLIO","https://www.unionmf.com/statutory-disclosures/monthly-portfolio","",0,0,0,0,0,0,0,0,0,0,0,0,0,0,0,false,"AWAITING_MONTHLY_DISCLOSURE"
"154022","Union Consumption Fund - Regular Plan - Growth Option","Union Mutual Fund","UNION_MF","INF582M01MD2","REGULAR","GROWTH","","SOURCE_UNAVAILABLE","AMC_MONTHLY_PORTFOLIO","https://www.unionmf.com/statutory-disclosures/monthly-portfolio","",0,0,0,0,0,0,0,0,0,0,0,0,0,0,0,false,"AWAITING_MONTHLY_DISCLOSURE"
"143239","Union Corporate Bond Fund - Regular Plan - Growth Option","Union Mutual Fund","UNION_MF","INF582M01DY7","REGULAR","GROWTH","","SOURCE_UNAVAILABLE","AMC_MONTHLY_PORTFOLIO","https://www.unionmf.com/statutory-disclosures/monthly-portfolio","",0,0,0,0,0,0,0,0,0,0,0,0,0,0,0,false,"AWAITING_MONTHLY_DISCLOSURE"
"153822","Union Diversified Equity All Cap Active FOF - Regular Plan - Growth Option","Union Mutual Fund","UNION_MF","INF582M01LV6","REGULAR","GROWTH","","SOURCE_UNAVAILABLE","AMC_MONTHLY_PORTFOLIO","https://www.unionmf.com/statutory-disclosures/monthly-portfolio","",0,0,0,0,0,0,0,0,0,0,0,0,0,0,0,false,"AWAITING_MONTHLY_DISCLOSURE"
"116555","Union Dynamic Term Fund - Regular Plan - Growth Option","Union Mutual Fund","UNION_MF","INF582M01336","REGULAR","GROWTH","","SOURCE_UNAVAILABLE","AMC_MONTHLY_PORTFOLIO","https://www.unionmf.com/statutory-disclosures/monthly-portfolio","",0,0,0,0,0,0,0,0,0,0,0,0,0,0,0,false,"AWAITING_MONTHLY_DISCLOSURE"
"116051","Union ELSS Tax Saver Fund (Formerly Union Tax Saver (ELSS) Fund - Regular Plan - Growth Option","Union Mutual Fund","UNION_MF","INF582M01302","REGULAR","GROWTH","","SOURCE_UNAVAILABLE","AMC_MONTHLY_PORTFOLIO","https://www.unionmf.com/statutory-disclosures/monthly-portfolio","",0,0,0,0,0,0,0,0,0,0,0,0,0,0,0,false,"AWAITING_MONTHLY_DISCLOSURE"
"144310","Union Equity Savings Fund - Regular Plan - Growth Option","Union Mutual Fund","UNION_MF","INF582M01EG2","REGULAR","GROWTH","","SOURCE_UNAVAILABLE","AMC_MONTHLY_PORTFOLIO","https://www.unionmf.com/statutory-disclosures/monthly-portfolio","",0,0,0,0,0,0,0,0,0,0,0,0,0,0,0,false,"AWAITING_MONTHLY_DISCLOSURE"
"115270","Union Flexi Cap Fund - Regular Plan - Growth Option","Union Mutual Fund","UNION_MF","INF582M01104","REGULAR","GROWTH","","SOURCE_UNAVAILABLE","AMC_MONTHLY_PORTFOLIO","https://www.unionmf.com/statutory-disclosures/monthly-portfolio","",0,0,0,0,0,0,0,0,0,0,0,0,0,0,0,false,"AWAITING_MONTHLY_DISCLOSURE"
"147490","Union Focused Fund - Regular Plan - Growth Option","Union Mutual Fund","UNION_MF","INF582M01FW6","REGULAR","GROWTH","","SOURCE_UNAVAILABLE","AMC_MONTHLY_PORTFOLIO","https://www.unionmf.com/statutory-disclosures/monthly-portfolio","",0,0,0,0,0,0,0,0,0,0,0,0,0,0,0,false,"AWAITING_MONTHLY_DISCLOSURE"
"150405","Union Gilt Fund - Regular Plan - Growth Option","Union Mutual Fund","UNION_MF","INF582M01ID0","REGULAR","GROWTH","","SOURCE_UNAVAILABLE","AMC_MONTHLY_PORTFOLIO","https://www.unionmf.com/statutory-disclosures/monthly-portfolio","",0,0,0,0,0,0,0,0,0,0,0,0,0,0,0,false,"AWAITING_MONTHLY_DISCLOSURE"
"153338","Union Gold ETF Fund of Fund - Regular Plan - Growth Option","Union Mutual Fund","UNION_MF","INF582M01KT2","REGULAR","GROWTH","","SOURCE_UNAVAILABLE","AMC_MONTHLY_PORTFOLIO","https://www.unionmf.com/statutory-disclosures/monthly-portfolio","",0,0,0,0,0,0,0,0,0,0,0,0,0,0,0,false,"AWAITING_MONTHLY_DISCLOSURE"
"153573","Union Income Plus Arbitrage Active FOF - Regular Plan - Growth Option","Union Mutual Fund","UNION_MF","INF582M01LB8","REGULAR","GROWTH","","SOURCE_UNAVAILABLE","AMC_MONTHLY_PORTFOLIO","https://www.unionmf.com/statutory-disclosures/monthly-portfolio","",0,0,0,0,0,0,0,0,0,0,0,0,0,0,0,false,"AWAITING_MONTHLY_DISCLOSURE"
"151903","Union Innovation & Opportunities Fund - Regular Plan - Growth Option","Union Mutual Fund","UNION_MF","INF582M01JA4","REGULAR","GROWTH","","SOURCE_UNAVAILABLE","AMC_MONTHLY_PORTFOLIO","https://www.unionmf.com/statutory-disclosures/monthly-portfolio","",0,0,0,0,0,0,0,0,0,0,0,0,0,0,0,false,"AWAITING_MONTHLY_DISCLOSURE"
"147748","Union Large & Midcap Fund - Regular Plan - Growth Option","Union Mutual Fund","UNION_MF","INF582M01GD4","REGULAR","GROWTH","","SOURCE_UNAVAILABLE","AMC_MONTHLY_PORTFOLIO","https://www.unionmf.com/statutory-disclosures/monthly-portfolio","",0,0,0,0,0,0,0,0,0,0,0,0,0,0,0,false,"AWAITING_MONTHLY_DISCLOSURE"
"141247","Union Largecap Fund - Regular Plan - Growth Option","Union Mutual Fund","UNION_MF","INF582M01CQ5","REGULAR","GROWTH","","SOURCE_UNAVAILABLE","AMC_MONTHLY_PORTFOLIO","https://www.unionmf.com/statutory-disclosures/monthly-portfolio","",0,0,0,0,0,0,0,0,0,0,0,0,0,0,0,false,"AWAITING_MONTHLY_DISCLOSURE"
"115398","Union Liquid Fund - Regular Plan - Growth Option","Union Mutual Fund","UNION_MF","INF582M01013","REGULAR","GROWTH","","SOURCE_UNAVAILABLE","AMC_MONTHLY_PORTFOLIO","https://www.unionmf.com/statutory-disclosures/monthly-portfolio","",0,0,0,0,0,0,0,0,0,0,0,0,0,0,0,false,"AWAITING_MONTHLY_DISCLOSURE"
"148071","Union Midcap Fund - Regular Plan - Growth Option","Union Mutual Fund","UNION_MF","INF582M01GM5","REGULAR","GROWTH","","SOURCE_UNAVAILABLE","AMC_MONTHLY_PORTFOLIO","https://www.unionmf.com/statutory-disclosures/monthly-portfolio","",0,0,0,0,0,0,0,0,0,0,0,0,0,0,0,false,"AWAITING_MONTHLY_DISCLOSURE"
"149116","Union Money Market Fund - Regular Plan - Growth Option","Union Mutual Fund","UNION_MF","INF582M01HO9","REGULAR","GROWTH","","SOURCE_UNAVAILABLE","AMC_MONTHLY_PORTFOLIO","https://www.unionmf.com/statutory-disclosures/monthly-portfolio","",0,0,0,0,0,0,0,0,0,0,0,0,0,0,0,false,"AWAITING_MONTHLY_DISCLOSURE"
"152786","Union Multi Asset Allocation Fund - Regular Plan - Growth Option","Union Mutual Fund","UNION_MF","INF582M01JU2","REGULAR","GROWTH","","SOURCE_UNAVAILABLE","AMC_MONTHLY_PORTFOLIO","https://www.unionmf.com/statutory-disclosures/monthly-portfolio","",0,0,0,0,0,0,0,0,0,0,0,0,0,0,0,false,"AWAITING_MONTHLY_DISCLOSURE"
"150855","Union Multicap Fund - Regular Plan - Growth Option","Union Mutual Fund","UNION_MF","INF582M01IS8","REGULAR","GROWTH","","SOURCE_UNAVAILABLE","AMC_MONTHLY_PORTFOLIO","https://www.unionmf.com/statutory-disclosures/monthly-portfolio","",0,0,0,0,0,0,0,0,0,0,0,0,0,0,0,false,"AWAITING_MONTHLY_DISCLOSURE"
"146997","Union Overnight Fund - Regular Plan - Growth Option","Union Mutual Fund","UNION_MF","INF582M01FJ3","REGULAR","GROWTH","","SOURCE_UNAVAILABLE","AMC_MONTHLY_PORTFOLIO","https://www.unionmf.com/statutory-disclosures/monthly-portfolio","",0,0,0,0,0,0,0,0,0,0,0,0,0,0,0,false,"AWAITING_MONTHLY_DISCLOSURE"
"150552","Union Retirement Fund - Regular Plan - Growth Option","Union Mutual Fund","UNION_MF","INF582M01IM1","REGULAR","GROWTH","","SOURCE_UNAVAILABLE","AMC_MONTHLY_PORTFOLIO","https://www.unionmf.com/statutory-disclosures/monthly-portfolio","",0,0,0,0,0,0,0,0,0,0,0,0,0,0,0,false,"AWAITING_MONTHLY_DISCLOSURE"
"153240","Union Short Term Fund - Regular Plan - Growth Option","Union Mutual Fund","UNION_MF","INF582M01KK1","REGULAR","GROWTH","","SOURCE_UNAVAILABLE","AMC_MONTHLY_PORTFOLIO","https://www.unionmf.com/statutory-disclosures/monthly-portfolio","",0,0,0,0,0,0,0,0,0,0,0,0,0,0,0,false,"AWAITING_MONTHLY_DISCLOSURE"
"129647","Union Small Cap Fund - Regular Plan - Growth Option","Union Mutual Fund","UNION_MF","INF582M01BY1","REGULAR","GROWTH","","SOURCE_UNAVAILABLE","AMC_MONTHLY_PORTFOLIO","https://www.unionmf.com/statutory-disclosures/monthly-portfolio","",0,0,0,0,0,0,0,0,0,0,0,0,0,0,0,false,"AWAITING_MONTHLY_DISCLOSURE"
"153652","Union Ultra Short to Short Term Fund - Regular Plan - Growth Option","Union Mutual Fund","UNION_MF","INF582M01LU8","REGULAR","GROWTH","","SOURCE_UNAVAILABLE","AMC_MONTHLY_PORTFOLIO","https://www.unionmf.com/statutory-disclosures/monthly-portfolio","",0,0,0,0,0,0,0,0,0,0,0,0,0,0,0,false,"AWAITING_MONTHLY_DISCLOSURE"
"145471","Union Value Fund - Regular Plan - Growth Option","Union Mutual Fund","UNION_MF","INF582M01EO6","REGULAR","GROWTH","","SOURCE_UNAVAILABLE","AMC_MONTHLY_PORTFOLIO","https://www.unionmf.com/statutory-disclosures/monthly-portfolio","",0,0,0,0,0,0,0,0,0,0,0,0,0,0,0,false,"AWAITING_MONTHLY_DISCLOSURE"
"104075","UTI - Arbitrage Fund - Regular Plan - Growth","UTI Mutual Fund","UTI_MF","INF789FB1RJ0","REGULAR","GROWTH","","SOURCE_UNAVAILABLE","AMC_MONTHLY_PORTFOLIO","https://www.utimf.com/statutory-disclosures/monthly-portfolio","",0,0,0,0,0,0,0,0,0,0,0,0,0,0,0,false,"AWAITING_MONTHLY_DISCLOSURE"
"102401","UTI - Banking and Financial Services Fund - Regular Plan - Growth","UTI Mutual Fund","UTI_MF","INF789F01372","REGULAR","GROWTH","","SOURCE_UNAVAILABLE","AMC_MONTHLY_PORTFOLIO","https://www.utimf.com/statutory-disclosures/monthly-portfolio","",0,0,0,0,0,0,0,0,0,0,0,0,0,0,0,false,"AWAITING_MONTHLY_DISCLOSURE"
"144345","UTI - Corporate Bond Fund - Regular Plan - Growth","UTI Mutual Fund","UTI_MF","INF789F1A447","REGULAR","GROWTH","","SOURCE_UNAVAILABLE","AMC_MONTHLY_PORTFOLIO","https://www.utimf.com/statutory-disclosures/monthly-portfolio","",0,0,0,0,0,0,0,0,0,0,0,0,0,0,0,false,"AWAITING_MONTHLY_DISCLOSURE"
"117981","UTI - Credit Risk Fund. - Regular Plan - Growth","UTI Mutual Fund","UTI_MF","INF789F01QZ1","REGULAR","GROWTH","","SOURCE_UNAVAILABLE","AMC_MONTHLY_PORTFOLIO","https://www.utimf.com/statutory-disclosures/monthly-portfolio","",0,0,0,0,0,0,0,0,0,0,0,0,0,0,0,false,"AWAITING_MONTHLY_DISCLOSURE"
"144484","UTI - Equity Savings Fund - Regular Plan - Growth","UTI Mutual Fund","UTI_MF","INF789F1A744","REGULAR","GROWTH","","SOURCE_UNAVAILABLE","AMC_MONTHLY_PORTFOLIO","https://www.utimf.com/statutory-disclosures/monthly-portfolio","",0,0,0,0,0,0,0,0,0,0,0,0,0,0,0,false,"AWAITING_MONTHLY_DISCLOSURE"
"100669","UTI - Flexi Cap Fund. - Regular Plan - Growth","UTI Mutual Fund","UTI_MF","INF789F01513","REGULAR","GROWTH","","SOURCE_UNAVAILABLE","AMC_MONTHLY_PORTFOLIO","https://www.utimf.com/statutory-disclosures/monthly-portfolio","",0,0,0,0,0,0,0,0,0,0,0,0,0,0,0,false,"AWAITING_MONTHLY_DISCLOSURE"
"102512","UTI - Gilt Fund - Regular Plan - Discontinued PF Plan Growth","UTI Mutual Fund","UTI_MF","INF789F01PT6","REGULAR","GROWTH","","SOURCE_UNAVAILABLE","AMC_MONTHLY_PORTFOLIO","https://www.utimf.com/statutory-disclosures/monthly-portfolio","",0,0,0,0,0,0,0,0,0,0,0,0,0,0,0,false,"AWAITING_MONTHLY_DISCLOSURE"
"102510","UTI - Gilt Fund - Regular Plan - Growth","UTI Mutual Fund","UTI_MF","INF789F01661","REGULAR","GROWTH","","SOURCE_UNAVAILABLE","AMC_MONTHLY_PORTFOLIO","https://www.utimf.com/statutory-disclosures/monthly-portfolio","",0,0,0,0,0,0,0,0,0,0,0,0,0,0,0,false,"AWAITING_MONTHLY_DISCLOSURE"
"100807","UTI - Healthcare Fund - Regular Plan - Growth","UTI Mutual Fund","UTI_MF","INF789F01695","REGULAR","GROWTH","","SOURCE_UNAVAILABLE","AMC_MONTHLY_PORTFOLIO","https://www.utimf.com/statutory-disclosures/monthly-portfolio","",0,0,0,0,0,0,0,0,0,0,0,0,0,0,0,false,"AWAITING_MONTHLY_DISCLOSURE"
"106425","UTI - India Consumer Fund - Regular Plan - Growth","UTI Mutual Fund","UTI_MF","INF789F01CE6","REGULAR","GROWTH","","SOURCE_UNAVAILABLE","AMC_MONTHLY_PORTFOLIO","https://www.utimf.com/statutory-disclosures/monthly-portfolio","",0,0,0,0,0,0,0,0,0,0,0,0,0,0,0,false,"AWAITING_MONTHLY_DISCLOSURE"
"102395","UTI - Infrastructure Fund - Regular Plan - Growth","UTI Mutual Fund","UTI_MF","INF789F01752","REGULAR","GROWTH","","SOURCE_UNAVAILABLE","AMC_MONTHLY_PORTFOLIO","https://www.utimf.com/statutory-disclosures/monthly-portfolio","",0,0,0,0,0,0,0,0,0,0,0,0,0,0,0,false,"AWAITING_MONTHLY_DISCLOSURE"
"100651","UTI - Large Cap Fund - Regular Plan - Growth","UTI Mutual Fund","UTI_MF","INF789F01976","REGULAR","GROWTH","","SOURCE_UNAVAILABLE","AMC_MONTHLY_PORTFOLIO","https://www.utimf.com/statutory-disclosures/monthly-portfolio","",0,0,0,0,0,0,0,0,0,0,0,0,0,0,0,false,"AWAITING_MONTHLY_DISCLOSURE"
"102009","UTI - Liquid Fund - Regular Plan - Discontinued Growth","UTI Mutual Fund","UTI_MF","INF789F1AF44","REGULAR","GROWTH","","SOURCE_UNAVAILABLE","AMC_MONTHLY_PORTFOLIO","https://www.utimf.com/statutory-disclosures/monthly-portfolio","",0,0,0,0,0,0,0,0,0,0,0,0,0,0,0,false,"AWAITING_MONTHLY_DISCLOSURE"
"102012","UTI - Liquid Fund - Regular Plan - Growth","UTI Mutual Fund","UTI_MF","INF789F1AF85","REGULAR","GROWTH","","SOURCE_UNAVAILABLE","AMC_MONTHLY_PORTFOLIO","https://www.utimf.com/statutory-disclosures/monthly-portfolio","",0,0,0,0,0,0,0,0,0,0,0,0,0,0,0,false,"AWAITING_MONTHLY_DISCLOSURE"
"100740","UTI - MNC Fund - Regular Plan - Growth","UTI Mutual Fund","UTI_MF","INF789F01844","REGULAR","GROWTH","","SOURCE_UNAVAILABLE","AMC_MONTHLY_PORTFOLIO","https://www.utimf.com/statutory-disclosures/monthly-portfolio","",0,0,0,0,0,0,0,0,0,0,0,0,0,0,0,false,"AWAITING_MONTHLY_DISCLOSURE"
"102394","UTI - Mid Cap Fund - Regular Plan - Growth","UTI Mutual Fund","UTI_MF","INF789F01810","REGULAR","GROWTH","","SOURCE_UNAVAILABLE","AMC_MONTHLY_PORTFOLIO","https://www.utimf.com/statutory-disclosures/monthly-portfolio","",0,0,0,0,0,0,0,0,0,0,0,0,0,0,0,false,"AWAITING_MONTHLY_DISCLOSURE"
"100723","UTI - Money Market Fund - Regular Plan - Discontinued Growth","UTI Mutual Fund","UTI_MF","INF789F01BF5","REGULAR","GROWTH","","SOURCE_UNAVAILABLE","AMC_MONTHLY_PORTFOLIO","https://www.utimf.com/statutory-disclosures/monthly-portfolio","",0,0,0,0,0,0,0,0,0,0,0,0,0,0,0,false,"AWAITING_MONTHLY_DISCLOSURE"
"112077","UTI - Money Market Fund - Regular Plan - Growth","UTI Mutual Fund","UTI_MF","INF789F01PX8","REGULAR","GROWTH","","SOURCE_UNAVAILABLE","AMC_MONTHLY_PORTFOLIO","https://www.utimf.com/statutory-disclosures/monthly-portfolio","",0,0,0,0,0,0,0,0,0,0,0,0,0,0,0,false,"AWAITING_MONTHLY_DISCLOSURE"
"143340","UTI - Nifty Next 50 Index Fund - Regular Plan - Growth","UTI Mutual Fund","UTI_MF","INF789FC11T3","REGULAR","GROWTH","","SOURCE_UNAVAILABLE","AMC_MONTHLY_PORTFOLIO","https://www.utimf.com/statutory-disclosures/monthly-portfolio","",0,0,0,0,0,0,0,0,0,0,0,0,0,0,0,false,"AWAITING_MONTHLY_DISCLOSURE"
"100814","UTI - Overnight Fund - Regular Plan - Growth","UTI Mutual Fund","UTI_MF","INF789F01604","REGULAR","GROWTH","","SOURCE_UNAVAILABLE","AMC_MONTHLY_PORTFOLIO","https://www.utimf.com/statutory-disclosures/monthly-portfolio","",0,0,0,0,0,0,0,0,0,0,0,0,0,0,0,false,"AWAITING_MONTHLY_DISCLOSURE"
"102398","UTI - Transportation and Logistics Fund - Regular Plan - Growth","UTI Mutual Fund","UTI_MF","INF789F01299","REGULAR","GROWTH","","SOURCE_UNAVAILABLE","AMC_MONTHLY_PORTFOLIO","https://www.utimf.com/statutory-disclosures/monthly-portfolio","",0,0,0,0,0,0,0,0,0,0,0,0,0,0,0,false,"AWAITING_MONTHLY_DISCLOSURE"
"150409","UTI 10 year Constant Maturity Gilt Fund - Regular Plan - Growth","UTI Mutual Fund","UTI_MF","INF789F1AVI6","REGULAR","GROWTH","","SOURCE_UNAVAILABLE","AMC_MONTHLY_PORTFOLIO","https://www.utimf.com/statutory-disclosures/monthly-portfolio","",0,0,0,0,0,0,0,0,0,0,0,0,0,0,0,false,"AWAITING_MONTHLY_DISCLOSURE"
"100684","UTI Aggressive Hybrid Fund - Regular Plan - Growth","UTI Mutual Fund","UTI_MF","INF789F01323","REGULAR","GROWTH","","SOURCE_UNAVAILABLE","AMC_MONTHLY_PORTFOLIO","https://www.utimf.com/statutory-disclosures/monthly-portfolio","",0,0,0,0,0,0,0,0,0,0,0,0,0,0,0,false,"AWAITING_MONTHLY_DISCLOSURE"
"106183","UTI Annual Interval Fund - I - Regular Plan - Growth","UTI Mutual Fund","UTI_MF","INF789F01FG4","REGULAR","GROWTH","","SOURCE_UNAVAILABLE","AMC_MONTHLY_PORTFOLIO","https://www.utimf.com/statutory-disclosures/monthly-portfolio","",0,0,0,0,0,0,0,0,0,0,0,0,0,0,0,false,"AWAITING_MONTHLY_DISCLOSURE"
"151763","UTI BSE Housing Index Fund - Regular Plan - Growth","UTI Mutual Fund","UTI_MF","INF789F1AYS9","REGULAR","GROWTH","","SOURCE_UNAVAILABLE","AMC_MONTHLY_PORTFOLIO","https://www.utimf.com/statutory-disclosures/monthly-portfolio","",0,0,0,0,0,0,0,0,0,0,0,0,0,0,0,false,"AWAITING_MONTHLY_DISCLOSURE"
"154698","UTI BSE India Sector Leaders Exchange Traded Fund - Regular Plan - Growth","UTI Mutual Fund","UTI_MF","INF789F1AH42","REGULAR","GROWTH","","SOURCE_UNAVAILABLE","AMC_MONTHLY_PORTFOLIO","https://www.utimf.com/statutory-disclosures/monthly-portfolio","",0,0,0,0,0,0,0,0,0,0,0,0,0,0,0,false,"AWAITING_MONTHLY_DISCLOSURE"
"154700","UTI BSE India Sector Leaders Index Fund - Regular Plan - Growth","UTI Mutual Fund","UTI_MF","INF789F1AH59","REGULAR","GROWTH","","SOURCE_UNAVAILABLE","AMC_MONTHLY_PORTFOLIO","https://www.utimf.com/statutory-disclosures/monthly-portfolio","",0,0,0,0,0,0,0,0,0,0,0,0,0,0,0,false,"AWAITING_MONTHLY_DISCLOSURE"
"149880","UTI BSE Low Volatility Index Fund - Regular Plan - Growth","UTI Mutual Fund","UTI_MF","INF789F1AVE5","REGULAR","GROWTH","","SOURCE_UNAVAILABLE","AMC_MONTHLY_PORTFOLIO","https://www.utimf.com/statutory-disclosures/monthly-portfolio","",0,0,0,0,0,0,0,0,0,0,0,0,0,0,0,false,"AWAITING_MONTHLY_DISCLOSURE"
"149802","UTI BSE Sensex Index Fund - Regular Plan - Growth","UTI Mutual Fund","UTI_MF","INF789F1AVC9","REGULAR","GROWTH","","SOURCE_UNAVAILABLE","AMC_MONTHLY_PORTFOLIO","https://www.utimf.com/statutory-disclosures/monthly-portfolio","",0,0,0,0,0,0,0,0,0,0,0,0,0,0,0,false,"AWAITING_MONTHLY_DISCLOSURE"
"151882","UTI Balanced Advantage Fund - Regular Plan - Growth","UTI Mutual Fund","UTI_MF","INF789F1AYT7","REGULAR","GROWTH","","SOURCE_UNAVAILABLE","AMC_MONTHLY_PORTFOLIO","https://www.utimf.com/statutory-disclosures/monthly-portfolio","",0,0,0,0,0,0,0,0,0,0,0,0,0,0,0,false,"AWAITING_MONTHLY_DISCLOSURE"
"126939","UTI Banking & PSU Debt Fund - Regular Plan - Growth","UTI Mutual Fund","UTI_MF","INF789F014Z9","REGULAR","GROWTH","","SOURCE_UNAVAILABLE","AMC_MONTHLY_PORTFOLIO","https://www.utimf.com/statutory-disclosures/monthly-portfolio","",0,0,0,0,0,0,0,0,0,0,0,0,0,0,0,false,"AWAITING_MONTHLY_DISCLOSURE"
"151184","UTI CRISIL SDL Maturity April 2033 Index Fund - Regular Plan - Growth","UTI Mutual Fund","UTI_MF","INF789F1AWW5","REGULAR","GROWTH","","SOURCE_UNAVAILABLE","AMC_MONTHLY_PORTFOLIO","https://www.utimf.com/statutory-disclosures/monthly-portfolio","",0,0,0,0,0,0,0,0,0,0,0,0,0,0,0,false,"AWAITING_MONTHLY_DISCLOSURE"
"151238","UTI CRISIL SDL Maturity June 2027 Index Fund - Regular Plan - Growth","UTI Mutual Fund","UTI_MF","INF789F1AWY1","REGULAR","GROWTH","","SOURCE_UNAVAILABLE","AMC_MONTHLY_PORTFOLIO","https://www.utimf.com/statutory-disclosures/monthly-portfolio","",0,0,0,0,0,0,0,0,0,0,0,0,0,0,0,false,"AWAITING_MONTHLY_DISCLOSURE"
"102267","UTI Children's Equity Fund - Regular Plan - Growth","UTI Mutual Fund","UTI_MF","INF789F1AZT4","REGULAR","GROWTH","","SOURCE_UNAVAILABLE","AMC_MONTHLY_PORTFOLIO","https://www.utimf.com/statutory-disclosures/monthly-portfolio","",0,0,0,0,0,0,0,0,0,0,0,0,0,0,0,false,"AWAITING_MONTHLY_DISCLOSURE"
"100678","UTI Children's Hybrid Fund - Regular Plan - Growth","UTI Mutual Fund","UTI_MF","INF789F1AZP2","REGULAR","GROWTH","","SOURCE_UNAVAILABLE","AMC_MONTHLY_PORTFOLIO","https://www.utimf.com/statutory-disclosures/monthly-portfolio","",0,0,0,0,0,0,0,0,0,0,0,0,0,0,0,false,"AWAITING_MONTHLY_DISCLOSURE"
"102535","UTI Conservative Hybrid Fund - Regular Plan - Growth","UTI Mutual Fund","UTI_MF","INF789F01893","REGULAR","GROWTH","","SOURCE_UNAVAILABLE","AMC_MONTHLY_PORTFOLIO","https://www.utimf.com/statutory-disclosures/monthly-portfolio","",0,0,0,0,0,0,0,0,0,0,0,0,0,0,0,false,"AWAITING_MONTHLY_DISCLOSURE"
"113077","UTI Dynamic Term Fund - Regular Plan - Growth","UTI Mutual Fund","UTI_MF","INF789F01JQ5","REGULAR","GROWTH","","SOURCE_UNAVAILABLE","AMC_MONTHLY_PORTFOLIO","https://www.utimf.com/statutory-disclosures/monthly-portfolio","",0,0,0,0,0,0,0,0,0,0,0,0,0,0,0,false,"AWAITING_MONTHLY_DISCLOSURE"
"100821","UTI ELSS Tax Saver Fund - Regular Plan - Growth","UTI Mutual Fund","UTI_MF","INF789F01547","REGULAR","GROWTH","","SOURCE_UNAVAILABLE","AMC_MONTHLY_PORTFOLIO","https://www.utimf.com/statutory-disclosures/monthly-portfolio","",0,0,0,0,0,0,0,0,0,0,0,0,0,0,0,false,"AWAITING_MONTHLY_DISCLOSURE"
"151483","UTI Fixed Term Income Fund Series XXXVI - I (1574 Days) - Regular Plan - Growth","UTI Mutual Fund","UTI_MF","INF789F1AXN2","REGULAR","GROWTH","","SOURCE_UNAVAILABLE","AMC_MONTHLY_PORTFOLIO","https://www.utimf.com/statutory-disclosures/monthly-portfolio","",0,0,0,0,0,0,0,0,0,0,0,0,0,0,0,false,"AWAITING_MONTHLY_DISCLOSURE"
"145287","UTI Floating Interest Rates Fund - Regular Plan - Growth","UTI Mutual Fund","UTI_MF","INF789F1ACO4","REGULAR","GROWTH","","SOURCE_UNAVAILABLE","AMC_MONTHLY_PORTFOLIO","https://www.utimf.com/statutory-disclosures/monthly-portfolio","",0,0,0,0,0,0,0,0,0,0,0,0,0,0,0,false,"AWAITING_MONTHLY_DISCLOSURE"
"149090","UTI Focused Fund (30 stocks) - Regular Plan - Growth","UTI Mutual Fund","UTI_MF","INF789F1AUY5","REGULAR","GROWTH","","SOURCE_UNAVAILABLE","AMC_MONTHLY_PORTFOLIO","https://www.utimf.com/statutory-disclosures/monthly-portfolio","",0,0,0,0,0,0,0,0,0,0,0,0,0,0,0,false,"AWAITING_MONTHLY_DISCLOSURE"
"150715","UTI Gold ETF Fund of Fund - Regular Plan - Growth","UTI Mutual Fund","UTI_MF","INF789F1AWA1","REGULAR","GROWTH","","SOURCE_UNAVAILABLE","AMC_MONTHLY_PORTFOLIO","https://www.utimf.com/statutory-disclosures/monthly-portfolio","",0,0,0,0,0,0,0,0,0,0,0,0,0,0,0,false,"AWAITING_MONTHLY_DISCLOSURE"
"153441","UTI Income Plus Arbitrage Active Fund of Fund - Regular Plan - Growth","UTI Mutual Fund","UTI_MF","INF789F1AB63","REGULAR","GROWTH","","SOURCE_UNAVAILABLE","AMC_MONTHLY_PORTFOLIO","https://www.utimf.com/statutory-disclosures/monthly-portfolio","",0,0,0,0,0,0,0,0,0,0,0,0,0,0,0,false,"AWAITING_MONTHLY_DISCLOSURE"
"152086","UTI Innovation Fund - Regular Plan - Growth","UTI Mutual Fund","UTI_MF","INF789F1AYY7","REGULAR","GROWTH","","SOURCE_UNAVAILABLE","AMC_MONTHLY_PORTFOLIO","https://www.utimf.com/statutory-disclosures/monthly-portfolio","",0,0,0,0,0,0,0,0,0,0,0,0,0,0,0,false,"AWAITING_MONTHLY_DISCLOSURE"
"100664","UTI Large & Mid Cap Fund - Regular Plan - Growth","UTI Mutual Fund","UTI_MF","INF789F01869","REGULAR","GROWTH","","SOURCE_UNAVAILABLE","AMC_MONTHLY_PORTFOLIO","https://www.utimf.com/statutory-disclosures/monthly-portfolio","",0,0,0,0,0,0,0,0,0,0,0,0,0,0,0,false,"AWAITING_MONTHLY_DISCLOSURE"
"151527","UTI Long Term Fund - Regular Plan - Growth","UTI Mutual Fund","UTI_MF","INF789F1AXS1","REGULAR","GROWTH","","SOURCE_UNAVAILABLE","AMC_MONTHLY_PORTFOLIO","https://www.utimf.com/statutory-disclosures/monthly-portfolio","",0,0,0,0,0,0,0,0,0,0,0,0,0,0,0,false,"AWAITING_MONTHLY_DISCLOSURE"
"134499","UTI Medium Term Fund - Regular Plan - Growth","UTI Mutual Fund","UTI_MF","INF789FB1JU4","REGULAR","GROWTH","","SOURCE_UNAVAILABLE","AMC_MONTHLY_PORTFOLIO","https://www.utimf.com/statutory-disclosures/monthly-portfolio","",0,0,0,0,0,0,0,0,0,0,0,0,0,0,0,false,"AWAITING_MONTHLY_DISCLOSURE"
"100741","UTI Medium to Long Term Fund - Regular Plan - Growth","UTI Mutual Fund","UTI_MF","INF789F01406","REGULAR","GROWTH","","SOURCE_UNAVAILABLE","AMC_MONTHLY_PORTFOLIO","https://www.utimf.com/statutory-disclosures/monthly-portfolio","",0,0,0,0,0,0,0,0,0,0,0,0,0,0,0,false,"AWAITING_MONTHLY_DISCLOSURE"
"111599","UTI Multi Asset Allocation Fund - Regular Plan - Growth","UTI Mutual Fund","UTI_MF","INF789F01AP6","REGULAR","GROWTH","","SOURCE_UNAVAILABLE","AMC_MONTHLY_PORTFOLIO","https://www.utimf.com/statutory-disclosures/monthly-portfolio","",0,0,0,0,0,0,0,0,0,0,0,0,0,0,0,false,"AWAITING_MONTHLY_DISCLOSURE"
"153516","UTI Multi Cap Fund - Regular Plan - Growth","UTI Mutual Fund","UTI_MF","INF789F1AB71","REGULAR","GROWTH","","SOURCE_UNAVAILABLE","AMC_MONTHLY_PORTFOLIO","https://www.utimf.com/statutory-disclosures/monthly-portfolio","",0,0,0,0,0,0,0,0,0,0,0,0,0,0,0,false,"AWAITING_MONTHLY_DISCLOSURE"
"151488","UTI NIFTY SDL Plus AAA PSU Bond Apr 2028- 75:25 Index Fund - Regular Plan - Growth","UTI Mutual Fund","UTI_MF","INF789F1AXQ5","REGULAR","GROWTH","","SOURCE_UNAVAILABLE","AMC_MONTHLY_PORTFOLIO","https://www.utimf.com/statutory-disclosures/monthly-portfolio","",0,0,0,0,0,0,0,0,0,0,0,0,0,0,0,false,"AWAITING_MONTHLY_DISCLOSURE"
"148704","UTI Nifty 200 Momentum 30 Index Fund - Regular Plan - Growth","UTI Mutual Fund","UTI_MF","INF789F1AUS7","REGULAR","GROWTH","","SOURCE_UNAVAILABLE","AMC_MONTHLY_PORTFOLIO","https://www.utimf.com/statutory-disclosures/monthly-portfolio","",0,0,0,0,0,0,0,0,0,0,0,0,0,0,0,false,"AWAITING_MONTHLY_DISCLOSURE"
"152858","UTI Nifty 200 Quality 30 Index Fund - Regular Plan - Growth","UTI Mutual Fund","UTI_MF","INF789F1AZG1","REGULAR","GROWTH","","SOURCE_UNAVAILABLE","AMC_MONTHLY_PORTFOLIO","https://www.utimf.com/statutory-disclosures/monthly-portfolio","",0,0,0,0,0,0,0,0,0,0,0,0,0,0,0,false,"AWAITING_MONTHLY_DISCLOSURE"
"100822","UTI Nifty 50 Index Fund - Regular Plan - Growth","UTI Mutual Fund","UTI_MF","INF789F01JN2","REGULAR","GROWTH","2026-09-30","COMPLETE_VERIFIED","AMC_MONTHLY_PORTFOLIO","https://www.utimf.com/statutory-disclosures/monthly-portfolio","4557dba86b87cddf5da609b299af61abac9c29256ced66f2df93ac198286f2ca",50,50,50,50,10,50,0,0,0,0,0,0,0,0,0,false,"PARSED_AND_VERIFIED"
"151738","UTI Nifty 500 Value 50 Index Fund - Regular Plan - Growth","UTI Mutual Fund","UTI_MF","INF789F1AYO8","REGULAR","GROWTH","","SOURCE_UNAVAILABLE","AMC_MONTHLY_PORTFOLIO","https://www.utimf.com/statutory-disclosures/monthly-portfolio","",0,0,0,0,0,0,0,0,0,0,0,0,0,0,0,false,"AWAITING_MONTHLY_DISCLOSURE"
"153087","UTI Nifty Alpha Low-Volatility 30 Index Fund - Regular Plan - Growth","UTI Mutual Fund","UTI_MF","INF789F1AZL1","REGULAR","GROWTH","","SOURCE_UNAVAILABLE","AMC_MONTHLY_PORTFOLIO","https://www.utimf.com/statutory-disclosures/monthly-portfolio","",0,0,0,0,0,0,0,0,0,0,0,0,0,0,0,false,"AWAITING_MONTHLY_DISCLOSURE"
"153271","UTI Nifty India Manufacturing Index Fund - Regular Plan - Growth","UTI Mutual Fund","UTI_MF","INF789F1AB30","REGULAR","GROWTH","","SOURCE_UNAVAILABLE","AMC_MONTHLY_PORTFOLIO","https://www.utimf.com/statutory-disclosures/monthly-portfolio","",0,0,0,0,0,0,0,0,0,0,0,0,0,0,0,false,"AWAITING_MONTHLY_DISCLOSURE"
"153088","UTI Nifty Midcap 150 Index Fund - Regular Plan - Growth","UTI Mutual Fund","UTI_MF","INF789F1AZN7","REGULAR","GROWTH","","SOURCE_UNAVAILABLE","AMC_MONTHLY_PORTFOLIO","https://www.utimf.com/statutory-disclosures/monthly-portfolio","",0,0,0,0,0,0,0,0,0,0,0,0,0,0,0,false,"AWAITING_MONTHLY_DISCLOSURE"
"150312","UTI Nifty Midcap 150 Quality 50 Index Fund - Regular Plan - Growth","UTI Mutual Fund","UTI_MF","INF789F1AVG0","REGULAR","GROWTH","","SOURCE_UNAVAILABLE","AMC_MONTHLY_PORTFOLIO","https://www.utimf.com/statutory-disclosures/monthly-portfolio","",0,0,0,0,0,0,0,0,0,0,0,0,0,0,0,false,"AWAITING_MONTHLY_DISCLOSURE"
"153273","UTI Nifty Midsmallcap 400 Momentum Quality 100 Index Fund - Regular Plan - Growth","UTI Mutual Fund","UTI_MF","INF789F1AB06","REGULAR","GROWTH","","SOURCE_UNAVAILABLE","AMC_MONTHLY_PORTFOLIO","https://www.utimf.com/statutory-disclosures/monthly-portfolio","",0,0,0,0,0,0,0,0,0,0,0,0,0,0,0,false,"AWAITING_MONTHLY_DISCLOSURE"
"152865","UTI Nifty Private Bank Index Fund - Regular Plan - Growth","UTI Mutual Fund","UTI_MF","INF789F1AZI7","REGULAR","GROWTH","","SOURCE_UNAVAILABLE","AMC_MONTHLY_PORTFOLIO","https://www.utimf.com/statutory-disclosures/monthly-portfolio","",0,0,0,0,0,0,0,0,0,0,0,0,0,0,0,false,"AWAITING_MONTHLY_DISCLOSURE"
"151761","UTI Nifty50 Equal Weight Index Fund - Regular Plan - Growth","UTI Mutual Fund","UTI_MF","INF789F1AYQ3","REGULAR","GROWTH","","SOURCE_UNAVAILABLE","AMC_MONTHLY_PORTFOLIO","https://www.utimf.com/statutory-disclosures/monthly-portfolio","",0,0,0,0,0,0,0,0,0,0,0,0,0,0,0,false,"AWAITING_MONTHLY_DISCLOSURE"
"154198","UTI Nifty500 Shariah Index Fund - Regular Plan - Growth","UTI Mutual Fund","UTI_MF","INF789F1AC96","REGULAR","GROWTH","","SOURCE_UNAVAILABLE","AMC_MONTHLY_PORTFOLIO","https://www.utimf.com/statutory-disclosures/monthly-portfolio","",0,0,0,0,0,0,0,0,0,0,0,0,0,0,0,false,"AWAITING_MONTHLY_DISCLOSURE"
"153205","UTI Quant Fund - Regular Plan - Growth","UTI Mutual Fund","UTI_MF","INF789F1AA80","REGULAR","GROWTH","","SOURCE_UNAVAILABLE","AMC_MONTHLY_PORTFOLIO","https://www.utimf.com/statutory-disclosures/monthly-portfolio","",0,0,0,0,0,0,0,0,0,0,0,0,0,0,0,false,"AWAITING_MONTHLY_DISCLOSURE"
"100682","UTI Retirement Fund - Regular Plan - Growth","UTI Mutual Fund","UTI_MF","INF789F1AA56","REGULAR","GROWTH","","SOURCE_UNAVAILABLE","AMC_MONTHLY_PORTFOLIO","https://www.utimf.com/statutory-disclosures/monthly-portfolio","",0,0,0,0,0,0,0,0,0,0,0,0,0,0,0,false,"AWAITING_MONTHLY_DISCLOSURE"
"106384","UTI Short Term Fund - Regular Plan - Discontinued Growth Sub  Option","UTI Mutual Fund","UTI_MF","INF789F01AJ9","REGULAR","GROWTH","","SOURCE_UNAVAILABLE","AMC_MONTHLY_PORTFOLIO","https://www.utimf.com/statutory-disclosures/monthly-portfolio","",0,0,0,0,0,0,0,0,0,0,0,0,0,0,0,false,"AWAITING_MONTHLY_DISCLOSURE"
"106624","UTI Short Term Fund - Regular Plan - Growth","UTI Mutual Fund","UTI_MF","INF789F01QA4","REGULAR","GROWTH","","SOURCE_UNAVAILABLE","AMC_MONTHLY_PORTFOLIO","https://www.utimf.com/statutory-disclosures/monthly-portfolio","",0,0,0,0,0,0,0,0,0,0,0,0,0,0,0,false,"AWAITING_MONTHLY_DISCLOSURE"
"151732","UTI Silver ETF Fund of Fund - Regular Plan - Growth","UTI Mutual Fund","UTI_MF","INF789F1AYM2","REGULAR","GROWTH","","SOURCE_UNAVAILABLE","AMC_MONTHLY_PORTFOLIO","https://www.utimf.com/statutory-disclosures/monthly-portfolio","",0,0,0,0,0,0,0,0,0,0,0,0,0,0,0,false,"AWAITING_MONTHLY_DISCLOSURE"
"148617","UTI Small Cap Fund - Regular Plan - Growth","UTI Mutual Fund","UTI_MF","INF789F1AUO6","REGULAR","GROWTH","","SOURCE_UNAVAILABLE","AMC_MONTHLY_PORTFOLIO","https://www.utimf.com/statutory-disclosures/monthly-portfolio","",0,0,0,0,0,0,0,0,0,0,0,0,0,0,0,false,"AWAITING_MONTHLY_DISCLOSURE"
"102532","UTI Ultra Short Term Fund - Regular Plan - Growth","UTI Mutual Fund","UTI_MF","INF789F01570","REGULAR","GROWTH","","SOURCE_UNAVAILABLE","AMC_MONTHLY_PORTFOLIO","https://www.utimf.com/statutory-disclosures/monthly-portfolio","",0,0,0,0,0,0,0,0,0,0,0,0,0,0,0,false,"AWAITING_MONTHLY_DISCLOSURE"
"102540","UTI Ultra Short to Short Term Fund - Regular Plan - Discontinued Growth","UTI Mutual Fund","UTI_MF","INF789F01331","REGULAR","GROWTH","","SOURCE_UNAVAILABLE","AMC_MONTHLY_PORTFOLIO","https://www.utimf.com/statutory-disclosures/monthly-portfolio","",0,0,0,0,0,0,0,0,0,0,0,0,0,0,0,false,"AWAITING_MONTHLY_DISCLOSURE"
"102544","UTI Ultra Short to Short Term Fund - Regular Plan - Growth","UTI Mutual Fund","UTI_MF","INF789F01OT9","REGULAR","GROWTH","","SOURCE_UNAVAILABLE","AMC_MONTHLY_PORTFOLIO","https://www.utimf.com/statutory-disclosures/monthly-portfolio","",0,0,0,0,0,0,0,0,0,0,0,0,0,0,0,false,"AWAITING_MONTHLY_DISCLOSURE"
"103098","UTI Value Fund - Regular Plan - Growth","UTI Mutual Fund","UTI_MF","INF789F01AG5","REGULAR","GROWTH","","SOURCE_UNAVAILABLE","AMC_MONTHLY_PORTFOLIO","https://www.utimf.com/statutory-disclosures/monthly-portfolio","",0,0,0,0,0,0,0,0,0,0,0,0,0,0,0,false,"AWAITING_MONTHLY_DISCLOSURE"
"154393","WhiteOak Capital Aggressive Hybrid Fund - Regular Plan - Growth Option","WhiteOak Capital Mutual Fund","WHITEOAK_CAPITA_MF","INF03VN01AG6","REGULAR","GROWTH","","SOURCE_UNAVAILABLE","AMC_MONTHLY_PORTFOLIO","https://mf.whiteoakamc.com/statutory-disclosures/monthly-portfolio","",0,0,0,0,0,0,0,0,0,0,0,0,0,0,0,false,"AWAITING_MONTHLY_DISCLOSURE"
"152850","WhiteOak Capital Arbitrage Fund - Regular Plan - Growth Option","WhiteOak Capital Mutual Fund","WHITEOAK_CAPITA_MF","INF03VN01928","REGULAR","GROWTH","","SOURCE_UNAVAILABLE","AMC_MONTHLY_PORTFOLIO","https://mf.whiteoakamc.com/statutory-disclosures/monthly-portfolio","",0,0,0,0,0,0,0,0,0,0,0,0,0,0,0,false,"AWAITING_MONTHLY_DISCLOSURE"
"151268","WhiteOak Capital Balanced Advantage Fund - Regular Plan - Growth Option","WhiteOak Capital Mutual Fund","WHITEOAK_CAPITA_MF","INF03VN01720","REGULAR","GROWTH","","SOURCE_UNAVAILABLE","AMC_MONTHLY_PORTFOLIO","https://mf.whiteoakamc.com/statutory-disclosures/monthly-portfolio","",0,0,0,0,0,0,0,0,0,0,0,0,0,0,0,false,"AWAITING_MONTHLY_DISCLOSURE"
"152133","WhiteOak Capital Balanced Hybrid Fund - Regular Plan - Growth Option","WhiteOak Capital Mutual Fund","WHITEOAK_CAPITA_MF","INF03VN01811","REGULAR","GROWTH","","SOURCE_UNAVAILABLE","AMC_MONTHLY_PORTFOLIO","https://mf.whiteoakamc.com/statutory-disclosures/monthly-portfolio","",0,0,0,0,0,0,0,0,0,0,0,0,0,0,0,false,"AWAITING_MONTHLY_DISCLOSURE"
"152322","WhiteOak Capital Banking & Financial Services Fund - Regular Plan - Growth Option","WhiteOak Capital Mutual Fund","WHITEOAK_CAPITA_MF","INF03VN01852","REGULAR","GROWTH","","SOURCE_UNAVAILABLE","AMC_MONTHLY_PORTFOLIO","https://mf.whiteoakamc.com/statutory-disclosures/monthly-portfolio","",0,0,0,0,0,0,0,0,0,0,0,0,0,0,0,false,"AWAITING_MONTHLY_DISCLOSURE"
"154162","WhiteOak Capital Consumption Opportunities Fund - Regular Plan - Growth Option","WhiteOak Capital Mutual Fund","WHITEOAK_CAPITA_MF","INF03VN01AE1","REGULAR","GROWTH","","SOURCE_UNAVAILABLE","AMC_MONTHLY_PORTFOLIO","https://mf.whiteoakamc.com/statutory-disclosures/monthly-portfolio","",0,0,0,0,0,0,0,0,0,0,0,0,0,0,0,false,"AWAITING_MONTHLY_DISCLOSURE"
"152914","WhiteOak Capital Digital Bharat Fund - Regular Plan - Growth Option","WhiteOak Capital Mutual Fund","WHITEOAK_CAPITA_MF","INF03VN01944","REGULAR","GROWTH","","SOURCE_UNAVAILABLE","AMC_MONTHLY_PORTFOLIO","https://mf.whiteoakamc.com/statutory-disclosures/monthly-portfolio","",0,0,0,0,0,0,0,0,0,0,0,0,0,0,0,false,"AWAITING_MONTHLY_DISCLOSURE"
"150589","WhiteOak Capital ELSS Tax Saver Fund - Regular Plan - Growth Option","WhiteOak Capital Mutual Fund","WHITEOAK_CAPITA_MF","INF03VN01647","REGULAR","GROWTH","","SOURCE_UNAVAILABLE","AMC_MONTHLY_PORTFOLIO","https://mf.whiteoakamc.com/statutory-disclosures/monthly-portfolio","",0,0,0,0,0,0,0,0,0,0,0,0,0,0,0,false,"AWAITING_MONTHLY_DISCLOSURE"
"152963","WhiteOak Capital ESG Best-In-Class Strategy Fund - Regular Plan - Growth Option","WhiteOak Capital Mutual Fund","WHITEOAK_CAPITA_MF","INF03VN01969","REGULAR","GROWTH","","SOURCE_UNAVAILABLE","AMC_MONTHLY_PORTFOLIO","https://mf.whiteoakamc.com/statutory-disclosures/monthly-portfolio","",0,0,0,0,0,0,0,0,0,0,0,0,0,0,0,false,"AWAITING_MONTHLY_DISCLOSURE"
"153356","WhiteOak Capital Equity Savings Fund - Regular Plan - Growth Option","WhiteOak Capital Mutual Fund","WHITEOAK_CAPITA_MF","INF03VN01AC5","REGULAR","GROWTH","","SOURCE_UNAVAILABLE","AMC_MONTHLY_PORTFOLIO","https://mf.whiteoakamc.com/statutory-disclosures/monthly-portfolio","",0,0,0,0,0,0,0,0,0,0,0,0,0,0,0,false,"AWAITING_MONTHLY_DISCLOSURE"
"150347","WhiteOak Capital Flexi Cap Fund - Regular Plan - Growth Option","WhiteOak Capital Mutual Fund","WHITEOAK_CAPITA_MF","INF03VN01506","REGULAR","GROWTH","","SOURCE_UNAVAILABLE","AMC_MONTHLY_PORTFOLIO","https://mf.whiteoakamc.com/statutory-disclosures/monthly-portfolio","",0,0,0,0,0,0,0,0,0,0,0,0,0,0,0,false,"AWAITING_MONTHLY_DISCLOSURE"
"152225","WhiteOak Capital Large & Mid Cap Fund - Regular Plan - Growth Option","WhiteOak Capital Mutual Fund","WHITEOAK_CAPITA_MF","INF03VN01837","REGULAR","GROWTH","","SOURCE_UNAVAILABLE","AMC_MONTHLY_PORTFOLIO","https://mf.whiteoakamc.com/statutory-disclosures/monthly-portfolio","",0,0,0,0,0,0,0,0,0,0,0,0,0,0,0,false,"AWAITING_MONTHLY_DISCLOSURE"
"150799","WhiteOak Capital Large Cap Fund - Regular Plan - Growth Option","WhiteOak Capital Mutual Fund","WHITEOAK_CAPITA_MF","INF03VN01662","REGULAR","GROWTH","","SOURCE_UNAVAILABLE","AMC_MONTHLY_PORTFOLIO","https://mf.whiteoakamc.com/statutory-disclosures/monthly-portfolio","",0,0,0,0,0,0,0,0,0,0,0,0,0,0,0,false,"AWAITING_MONTHLY_DISCLOSURE"
"145968","WhiteOak Capital Liquid Fund - Regular Plan - Growth Option","WhiteOak Capital Mutual Fund","WHITEOAK_CAPITA_MF","INF03VN01126","REGULAR","GROWTH","","SOURCE_UNAVAILABLE","AMC_MONTHLY_PORTFOLIO","https://mf.whiteoakamc.com/statutory-disclosures/monthly-portfolio","",0,0,0,0,0,0,0,0,0,0,0,0,0,0,0,false,"AWAITING_MONTHLY_DISCLOSURE"
"150583","WhiteOak Capital Mid Cap Fund - Regular Plan - Growth Option","WhiteOak Capital Mutual Fund","WHITEOAK_CAPITA_MF","INF03VN01563","REGULAR","GROWTH","","SOURCE_UNAVAILABLE","AMC_MONTHLY_PORTFOLIO","https://mf.whiteoakamc.com/statutory-disclosures/monthly-portfolio","",0,0,0,0,0,0,0,0,0,0,0,0,0,0,0,false,"AWAITING_MONTHLY_DISCLOSURE"
"151746","WhiteOak Capital Multi Asset Allocation Fund - Regular Plan - Growth Option","WhiteOak Capital Mutual Fund","WHITEOAK_CAPITA_MF","INF03VN01779","REGULAR","GROWTH","","SOURCE_UNAVAILABLE","AMC_MONTHLY_PORTFOLIO","https://mf.whiteoakamc.com/statutory-disclosures/monthly-portfolio","",0,0,0,0,0,0,0,0,0,0,0,0,0,0,0,false,"AWAITING_MONTHLY_DISCLOSURE"
"152072","WhiteOak Capital Multi Cap Fund - Regular Plan - Growth Option","WhiteOak Capital Mutual Fund","WHITEOAK_CAPITA_MF","INF03VN01795","REGULAR","GROWTH","","SOURCE_UNAVAILABLE","AMC_MONTHLY_PORTFOLIO","https://mf.whiteoakamc.com/statutory-disclosures/monthly-portfolio","",0,0,0,0,0,0,0,0,0,0,0,0,0,0,0,false,"AWAITING_MONTHLY_DISCLOSURE"
"152348","WhiteOak Capital Pharma and Healthcare Fund - Regular Plan - Growth Option","WhiteOak Capital Mutual Fund","WHITEOAK_CAPITA_MF","INF03VN01878","REGULAR","GROWTH","","SOURCE_UNAVAILABLE","AMC_MONTHLY_PORTFOLIO","https://mf.whiteoakamc.com/statutory-disclosures/monthly-portfolio","",0,0,0,0,0,0,0,0,0,0,0,0,0,0,0,false,"AWAITING_MONTHLY_DISCLOSURE"
"153190","WhiteOak Capital Quality Equity Fund - Regular Plan - Growth Option","WhiteOak Capital Mutual Fund","WHITEOAK_CAPITA_MF","INF03VN01985","REGULAR","GROWTH","","SOURCE_UNAVAILABLE","AMC_MONTHLY_PORTFOLIO","https://mf.whiteoakamc.com/statutory-disclosures/monthly-portfolio","",0,0,0,0,0,0,0,0,0,0,0,0,0,0,0,false,"AWAITING_MONTHLY_DISCLOSURE"
"152643","WhiteOak Capital Special Opportunities Fund - Regular Plan - Growth Option","WhiteOak Capital Mutual Fund","WHITEOAK_CAPITA_MF","INF03VN01894","REGULAR","GROWTH","","SOURCE_UNAVAILABLE","AMC_MONTHLY_PORTFOLIO","https://mf.whiteoakamc.com/statutory-disclosures/monthly-portfolio","",0,0,0,0,0,0,0,0,0,0,0,0,0,0,0,false,"AWAITING_MONTHLY_DISCLOSURE"
"147307","WhiteOak Capital Ultra Short Term Fund - Regular Plan - Growth Option","WhiteOak Capital Mutual Fund","WHITEOAK_CAPITA_MF","INF03VN01282","REGULAR","GROWTH","","SOURCE_UNAVAILABLE","AMC_MONTHLY_PORTFOLIO","https://mf.whiteoakamc.com/statutory-disclosures/monthly-portfolio","",0,0,0,0,0,0,0,0,0,0,0,0,0,0,0,false,"AWAITING_MONTHLY_DISCLOSURE"