schemeCode,schemeName,amcCode,portfolioAsOf,sourceDocument,sourceHash,sourceRows,parsedRows,dbRows,apiRows,weightMismatchCount,invalidWeightCount,sortMismatchCount,nullWeightCount,status
"152075","360 ONE Balanced Hybrid Fund - Regular Plan - GROWTH Option","360_ONE_MF","","","",0,0,0,0,0,0,0,0,"SOURCE_UNAVAILABLE"
"122612","360 ONE Dynamic Term Fund - Regular Plan - GROWTH Option","360_ONE_MF","","","",0,0,0,0,0,0,0,0,"SOURCE_UNAVAILABLE"
"122711","360 ONE Dynamic Term Fund - Regular Plan - GROWTH Option","360_ONE_MF","","","",0,0,0,0,0,0,0,0,"SOURCE_UNAVAILABLE"
"151164","360 ONE ELSS Tax Saver Nifty 50 Index Fund - Regular Plan - GROWTH Option","360_ONE_MF","","","",0,0,0,0,0,0,0,0,"SOURCE_UNAVAILABLE"
"151799","360 ONE Flexicap Fund - Regular Plan - GROWTH Option","360_ONE_MF","","","",0,0,0,0,0,0,0,0,"SOURCE_UNAVAILABLE"
"131578","360 ONE Focused Fund - Regular Plan - GROWTH Option","360_ONE_MF","","","",0,0,0,0,0,0,0,0,"SOURCE_UNAVAILABLE"
"125259","360 ONE Liquid Fund - Regular Plan - GROWTH Option","360_ONE_MF","","","",0,0,0,0,0,0,0,0,"SOURCE_UNAVAILABLE"
"153772","360 ONE Multi Asset Allocation Fund - Regular Plan - GROWTH Option","360_ONE_MF","","","",0,0,0,0,0,0,0,0,"SOURCE_UNAVAILABLE"
"153700","360 ONE Overnight Fund - Regular Plan - GROWTH Option","360_ONE_MF","","","",0,0,0,0,0,0,0,0,"SOURCE_UNAVAILABLE"
"149317","360 ONE QUANT FUND - Regular Plan - GROWTH Option","360_ONE_MF","","","",0,0,0,0,0,0,0,0,"SOURCE_UNAVAILABLE"
"154581","ASK Liquid Fund - Regular Plan - Growth","ABAKKUS_MF","","","",0,0,0,0,0,0,0,0,"SOURCE_UNAVAILABLE"
"154041","Abakkus Flexi Cap Fund - Regular Plan - Growth","ABAKKUS_MF","","","",0,0,0,0,0,0,0,0,"SOURCE_UNAVAILABLE"
"154478","Abakkus Large & Mid Cap Fund - Regular Plan - Growth","ABAKKUS_MF","","","",0,0,0,0,0,0,0,0,"SOURCE_UNAVAILABLE"
"154047","Abakkus Liquid Fund - Regular Plan - Growth","ABAKKUS_MF","","","",0,0,0,0,0,0,0,0,"SOURCE_UNAVAILABLE"
"154214","Abakkus Small Cap Fund - Regular Plan - Growth","ABAKKUS_MF","","","",0,0,0,0,0,0,0,0,"SOURCE_UNAVAILABLE"
"112088","ADITYA BIRLA SUN LIFE ARBITRAGE FUND - Regular Plan - GROWTH","ADITYA_BIRLA_SU_MF","","","",0,0,0,0,0,0,0,0,"SOURCE_UNAVAILABLE"
"146409","ADITYA BIRLA SUN LIFE BAL BHAVISHYA YOJNA - Regular Plan - GROWTH","ADITYA_BIRLA_SU_MF","","","",0,0,0,0,0,0,0,0,"SOURCE_UNAVAILABLE"
"145481","ADITYA BIRLA SUN LIFE OVERNIGHT FUND - Regular Plan - GROWTH","ADITYA_BIRLA_SU_MF","","","",0,0,0,0,0,0,0,0,"SOURCE_UNAVAILABLE"
"103155","Aditya Birla Sun Life Aggressive Hybrid Fund - Regular Plan - GROWTH","ADITYA_BIRLA_SU_MF","","","",0,0,0,0,0,0,0,0,"SOURCE_UNAVAILABLE"
"132174","Aditya Birla Sun Life Aggressive Hybrid Omni FOF - Regular Plan - GROWTH","ADITYA_BIRLA_SU_MF","","","",0,0,0,0,0,0,0,0,"SOURCE_UNAVAILABLE"
"153735","Aditya Birla Sun Life BSE 500 Momentum 50 Index Fund - Regular Plan - GROWTH","ADITYA_BIRLA_SU_MF","","","",0,0,0,0,0,0,0,0,"SOURCE_UNAVAILABLE"
"153742","Aditya Birla Sun Life BSE 500 Quality 50 Index Fund - Regular Plan - GROWTH","ADITYA_BIRLA_SU_MF","","","",0,0,0,0,0,0,0,0,"SOURCE_UNAVAILABLE"
"153080","Aditya Birla Sun Life BSE India Infrastructure Index Fund - Regular Plan - GROWTH","ADITYA_BIRLA_SU_MF","","","",0,0,0,0,0,0,0,0,"SOURCE_UNAVAILABLE"
"131666","Aditya Birla Sun Life Balanced Advantage Fund - Regular Plan - GROWTH","ADITYA_BIRLA_SU_MF","","","",0,0,0,0,0,0,0,0,"SOURCE_UNAVAILABLE"
"108273","Aditya Birla Sun Life Banking & PSU Debt Fund - Regular Plan - GROWTH","ADITYA_BIRLA_SU_MF","","","",0,0,0,0,0,0,0,0,"SOURCE_UNAVAILABLE"
"125595","Aditya Birla Sun Life Banking and Financial Services Fund - Regular Plan - GROWTH","ADITYA_BIRLA_SU_MF","","","",0,0,0,0,0,0,0,0,"SOURCE_UNAVAILABLE"
"149296","Aditya Birla Sun Life Business Cycle Fund - Regular Plan - GROWTH","ADITYA_BIRLA_SU_MF","","","",0,0,0,0,0,0,0,0,"SOURCE_UNAVAILABLE"
"151428","Aditya Birla Sun Life CRISIL IBX SDL Jun 2032 Index Fund - Regular Plan - GROWTH","ADITYA_BIRLA_SU_MF","","","",0,0,0,0,0,0,0,0,"SOURCE_UNAVAILABLE"
"153127","Aditya Birla Sun Life Conglomerate Fund - Regular Plan - GROWTH","ADITYA_BIRLA_SU_MF","","","",0,0,0,0,0,0,0,0,"SOURCE_UNAVAILABLE"
"132178","Aditya Birla Sun Life Conservative Hybrid Active FOF - Regular Plan - GROWTH","ADITYA_BIRLA_SU_MF","","","",0,0,0,0,0,0,0,0,"SOURCE_UNAVAILABLE"
"101818","Aditya Birla Sun Life Conservative Hybrid Fund - Regular Plan - GROWTH","ADITYA_BIRLA_SU_MF","","","",0,0,0,0,0,0,0,0,"SOURCE_UNAVAILABLE"
"103111","Aditya Birla Sun Life Consumption Fund - Regular Plan - GROWTH","ADITYA_BIRLA_SU_MF","","","",0,0,0,0,0,0,0,0,"SOURCE_UNAVAILABLE"
"103178","Aditya Birla Sun Life Corporate Bond Fund - Regular Plan - GROWTH","ADITYA_BIRLA_SU_MF","","","",0,0,0,0,0,0,0,0,"SOURCE_UNAVAILABLE"
"134383","Aditya Birla Sun Life Credit Risk Fund - Regular Plan - GROWTH","ADITYA_BIRLA_SU_MF","","","",0,0,0,0,0,0,0,0,"SOURCE_UNAVAILABLE"
"150703","Aditya Birla Sun Life Crisil IBX 50:50 Gilt Plus SDL Apr 2028 Index Fund - Regular Plan - GROWTH","ADITYA_BIRLA_SU_MF","","","",0,0,0,0,0,0,0,0,"SOURCE_UNAVAILABLE"
"150351","Aditya Birla Sun Life Crisil IBX 60:40 SDL+AAA PSU-APR 2027 Index Fund - Regular Plan - GROWTH","ADITYA_BIRLA_SU_MF","","","",0,0,0,0,0,0,0,0,"SOURCE_UNAVAILABLE"
"150777","Aditya Birla Sun Life Crisil IBX Gilt -Apr 2029 Index Fund - Regular Plan - GROWTH","ADITYA_BIRLA_SU_MF","","","",0,0,0,0,0,0,0,0,"SOURCE_UNAVAILABLE"
"151583","Aditya Birla Sun Life Crisil IBX Gilt Apr 2028 Index Fund - Regular Plan - GROWTH","ADITYA_BIRLA_SU_MF","","","",0,0,0,0,0,0,0,0,"SOURCE_UNAVAILABLE"
"152268","Aditya Birla Sun Life Crisil IBX Gilt April 2033 Index Fund - Regular Plan - GROWTH","ADITYA_BIRLA_SU_MF","","","",0,0,0,0,0,0,0,0,"SOURCE_UNAVAILABLE"
"152660","Aditya Birla Sun Life Crisil IBX Gilt June 2027 Index Fund - Regular Plan - GROWTH","ADITYA_BIRLA_SU_MF","","","",0,0,0,0,0,0,0,0,"SOURCE_UNAVAILABLE"
"153033","Aditya Birla Sun Life Crisil-IBX AAA Financial Services Index-Sep 2027 Fund - Regular Plan - Growth","ADITYA_BIRLA_SU_MF","","","",0,0,0,0,0,0,0,0,"SOURCE_UNAVAILABLE"
"152945","Aditya Birla Sun Life Crisil-IBX AAA NBFC-HFC INDEX-Sep 2026 Fund - Regular Plan - Growth","ADITYA_BIRLA_SU_MF","","","",0,0,0,0,0,0,0,0,"SOURCE_UNAVAILABLE"
"153177","Aditya Birla Sun Life Crisil-IBX Financial Services 3 to 6 months Debt Index Fund - Regular Plan - GROWTH","ADITYA_BIRLA_SU_MF","","","",0,0,0,0,0,0,0,0,"SOURCE_UNAVAILABLE"
"153445","Aditya Birla Sun Life Crisil-IBX Financial Services 9-12 Months Debt Index Fund - Regular Plan - GROWTH","ADITYA_BIRLA_SU_MF","","","",0,0,0,0,0,0,0,0,"SOURCE_UNAVAILABLE"
"103168","Aditya Birla Sun Life Digital India Fund - Regular Plan - GROWTH","ADITYA_BIRLA_SU_MF","","","",0,0,0,0,0,0,0,0,"SOURCE_UNAVAILABLE"
"132180","Aditya Birla Sun Life Dynamic Asset Allocation Omni FOF - Regular Plan - GROWTH","ADITYA_BIRLA_SU_MF","","","",0,0,0,0,0,0,0,0,"SOURCE_UNAVAILABLE"
"102767","Aditya Birla Sun Life Dynamic Term Fund - Regular Plan - Growth","ADITYA_BIRLA_SU_MF","","","",0,0,0,0,0,0,0,0,"SOURCE_UNAVAILABLE"
"107745","Aditya Birla Sun Life ELSS Tax Saver Fund - Regular Plan - GROWTH","ADITYA_BIRLA_SU_MF","","","",0,0,0,0,0,0,0,0,"SOURCE_UNAVAILABLE"
"148635","Aditya Birla Sun Life ESG Integration Strategy Fund - Regular Plan - GROWTH","ADITYA_BIRLA_SU_MF","","","",0,0,0,0,0,0,0,0,"SOURCE_UNAVAILABLE"
"132998","Aditya Birla Sun Life Equity Savings Fund - Regular Plan - GROWTH","ADITYA_BIRLA_SU_MF","","","",0,0,0,0,0,0,0,0,"SOURCE_UNAVAILABLE"
"103166","Aditya Birla Sun Life Flexi Cap Fund - Regular Plan - GROWTH","ADITYA_BIRLA_SU_MF","","","",0,0,0,0,0,0,0,0,"SOURCE_UNAVAILABLE"
"122644","Aditya Birla Sun Life Floating Interest Rates Fund - Regular Plan - GROWTH","ADITYA_BIRLA_SU_MF","","","",0,0,0,0,0,0,0,0,"SOURCE_UNAVAILABLE"
"103309","Aditya Birla Sun Life Focused Fund - Regular Plan - GROWTH","ADITYA_BIRLA_SU_MF","","","",0,0,0,0,0,0,0,0,"SOURCE_UNAVAILABLE"
"100058","Aditya Birla Sun Life Gilt Fund - Regular Plan - GROWTH","ADITYA_BIRLA_SU_MF","","","",0,0,0,0,0,0,0,0,"SOURCE_UNAVAILABLE"
"132138","Aditya Birla Sun Life Global Emerging Opportunities Fund - Regular Plan - GROWTH","ADITYA_BIRLA_SU_MF","","","",0,0,0,0,0,0,0,0,"SOURCE_UNAVAILABLE"
"132005","Aditya Birla Sun Life Global Excellence Equity Fund Of Fund - Regular Plan - GROWTH","ADITYA_BIRLA_SU_MF","","","",0,0,0,0,0,0,0,0,"SOURCE_UNAVAILABLE"
"116796","Aditya Birla Sun Life Gold Fund - Regular Plan - GROWTH","ADITYA_BIRLA_SU_MF","","","",0,0,0,0,0,0,0,0,"SOURCE_UNAVAILABLE"
"131896","Aditya Birla Sun Life Income Plus Arbitrage Active FOF - Regular Plan - GROWTH","ADITYA_BIRLA_SU_MF","","","",0,0,0,0,0,0,0,0,"SOURCE_UNAVAILABLE"
"103476","Aditya Birla Sun Life Infrastructure Fund - Regular Plan - GROWTH","ADITYA_BIRLA_SU_MF","","","",0,0,0,0,0,0,0,0,"SOURCE_UNAVAILABLE"
"106873","Aditya Birla Sun Life International Equity Fund - Regular Plan - GROWTH","ADITYA_BIRLA_SU_MF","","","",0,0,0,0,0,0,0,0,"SOURCE_UNAVAILABLE"
"100033","Aditya Birla Sun Life Large & Mid Cap Fund - Regular Plan - GROWTH","ADITYA_BIRLA_SU_MF","","","",0,0,0,0,0,0,0,0,"SOURCE_UNAVAILABLE"
"103174","Aditya Birla Sun Life Large Cap Fund - Regular Plan - GROWTH","ADITYA_BIRLA_SU_MF","","","",0,0,0,0,0,0,0,0,"SOURCE_UNAVAILABLE"
"100047","Aditya Birla Sun Life Liquid Fund - Regular Plan - GROWTH","ADITYA_BIRLA_SU_MF","","","",0,0,0,0,0,0,0,0,"SOURCE_UNAVAILABLE"
"150482","Aditya Birla Sun Life Long Term Fund - Regular Plan - GROWTH","ADITYA_BIRLA_SU_MF","","","",0,0,0,0,0,0,0,0,"SOURCE_UNAVAILABLE"
"100064","Aditya Birla Sun Life MNC Fund - Regular Plan - GROWTH","ADITYA_BIRLA_SU_MF","","","",0,0,0,0,0,0,0,0,"SOURCE_UNAVAILABLE"
"133513","Aditya Birla Sun Life Manufacturing Equity Fund - Regular Plan - GROWTH","ADITYA_BIRLA_SU_MF","","","",0,0,0,0,0,0,0,0,"SOURCE_UNAVAILABLE"
"111803","Aditya Birla Sun Life Medium Term Fund - Regular Plan - GROWTH","ADITYA_BIRLA_SU_MF","","","",0,0,0,0,0,0,0,0,"SOURCE_UNAVAILABLE"
"100038","Aditya Birla Sun Life Medium to Long Term Fund - Regular Plan - GROWTH","ADITYA_BIRLA_SU_MF","","","",0,0,0,0,0,0,0,0,"SOURCE_UNAVAILABLE"
"101592","Aditya Birla Sun Life Midcap Fund - Regular Plan - GROWTH","ADITYA_BIRLA_SU_MF","","","",0,0,0,0,0,0,0,0,"SOURCE_UNAVAILABLE"
"101976","Aditya Birla Sun Life Money Market Fund - Regular Plan - GROWTH","ADITYA_BIRLA_SU_MF","","","",0,0,0,0,0,0,0,0,"SOURCE_UNAVAILABLE"
"151309","Aditya Birla Sun Life Multi Asset Allocation Fund - Regular Plan - GROWTH","ADITYA_BIRLA_SU_MF","","","",0,0,0,0,0,0,0,0,"SOURCE_UNAVAILABLE"
"131864","Aditya Birla Sun Life Multi Asset Omni FoF - Regular Plan - GROWTH","ADITYA_BIRLA_SU_MF","","","",0,0,0,0,0,0,0,0,"SOURCE_UNAVAILABLE"
"150690","Aditya Birla Sun Life Multi-Asset Passive FOF - Regular Plan - GROWTH","ADITYA_BIRLA_SU_MF","","","",0,0,0,0,0,0,0,0,"SOURCE_UNAVAILABLE"
"148918","Aditya Birla Sun Life Multi-Cap Fund - Regular Plan - GROWTH","ADITYA_BIRLA_SU_MF","","","",0,0,0,0,0,0,0,0,"SOURCE_UNAVAILABLE"
"148965","Aditya Birla Sun Life Nifty 50 Equal Weight index Fund - Regular Plan - GROWTH","ADITYA_BIRLA_SU_MF","","","",0,0,0,0,0,0,0,0,"SOURCE_UNAVAILABLE"
"101314","Aditya Birla Sun Life Nifty 50 Index Fund - Regular Plan - GROWTH","ADITYA_BIRLA_SU_MF","","","",0,0,0,0,0,0,0,0,"SOURCE_UNAVAILABLE"
"152800","Aditya Birla Sun Life Nifty India Defence Index Fund - Regular Plan - GROWTH","ADITYA_BIRLA_SU_MF","","","",0,0,0,0,0,0,0,0,"SOURCE_UNAVAILABLE"
"148805","Aditya Birla Sun Life Nifty Midcap 150 Index Fund - Regular Plan - GROWTH","ADITYA_BIRLA_SU_MF","","","",0,0,0,0,0,0,0,0,"SOURCE_UNAVAILABLE"
"149837","Aditya Birla Sun Life Nifty Next 50 Index Fund - Regular Plan - GROWTH","ADITYA_BIRLA_SU_MF","","","",0,0,0,0,0,0,0,0,"SOURCE_UNAVAILABLE"
"149792","Aditya Birla Sun Life Nifty SDL Apr 2027 Index Fund - Regular Plan - GROWTH","ADITYA_BIRLA_SU_MF","","","",0,0,0,0,0,0,0,0,"SOURCE_UNAVAILABLE"
"149198","Aditya Birla Sun Life Nifty SDL Plus PSU Bond SEP 2026 60:40 Index Fund - Regular Plan - GROWTH","ADITYA_BIRLA_SU_MF","","","",0,0,0,0,0,0,0,0,"SOURCE_UNAVAILABLE"
"151560","Aditya Birla Sun Life Nifty SDL SEP 2027 Index Fund - Regular Plan - GROWTH","ADITYA_BIRLA_SU_MF","","","",0,0,0,0,0,0,0,0,"SOURCE_UNAVAILABLE"
"148811","Aditya Birla Sun Life Nifty Smallcap 50 Index Fund - Regular Plan - GROWTH","ADITYA_BIRLA_SU_MF","","","",0,0,0,0,0,0,0,0,"SOURCE_UNAVAILABLE"
"147846","Aditya Birla Sun Life PSU Equity Fund - Regular Plan - GROWTH","ADITYA_BIRLA_SU_MF","","","",0,0,0,0,0,0,0,0,"SOURCE_UNAVAILABLE"
"147407","Aditya Birla Sun Life Pharma and Healthcare Fund - Regular Plan - Growth","ADITYA_BIRLA_SU_MF","","","",0,0,0,0,0,0,0,0,"SOURCE_UNAVAILABLE"
"152686","Aditya Birla Sun Life Quant Fund - Regular Plan - GROWTH","ADITYA_BIRLA_SU_MF","","","",0,0,0,0,0,0,0,0,"SOURCE_UNAVAILABLE"
"146577","Aditya Birla Sun Life Retirement Fund-The 30s Plan - Regular Plan - GROWTH","ADITYA_BIRLA_SU_MF","","","",0,0,0,0,0,0,0,0,"SOURCE_UNAVAILABLE"
"146929","Aditya Birla Sun Life Retirement Fund-The 40s Plan - Regular Plan - GROWTH","ADITYA_BIRLA_SU_MF","","","",0,0,0,0,0,0,0,0,"SOURCE_UNAVAILABLE"
"146938","Aditya Birla Sun Life Retirement Fund-The 50s Plan - Regular Plan - GROWTH","ADITYA_BIRLA_SU_MF","","","",0,0,0,0,0,0,0,0,"SOURCE_UNAVAILABLE"
"146941","Aditya Birla Sun Life Retirement Fund-The 50s Plus-Debt Plan - Regular Plan - GROWTH","ADITYA_BIRLA_SU_MF","","","",0,0,0,0,0,0,0,0,"SOURCE_UNAVAILABLE"
"101844","Aditya Birla Sun Life Short Term Fund - Regular Plan - GROWTH","ADITYA_BIRLA_SU_MF","","","",0,0,0,0,0,0,0,0,"SOURCE_UNAVAILABLE"
"149783","Aditya Birla Sun Life Silver ETF FOF - Regular Plan - GROWTH","ADITYA_BIRLA_SU_MF","","","",0,0,0,0,0,0,0,0,"SOURCE_UNAVAILABLE"
"105804","Aditya Birla Sun Life Small Cap Fund - Regular Plan - GROWTH","ADITYA_BIRLA_SU_MF","","","",0,0,0,0,0,0,0,0,"SOURCE_UNAVAILABLE"
"148537","Aditya Birla Sun Life Special Opportunities Fund - Regular Plan - GROWTH","ADITYA_BIRLA_SU_MF","","","",0,0,0,0,0,0,0,0,"SOURCE_UNAVAILABLE"
"152161","Aditya Birla Sun Life Transportation and Logistics Fund - Regular Plan - GROWTH","ADITYA_BIRLA_SU_MF","","","",0,0,0,0,0,0,0,0,"SOURCE_UNAVAILABLE"
"149290","Aditya Birla Sun Life US Equity Passive FOF - Regular Plan - GROWTH","ADITYA_BIRLA_SU_MF","","","",0,0,0,0,0,0,0,0,"SOURCE_UNAVAILABLE"
"152142","Aditya Birla Sun Life US Treasury 1-3 Year Bond ETFs Passive FOF - Regular Plan - GROWTH","ADITYA_BIRLA_SU_MF","","","",0,0,0,0,0,0,0,0,"SOURCE_UNAVAILABLE"
"152147","Aditya Birla Sun Life US Treasury 3-10 Year Bond ETFs Passive FOF - Regular Plan - GROWTH","ADITYA_BIRLA_SU_MF","","","",0,0,0,0,0,0,0,0,"SOURCE_UNAVAILABLE"
"101317","Aditya Birla Sun Life Ultra Short Term Fund - Regular Plan - GROWTH","ADITYA_BIRLA_SU_MF","","","",0,0,0,0,0,0,0,0,"SOURCE_UNAVAILABLE"
"103192","Aditya Birla Sun Life Ultra short to short term Fund - Regular Plan - GROWTH","ADITYA_BIRLA_SU_MF","","","",0,0,0,0,0,0,0,0,"SOURCE_UNAVAILABLE"
"108167","Aditya Birla Sun Life Value Fund - Regular Plan - GROWTH","ADITYA_BIRLA_SU_MF","","","",0,0,0,0,0,0,0,0,"SOURCE_UNAVAILABLE"
"154567","ALPHAGREP LIQUID OMNI FOF - Regular Plan - Growth","ALPHAGREP_MF","","","",0,0,0,0,0,0,0,0,"SOURCE_UNAVAILABLE"
"154519","AlphaGrep Flexi Cap Fund - Regular Plan - Growth","ALPHAGREP_MF","","","",0,0,0,0,0,0,0,0,"SOURCE_UNAVAILABLE"
"154440","AlphaGrep Multi Asset Allocation Fund - Regular Plan - Growth","ALPHAGREP_MF","","","",0,0,0,0,0,0,0,0,"SOURCE_UNAVAILABLE"
"153828","ANGEL ONE GOLD ETF FOF - Regular Plan - Growth","ANGEL_ONE_MF","","","",0,0,0,0,0,0,0,0,"SOURCE_UNAVAILABLE"
"153530","ANGEL ONE NIFTY 50 INDEX FUND - Regular Plan - Growth","ANGEL_ONE_MF","","","",0,0,0,0,0,0,0,0,"SOURCE_UNAVAILABLE"
"153331","ANGEL ONE NIFTY TOTAL MARKET INDEX FUND - Regular Plan - Growth","ANGEL_ONE_MF","","","",0,0,0,0,0,0,0,0,"SOURCE_UNAVAILABLE"
"153955","ANGEL ONE NIFTY TOTAL MARKET MOMENTUM QUALITY 50 INDEX FUND - Regular Plan - Growth","ANGEL_ONE_MF","","","",0,0,0,0,0,0,0,0,"SOURCE_UNAVAILABLE"
"154207","ANGEL ONE SILVER ETF FOF - Regular Plan - Growth","ANGEL_ONE_MF","","","",0,0,0,0,0,0,0,0,"SOURCE_UNAVAILABLE"
"141593","AXIS Corporate Bond Fund - Regular Plan - Growth Option","AXIS_MF","","","",0,0,0,0,0,0,0,0,"SOURCE_UNAVAILABLE"
"144393","Axis Aggressive Hybrid Fund - Regular Plan - Growth Option","AXIS_MF","","","",0,0,0,0,0,0,0,0,"SOURCE_UNAVAILABLE"
"130771","Axis Arbitrage Fund - Regular Plan - Growth Option","AXIS_MF","","","",0,0,0,0,0,0,0,0,"SOURCE_UNAVAILABLE"
"154170","Axis BSE India Sector Leaders Index Fund - Regular Plan - Growth Option","AXIS_MF","","","",0,0,0,0,0,0,0,0,"SOURCE_UNAVAILABLE"
"152421","Axis BSE Sensex Index Fund - Regular Plan - Growth Option","AXIS_MF","","","",0,0,0,0,0,0,0,0,"SOURCE_UNAVAILABLE"
"141644","Axis Balanced Advantage Fund - Regular Plan - Growth Option","AXIS_MF","","","",0,0,0,0,0,0,0,0,"SOURCE_UNAVAILABLE"
"117446","Axis Banking and PSU Debt Fund - Regular Plan - Growth option","AXIS_MF","","","",0,0,0,0,0,0,0,0,"SOURCE_UNAVAILABLE"
"151366","Axis Business Cycles Fund - Regular Plan - Growth Option","AXIS_MF","","","",0,0,0,0,0,0,0,0,"SOURCE_UNAVAILABLE"
"151297","Axis CRISIL IBX 50:50 Gilt Plus SDL June 2028 Index Fund - Regular Plan - Growth Option","AXIS_MF","","","",0,0,0,0,0,0,0,0,"SOURCE_UNAVAILABLE"
"149872","Axis CRISIL IBX SDL May 2027 Index Fund - Regular Plan - Growth Option","AXIS_MF","","","",0,0,0,0,0,0,0,0,"SOURCE_UNAVAILABLE"
"153050","Axis CRISIL-IBX AAA Bond Financial Services - Sep 2027 Index Fund - Regular Plan - Growth Option","AXIS_MF","","","",0,0,0,0,0,0,0,0,"SOURCE_UNAVAILABLE"
"152886","Axis CRISIL-IBX AAA Bond NBFC - Jun 2027 Index Fund - Regular Plan - Growth Option","AXIS_MF","","","",0,0,0,0,0,0,0,0,"SOURCE_UNAVAILABLE"
"153174","Axis CRISIL-IBX AAA Bond NBFC-HFC - Jun 2027 Index Fund - Regular Plan - Growth option","AXIS_MF","","","",0,0,0,0,0,0,0,0,"SOURCE_UNAVAILABLE"
"153880","Axis CRISIL-IBX Financial Services 3-6 Months Debt Index Fund - Regular Plan - Growth option","AXIS_MF","","","",0,0,0,0,0,0,0,0,"SOURCE_UNAVAILABLE"
"135766","Axis Children's Fund - Regular Plan - Growth Option","AXIS_MF","","","",0,0,0,0,0,0,0,0,"SOURCE_UNAVAILABLE"
"135759","Axis Children's Fund - Regular Plan - Growth Option","AXIS_MF","","","",0,0,0,0,0,0,0,0,"SOURCE_UNAVAILABLE"
"112924","Axis Conservative Hybrid Fund - Regular Plan - Growth Option","AXIS_MF","","","",0,0,0,0,0,0,0,0,"SOURCE_UNAVAILABLE"
"152804","Axis Consumption Fund - Regular Plan - Growth Option","AXIS_MF","","","",0,0,0,0,0,0,0,0,"SOURCE_UNAVAILABLE"
"130309","Axis Credit Risk Fund - Regular Plan - Growth Option","AXIS_MF","","","",0,0,0,0,0,0,0,0,"SOURCE_UNAVAILABLE"
"151433","Axis Crisil IBX 50:50 Gilt Plus SDL September 2027 Index Fund - Regular Plan - Growth Option","AXIS_MF","","","",0,0,0,0,0,0,0,0,"SOURCE_UNAVAILABLE"
"115068","Axis Dynamic Term Fund - Regular Plan - Growth Option","AXIS_MF","","","",0,0,0,0,0,0,0,0,"SOURCE_UNAVAILABLE"
"112323","Axis ELSS- Tax Saver Fund - Regular Plan - Growth Option","AXIS_MF","","","",0,0,0,0,0,0,0,0,"SOURCE_UNAVAILABLE"
"147929","Axis ESG Integration Strategy Fund - Regular Plan - Growth Option","AXIS_MF","","","",0,0,0,0,0,0,0,0,"SOURCE_UNAVAILABLE"
"135122","Axis Equity Savings Fund - Regular Plan - Growth Option","AXIS_MF","","","",0,0,0,0,0,0,0,0,"SOURCE_UNAVAILABLE"
"154241","Axis Fixed Maturity Plan - Series 129 (108 Days) - Regular Plan - Growth Option","AXIS_MF","","","",0,0,0,0,0,0,0,0,"SOURCE_UNAVAILABLE"
"154290","Axis Fixed Maturity Plan - Series 130 (92 Days) - Regular Plan - Growth Option","AXIS_MF","","","",0,0,0,0,0,0,0,0,"SOURCE_UNAVAILABLE"
"151588","Axis Fixed Term Plan - Series 113 (1228 Days) - Regular Plan - Growth Option","AXIS_MF","","","",0,0,0,0,0,0,0,0,"SOURCE_UNAVAILABLE"
"141927","Axis Flexi Cap Fund - Regular Plan - Growth Option","AXIS_MF","","","",0,0,0,0,0,0,0,0,"SOURCE_UNAVAILABLE"
"149048","Axis Floating Interest Rates Fund - Regular Plan - Growth Option","AXIS_MF","","","",0,0,0,0,0,0,0,0,"SOURCE_UNAVAILABLE"
"117560","Axis Focused Fund - Regular Plan - Growth Option","AXIS_MF","","","",0,0,0,0,0,0,0,0,"SOURCE_UNAVAILABLE"
"116471","Axis Gilt Fund - Regular Plan - Growth Option","AXIS_MF","","","",0,0,0,0,0,0,0,0,"SOURCE_UNAVAILABLE"
"148486","Axis Global Equity Alpha Fund of Fund - Regular Plan - Growth Option","AXIS_MF","","","",0,0,0,0,0,0,0,0,"SOURCE_UNAVAILABLE"
"148953","Axis Global Innovation Fund of Fund - Regular Plan - Growth Option","AXIS_MF","","","",0,0,0,0,0,0,0,0,"SOURCE_UNAVAILABLE"
"115897","Axis Gold Fund - Regular Plan - Growth Option","AXIS_MF","","","",0,0,0,0,0,0,0,0,"SOURCE_UNAVAILABLE"
"154077","Axis Gold and Silver Passive FOF - Regular Plan - Growth Option","AXIS_MF","","","",0,0,0,0,0,0,0,0,"SOURCE_UNAVAILABLE"
"148701","Axis Greater China Equity Fund of Fund - Regular Plan - Growth Option","AXIS_MF","","","",0,0,0,0,0,0,0,0,"SOURCE_UNAVAILABLE"
"147890","Axis Income Plus Arbitrage Omni FOF - Regular Plan - Growth Option","AXIS_MF","","","",0,0,0,0,0,0,0,0,"SOURCE_UNAVAILABLE"
"153927","Axis Income Plus Arbitrage Passive FOF - Regular Plan - Growth Option","AXIS_MF","","","",0,0,0,0,0,0,0,0,"SOURCE_UNAVAILABLE"
"152205","Axis India Manufacturing Fund - Regular Plan - Growth Option","AXIS_MF","","","",0,0,0,0,0,0,0,0,"SOURCE_UNAVAILABLE"
"148631","Axis Innovation Fund - Regular Plan - Growth Option","AXIS_MF","","","",0,0,0,0,0,0,0,0,"SOURCE_UNAVAILABLE"
"145112","Axis Large & Mid Cap Fund - Regular Plan - Growth Option","AXIS_MF","","","",0,0,0,0,0,0,0,0,"SOURCE_UNAVAILABLE"
"112277","Axis Large Cap Fund - Regular Plan - Growth Option","AXIS_MF","","","",0,0,0,0,0,0,0,0,"SOURCE_UNAVAILABLE"
"112713","Axis Liquid Fund - Growth Option - Regular Plan - Growth","AXIS_MF","","","",0,0,0,0,0,0,0,0,"SOURCE_UNAVAILABLE"
"112210","Axis Liquid Fund - Regular Plan - Growth Option","AXIS_MF","","","",0,0,0,0,0,0,0,0,"SOURCE_UNAVAILABLE"
"151178","Axis Long Term Fund - Regular Plan - Growth Option","AXIS_MF","","","",0,0,0,0,0,0,0,0,"SOURCE_UNAVAILABLE"
"116894","Axis Medium Term Fund - Regular Plan - Growth Option","AXIS_MF","","","",0,0,0,0,0,0,0,0,"SOURCE_UNAVAILABLE"
"114564","Axis Midcap Fund - Regular Plan - Growth Option","AXIS_MF","","","",0,0,0,0,0,0,0,0,"SOURCE_UNAVAILABLE"
"153085","Axis Momentum Fund - Regular Plan - Growth Option","AXIS_MF","","","",0,0,0,0,0,0,0,0,"SOURCE_UNAVAILABLE"
"147568","Axis Money Market Fund - Regular Plan - Growth Option","AXIS_MF","","","",0,0,0,0,0,0,0,0,"SOURCE_UNAVAILABLE"
"113064","Axis Multi Asset Allocation Fund - Regular Plan - Growth Option","AXIS_MF","","","",0,0,0,0,0,0,0,0,"SOURCE_UNAVAILABLE"
"149844","Axis Multi Factor Passive FoF - Regular Plan - Growth Option","AXIS_MF","","","",0,0,0,0,0,0,0,0,"SOURCE_UNAVAILABLE"
"153963","Axis Multi-Asset Omni FoF - Regular Plan - Growth Option","AXIS_MF","","","",0,0,0,0,0,0,0,0,"SOURCE_UNAVAILABLE"
"149382","Axis Multicap Fund - Regular Plan - Growth Option","AXIS_MF","","","",0,0,0,0,0,0,0,0,"SOURCE_UNAVAILABLE"
"150750","Axis NASDAQ 100 US Specific Equity Passive FOF - Regular Plan - Growth Option","AXIS_MF","","","",0,0,0,0,0,0,0,0,"SOURCE_UNAVAILABLE"
"147665","Axis Nifty 100 Index Fund - Regular Plan - Growth Option","AXIS_MF","","","",0,0,0,0,0,0,0,0,"SOURCE_UNAVAILABLE"
"149371","Axis Nifty 50 Index Fund - Regular Plan - Growth Option","AXIS_MF","","","",0,0,0,0,0,0,0,0,"SOURCE_UNAVAILABLE"
"152730","Axis Nifty 500 Index Fund - Regular Plan - Growth Option","AXIS_MF","","","",0,0,0,0,0,0,0,0,"SOURCE_UNAVAILABLE"
"152632","Axis Nifty Bank Index Fund - Regular Plan - Growth Option","AXIS_MF","","","",0,0,0,0,0,0,0,0,"SOURCE_UNAVAILABLE"
"154597","Axis Nifty Energy Index Fund - Regular Plan - Growth Option","AXIS_MF","","","",0,0,0,0,0,0,0,0,"SOURCE_UNAVAILABLE"
"151787","Axis Nifty IT Index Fund - Regular Plan - Growth Option","AXIS_MF","","","",0,0,0,0,0,0,0,0,"SOURCE_UNAVAILABLE"
"154327","Axis Nifty India Defence Index Fund - Regular Plan - Growth Option","AXIS_MF","","","",0,0,0,0,0,0,0,0,"SOURCE_UNAVAILABLE"
"149938","Axis Nifty Midcap 50 Index Fund - Regular Plan - Growth Option","AXIS_MF","","","",0,0,0,0,0,0,0,0,"SOURCE_UNAVAILABLE"
"149467","Axis Nifty Next 50 Index Fund - Regular Plan - Growth Option","AXIS_MF","","","",0,0,0,0,0,0,0,0,"SOURCE_UNAVAILABLE"
"150851","Axis Nifty SDL September 2026 Debt Index Fund - Regular Plan - Growth Option","AXIS_MF","","","",0,0,0,0,0,0,0,0,"SOURCE_UNAVAILABLE"
"149896","Axis Nifty Smallcap 50 Index Fund - Regular Plan - Growth Option","AXIS_MF","","","",0,0,0,0,0,0,0,0,"SOURCE_UNAVAILABLE"
"154459","Axis Nifty50 Equal Weight Index Fund - Regular Plan - Growth Option","AXIS_MF","","","",0,0,0,0,0,0,0,0,"SOURCE_UNAVAILABLE"
"153245","Axis Nifty500 Momentum 50 Index Fund - Regular Plan - Growth Option","AXIS_MF","","","",0,0,0,0,0,0,0,0,"SOURCE_UNAVAILABLE"
"153830","Axis Nifty500 Quality 50 Index Fund - Regular Plan - Growth Option","AXIS_MF","","","",0,0,0,0,0,0,0,0,"SOURCE_UNAVAILABLE"
"152950","Axis Nifty500 Value 50 Index Fund - Regular Plan - Growth Option","AXIS_MF","","","",0,0,0,0,0,0,0,0,"SOURCE_UNAVAILABLE"
"146678","Axis Overnight Fund - Regular Plan - Growth Option","AXIS_MF","","","",0,0,0,0,0,0,0,0,"SOURCE_UNAVAILABLE"
"148992","Axis Quant Fund - Regular Plan - Growth Option","AXIS_MF","","","",0,0,0,0,0,0,0,0,"SOURCE_UNAVAILABLE"
"147823","Axis Retirement Fund - Aggressive Plan - Regular Plan - Growth Option","AXIS_MF","","","",0,0,0,0,0,0,0,0,"SOURCE_UNAVAILABLE"
"147832","Axis Retirement Fund - Conservative Plan - Regular Plan - Growth Option","AXIS_MF","","","",0,0,0,0,0,0,0,0,"SOURCE_UNAVAILABLE"
"147828","Axis Retirement Fund - Dynamic Plan - Regular Plan - Growth Option","AXIS_MF","","","",0,0,0,0,0,0,0,0,"SOURCE_UNAVAILABLE"
"153621","Axis Services Opportunities Fund - Regular Plan - Growth Option","AXIS_MF","","","",0,0,0,0,0,0,0,0,"SOURCE_UNAVAILABLE"
"112721","Axis Short Term Fund - Regular Plan - Growth Option","AXIS_MF","","","",0,0,0,0,0,0,0,0,"SOURCE_UNAVAILABLE"
"112354","Axis Short Term Fund - Regular Plan - Growth Option","AXIS_MF","","","",0,0,0,0,0,0,0,0,"SOURCE_UNAVAILABLE"
"150617","Axis Silver Fund of Fund - Regular Plan - Growth Option","AXIS_MF","","","",0,0,0,0,0,0,0,0,"SOURCE_UNAVAILABLE"
"125350","Axis Small Cap Fund - Regular Plan - Growth Option","AXIS_MF","","","",0,0,0,0,0,0,0,0,"SOURCE_UNAVAILABLE"
"152239","Axis US Specific Treasury Dynamic Debt Passive FOF - Regular Plan - Growth Option","AXIS_MF","","","",0,0,0,0,0,0,0,0,"SOURCE_UNAVAILABLE"
"144759","Axis Ultra Short Term Fund - Regular Plan - Growth Option","AXIS_MF","","","",0,0,0,0,0,0,0,0,"SOURCE_UNAVAILABLE"
"112214","Axis Ultra Short to Short Term Fund - Regular Plan - Growth Option","AXIS_MF","","","",0,0,0,0,0,0,0,0,"SOURCE_UNAVAILABLE"
"112717","Axis Ultra Short to Short Term Fund - Regular Plan - Growth Option","AXIS_MF","","","",0,0,0,0,0,0,0,0,"SOURCE_UNAVAILABLE"
"149167","Axis Value Fund - Regular Plan - Growth Option","AXIS_MF","","","",0,0,0,0,0,0,0,0,"SOURCE_UNAVAILABLE"
"152780","BAJAJ FINSERV LARGE CAP FUND - Regular Plan - Growth","BAJAJ_FINSERV_MF","","","",0,0,0,0,0,0,0,0,"SOURCE_UNAVAILABLE"
"152078","Bajaj Finserv Arbitrage Fund - Regular Plan - Growth","BAJAJ_FINSERV_MF","","","",0,0,0,0,0,0,0,0,"SOURCE_UNAVAILABLE"
"152196","Bajaj Finserv Balanced Advantage Fund - Regular Plan - Growth","BAJAJ_FINSERV_MF","","","",0,0,0,0,0,0,0,0,"SOURCE_UNAVAILABLE"
"153935","Bajaj Finserv Banking and Financial Services Fund - Regular Plan - Growth","BAJAJ_FINSERV_MF","","","",0,0,0,0,0,0,0,0,"SOURCE_UNAVAILABLE"
"152165","Bajaj Finserv Banking and PSU Debt Fund - Regular Plan - Growth","BAJAJ_FINSERV_MF","","","",0,0,0,0,0,0,0,0,"SOURCE_UNAVAILABLE"
"153072","Bajaj Finserv Consumption Fund - Regular Plan - Growth","BAJAJ_FINSERV_MF","","","",0,0,0,0,0,0,0,0,"SOURCE_UNAVAILABLE"
"153202","Bajaj Finserv ELSS - Tax Saver Fund - Regular Plan - Growth","BAJAJ_FINSERV_MF","","","",0,0,0,0,0,0,0,0,"SOURCE_UNAVAILABLE"
"153769","Bajaj Finserv Equity Savings Fund - Regular Plan - Growth","BAJAJ_FINSERV_MF","","","",0,0,0,0,0,0,0,0,"SOURCE_UNAVAILABLE"
"151898","Bajaj Finserv Flexi Cap Fund - Regular Plan - Growth","BAJAJ_FINSERV_MF","","","",0,0,0,0,0,0,0,0,"SOURCE_UNAVAILABLE"
"153211","Bajaj Finserv Gilt Fund - Regular Plan - Growth","BAJAJ_FINSERV_MF","","","",0,0,0,0,0,0,0,0,"SOURCE_UNAVAILABLE"
"153155","Bajaj Finserv Healthcare Fund - Regular Plan - Growth","BAJAJ_FINSERV_MF","","","",0,0,0,0,0,0,0,0,"SOURCE_UNAVAILABLE"
"152406","Bajaj Finserv Large & Mid Cap Fund - Regular Plan - Growth","BAJAJ_FINSERV_MF","","","",0,0,0,0,0,0,0,0,"SOURCE_UNAVAILABLE"
"151837","Bajaj Finserv Liquid Fund - Regular Plan - Growth","BAJAJ_FINSERV_MF","","","",0,0,0,0,0,0,0,0,"SOURCE_UNAVAILABLE"
"151893","Bajaj Finserv Money Market Fund - Regular Plan - Growth","BAJAJ_FINSERV_MF","","","",0,0,0,0,0,0,0,0,"SOURCE_UNAVAILABLE"
"152642","Bajaj Finserv Multi Asset Allocation Fund - Regular Plan - Growth","BAJAJ_FINSERV_MF","","","",0,0,0,0,0,0,0,0,"SOURCE_UNAVAILABLE"
"153307","Bajaj Finserv Multi Cap Fund - Regular Plan - Growth","BAJAJ_FINSERV_MF","","","",0,0,0,0,0,0,0,0,"SOURCE_UNAVAILABLE"
"152638","Bajaj Finserv Nifty 1D Rate Liquid ETF - Regular Plan - Growth","BAJAJ_FINSERV_MF","","","",0,0,0,0,0,0,0,0,"SOURCE_UNAVAILABLE"
"153508","Bajaj Finserv Nifty 50 Index Fund - Regular Plan - Growth","BAJAJ_FINSERV_MF","","","",0,0,0,0,0,0,0,0,"SOURCE_UNAVAILABLE"
"153480","Bajaj Finserv Nifty Next 50 Index Fund - Regular Plan - Growth","BAJAJ_FINSERV_MF","","","",0,0,0,0,0,0,0,0,"SOURCE_UNAVAILABLE"
"151851","Bajaj Finserv Overnight Fund - Regular Plan - Growth","BAJAJ_FINSERV_MF","","","",0,0,0,0,0,0,0,0,"SOURCE_UNAVAILABLE"
"153609","Bajaj Finserv Small Cap Fund - Regular Plan - Growth","BAJAJ_FINSERV_MF","","","",0,0,0,0,0,0,0,0,"SOURCE_UNAVAILABLE"
"154203","Bajaj Finserv Ultra Short to Short Term Fund - Regular Plan - Growth","BAJAJ_FINSERV_MF","","","",0,0,0,0,0,0,0,0,"SOURCE_UNAVAILABLE"
"108845","BANDHAN Arbitrage Fund - Regular Plan - Growth","BANDHAN_MF","","","",0,0,0,0,0,0,0,0,"SOURCE_UNAVAILABLE"
"139840","BANDHAN BSE Sensex ETF - Regular Plan - Growth","BANDHAN_MF","","","",0,0,0,0,0,0,0,0,"SOURCE_UNAVAILABLE"
"131357","BANDHAN Balanced Advantage Fund - Regular Plan - Growth","BANDHAN_MF","","","",0,0,0,0,0,0,0,0,"SOURCE_UNAVAILABLE"
"112353","BANDHAN CONSERVATIVE HYBRID FUND - Regular Plan - Growth","BANDHAN_MF","","","",0,0,0,0,0,0,0,0,"SOURCE_UNAVAILABLE"
"140609","BANDHAN CREDIT RISK FUND - Regular Plan - Growth","BANDHAN_MF","","","",0,0,0,0,0,0,0,0,"SOURCE_UNAVAILABLE"
"150873","BANDHAN CRISIL IBX 90:10 SDL PLUS GILT - APRIL 2032 INDEX FUND - Regular Plan - Growth","BANDHAN_MF","","","",0,0,0,0,0,0,0,0,"SOURCE_UNAVAILABLE"
"150869","BANDHAN CRISIL IBX 90:10 SDL PLUS GILT - NOV 2026 INDEX FUND - Regular Plan - Growth","BANDHAN_MF","","","",0,0,0,0,0,0,0,0,"SOURCE_UNAVAILABLE"
"150890","BANDHAN CRISIL IBX 90:10 SDL PLUS GILT - SEPTEMBER 2027 INDEX FUND - Regular Plan - Growth","BANDHAN_MF","","","",0,0,0,0,0,0,0,0,"SOURCE_UNAVAILABLE"
"150744","BANDHAN CRISIL IBX GILT APRIL 2026 INDEX FUND - Regular Plan - Growth","BANDHAN_MF","","","",0,0,0,0,0,0,0,0,"SOURCE_UNAVAILABLE"
"148790","BANDHAN CRISIL IBX GILT APRIL 2028 INDEX FUND - Regular Plan - Growth","BANDHAN_MF","","","",0,0,0,0,0,0,0,0,"SOURCE_UNAVAILABLE"
"151409","BANDHAN CRISIL IBX GILT APRIL 2032 INDEX FUND - Regular Plan - Growth","BANDHAN_MF","","","",0,0,0,0,0,0,0,0,"SOURCE_UNAVAILABLE"
"148786","BANDHAN CRISIL IBX GILT JUNE 2027 INDEX FUND - Regular Plan - Growth","BANDHAN_MF","","","",0,0,0,0,0,0,0,0,"SOURCE_UNAVAILABLE"
"135914","BANDHAN Corporate Bond Fund - Regular Plan - Growth","BANDHAN_MF","","","",0,0,0,0,0,0,0,0,"SOURCE_UNAVAILABLE"
"111524","BANDHAN Dynamic Term Fund - Regular Plan - Growth","BANDHAN_MF","","","",0,0,0,0,0,0,0,0,"SOURCE_UNAVAILABLE"
"111569","BANDHAN ELSS - Tax Saver Fund - Regular Plan - Growth","BANDHAN_MF","","","",0,0,0,0,0,0,0,0,"SOURCE_UNAVAILABLE"
"108995","BANDHAN EQUITY SAVINGS FUND - Regular Plan - Growth","BANDHAN_MF","","","",0,0,0,0,0,0,0,0,"SOURCE_UNAVAILABLE"
"151818","BANDHAN FINANCIAL SERVICES FUND - Regular Plan - Growth","BANDHAN_MF","","","",0,0,0,0,0,0,0,0,"SOURCE_UNAVAILABLE"
"146695","BANDHAN FIXED TERM PLAN SERIES - 179 (3652 DAYS) - Regular Plan - Growth","BANDHAN_MF","","","",0,0,0,0,0,0,0,0,"SOURCE_UNAVAILABLE"
"148705","BANDHAN FLOATING INTEREST RATES FUND - Regular Plan - Growth","BANDHAN_MF","","","",0,0,0,0,0,0,0,0,"SOURCE_UNAVAILABLE"
"108594","BANDHAN Flexi Cap Fund - Regular Plan - Growth","BANDHAN_MF","","","",0,0,0,0,0,0,0,0,"SOURCE_UNAVAILABLE"
"152606","BANDHAN INNOVATION FUND - Regular Plan - Growth","BANDHAN_MF","","","",0,0,0,0,0,0,0,0,"SOURCE_UNAVAILABLE"
"114476","BANDHAN Infrastructure Fund - Regular Plan - Growth","BANDHAN_MF","","","",0,0,0,0,0,0,0,0,"SOURCE_UNAVAILABLE"
"108799","BANDHAN LARGE CAP FUND - Regular Plan - Growth","BANDHAN_MF","","","",0,0,0,0,0,0,0,0,"SOURCE_UNAVAILABLE"
"108690","BANDHAN LIQUID Fund - Regular Plan - Growth","BANDHAN_MF","","","",0,0,0,0,0,0,0,0,"SOURCE_UNAVAILABLE"
"152518","BANDHAN LONG TERM FUND - Regular Plan - Growth","BANDHAN_MF","","","",0,0,0,0,0,0,0,0,"SOURCE_UNAVAILABLE"
"150402","BANDHAN MID CAP FUND - Regular Plan - Growth","BANDHAN_MF","","","",0,0,0,0,0,0,0,0,"SOURCE_UNAVAILABLE"
"152326","BANDHAN MULTI ASSET ALLOCATION FUND - Regular Plan - Growth","BANDHAN_MF","","","",0,0,0,0,0,0,0,0,"SOURCE_UNAVAILABLE"
"149305","BANDHAN MULTI CAP FUND - Regular Plan - Growth","BANDHAN_MF","","","",0,0,0,0,0,0,0,0,"SOURCE_UNAVAILABLE"
"149833","BANDHAN NIFTY 100 INDEX FUND - Regular Plan - Growth","BANDHAN_MF","","","",0,0,0,0,0,0,0,0,"SOURCE_UNAVAILABLE"
"152792","BANDHAN NIFTY BANK INDEX FUND - Regular Plan - Growth","BANDHAN_MF","","","",0,0,0,0,0,0,0,0,"SOURCE_UNAVAILABLE"
"152717","BANDHAN NIFTY TOTAL MARKET INDEX FUND - Regular Plan - Growth","BANDHAN_MF","","","",0,0,0,0,0,0,0,0,"SOURCE_UNAVAILABLE"
"150592","BANDHAN NIFTY200 MOMENTUM 30 INDEX FUND - Regular Plan - Growth","BANDHAN_MF","","","",0,0,0,0,0,0,0,0,"SOURCE_UNAVAILABLE"
"139839","BANDHAN Nifty 50 ETF - Regular Plan - Growth","BANDHAN_MF","","","",0,0,0,0,0,0,0,0,"SOURCE_UNAVAILABLE"
"112877","BANDHAN Nifty 50 Index Fund - Regular Plan - Growth","BANDHAN_MF","","","",0,0,0,0,0,0,0,0,"SOURCE_UNAVAILABLE"
"152266","BANDHAN Nifty Smallcap 250 Index Fund - Regular Plan - Growth","BANDHAN_MF","","","",0,0,0,0,0,0,0,0,"SOURCE_UNAVAILABLE"
"150633","BANDHAN Nifty100 Low Volatility 30 Index Fund - Regular Plan - Growth","BANDHAN_MF","","","",0,0,0,0,0,0,0,0,"SOURCE_UNAVAILABLE"
"146187","BANDHAN Overnight Fund - Regular Plan - Growth","BANDHAN_MF","","","",0,0,0,0,0,0,0,0,"SOURCE_UNAVAILABLE"
"152103","BANDHAN RETIREMENT FUND - Regular Plan - Growth","BANDHAN_MF","","","",0,0,0,0,0,0,0,0,"SOURCE_UNAVAILABLE"
"147944","BANDHAN Small Cap Fund - Regular Plan - Growth","BANDHAN_MF","2026-09-30","Bandhan_Small_Cap_Fund_Monthly_Portfolio_Sep_2026.xlsx","6c639e09b2ed364c0d5b8eeb5d7c6d4fc76f6da09407a99cc9c5af9c298f4ee4",264,264,264,264,0,0,0,0,"VERIFIED_ACCURATE"
"150717","BANDHAN TRANSPORTATION AND LOGISTICS FUND - Regular Plan - Growth","BANDHAN_MF","","","",0,0,0,0,0,0,0,0,"SOURCE_UNAVAILABLE"
"144171","BANDHAN ULTRA SHORT TERM FUND - Regular Plan - Growth","BANDHAN_MF","","","",0,0,0,0,0,0,0,0,"SOURCE_UNAVAILABLE"
"108632","BANDHAN ULTRA SHORT TO SHORT TERM FUND - Regular Plan - Growth","BANDHAN_MF","","","",0,0,0,0,0,0,0,0,"SOURCE_UNAVAILABLE"
"108753","Bandhan   10 year Constant Maturity Gilt Fund - Regular Plan - Growth","BANDHAN_MF","","","",0,0,0,0,0,0,0,0,"SOURCE_UNAVAILABLE"
"140381","Bandhan Aggressive Hybrid Fund - Regular Plan - Growth","BANDHAN_MF","","","",0,0,0,0,0,0,0,0,"SOURCE_UNAVAILABLE"
"112332","Bandhan Aggressive Hybrid Passive FOF - Regular Plan - Growth","BANDHAN_MF","","","",0,0,0,0,0,0,0,0,"SOURCE_UNAVAILABLE"
"152843","Bandhan BSE Healthcare Index Fund - Regular Plan - Growth","BANDHAN_MF","","","",0,0,0,0,0,0,0,0,"SOURCE_UNAVAILABLE"
"153839","Bandhan BSE India Sector Leaders Index Fund - Regular Plan - Growth","BANDHAN_MF","","","",0,0,0,0,0,0,0,0,"SOURCE_UNAVAILABLE"
"121280","Bandhan Banking and PSU Debt Fund - Regular Plan - Growth","BANDHAN_MF","","","",0,0,0,0,0,0,0,0,"SOURCE_UNAVAILABLE"
"152877","Bandhan Business Cycle Fund - Regular Plan - Growth","BANDHAN_MF","","","",0,0,0,0,0,0,0,0,"SOURCE_UNAVAILABLE"
"153391","Bandhan CRISIL-IBX 10:90 Gilt Plus SDL Index - Dec 2029 Fund - Regular Plan - Growth","BANDHAN_MF","","","",0,0,0,0,0,0,0,0,"SOURCE_UNAVAILABLE"
"153408","Bandhan CRISIL-IBX Financial Services 3-6 Months Debt Index Fund - Regular Plan - Growth","BANDHAN_MF","","","",0,0,0,0,0,0,0,0,"SOURCE_UNAVAILABLE"
"112327","Bandhan Conservative Hybrid Passive FOF - Regular Plan - Growth","BANDHAN_MF","","","",0,0,0,0,0,0,0,0,"SOURCE_UNAVAILABLE"
"154598","Bandhan Contra Fund - Regular Plan - Growth","BANDHAN_MF","","","",0,0,0,0,0,0,0,0,"SOURCE_UNAVAILABLE"
"108592","Bandhan Focused Fund - Regular Plan - Growth","BANDHAN_MF","","","",0,0,0,0,0,0,0,0,"SOURCE_UNAVAILABLE"
"111525","Bandhan Gilt   Fund - Regular Plan - Growth","BANDHAN_MF","","","",0,0,0,0,0,0,0,0,"SOURCE_UNAVAILABLE"
"153930","Bandhan Gold ETF - Regular Plan - Growth","BANDHAN_MF","","","",0,0,0,0,0,0,0,0,"SOURCE_UNAVAILABLE"
"154130","Bandhan Gold ETF FOF - Regular Plan - Growth","BANDHAN_MF","","","",0,0,0,0,0,0,0,0,"SOURCE_UNAVAILABLE"
"153974","Bandhan Healthcare Fund - Regular Plan - Growth","BANDHAN_MF","","","",0,0,0,0,0,0,0,0,"SOURCE_UNAVAILABLE"
"108545","Bandhan Income Plus Arbitrage Active FOF - Regular Plan - Growth","BANDHAN_MF","","","",0,0,0,0,0,0,0,0,"SOURCE_UNAVAILABLE"
"108596","Bandhan Large & Mid Cap Fund - Regular Plan - Growth","BANDHAN_MF","","","",0,0,0,0,0,0,0,0,"SOURCE_UNAVAILABLE"
"108728","Bandhan Medium Term Fund - Regular Plan - Growth","BANDHAN_MF","","","",0,0,0,0,0,0,0,0,"SOURCE_UNAVAILABLE"
"108765","Bandhan Medium to Long Term Fund - Regular Plan - Growth","BANDHAN_MF","","","",0,0,0,0,0,0,0,0,"SOURCE_UNAVAILABLE"
"108768","Bandhan Medium to Long Term Fund - Regular Plan - Growth","BANDHAN_MF","","","",0,0,0,0,0,0,0,0,"SOURCE_UNAVAILABLE"
"108756","Bandhan Money Market  Fund - Regular Plan - Growth","BANDHAN_MF","","","",0,0,0,0,0,0,0,0,"SOURCE_UNAVAILABLE"
"112329","Bandhan Multi-Asset Passive FOF - Regular Plan - Growth","BANDHAN_MF","","","",0,0,0,0,0,0,0,0,"SOURCE_UNAVAILABLE"
"153721","Bandhan Multi-Factor Fund - Regular Plan - Growth","BANDHAN_MF","","","",0,0,0,0,0,0,0,0,"SOURCE_UNAVAILABLE"
"153113","Bandhan Nifty 200 Quality 30 Index Fund - Regular Plan - Growth","BANDHAN_MF","","","",0,0,0,0,0,0,0,0,"SOURCE_UNAVAILABLE"
"153002","Bandhan Nifty 500 Momentum 50 Index Fund - Regular Plan - Growth","BANDHAN_MF","","","",0,0,0,0,0,0,0,0,"SOURCE_UNAVAILABLE"
"152991","Bandhan Nifty 500 Value 50 Index Fund - Regular Plan - Growth","BANDHAN_MF","","","",0,0,0,0,0,0,0,0,"SOURCE_UNAVAILABLE"
"152179","Bandhan Nifty Alpha 50 Index Fund - Regular Plan - Growth","BANDHAN_MF","","","",0,0,0,0,0,0,0,0,"SOURCE_UNAVAILABLE"
"153212","Bandhan Nifty Alpha Low Volatility 30 Index Fund - Regular Plan - Growth","BANDHAN_MF","","","",0,0,0,0,0,0,0,0,"SOURCE_UNAVAILABLE"
"152043","Bandhan Nifty IT Index Fund - Regular Plan - Growth","BANDHAN_MF","","","",0,0,0,0,0,0,0,0,"SOURCE_UNAVAILABLE"
"152856","Bandhan Nifty Midcap 150 Index Fund - Regular Plan - Growth","BANDHAN_MF","","","",0,0,0,0,0,0,0,0,"SOURCE_UNAVAILABLE"
"153349","Bandhan Nifty Next 50 Index Fund - Regular Plan - Growth","BANDHAN_MF","","","",0,0,0,0,0,0,0,0,"SOURCE_UNAVAILABLE"
"153929","Bandhan Silver ETF - Regular Plan - Growth","BANDHAN_MF","","","",0,0,0,0,0,0,0,0,"SOURCE_UNAVAILABLE"
"154135","Bandhan Silver ETF FOF - Regular Plan - Growth","BANDHAN_MF","","","",0,0,0,0,0,0,0,0,"SOURCE_UNAVAILABLE"
"151546","Bandhan US Treasury Bond 0-1 year specific Debt Passive FOF - Regular Plan - Growth","BANDHAN_MF","","","",0,0,0,0,0,0,0,0,"SOURCE_UNAVAILABLE"
"149100","Bandhan US specific Equity Active FOF - Regular Plan - Growth","BANDHAN_MF","","","",0,0,0,0,0,0,0,0,"SOURCE_UNAVAILABLE"
"108909","Bandhan Value Fund - Regular Plan - Growth","BANDHAN_MF","","","",0,0,0,0,0,0,0,0,"SOURCE_UNAVAILABLE"
"139529","BANK OF INDIA AGGRESSIVE HYBRID FUND - Regular Plan - Growth","BANK_OF_INDIA_MF","","","",0,0,0,0,0,0,0,0,"SOURCE_UNAVAILABLE"
"143620","BANK OF INDIA ARBITRAGE FUND - Regular Plan - Growth","BANK_OF_INDIA_MF","","","",0,0,0,0,0,0,0,0,"SOURCE_UNAVAILABLE"
"127849","BANK OF INDIA BALANCED ADVANTAGE FUND - Regular Plan - Growth","BANK_OF_INDIA_MF","","","",0,0,0,0,0,0,0,0,"SOURCE_UNAVAILABLE"
"111715","BANK OF INDIA CONSERVATIVE HYBRID FUND - Regular Plan - Growth","BANK_OF_INDIA_MF","","","",0,0,0,0,0,0,0,0,"SOURCE_UNAVAILABLE"
"111712","BANK OF INDIA CONSERVATIVE HYBRID FUND - Regular Plan - Growth","BANK_OF_INDIA_MF","","","",0,0,0,0,0,0,0,0,"SOURCE_UNAVAILABLE"
"133867","BANK OF INDIA CREDIT RISK FUND - Regular Plan - Growth","BANK_OF_INDIA_MF","","","",0,0,0,0,0,0,0,0,"SOURCE_UNAVAILABLE"
"111709","BANK OF INDIA ELSS TAX SAVER FUND - Regular Plan - Growth","BANK_OF_INDIA_MF","","","",0,0,0,0,0,0,0,0,"SOURCE_UNAVAILABLE"
"111710","BANK OF INDIA ELSS TAX SAVER FUND - Regular Plan - Growth","BANK_OF_INDIA_MF","","","",0,0,0,0,0,0,0,0,"SOURCE_UNAVAILABLE"
"148405","BANK OF INDIA FLEXI CAP FUND - Regular Plan - Growth","BANK_OF_INDIA_MF","","","",0,0,0,0,0,0,0,0,"SOURCE_UNAVAILABLE"
"110603","BANK OF INDIA LARGE & MID CAP FUND - Regular Plan - Growth","BANK_OF_INDIA_MF","","","",0,0,0,0,0,0,0,0,"SOURCE_UNAVAILABLE"
"110599","BANK OF INDIA LARGE & MID CAP FUND - Regular Plan - Growth","BANK_OF_INDIA_MF","","","",0,0,0,0,0,0,0,0,"SOURCE_UNAVAILABLE"
"148982","BANK OF INDIA LARGE CAP FUND - Regular Plan - Growth","BANK_OF_INDIA_MF","","","",0,0,0,0,0,0,0,0,"SOURCE_UNAVAILABLE"
"109254","BANK OF INDIA LIQUID FUND - Regular Plan - Growth","BANK_OF_INDIA_MF","","","",0,0,0,0,0,0,0,0,"SOURCE_UNAVAILABLE"
"112359","BANK OF INDIA MANUFACTURING & INFRASTRUCTURE FUND - Regular Plan - Growth","BANK_OF_INDIA_MF","","","",0,0,0,0,0,0,0,0,"SOURCE_UNAVAILABLE"
"153726","BANK OF INDIA MID CAP FUND - Regular Plan - Growth","BANK_OF_INDIA_MF","","","",0,0,0,0,0,0,0,0,"SOURCE_UNAVAILABLE"
"141952","BANK OF INDIA MID CAP TAX FUND SERIES 1 - Regular Plan - Growth","BANK_OF_INDIA_MF","","","",0,0,0,0,0,0,0,0,"SOURCE_UNAVAILABLE"
"144314","BANK OF INDIA MID CAP TAX FUND Series 2 - Regular Plan - Growth","BANK_OF_INDIA_MF","","","",0,0,0,0,0,0,0,0,"SOURCE_UNAVAILABLE"
"151445","BANK OF INDIA MULTI CAP FUND - Regular Plan - Growth","BANK_OF_INDIA_MF","","","",0,0,0,0,0,0,0,0,"SOURCE_UNAVAILABLE"
"147936","BANK OF INDIA OVERNIGHT FUND - Regular Plan - Growth","BANK_OF_INDIA_MF","","","",0,0,0,0,0,0,0,0,"SOURCE_UNAVAILABLE"
"111585","BANK OF INDIA SHORT TERM FUND - Regular Plan - Growth","BANK_OF_INDIA_MF","","","",0,0,0,0,0,0,0,0,"SOURCE_UNAVAILABLE"
"145677","BANK OF INDIA SMALL CAP FUND - Regular Plan - Growth","BANK_OF_INDIA_MF","","","",0,0,0,0,0,0,0,0,"SOURCE_UNAVAILABLE"
"109269","BANK OF INDIA ULTRA SHORT TERM FUND - Regular Plan - Growth","BANK_OF_INDIA_MF","","","",0,0,0,0,0,0,0,0,"SOURCE_UNAVAILABLE"
"154695","BANK OF INDIA VALUE FUND - Regular Plan - Growth","BANK_OF_INDIA_MF","","","",0,0,0,0,0,0,0,0,"SOURCE_UNAVAILABLE"
"154095","Bank of India Banking & Financial Services Fund - Regular Plan - Growth","BANK_OF_INDIA_MF","","","",0,0,0,0,0,0,0,0,"SOURCE_UNAVAILABLE"
"152790","Bank of India Business Cycle Fund - Regular Plan - Growth","BANK_OF_INDIA_MF","","","",0,0,0,0,0,0,0,0,"SOURCE_UNAVAILABLE"
"153140","Bank of India Consumption Fund - Regular Plan - Growth","BANK_OF_INDIA_MF","","","",0,0,0,0,0,0,0,0,"SOURCE_UNAVAILABLE"
"153293","Bank of India Money Market Fund - Regular Plan - Growth","BANK_OF_INDIA_MF","","","",0,0,0,0,0,0,0,0,"SOURCE_UNAVAILABLE"
"152398","Bank of India Multi Asset Allocation Fund - Regular Plan - Growth","BANK_OF_INDIA_MF","","","",0,0,0,0,0,0,0,0,"SOURCE_UNAVAILABLE"
"150258","BARODA BNP PARIBAS AGGRESSIVE HYBRID FUND - Regular Plan - Growth Option","BARODA_BNP_PARI_MF","","","",0,0,0,0,0,0,0,0,"SOURCE_UNAVAILABLE"
"150250","BARODA BNP PARIBAS ARBITRAGE FUND - Regular Plan - Growth Option","BARODA_BNP_PARI_MF","","","",0,0,0,0,0,0,0,0,"SOURCE_UNAVAILABLE"
"150203","BARODA BNP PARIBAS CONSERVATIVE HYBRID FUND - Regular Plan - Growth Option","BARODA_BNP_PARI_MF","","","",0,0,0,0,0,0,0,0,"SOURCE_UNAVAILABLE"
"150229","BARODA BNP PARIBAS CORPORATE BOND FUND - Growth Option - Regular Plan - Growth","BARODA_BNP_PARI_MF","","","",0,0,0,0,0,0,0,0,"SOURCE_UNAVAILABLE"
"150235","BARODA BNP PARIBAS CORPORATE BOND FUND - Regular Plan - Growth Option","BARODA_BNP_PARI_MF","","","",0,0,0,0,0,0,0,0,"SOURCE_UNAVAILABLE"
"101187","BARODA BNP PARIBAS GILT FUND - Regular Plan - Growth Option","BARODA_BNP_PARI_MF","","","",0,0,0,0,0,0,0,0,"SOURCE_UNAVAILABLE"
"150185","BARODA BNP PARIBAS LARGE CAP FUND - Regular Plan - Growth Option","BARODA_BNP_PARI_MF","","","",0,0,0,0,0,0,0,0,"SOURCE_UNAVAILABLE"
"101408","BARODA BNP PARIBAS LIQUID FUND - Growth Option - Regular Plan - Growth","BARODA_BNP_PARI_MF","","","",0,0,0,0,0,0,0,0,"SOURCE_UNAVAILABLE"
"111704","BARODA BNP PARIBAS LIQUID FUND - Regular Plan - Growth Option","BARODA_BNP_PARI_MF","","","",0,0,0,0,0,0,0,0,"SOURCE_UNAVAILABLE"
"150160","BARODA BNP PARIBAS ULTRA SHORT TO SHORT TERM FUND - Growth Option - Regular Plan - Growth","BARODA_BNP_PARI_MF","","","",0,0,0,0,0,0,0,0,"SOURCE_UNAVAILABLE"
"150165","BARODA BNP PARIBAS ULTRA SHORT TO SHORT TERM FUND - Regular Plan - Growth Option","BARODA_BNP_PARI_MF","","","",0,0,0,0,0,0,0,0,"SOURCE_UNAVAILABLE"
"150284","Baroda BNP Paribas Aqua Fund of Fund - Regular Plan - Growth Option","BARODA_BNP_PARI_MF","","","",0,0,0,0,0,0,0,0,"SOURCE_UNAVAILABLE"
"145387","Baroda BNP Paribas Balanced Advantage Fund - Regular Plan - Growth Option","BARODA_BNP_PARI_MF","","","",0,0,0,0,0,0,0,0,"SOURCE_UNAVAILABLE"
"117549","Baroda BNP Paribas Banking and Financial Services Fund - Regular Plan - Growth Option","BARODA_BNP_PARI_MF","","","",0,0,0,0,0,0,0,0,"SOURCE_UNAVAILABLE"
"153844","Baroda BNP Paribas Business Conglomerates Fund - Regular Plan - Growth Option","BARODA_BNP_PARI_MF","","","",0,0,0,0,0,0,0,0,"SOURCE_UNAVAILABLE"
"149140","Baroda BNP Paribas Business Cycle Fund - Regular Plan - Growth Option","BARODA_BNP_PARI_MF","","","",0,0,0,0,0,0,0,0,"SOURCE_UNAVAILABLE"
"153170","Baroda BNP Paribas Children's Fund - Regular Plan - Growth Option","BARODA_BNP_PARI_MF","","","",0,0,0,0,0,0,0,0,"SOURCE_UNAVAILABLE"
"150172","Baroda BNP Paribas Dynamic Term Fund - Growth Option - Regular Plan - Growth","BARODA_BNP_PARI_MF","","","",0,0,0,0,0,0,0,0,"SOURCE_UNAVAILABLE"
"150173","Baroda BNP Paribas Dynamic Term Fund - Regular Plan - Growth Option","BARODA_BNP_PARI_MF","","","",0,0,0,0,0,0,0,0,"SOURCE_UNAVAILABLE"
"150156","Baroda BNP Paribas ELSS Tax Saver Fund - Regular Plan - Growth Option","BARODA_BNP_PARI_MF","","","",0,0,0,0,0,0,0,0,"SOURCE_UNAVAILABLE"
"154194","Baroda BNP Paribas ESG Best-in-Class Strategy Fund - Regular Plan - Growth Option","BARODA_BNP_PARI_MF","","","",0,0,0,0,0,0,0,0,"SOURCE_UNAVAILABLE"
"153226","Baroda BNP Paribas Energy Opportunities Fund - Regular Plan - Growth Option","BARODA_BNP_PARI_MF","","","",0,0,0,0,0,0,0,0,"SOURCE_UNAVAILABLE"
"147494","Baroda BNP Paribas Equity Savings Fund - Regular Plan - Growth Option","BARODA_BNP_PARI_MF","","","",0,0,0,0,0,0,0,0,"SOURCE_UNAVAILABLE"
"150385","Baroda BNP Paribas Flexi Cap Fund - Regular Plan - Growth Option","BARODA_BNP_PARI_MF","","","",0,0,0,0,0,0,0,0,"SOURCE_UNAVAILABLE"
"150263","Baroda BNP Paribas Focused Fund - Regular Plan - Growth Option","BARODA_BNP_PARI_MF","","","",0,0,0,0,0,0,0,0,"SOURCE_UNAVAILABLE"
"152231","Baroda BNP Paribas Gold ETF - Regular Plan - Growth Option","BARODA_BNP_PARI_MF","","","",0,0,0,0,0,0,0,0,"SOURCE_UNAVAILABLE"
"153794","Baroda BNP Paribas Gold ETF Fund of Fund - Regular Plan - Growth Option","BARODA_BNP_PARI_MF","","","",0,0,0,0,0,0,0,0,"SOURCE_UNAVAILABLE"
"153602","Baroda BNP Paribas Health and Wellness Fund - Regular Plan - Growth Option","BARODA_BNP_PARI_MF","","","",0,0,0,0,0,0,0,0,"SOURCE_UNAVAILABLE"
"153541","Baroda BNP Paribas Income Plus Arbitrage Active Fund of Funds - Regular Plan - Growth Option","BARODA_BNP_PARI_MF","","","",0,0,0,0,0,0,0,0,"SOURCE_UNAVAILABLE"
"150268","Baroda BNP Paribas India Consumption Fund - Regular Plan - Growth Option","BARODA_BNP_PARI_MF","","","",0,0,0,0,0,0,0,0,"SOURCE_UNAVAILABLE"
"152472","Baroda BNP Paribas Innovation Fund - Regular Plan - Growth Option","BARODA_BNP_PARI_MF","","","",0,0,0,0,0,0,0,0,"SOURCE_UNAVAILABLE"
"148471","Baroda BNP Paribas Large and Mid Cap fund - Regular Plan - Growth Option","BARODA_BNP_PARI_MF","","","",0,0,0,0,0,0,0,0,"SOURCE_UNAVAILABLE"
"152696","Baroda BNP Paribas Manufacturing Fund - Regular Plan - Growth Option","BARODA_BNP_PARI_MF","","","",0,0,0,0,0,0,0,0,"SOURCE_UNAVAILABLE"
"150209","Baroda BNP Paribas Mid Cap Fund - Regular Plan - Growth Option","BARODA_BNP_PARI_MF","","","",0,0,0,0,0,0,0,0,"SOURCE_UNAVAILABLE"
"147382","Baroda BNP Paribas Money Market Fund - Regular Plan - Growth Option","BARODA_BNP_PARI_MF","","","",0,0,0,0,0,0,0,0,"SOURCE_UNAVAILABLE"
"153548","Baroda BNP Paribas Multi Asset Active Fund of Funds - Regular Plan - Growth Option","BARODA_BNP_PARI_MF","","","",0,0,0,0,0,0,0,0,"SOURCE_UNAVAILABLE"
"150863","Baroda BNP Paribas Multi Asset Fund - Regular Plan - Growth Option","BARODA_BNP_PARI_MF","","","",0,0,0,0,0,0,0,0,"SOURCE_UNAVAILABLE"
"102020","Baroda BNP Paribas Multi Cap Fund - Regular Plan - Growth Option","BARODA_BNP_PARI_MF","","","",0,0,0,0,0,0,0,0,"SOURCE_UNAVAILABLE"
"151576","Baroda BNP Paribas NIFTY SDL December 2028 Index Fund - Regular Plan - Growth Option","BARODA_BNP_PARI_MF","","","",0,0,0,0,0,0,0,0,"SOURCE_UNAVAILABLE"
"152331","Baroda BNP Paribas Nifty 50 Index Fund - Regular Plan - Growth Option","BARODA_BNP_PARI_MF","","","",0,0,0,0,0,0,0,0,"SOURCE_UNAVAILABLE"
"152683","Baroda BNP Paribas Nifty Bank ETF - Regular Plan - Growth Option","BARODA_BNP_PARI_MF","","","",0,0,0,0,0,0,0,0,"SOURCE_UNAVAILABLE"
"153001","Baroda BNP Paribas Nifty Midcap 150 Index Fund - Regular Plan - Growth Option","BARODA_BNP_PARI_MF","","","",0,0,0,0,0,0,0,0,"SOURCE_UNAVAILABLE"
"151279","Baroda BNP Paribas Nifty SDL December 2026 Index Fund - Regular Plan - Growth Option","BARODA_BNP_PARI_MF","","","",0,0,0,0,0,0,0,0,"SOURCE_UNAVAILABLE"
"152930","Baroda BNP Paribas Nifty200 Momentum 30 Index Fund - Regular Plan - Growth Option","BARODA_BNP_PARI_MF","","","",0,0,0,0,0,0,0,0,"SOURCE_UNAVAILABLE"
"147193","Baroda BNP Paribas Overnight Fund - Regular Plan - Growth Option","BARODA_BNP_PARI_MF","","","",0,0,0,0,0,0,0,0,"SOURCE_UNAVAILABLE"
"152625","Baroda BNP Paribas Retirement Fund - Regular Plan - Growth Option","BARODA_BNP_PARI_MF","","","",0,0,0,0,0,0,0,0,"SOURCE_UNAVAILABLE"
"154486","Baroda BNP Paribas Services Fund - Regular Plan - Growth Option","BARODA_BNP_PARI_MF","","","",0,0,0,0,0,0,0,0,"SOURCE_UNAVAILABLE"
"113036","Baroda BNP Paribas Short Term Fund (the scheme has 2 segregated portfolios) - Regular Plan - Growth Option","BARODA_BNP_PARI_MF","","","",0,0,0,0,0,0,0,0,"SOURCE_UNAVAILABLE"
"152130","Baroda BNP Paribas Small Cap Fund - Regular Plan - Growth Option","BARODA_BNP_PARI_MF","","","",0,0,0,0,0,0,0,0,"SOURCE_UNAVAILABLE"
"143464","Baroda BNP Paribas Ultra Short Term Fund - Regular Plan - Growth Option","BARODA_BNP_PARI_MF","","","",0,0,0,0,0,0,0,0,"SOURCE_UNAVAILABLE"
"151747","Baroda BNP Paribas Value Fund - Regular Plan - Growth Option","BARODA_BNP_PARI_MF","","","",0,0,0,0,0,0,0,0,"SOURCE_UNAVAILABLE"
"106166","Canara Robeco Aggressive Hybrid Fund - Regular Plan - GROWTH OPTION","CANARA_ROBECO_MF","","","",0,0,0,0,0,0,0,0,"SOURCE_UNAVAILABLE"
"152690","Canara Robeco Balanced Advantage Fund - Regular Plan - Growth Option","CANARA_ROBECO_MF","","","",0,0,0,0,0,0,0,0,"SOURCE_UNAVAILABLE"
"154248","Canara Robeco Banking and Financial Services Fund - Regular Plan - Growth","CANARA_ROBECO_MF","","","",0,0,0,0,0,0,0,0,"SOURCE_UNAVAILABLE"
"150503","Canara Robeco Banking and PSU Debt Fund - Regular Plan - Growth Option","CANARA_ROBECO_MF","","","",0,0,0,0,0,0,0,0,"SOURCE_UNAVAILABLE"
"100601","Canara Robeco Conservative Hybrid Fund - Regular Plan - GROWTH OPTION","CANARA_ROBECO_MF","","","",0,0,0,0,0,0,0,0,"SOURCE_UNAVAILABLE"
"112152","Canara Robeco Consumption Fund - Regular Plan - GROWTH OPTION","CANARA_ROBECO_MF","","","",0,0,0,0,0,0,0,0,"SOURCE_UNAVAILABLE"
"126687","Canara Robeco Corporate Bond Fund - Regular Plan - GROWTH OPTION","CANARA_ROBECO_MF","","","",0,0,0,0,0,0,0,0,"SOURCE_UNAVAILABLE"
"111962","Canara Robeco Dynamic Term Fund - Regular Plan - GROWTH OPTION","CANARA_ROBECO_MF","","","",0,0,0,0,0,0,0,0,"SOURCE_UNAVAILABLE"
"111722","Canara Robeco ELSS - Tax Saver Fund - Regular Plan - GROWTH OPTION","CANARA_ROBECO_MF","","","",0,0,0,0,0,0,0,0,"SOURCE_UNAVAILABLE"
"101922","Canara Robeco Flexi Cap Fund - Regular Plan - GROWTH OPTION","CANARA_ROBECO_MF","","","",0,0,0,0,0,0,0,0,"SOURCE_UNAVAILABLE"
"148884","Canara Robeco Focused Fund - Regular Plan - Growth Option","CANARA_ROBECO_MF","","","",0,0,0,0,0,0,0,0,"SOURCE_UNAVAILABLE"
"100597","Canara Robeco Gilt Fund - Regular Plan - GROWTH OPTION","CANARA_ROBECO_MF","","","",0,0,0,0,0,0,0,0,"SOURCE_UNAVAILABLE"
"103390","Canara Robeco Infrastructure Fund - Regular Plan - GROWTH OPTION","CANARA_ROBECO_MF","","","",0,0,0,0,0,0,0,0,"SOURCE_UNAVAILABLE"
"113221","Canara Robeco Large Cap Fund - Regular Plan - GROWTH OPTION","CANARA_ROBECO_MF","","","",0,0,0,0,0,0,0,0,"SOURCE_UNAVAILABLE"
"102920","Canara Robeco Large and Mid Cap Fund - Regular Plan - GROWTH OPTION","CANARA_ROBECO_MF","","","",0,0,0,0,0,0,0,0,"SOURCE_UNAVAILABLE"
"109353","Canara Robeco Liquid Fund - Regular Plan - GROWTH OPTION","CANARA_ROBECO_MF","","","",0,0,0,0,0,0,0,0,"SOURCE_UNAVAILABLE"
"152447","Canara Robeco Manufacturing Fund - Regular Plan - Growth Option","CANARA_ROBECO_MF","","","",0,0,0,0,0,0,0,0,"SOURCE_UNAVAILABLE"
"101588","Canara Robeco Medium To Long Term Fund - Regular Plan - GROWTH OPTION","CANARA_ROBECO_MF","","","",0,0,0,0,0,0,0,0,"SOURCE_UNAVAILABLE"
"150816","Canara Robeco Mid Cap Fund - Regular Plan - Growth Option","CANARA_ROBECO_MF","","","",0,0,0,0,0,0,0,0,"SOURCE_UNAVAILABLE"
"153466","Canara Robeco Multi Asset Allocation Fund - Regular Plan - Growth","CANARA_ROBECO_MF","","","",0,0,0,0,0,0,0,0,"SOURCE_UNAVAILABLE"
"151821","Canara Robeco Multi Cap Fund - Regular Plan - Growth Option","CANARA_ROBECO_MF","","","",0,0,0,0,0,0,0,0,"SOURCE_UNAVAILABLE"
"147534","Canara Robeco Overnight Fund - Regular Plan - GROWTH OPTION","CANARA_ROBECO_MF","","","",0,0,0,0,0,0,0,0,"SOURCE_UNAVAILABLE"
"115077","Canara Robeco Short Term Fund - Regular Plan - GROWTH OPTION","CANARA_ROBECO_MF","","","",0,0,0,0,0,0,0,0,"SOURCE_UNAVAILABLE"
"146127","Canara Robeco Small Cap Fund - Regular Plan - GROWTH OPTION","CANARA_ROBECO_MF","","","",0,0,0,0,0,0,0,0,"SOURCE_UNAVAILABLE"
"109371","Canara Robeco Ultra Short Term Fund - Regular Plan - GROWTH OPTION","CANARA_ROBECO_MF","","","",0,0,0,0,0,0,0,0,"SOURCE_UNAVAILABLE"
"102913","Canara Robeco Ultra Short to Short Term Fund - Regular Plan - GROWTH OPTION","CANARA_ROBECO_MF","","","",0,0,0,0,0,0,0,0,"SOURCE_UNAVAILABLE"
"149088","Canara Robeco Value Fund - Regular Plan - Growth Option","CANARA_ROBECO_MF","","","",0,0,0,0,0,0,0,0,"SOURCE_UNAVAILABLE"
"154233","Capitalmind Arbitrage Fund - Regular Plan - Growth","CAPITALMIND_MF","","","",0,0,0,0,0,0,0,0,"SOURCE_UNAVAILABLE"
"153739","Capitalmind Flexi Cap Fund - Regular Plan - Growth","CAPITALMIND_MF","","","",0,0,0,0,0,0,0,0,"SOURCE_UNAVAILABLE"
"154010","Capitalmind Liquid Fund - Regular Plan - Growth","CAPITALMIND_MF","","","",0,0,0,0,0,0,0,0,"SOURCE_UNAVAILABLE"
"154231","Capitalmind Multi Asset Allocation Fund - Regular Plan - Growth","CAPITALMIND_MF","","","",0,0,0,0,0,0,0,0,"SOURCE_UNAVAILABLE"
"154302","Choice Nifty 50 Index Fund - Regular Plan - Growth","CHOICE_MF","","","",0,0,0,0,0,0,0,0,"SOURCE_UNAVAILABLE"
"154303","Choice Nifty Next 50 Index Fund - Regular Plan - Growth","CHOICE_MF","","","",0,0,0,0,0,0,0,0,"SOURCE_UNAVAILABLE"
"154415","Choice Overnight Fund - Regular Plan - Growth","CHOICE_MF","","","",0,0,0,0,0,0,0,0,"SOURCE_UNAVAILABLE"
"131297","DSP 10 year Constant Maturity Gilt Fund - Regular Plan - Growth","DSP_MF","","","",0,0,0,0,0,0,0,0,"SOURCE_UNAVAILABLE"
"100081","DSP Aggressive Hybrid Fund - Regular Plan - Growth","DSP_MF","","","",0,0,0,0,0,0,0,0,"SOURCE_UNAVAILABLE"
"142282","DSP Arbitrage fund - Regular Plan - Growth","DSP_MF","","","",0,0,0,0,0,0,0,0,"SOURCE_UNAVAILABLE"
"153216","DSP BSE SENSEX Next 30 Index Fund - Regular Plan - Growth","DSP_MF","","","",0,0,0,0,0,0,0,0,"SOURCE_UNAVAILABLE"
"152208","DSP Banking & Financial Services Fund - Regular Plan - Growth","DSP_MF","","","",0,0,0,0,0,0,0,0,"SOURCE_UNAVAILABLE"
"124172","DSP Banking and PSU Debt Fund - Regular Plan - Growth","DSP_MF","","","",0,0,0,0,0,0,0,0,"SOURCE_UNAVAILABLE"
"153122","DSP Business Cycle Fund - Regular Plan - Growth","DSP_MF","","","",0,0,0,0,0,0,0,0,"SOURCE_UNAVAILABLE"
"151327","DSP CRISIL-IBX 50:50 Gilt Plus SDL - April 2033 Index Fund - Regular Plan - Growth","DSP_MF","","","",0,0,0,0,0,0,0,0,"SOURCE_UNAVAILABLE"
"102448","DSP Conservative Hybrid Fund - Regular Plan - Growth","DSP_MF","","","",0,0,0,0,0,0,0,0,"SOURCE_UNAVAILABLE"
"144644","DSP Corporate Bond Fund - Regular Plan - Growth","DSP_MF","","","",0,0,0,0,0,0,0,0,"SOURCE_UNAVAILABLE"
"101837","DSP Credit Risk Fund - Regular Plan - Growth","DSP_MF","","","",0,0,0,0,0,0,0,0,"SOURCE_UNAVAILABLE"
"126394","DSP Dynamic Asset Allocation Fund - Regular Plan - Growth","DSP_MF","","","",0,0,0,0,0,0,0,0,"SOURCE_UNAVAILABLE"
"105669","DSP Dynamic Term Fund - Regular Plan - Growth","DSP_MF","","","",0,0,0,0,0,0,0,0,"SOURCE_UNAVAILABLE"
"104772","DSP ELSS Tax Saver Fund - Regular Plan - Growth","DSP_MF","","","",0,0,0,0,0,0,0,0,"SOURCE_UNAVAILABLE"
"136563","DSP Equity Savings Fund - Regular Plan - Growth","DSP_MF","","","",0,0,0,0,0,0,0,0,"SOURCE_UNAVAILABLE"
"154655","DSP Financial Services Sectoral Debt Fund - Regular Plan - Growth","DSP_MF","","","",0,0,0,0,0,0,0,0,"SOURCE_UNAVAILABLE"
"105875","DSP Flexi Cap Fund - Regular Plan - Growth","DSP_MF","","","",0,0,0,0,0,0,0,0,"SOURCE_UNAVAILABLE"
"148768","DSP Floating Interest Rates Fund - Regular Plan - Growth","DSP_MF","","","",0,0,0,0,0,0,0,0,"SOURCE_UNAVAILABLE"
"112901","DSP Focused Fund - Regular Plan - Growth","DSP_MF","","","",0,0,0,0,0,0,0,0,"SOURCE_UNAVAILABLE"
"100084","DSP Gilt Fund - Regular Plan - Growth","DSP_MF","","","",0,0,0,0,0,0,0,0,"SOURCE_UNAVAILABLE"
"112126","DSP Global Clean Energy Overseas Equity Omni FoF - Regular Plan - Growth","DSP_MF","","","",0,0,0,0,0,0,0,0,"SOURCE_UNAVAILABLE"
"149817","DSP Global Innovation Overseas Equity Omni FoF - Regular Plan - Growth","DSP_MF","","","",0,0,0,0,0,0,0,0,"SOURCE_UNAVAILABLE"
"152182","DSP Gold ETF Fund of Fund - Regular Plan - Growth","DSP_MF","","","",0,0,0,0,0,0,0,0,"SOURCE_UNAVAILABLE"
"145456","DSP Healthcare Fund - Regular Plan - Growth","DSP_MF","","","",0,0,0,0,0,0,0,0,"SOURCE_UNAVAILABLE"
"130492","DSP Income Plus Arbitrage Omni FoF - Regular Plan - Growth","DSP_MF","","","",0,0,0,0,0,0,0,0,"SOURCE_UNAVAILABLE"
"102434","DSP India T.I.G.E.R. Fund - Regular Plan - Growth","DSP_MF","","","",0,0,0,0,0,0,0,0,"SOURCE_UNAVAILABLE"
"103819","DSP Large & Mid Cap Fund - Regular Plan - Growth","DSP_MF","","","",0,0,0,0,0,0,0,0,"SOURCE_UNAVAILABLE"
"101635","DSP Large Cap Fund - Regular Plan - Growth","DSP_MF","","","",0,0,0,0,0,0,0,0,"SOURCE_UNAVAILABLE"
"103347","DSP Liquid Fund - Regular Plan - Growth","DSP_MF","","","",0,0,0,0,0,0,0,0,"SOURCE_UNAVAILABLE"
"100078","DSP Medium Term Fund - Regular Plan - Growth","DSP_MF","","","",0,0,0,0,0,0,0,0,"SOURCE_UNAVAILABLE"
"104481","DSP Midcap Fund - Regular Plan - Growth","DSP_MF","","","",0,0,0,0,0,0,0,0,"SOURCE_UNAVAILABLE"
"100087","DSP Money Market Fund - Regular Plan - Growth","DSP_MF","","","",0,0,0,0,0,0,0,0,"SOURCE_UNAVAILABLE"
"152053","DSP Multi Asset Allocation Fund - Regular Plan - Growth","DSP_MF","","","",0,0,0,0,0,0,0,0,"SOURCE_UNAVAILABLE"
"154165","DSP Multi Asset Omni Fund of Funds - Regular Plan - Growth","DSP_MF","","","",0,0,0,0,0,0,0,0,"SOURCE_UNAVAILABLE"
"152307","DSP Multi Cap Fund - Regular Plan - Growth","DSP_MF","","","",0,0,0,0,0,0,0,0,"SOURCE_UNAVAILABLE"
"108202","DSP Natural Resources And New Energy Fund - Regular Plan - Growth","DSP_MF","","","",0,0,0,0,0,0,0,0,"SOURCE_UNAVAILABLE"
"141875","DSP Nifty 50 Equal Weight Index Fund - Regular Plan - Growth","DSP_MF","","","",0,0,0,0,0,0,0,0,"SOURCE_UNAVAILABLE"
"146379","DSP Nifty 50 Index Fund - Regular Plan - Growth","DSP_MF","","","",0,0,0,0,0,0,0,0,"SOURCE_UNAVAILABLE"
"154090","DSP Nifty 500 Index Fund - Regular Plan - Growth","DSP_MF","","","",0,0,0,0,0,0,0,0,"SOURCE_UNAVAILABLE"
"152653","DSP Nifty Bank Index Fund - Regular Plan - Growth","DSP_MF","","","",0,0,0,0,0,0,0,0,"SOURCE_UNAVAILABLE"
"153592","DSP Nifty Healthcare Index Fund - Regular Plan - Growth","DSP_MF","","","",0,0,0,0,0,0,0,0,"SOURCE_UNAVAILABLE"
"153588","DSP Nifty IT Index Fund - Regular Plan - Growth","DSP_MF","","","",0,0,0,0,0,0,0,0,"SOURCE_UNAVAILABLE"
"154012","DSP Nifty Midcap 150 Index Fund - Regular Plan - Growth","DSP_MF","","","",0,0,0,0,0,0,0,0,"SOURCE_UNAVAILABLE"
"150427","DSP Nifty Midcap 150 Quality 50 Index Fund - Regular Plan - Growth","DSP_MF","","","",0,0,0,0,0,0,0,0,"SOURCE_UNAVAILABLE"
"146380","DSP Nifty Next 50 Index Fund - Regular Plan - Growth","DSP_MF","","","",0,0,0,0,0,0,0,0,"SOURCE_UNAVAILABLE"
"153347","DSP Nifty Private Bank Index Fund - Regular Plan - Growth","DSP_MF","","","",0,0,0,0,0,0,0,0,"SOURCE_UNAVAILABLE"
"149968","DSP Nifty SDL Plus G-Sec Jun 2028 30:70 Index Fund - Regular Plan - Growth","DSP_MF","","","",0,0,0,0,0,0,0,0,"SOURCE_UNAVAILABLE"
"151370","DSP Nifty SDL Plus G-Sec Sep 2027 50:50 Index Fund - Regular Plan - Growth","DSP_MF","","","",0,0,0,0,0,0,0,0,"SOURCE_UNAVAILABLE"
"154016","DSP Nifty Smallcap 250 Index Fund - Regular Plan - Growth","DSP_MF","","","",0,0,0,0,0,0,0,0,"SOURCE_UNAVAILABLE"
"152245","DSP Nifty Smallcap250 Quality 50 Index Fund - Regular Plan - Growth","DSP_MF","","","",0,0,0,0,0,0,0,0,"SOURCE_UNAVAILABLE"
"152813","DSP Nifty Top 10 Equal Weight Index Fund - Regular Plan - Growth","DSP_MF","","","",0,0,0,0,0,0,0,0,"SOURCE_UNAVAILABLE"
"153802","DSP Nifty500 Flexicap Quality 30 Index Fund - Regular Plan - Growth","DSP_MF","","","",0,0,0,0,0,0,0,0,"SOURCE_UNAVAILABLE"
"146061","DSP Overnight Fund - Regular Plan - Growth","DSP_MF","","","",0,0,0,0,0,0,0,0,"SOURCE_UNAVAILABLE"
"147303","DSP Quant Fund - Regular Plan - Growth","DSP_MF","","","",0,0,0,0,0,0,0,0,"SOURCE_UNAVAILABLE"
"101304","DSP Short Term Fund - Regular Plan - Growth","DSP_MF","","","",0,0,0,0,0,0,0,0,"SOURCE_UNAVAILABLE"
"153486","DSP Silver ETF Fund of Fund - Regular Plan - Growth","DSP_MF","","","",0,0,0,0,0,0,0,0,"SOURCE_UNAVAILABLE"
"105989","DSP Small Cap Fund - Regular Plan - Growth","DSP_MF","","","",0,0,0,0,0,0,0,0,"SOURCE_UNAVAILABLE"
"152527","DSP US Specific Debt Passive FoF - Regular Plan - Growth","DSP_MF","","","",0,0,0,0,0,0,0,0,"SOURCE_UNAVAILABLE"
"117691","DSP US Specific Equity Omni FoF - Regular Plan - Growth","DSP_MF","","","",0,0,0,0,0,0,0,0,"SOURCE_UNAVAILABLE"
"104138","DSP Ultra Short Term Fund - Regular Plan - Growth","DSP_MF","","","",0,0,0,0,0,0,0,0,"SOURCE_UNAVAILABLE"
"133926","DSP Ultra Short to Short Term Fund - Regular Plan - Growth","DSP_MF","","","",0,0,0,0,0,0,0,0,"SOURCE_UNAVAILABLE"
"148594","DSP Value Fund - Regular Plan - Growth","DSP_MF","","","",0,0,0,0,0,0,0,0,"SOURCE_UNAVAILABLE"
"106597","DSP World Gold Mining Overseas Equity Omni FoF - Regular Plan - Growth","DSP_MF","","","",0,0,0,0,0,0,0,0,"SOURCE_UNAVAILABLE"
"112293","DSP World Mining Overseas Equity Omni FoF - Regular Plan - Growth","DSP_MF","","","",0,0,0,0,0,0,0,0,"SOURCE_UNAVAILABLE"
"149399","BHARAT Bond ETF FOF - April 2032 - Regular Plan - Growth","EDELWEISS_MF","","","",0,0,0,0,0,0,0,0,"SOURCE_UNAVAILABLE"
"150991","BHARAT Bond ETF FOF - April 2033 - Regular Plan - Growth","EDELWEISS_MF","","","",0,0,0,0,0,0,0,0,"SOURCE_UNAVAILABLE"
"148448","BHARAT Bond FOF- April 2025 - Regular Plan - Growth","EDELWEISS_MF","","","",0,0,0,0,0,0,0,0,"SOURCE_UNAVAILABLE"
"148452","BHARAT Bond FOF- April 2031 - Regular Plan - Growth","EDELWEISS_MF","","","",0,0,0,0,0,0,0,0,"SOURCE_UNAVAILABLE"
"147854","Bharat Bond FOF - April 2030 - Regular Plan - Growth","EDELWEISS_MF","","","",0,0,0,0,0,0,0,0,"SOURCE_UNAVAILABLE"
"140255","Edelweiss ASEAN Equity Off-shore Fund - Regular Plan - Growth","EDELWEISS_MF","","","",0,0,0,0,0,0,0,0,"SOURCE_UNAVAILABLE"
"112108","Edelweiss Aggressive Hybrid Fund - Regular Plan - Growth","EDELWEISS_MF","","","",0,0,0,0,0,0,0,0,"SOURCE_UNAVAILABLE"
"130205","Edelweiss Arbitrage Fund - Regular Plan - Growth","EDELWEISS_MF","","","",0,0,0,0,0,0,0,0,"SOURCE_UNAVAILABLE"
"153495","Edelweiss BSE Internet Economy Index Fund - Regular Plan - Growth","EDELWEISS_MF","","","",0,0,0,0,0,0,0,0,"SOURCE_UNAVAILABLE"
"112117","Edelweiss Balanced Advantage Fund - Regular Plan - Growth","EDELWEISS_MF","","","",0,0,0,0,0,0,0,0,"SOURCE_UNAVAILABLE"
"140283","Edelweiss Banking and PSU Debt Fund - Regular Plan - Growth","EDELWEISS_MF","","","",0,0,0,0,0,0,0,0,"SOURCE_UNAVAILABLE"
"152724","Edelweiss Business Cycle Fund - Regular Plan - Growth","EDELWEISS_MF","","","",0,0,0,0,0,0,0,0,"SOURCE_UNAVAILABLE"
"150720","Edelweiss CRISIL IBX 50:50 Gilt Plus SDL April 2037 Index Fund - Regular Plan - Growth","EDELWEISS_MF","","","",0,0,0,0,0,0,0,0,"SOURCE_UNAVAILABLE"
"150771","Edelweiss CRISIL IBX 50:50 Gilt Plus SDL June 2027 Index Fund - Regular Plan - Growth","EDELWEISS_MF","","","",0,0,0,0,0,0,0,0,"SOURCE_UNAVAILABLE"
"150848","Edelweiss CRISIL IBX 50:50 Gilt Plus SDL Sep 2028 Index Fund - Regular Plan - Growth","EDELWEISS_MF","","","",0,0,0,0,0,0,0,0,"SOURCE_UNAVAILABLE"
"151398","Edelweiss CRISIL IBX 50:50 Gilt Plus SDL Short Duration Index Fund - Regular Plan - Growth","EDELWEISS_MF","","","",0,0,0,0,0,0,0,0,"SOURCE_UNAVAILABLE"
"153334","Edelweiss CRISIL IBX AAA Bond NBFC HFC Jun 2027 Index Fund - Regular Plan - Growth","EDELWEISS_MF","","","",0,0,0,0,0,0,0,0,"SOURCE_UNAVAILABLE"
"153130","Edelweiss CRISIL IBX AAA Financial Services Bond - Jan 2028 Index Fund - Regular Plan - Growth","EDELWEISS_MF","","","",0,0,0,0,0,0,0,0,"SOURCE_UNAVAILABLE"
"149949","Edelweiss CRISIL PSU Plus SDL 50:50 Oct 2025 Index Fund - Regular Plan - Growth","EDELWEISS_MF","","","",0,0,0,0,0,0,0,0,"SOURCE_UNAVAILABLE"
"153255","Edelweiss Consumption Fund - Regular Plan - Growth","EDELWEISS_MF","","","",0,0,0,0,0,0,0,0,"SOURCE_UNAVAILABLE"
"111638","Edelweiss ELSS Tax Saver Fund - Regular Plan - Growth","EDELWEISS_MF","","","",0,0,0,0,0,0,0,0,"SOURCE_UNAVAILABLE"
"140328","Edelweiss Emerging Markets Opportunities Equity Offshore Fund - Regular Plan - Growth","EDELWEISS_MF","","","",0,0,0,0,0,0,0,0,"SOURCE_UNAVAILABLE"
"140351","Edelweiss Equity Savings Fund - Regular Plan - Growth","EDELWEISS_MF","","","",0,0,0,0,0,0,0,0,"SOURCE_UNAVAILABLE"
"140295","Edelweiss Europe Dynamic Equity Offshore Fund - Regular Plan - Growth","EDELWEISS_MF","","","",0,0,0,0,0,0,0,0,"SOURCE_UNAVAILABLE"
"154107","Edelweiss Financial Services Fund - Regular Plan - Growth","EDELWEISS_MF","","","",0,0,0,0,0,0,0,0,"SOURCE_UNAVAILABLE"
"140355","Edelweiss Flexi Cap Fund - Regular Plan - Growth","EDELWEISS_MF","","","",0,0,0,0,0,0,0,0,"SOURCE_UNAVAILABLE"
"150382","Edelweiss Focused Fund - Regular Plan - Growth","EDELWEISS_MF","","","",0,0,0,0,0,0,0,0,"SOURCE_UNAVAILABLE"
"140297","Edelweiss Gilt Fund - Regular Plan - Growth","EDELWEISS_MF","","","",0,0,0,0,0,0,0,0,"SOURCE_UNAVAILABLE"
"154209","Edelweiss Gold ETF Fund of Fund - Regular Plan - Growth","EDELWEISS_MF","","","",0,0,0,0,0,0,0,0,"SOURCE_UNAVAILABLE"
"150579","Edelweiss Gold and Silver ETF FOF - Regular Plan - Growth","EDELWEISS_MF","","","",0,0,0,0,0,0,0,0,"SOURCE_UNAVAILABLE"
"140242","Edelweiss Greater China Equity Off-shore Fund - Regular Plan - Growth","EDELWEISS_MF","","","",0,0,0,0,0,0,0,0,"SOURCE_UNAVAILABLE"
"153713","Edelweiss Income Plus Arbitrage Omni Fund of Funds - Regular Plan - Growth","EDELWEISS_MF","","","",0,0,0,0,0,0,0,0,"SOURCE_UNAVAILABLE"
"140172","Edelweiss Large & Mid Cap Fund - Regular Plan - Growth","EDELWEISS_MF","","","",0,0,0,0,0,0,0,0,"SOURCE_UNAVAILABLE"
"111940","Edelweiss Large Cap Fund - Regular Plan - Growth","EDELWEISS_MF","","","",0,0,0,0,0,0,0,0,"SOURCE_UNAVAILABLE"
"140182","Edelweiss Liquid Fund - Regular Plan - Growth","EDELWEISS_MF","","","",0,0,0,0,0,0,0,0,"SOURCE_UNAVAILABLE"
"148557","Edelweiss MSCI India Domestic & World Healthcare 45 Index Fund - Regular Plan - Growth","EDELWEISS_MF","","","",0,0,0,0,0,0,0,0,"SOURCE_UNAVAILABLE"
"140225","Edelweiss Mid Cap Fund - Regular Plan - Growth","EDELWEISS_MF","","","",0,0,0,0,0,0,0,0,"SOURCE_UNAVAILABLE"
"140229","Edelweiss Money Market Fund - Regular Plan - Growth","EDELWEISS_MF","","","",0,0,0,0,0,0,0,0,"SOURCE_UNAVAILABLE"
"151795","Edelweiss Multi Asset Allocation Fund - Regular Plan - Growth","EDELWEISS_MF","","","",0,0,0,0,0,0,0,0,"SOURCE_UNAVAILABLE"
"153779","Edelweiss Multi Asset Omni Fund of Fund - Regular Plan - Growth","EDELWEISS_MF","","","",0,0,0,0,0,0,0,0,"SOURCE_UNAVAILABLE"
"152095","Edelweiss Multi Cap Fund - Regular Plan - Growth","EDELWEISS_MF","","","",0,0,0,0,0,0,0,0,"SOURCE_UNAVAILABLE"
"149341","Edelweiss NIFTY Large Midcap 250 Index Fund - Regular Plan - Growth","EDELWEISS_MF","","","",0,0,0,0,0,0,0,0,"SOURCE_UNAVAILABLE"
"149249","Edelweiss NIFTY PSU Bond Plus SDL Apr 2027 50:50 Index Fund - Regular Plan - Growth","EDELWEISS_MF","","","",0,0,0,0,0,0,0,0,"SOURCE_UNAVAILABLE"
"149256","Edelweiss Nifty 100 Quality 30 Index Fund - Regular Plan - Growth","EDELWEISS_MF","","","",0,0,0,0,0,0,0,0,"SOURCE_UNAVAILABLE"
"153920","Edelweiss Nifty 1D Rate Liquid ETF - Regular Plan - Growth","EDELWEISS_MF","","","",0,0,0,0,0,0,0,0,"SOURCE_UNAVAILABLE"
"149252","Edelweiss Nifty 50 Index Fund - Regular Plan - Growth","EDELWEISS_MF","","","",0,0,0,0,0,0,0,0,"SOURCE_UNAVAILABLE"
"152617","Edelweiss Nifty Alpha Low Volatility 30 Index Fund - Regular Plan - Growth","EDELWEISS_MF","","","",0,0,0,0,0,0,0,0,"SOURCE_UNAVAILABLE"
"154312","Edelweiss Nifty LargeMidcap250 Plus 8-13yr G-Sec 70:30 Index Fund - Regular Plan - Growth","EDELWEISS_MF","","","",0,0,0,0,0,0,0,0,"SOURCE_UNAVAILABLE"
"150900","Edelweiss Nifty Midcap150 Momentum 50 Index Fund - Regular Plan - Growth","EDELWEISS_MF","","","",0,0,0,0,0,0,0,0,"SOURCE_UNAVAILABLE"
"150897","Edelweiss Nifty Next 50 Index Fund - Regular Plan - Growth","EDELWEISS_MF","","","",0,0,0,0,0,0,0,0,"SOURCE_UNAVAILABLE"
"148797","Edelweiss Nifty PSU Bond Plus SDL Apr 2026 50:50 Index Fund - Regular Plan - Growth","EDELWEISS_MF","","","",0,0,0,0,0,0,0,0,"SOURCE_UNAVAILABLE"
"154561","Edelweiss Nifty REITs & Realty Index Fund - Regular Plan - Growth","EDELWEISS_MF","","","",0,0,0,0,0,0,0,0,"SOURCE_UNAVAILABLE"
"150894","Edelweiss Nifty Smallcap 250 Index Fund - Regular Plan - Growth","EDELWEISS_MF","","","",0,0,0,0,0,0,0,0,"SOURCE_UNAVAILABLE"
"152988","Edelweiss Nifty500 Multicap Momentum Quality 50 Index Fund - Regular Plan - Growth","EDELWEISS_MF","","","",0,0,0,0,0,0,0,0,"SOURCE_UNAVAILABLE"
"147569","Edelweiss Overnight Fund - Regular Plan - Growth","EDELWEISS_MF","","","",0,0,0,0,0,0,0,0,"SOURCE_UNAVAILABLE"
"142383","Edelweiss Recently Listed IPO Fund - Regular Plan - Growth","EDELWEISS_MF","","","",0,0,0,0,0,0,0,0,"SOURCE_UNAVAILABLE"
"154075","Edelweiss Silver ETF Fund of Fund - Regular Plan - Growth","EDELWEISS_MF","","","",0,0,0,0,0,0,0,0,"SOURCE_UNAVAILABLE"
"146193","Edelweiss Small Cap Fund - Regular Plan - Growth","EDELWEISS_MF","","","",0,0,0,0,0,0,0,0,"SOURCE_UNAVAILABLE"
"152439","Edelweiss Technology Fund - Regular Plan - Growth","EDELWEISS_MF","","","",0,0,0,0,0,0,0,0,"SOURCE_UNAVAILABLE"
"148064","Edelweiss US Technology Equity Fund of Fund - Regular Plan - Growth","EDELWEISS_MF","","","",0,0,0,0,0,0,0,0,"SOURCE_UNAVAILABLE"
"140273","Edelweiss US Value Equity Offshore Fund - Regular Plan - Growth","EDELWEISS_MF","","","",0,0,0,0,0,0,0,0,"SOURCE_UNAVAILABLE"
"154622","Edelweiss Ultra Short Term Fund - Regular Plan - Growth","EDELWEISS_MF","","","",0,0,0,0,0,0,0,0,"SOURCE_UNAVAILABLE"
"153419","Edelweiss Ultra Short to Short Term Fund - Regular Plan - Growth","EDELWEISS_MF","","","",0,0,0,0,0,0,0,0,"SOURCE_UNAVAILABLE"
"106979","Franklin Asian Equity Fund - Regular Plan - Growth","FRANKLIN_TEMPLE_MF","","","",0,0,0,0,0,0,0,0,"SOURCE_UNAVAILABLE"
"112092","Franklin Build India Fund - Regular Plan - Growth","FRANKLIN_TEMPLE_MF","","","",0,0,0,0,0,0,0,0,"SOURCE_UNAVAILABLE"
"100550","Franklin India Aggressive Hybrid Fund - Regular Plan - Growth","FRANKLIN_TEMPLE_MF","","","",0,0,0,0,0,0,0,0,"SOURCE_UNAVAILABLE"
"153042","Franklin India Arbitrage Fund - Regular Plan - Growth","FRANKLIN_TEMPLE_MF","","","",0,0,0,0,0,0,0,0,"SOURCE_UNAVAILABLE"
"150480","Franklin India Balanced Advantage Fund - Regular Plan - Growth","FRANKLIN_TEMPLE_MF","","","",0,0,0,0,0,0,0,0,"SOURCE_UNAVAILABLE"
"129006","Franklin India Banking & PSU Debt Fund - Regular Plan - Growth","FRANKLIN_TEMPLE_MF","2026-09-30","Franklin_India_Banking_PSU_Debt_Monthly_Portfolio_Sep_2026.xlsx","6b59fbc9aa1267226d51fd12535034e074e090d07e2b68996b1e61f98beb66f5",10,10,10,10,0,0,0,0,"VERIFIED_ACCURATE"
"100948","Franklin India Conservative Hybrid Fund - Regular Plan - Growth","FRANKLIN_TEMPLE_MF","","","",0,0,0,0,0,0,0,0,"SOURCE_UNAVAILABLE"
"100528","Franklin India Corporate Bond Fund - Regular Plan - Growth","FRANKLIN_TEMPLE_MF","","","",0,0,0,0,0,0,0,0,"SOURCE_UNAVAILABLE"
"101656","Franklin India Dynamic Asset Allocation Active Fund of Funds - Regular Plan - Growth","FRANKLIN_TEMPLE_MF","","","",0,0,0,0,0,0,0,0,"SOURCE_UNAVAILABLE"
"100526","Franklin India ELSS Tax Saver Fund - Regular Plan - Growth","FRANKLIN_TEMPLE_MF","","","",0,0,0,0,0,0,0,0,"SOURCE_UNAVAILABLE"
"144461","Franklin India Equity Savings Fund - Regular Plan - Growth","FRANKLIN_TEMPLE_MF","","","",0,0,0,0,0,0,0,0,"SOURCE_UNAVAILABLE"
"100520","Franklin India Flexi Cap Fund - Regular Plan - Growth","FRANKLIN_TEMPLE_MF","","","",0,0,0,0,0,0,0,0,"SOURCE_UNAVAILABLE"
"101048","Franklin India Floating Interest Rates Fund - Regular Plan - Growth","FRANKLIN_TEMPLE_MF","","","",0,0,0,0,0,0,0,0,"SOURCE_UNAVAILABLE"
"105817","Franklin India Focused Equity Fund - Regular Plan - Growth","FRANKLIN_TEMPLE_MF","","","",0,0,0,0,0,0,0,0,"SOURCE_UNAVAILABLE"
"100493","Franklin India Gilt Fund - Regular Plan - Growth","FRANKLIN_TEMPLE_MF","","","",0,0,0,0,0,0,0,0,"SOURCE_UNAVAILABLE"
"132987","Franklin India Income Plus Arbitrage Active Fund of Funds - Regular Plan - Growth","FRANKLIN_TEMPLE_MF","","","",0,0,0,0,0,0,0,0,"SOURCE_UNAVAILABLE"
"102883","Franklin India Large & Mid Cap Fund - Regular Plan - Growth","FRANKLIN_TEMPLE_MF","","","",0,0,0,0,0,0,0,0,"SOURCE_UNAVAILABLE"
"100471","Franklin India Large Cap Fund - Regular Plan - Growth","FRANKLIN_TEMPLE_MF","","","",0,0,0,0,0,0,0,0,"SOURCE_UNAVAILABLE"
"100538","Franklin India Liquid Fund - Regular Plan - Growth","FRANKLIN_TEMPLE_MF","","","",0,0,0,0,0,0,0,0,"SOURCE_UNAVAILABLE"
"139891","Franklin India Liquid Fund - Regular Plan - Unclaimed Redemption Investor Education Plan - Growth","FRANKLIN_TEMPLE_MF","","","",0,0,0,0,0,0,0,0,"SOURCE_UNAVAILABLE"
"139889","Franklin India Liquid Fund - Regular Plan - Unclaimed Redemption Plan - Growth","FRANKLIN_TEMPLE_MF","","","",0,0,0,0,0,0,0,0,"SOURCE_UNAVAILABLE"
"153104","Franklin India Long Term Fund - Regular Plan - Growth","FRANKLIN_TEMPLE_MF","","","",0,0,0,0,0,0,0,0,"SOURCE_UNAVAILABLE"
"152853","Franklin India Medium to Long Term Fund - Regular Plan - Growth","FRANKLIN_TEMPLE_MF","","","",0,0,0,0,0,0,0,0,"SOURCE_UNAVAILABLE"
"100473","Franklin India Mid Cap Fund - Regular Plan - Growth","FRANKLIN_TEMPLE_MF","","","",0,0,0,0,0,0,0,0,"SOURCE_UNAVAILABLE"
"101357","Franklin India Money Market Fund - Regular Plan - Growth","FRANKLIN_TEMPLE_MF","","","",0,0,0,0,0,0,0,0,"SOURCE_UNAVAILABLE"
"153733","Franklin India Multi Asset Allocation Fund - Regular Plan - Growth","FRANKLIN_TEMPLE_MF","","","",0,0,0,0,0,0,0,0,"SOURCE_UNAVAILABLE"
"152738","Franklin India Multi Cap Fund - Regular Plan - Growth","FRANKLIN_TEMPLE_MF","","","",0,0,0,0,0,0,0,0,"SOURCE_UNAVAILABLE"
"153943","Franklin India Multi-Factor Fund - Regular Plan - Growth","FRANKLIN_TEMPLE_MF","","","",0,0,0,0,0,0,0,0,"SOURCE_UNAVAILABLE"
"100484","Franklin India NSE Nifty 50 Index Fund - Regular Plan - Growth","FRANKLIN_TEMPLE_MF","","","",0,0,0,0,0,0,0,0,"SOURCE_UNAVAILABLE"
"103151","Franklin India Opportunities Fund - Regular Plan - Growth","FRANKLIN_TEMPLE_MF","","","",0,0,0,0,0,0,0,0,"SOURCE_UNAVAILABLE"
"147213","Franklin India Overnight Fund - Regular Plan - Growth","FRANKLIN_TEMPLE_MF","","","",0,0,0,0,0,0,0,0,"SOURCE_UNAVAILABLE"
"100536","Franklin India Retirement Fund - Regular Plan - Growth","FRANKLIN_TEMPLE_MF","","","",0,0,0,0,0,0,0,0,"SOURCE_UNAVAILABLE"
"154540","Franklin India Short Term Fund - Regular Plan - Growth","FRANKLIN_TEMPLE_MF","","","",0,0,0,0,0,0,0,0,"SOURCE_UNAVAILABLE"
"103360","Franklin India Small Cap Fund - Regular Plan - Growth","FRANKLIN_TEMPLE_MF","","","",0,0,0,0,0,0,0,0,"SOURCE_UNAVAILABLE"
"100522","Franklin India Technology Fund - Regular Plan - Growth","FRANKLIN_TEMPLE_MF","","","",0,0,0,0,0,0,0,0,"SOURCE_UNAVAILABLE"
"152828","Franklin India Ultra Short Term Fund - Regular Plan - Growth","FRANKLIN_TEMPLE_MF","","","",0,0,0,0,0,0,0,0,"SOURCE_UNAVAILABLE"
"153371","Franklin India Ultra Short to Short Term Fund - Regular Plan - Growth","FRANKLIN_TEMPLE_MF","","","",0,0,0,0,0,0,0,0,"SOURCE_UNAVAILABLE"
"116633","Franklin U. S. Opportunities Equity Active Fund of Funds - Regular Plan - Growth","FRANKLIN_TEMPLE_MF","","","",0,0,0,0,0,0,0,0,"SOURCE_UNAVAILABLE"
"100496","Templeton India Value Fund - Regular Plan - Growth","FRANKLIN_TEMPLE_MF","","","",0,0,0,0,0,0,0,0,"SOURCE_UNAVAILABLE"
"145605","Groww Aggressive Hybrid Fund - Regular Plan - Growth","GROWW_MF","","","",0,0,0,0,0,0,0,0,"SOURCE_UNAVAILABLE"
"154325","Groww Arbitrage Fund - Regular Plan - Growth","GROWW_MF","","","",0,0,0,0,0,0,0,0,"SOURCE_UNAVAILABLE"
"154223","Groww BSE Hospitals ETF FOF - Regular Plan - Growth","GROWW_MF","","","",0,0,0,0,0,0,0,0,"SOURCE_UNAVAILABLE"
"153748","Groww BSE Power ETF FOF - Regular Plan - Growth","GROWW_MF","","","",0,0,0,0,0,0,0,0,"SOURCE_UNAVAILABLE"
"152274","Groww Banking & Financial Services Fund - Regular Plan - Growth","GROWW_MF","","","",0,0,0,0,0,0,0,0,"SOURCE_UNAVAILABLE"
"145590","Groww Dynamic Term Fund - Regular Plan - Growth","GROWW_MF","","","",0,0,0,0,0,0,0,0,"SOURCE_UNAVAILABLE"
"141862","Groww ELSS Tax Saver Fund - Regular Plan - Growth","GROWW_MF","","","",0,0,0,0,0,0,0,0,"SOURCE_UNAVAILABLE"
"153503","Groww Gilt Fund - Regular Plan - Growth","GROWW_MF","","","",0,0,0,0,0,0,0,0,"SOURCE_UNAVAILABLE"
"153006","Groww Gold ETF FOF - Regular Plan - Growth","GROWW_MF","","","",0,0,0,0,0,0,0,0,"SOURCE_UNAVAILABLE"
"116547","Groww Large Cap Fund - Regular Plan - Growth","GROWW_MF","","","",0,0,0,0,0,0,0,0,"SOURCE_UNAVAILABLE"
"115991","Groww Liquid Fund - Regular Plan - Growth","GROWW_MF","","","",0,0,0,0,0,0,0,0,"SOURCE_UNAVAILABLE"
"153992","Groww Money Market Fund - Regular Plan - Growth","GROWW_MF","","","",0,0,0,0,0,0,0,0,"SOURCE_UNAVAILABLE"
"153851","Groww Multi Asset Allocation Fund - Regular Plan - Growth","GROWW_MF","","","",0,0,0,0,0,0,0,0,"SOURCE_UNAVAILABLE"
"154057","Groww Multi Asset Omni FOF - Regular Plan - Growth","GROWW_MF","","","",0,0,0,0,0,0,0,0,"SOURCE_UNAVAILABLE"
"153100","Groww Multicap Fund - Regular Plan - Growth","GROWW_MF","","","",0,0,0,0,0,0,0,0,"SOURCE_UNAVAILABLE"
"153342","Groww Nifty 200 ETF FOF - Regular Plan - Growth","GROWW_MF","","","",0,0,0,0,0,0,0,0,"SOURCE_UNAVAILABLE"
"153710","Groww Nifty 50 Index Fund - Regular Plan - Growth","GROWW_MF","","","",0,0,0,0,0,0,0,0,"SOURCE_UNAVAILABLE"
"153456","Groww Nifty 500 Momentum 50 ETF FOF - Regular Plan - Growth","GROWW_MF","","","",0,0,0,0,0,0,0,0,"SOURCE_UNAVAILABLE"
"153918","Groww Nifty Capital Markets ETF FOF - Regular Plan - Growth","GROWW_MF","","","",0,0,0,0,0,0,0,0,"SOURCE_UNAVAILABLE"
"152773","Groww Nifty EV & New Age Automotive ETF FOF - Regular Plan - Growth","GROWW_MF","","","",0,0,0,0,0,0,0,0,"SOURCE_UNAVAILABLE"
"152927","Groww Nifty India Defence ETF FOF - Regular Plan - Growth","GROWW_MF","","","",0,0,0,0,0,0,0,0,"SOURCE_UNAVAILABLE"
"153633","Groww Nifty India Internet ETF FOF - Regular Plan - Growth","GROWW_MF","","","",0,0,0,0,0,0,0,0,"SOURCE_UNAVAILABLE"
"153232","Groww Nifty India Railways PSU Index Fund - Regular Plan - Growth","GROWW_MF","","","",0,0,0,0,0,0,0,0,"SOURCE_UNAVAILABLE"
"153953","Groww Nifty Midcap 150 Index Fund - Regular Plan - Growth","GROWW_MF","","","",0,0,0,0,0,0,0,0,"SOURCE_UNAVAILABLE"
"153798","Groww Nifty Next 50 Index Fund - Regular Plan - Growth","GROWW_MF","","","",0,0,0,0,0,0,0,0,"SOURCE_UNAVAILABLE"
"152633","Groww Nifty Non-Cyclical Consumer Index Fund - Regular Plan - Growth","GROWW_MF","","","",0,0,0,0,0,0,0,0,"SOURCE_UNAVAILABLE"
"154173","Groww Nifty PSE ETF FOF - Regular Plan - Growth","GROWW_MF","","","",0,0,0,0,0,0,0,0,"SOURCE_UNAVAILABLE"
"154284","Groww Nifty PSU Bank Index Fund - Regular Plan - Growth","GROWW_MF","","","",0,0,0,0,0,0,0,0,"SOURCE_UNAVAILABLE"
"154350","Groww Nifty Private Bank Index Fund - Regular Plan - Growth","GROWW_MF","","","",0,0,0,0,0,0,0,0,"SOURCE_UNAVAILABLE"
"152433","Groww Nifty Smallcap 250 Index Fund - Regular Plan - Growth","GROWW_MF","","","",0,0,0,0,0,0,0,0,"SOURCE_UNAVAILABLE"
"154387","Groww Nifty Smallcap 250 Momentum Quality 100 Index Fund - Regular Plan - Growth","GROWW_MF","","","",0,0,0,0,0,0,0,0,"SOURCE_UNAVAILABLE"
"152127","Groww Nifty Total Market Index Fund - Regular Plan - Growth","GROWW_MF","","","",0,0,0,0,0,0,0,0,"SOURCE_UNAVAILABLE"
"147454","Groww Overnight Fund - Regular Plan - Growth","GROWW_MF","","","",0,0,0,0,0,0,0,0,"SOURCE_UNAVAILABLE"
"123708","Groww Short Term Fund - Regular Plan - Growth","GROWW_MF","","","",0,0,0,0,0,0,0,0,"SOURCE_UNAVAILABLE"
"153527","Groww Silver ETF FOF - Regular Plan - Growth","GROWW_MF","","","",0,0,0,0,0,0,0,0,"SOURCE_UNAVAILABLE"
"154102","Groww Small Cap Fund - Regular Plan - Growth","GROWW_MF","","","",0,0,0,0,0,0,0,0,"SOURCE_UNAVAILABLE"
"135343","Groww Value Fund - Regular Plan - Growth","GROWW_MF","","","",0,0,0,0,0,0,0,0,"SOURCE_UNAVAILABLE"
"102948","HDFC Aggressive Hybrid Fund - Regular Plan - Growth Option","HDFC_MF","","","",0,0,0,0,0,0,0,0,"SOURCE_UNAVAILABLE"
"106793","HDFC Arbitrage Fund - Regular Plan - Growth Option","HDFC_MF","","","",0,0,0,0,0,0,0,0,"SOURCE_UNAVAILABLE"
"151376","HDFC BSE 500 ETF - Growth Option - Regular Plan - Growth","HDFC_MF","","","",0,0,0,0,0,0,0,0,"SOURCE_UNAVAILABLE"
"151729","HDFC BSE 500 Index Fund - Regular Plan - Growth Option","HDFC_MF","","","",0,0,0,0,0,0,0,0,"SOURCE_UNAVAILABLE"
"153958","HDFC BSE India Sector Leaders Index Fund - Regular Plan - Growth Option","HDFC_MF","","","",0,0,0,0,0,0,0,0,"SOURCE_UNAVAILABLE"
"154752","HDFC BSE REITS and Commercial Real Estate Index Fund - Regular Plan - Growth Option","HDFC_MF","","","",0,0,0,0,0,0,0,0,"SOURCE_UNAVAILABLE"
"135854","HDFC BSE Sensex ETF - Growth Option - Regular Plan - Growth","HDFC_MF","","","",0,0,0,0,0,0,0,0,"SOURCE_UNAVAILABLE"
"101281","HDFC BSE Sensex Index Fund - Regular Plan - Growth Option","HDFC_MF","","","",0,0,0,0,0,0,0,0,"SOURCE_UNAVAILABLE"
"100119","HDFC Balanced Advantage Fund - Regular Plan - Growth Option","HDFC_MF","2026-09-30","HDFC_Balanced_Advantage_Fund_Monthly_Portfolio_Sep_2026.xlsx","df2a17a049f7526589b724614d16fe996effce162dc731a39aac5f4bb4906989",82,82,82,82,0,0,0,0,"VERIFIED_ACCURATE"
"148987","HDFC Banking & Financial Services Fund - Regular Plan - Growth Option","HDFC_MF","","","",0,0,0,0,0,0,0,0,"SOURCE_UNAVAILABLE"
"128628","HDFC Banking and PSU Debt Fund - Regular Plan - Growth Option","HDFC_MF","","","",0,0,0,0,0,0,0,0,"SOURCE_UNAVAILABLE"
"150803","HDFC Business Cycle Fund - Regular Plan - Growth Option","HDFC_MF","","","",0,0,0,0,0,0,0,0,"SOURCE_UNAVAILABLE"
"153518","HDFC CRISIL-IBX Financial Services 3-6 Months Debt Index Fund - Regular Plan - Growth Option","HDFC_MF","","","",0,0,0,0,0,0,0,0,"SOURCE_UNAVAILABLE"
"154309","HDFC CRISIL-IBX Financial Services 9-12 Months Debt Index Fund - Regular Plan - Growth Option","HDFC_MF","","","",0,0,0,0,0,0,0,0,"SOURCE_UNAVAILABLE"
"100900","HDFC Children's Fund - Regular Plan - Growth Option","HDFC_MF","","","",0,0,0,0,0,0,0,0,"SOURCE_UNAVAILABLE"
"102147","HDFC Conservative Hybrid Fund - Regular Plan - Growth Option","HDFC_MF","","","",0,0,0,0,0,0,0,0,"SOURCE_UNAVAILABLE"
"151803","HDFC Consumption Fund - Regular Plan - Growth Option","HDFC_MF","","","",0,0,0,0,0,0,0,0,"SOURCE_UNAVAILABLE"
"113070","HDFC Corporate Bond Fund - Regular Plan - Growth Option","HDFC_MF","","","",0,0,0,0,0,0,0,0,"SOURCE_UNAVAILABLE"
"128053","HDFC Credit Risk Fund - Regular Plan - Growth Option","HDFC_MF","","","",0,0,0,0,0,0,0,0,"SOURCE_UNAVAILABLE"
"151751","HDFC Defence Fund - Regular Plan - Growth Option","HDFC_MF","","","",0,0,0,0,0,0,0,0,"SOURCE_UNAVAILABLE"
"153861","HDFC Diversified Equity All Cap Active FOF - Regular Plan - Growth Option","HDFC_MF","","","",0,0,0,0,0,0,0,0,"SOURCE_UNAVAILABLE"
"101872","HDFC Dynamic Term Fund - Regular Plan - Growth Option","HDFC_MF","","","",0,0,0,0,0,0,0,0,"SOURCE_UNAVAILABLE"
"101979","HDFC ELSS - Tax Saver Fund - Regular Plan - Growth Option","HDFC_MF","","","",0,0,0,0,0,0,0,0,"SOURCE_UNAVAILABLE"
"101585","HDFC Equity Savings Fund - Regular Plan - Growth Option","HDFC_MF","","","",0,0,0,0,0,0,0,0,"SOURCE_UNAVAILABLE"
"149922","HDFC FMP 1861D March 2022 - Regular Plan - Growth Option","HDFC_MF","","","",0,0,0,0,0,0,0,0,"SOURCE_UNAVAILABLE"
"150001","HDFC FMP 1876D March 2022 - Regular Plan - Growth Option","HDFC_MF","","","",0,0,0,0,0,0,0,0,"SOURCE_UNAVAILABLE"
"101762","HDFC Flexi Cap Fund - Regular Plan - Growth Option","HDFC_MF","","","",0,0,0,0,0,0,0,0,"SOURCE_UNAVAILABLE"
"106841","HDFC Floating Interest Rates Fund - Regular Plan - Growth Option","HDFC_MF","","","",0,0,0,0,0,0,0,0,"SOURCE_UNAVAILABLE"
"102760","HDFC Focused Fund - Regular Plan - Growth Option","HDFC_MF","","","",0,0,0,0,0,0,0,0,"SOURCE_UNAVAILABLE"
"154356","HDFC GOLD SILVER PASSIVE FOF - Regular Plan - GROWTH OPTION","HDFC_MF","","","",0,0,0,0,0,0,0,0,"SOURCE_UNAVAILABLE"
"101083","HDFC Gilt Fund - Regular Plan - Growth Option","HDFC_MF","","","",0,0,0,0,0,0,0,0,"SOURCE_UNAVAILABLE"
"101084","HDFC Gilt Fund - Regular Plan - Growth Option","HDFC_MF","","","",0,0,0,0,0,0,0,0,"SOURCE_UNAVAILABLE"
"113049","HDFC Gold ETF - Growth Option - Regular Plan - Growth","HDFC_MF","","","",0,0,0,0,0,0,0,0,"SOURCE_UNAVAILABLE"
"115934","HDFC Gold ETF Fund of Fund - Regular Plan - Growth Option","HDFC_MF","","","",0,0,0,0,0,0,0,0,"SOURCE_UNAVAILABLE"
"141923","HDFC Housing Opportunities Fund - Regular Plan - Growth Option","HDFC_MF","","","",0,0,0,0,0,0,0,0,"SOURCE_UNAVAILABLE"
"154261","HDFC INCOME PLUS ARBITRAGE OMNI FOF - Regular Plan - GROWTH OPTION","HDFC_MF","","","",0,0,0,0,0,0,0,0,"SOURCE_UNAVAILABLE"
"153619","HDFC INNOVATION FUND - Regular Plan - GROWTH OPTION","HDFC_MF","","","",0,0,0,0,0,0,0,0,"SOURCE_UNAVAILABLE"
"130533","HDFC Income Plus Arbitrage Active FOF - Regular Plan - Growth Option","HDFC_MF","","","",0,0,0,0,0,0,0,0,"SOURCE_UNAVAILABLE"
"107524","HDFC Infrastructure Fund - Regular Plan - Growth Option","HDFC_MF","","","",0,0,0,0,0,0,0,0,"SOURCE_UNAVAILABLE"
"130496","HDFC Large & Mid Cap Fund - Regular Plan - Growth Option","HDFC_MF","","","",0,0,0,0,0,0,0,0,"SOURCE_UNAVAILABLE"
"102000","HDFC Large Cap Fund - Regular Plan - Growth Option","HDFC_MF","","","",0,0,0,0,0,0,0,0,"SOURCE_UNAVAILABLE"
"100868","HDFC Liquid Fund - Regular Plan - Growth Option","HDFC_MF","","","",0,0,0,0,0,0,0,0,"SOURCE_UNAVAILABLE"
"151314","HDFC Long Term Fund - Regular Plan - Growth Option","HDFC_MF","","","",0,0,0,0,0,0,0,0,"SOURCE_UNAVAILABLE"
"151457","HDFC MNC Fund - Regular Plan - Growth Option","HDFC_MF","","","",0,0,0,0,0,0,0,0,"SOURCE_UNAVAILABLE"
"152602","HDFC Manufacturing Fund - Regular Plan - Growth Option","HDFC_MF","","","",0,0,0,0,0,0,0,0,"SOURCE_UNAVAILABLE"
"101989","HDFC Medium Term Fund - Regular Plan - Growth Option","HDFC_MF","","","",0,0,0,0,0,0,0,0,"SOURCE_UNAVAILABLE"
"100124","HDFC Medium to Long Term Fund - Regular Plan - Growth Option","HDFC_MF","","","",0,0,0,0,0,0,0,0,"SOURCE_UNAVAILABLE"
"105758","HDFC Mid Cap Fund - Regular Plan - Growth Option","HDFC_MF","","","",0,0,0,0,0,0,0,0,"SOURCE_UNAVAILABLE"
"101993","HDFC Money Market Fund - Regular Plan - Growth Option","HDFC_MF","","","",0,0,0,0,0,0,0,0,"SOURCE_UNAVAILABLE"
"103131","HDFC Multi Asset Allocation Fund - Regular Plan - Growth Option","HDFC_MF","","","",0,0,0,0,0,0,0,0,"SOURCE_UNAVAILABLE"
"149366","HDFC Multi Cap Fund - Regular Plan - Growth Option","HDFC_MF","","","",0,0,0,0,0,0,0,0,"SOURCE_UNAVAILABLE"
"148901","HDFC Multi-Asset Active FOF - Regular Plan - Growth Option","HDFC_MF","","","",0,0,0,0,0,0,0,0,"SOURCE_UNAVAILABLE"
"150476","HDFC NIFTY 100 ETF - Growth Option - Regular Plan - Growth","HDFC_MF","","","",0,0,0,0,0,0,0,0,"SOURCE_UNAVAILABLE"
"149871","HDFC NIFTY 100 Equal Weight Index Fund - Regular Plan - Growth Option","HDFC_MF","","","",0,0,0,0,0,0,0,0,"SOURCE_UNAVAILABLE"
"149869","HDFC NIFTY 100 Index Fund - Regular Plan - Growth Option","HDFC_MF","","","",0,0,0,0,0,0,0,0,"SOURCE_UNAVAILABLE"
"153403","HDFC NIFTY 1D Rate Liquid ETF - Growth Option - Regular Plan - Growth","HDFC_MF","","","",0,0,0,0,0,0,0,0,"SOURCE_UNAVAILABLE"
"135853","HDFC NIFTY 50 ETF - Growth Option - Regular Plan - Growth","HDFC_MF","","","",0,0,0,0,0,0,0,0,"SOURCE_UNAVAILABLE"
"148461","HDFC NIFTY BANK ETF - Growth Option - Regular Plan - Growth","HDFC_MF","","","",0,0,0,0,0,0,0,0,"SOURCE_UNAVAILABLE"
"150621","HDFC NIFTY GROWTH SECTORS 15 ETF - Growth Option - Regular Plan - Growth","HDFC_MF","","","",0,0,0,0,0,0,0,0,"SOURCE_UNAVAILABLE"
"150801","HDFC NIFTY IT ETF - Growth Option - Regular Plan - Growth","HDFC_MF","","","",0,0,0,0,0,0,0,0,"SOURCE_UNAVAILABLE"
"152890","HDFC NIFTY LargeMidcap 250 Index Fund - Regular Plan - Growth Option","HDFC_MF","","","",0,0,0,0,0,0,0,0,"SOURCE_UNAVAILABLE"
"151374","HDFC NIFTY Midcap 150 ETF - Growth Option - Regular Plan - Growth","HDFC_MF","","","",0,0,0,0,0,0,0,0,"SOURCE_UNAVAILABLE"
"151725","HDFC NIFTY Midcap 150 Index Fund - Regular Plan - Growth Option","HDFC_MF","","","",0,0,0,0,0,0,0,0,"SOURCE_UNAVAILABLE"
"150477","HDFC NIFTY NEXT 50 ETF - Growth Option - Regular Plan - Growth","HDFC_MF","","","",0,0,0,0,0,0,0,0,"SOURCE_UNAVAILABLE"
"149287","HDFC NIFTY Next 50 index Fund - Regular Plan - Growth Option","HDFC_MF","","","",0,0,0,0,0,0,0,0,"SOURCE_UNAVAILABLE"
"152350","HDFC NIFTY PSU BANK ETF - Growth Option - Regular Plan - Growth","HDFC_MF","","","",0,0,0,0,0,0,0,0,"SOURCE_UNAVAILABLE"
"150802","HDFC NIFTY Private Bank ETF - Growth Option - Regular Plan - Growth","HDFC_MF","","","",0,0,0,0,0,0,0,0,"SOURCE_UNAVAILABLE"
"152522","HDFC NIFTY Realty Index Fund - Regular Plan - Growth Option","HDFC_MF","","","",0,0,0,0,0,0,0,0,"SOURCE_UNAVAILABLE"
"151571","HDFC NIFTY SDL Plus G-Sec Jun 2027 40:60 Index Fund - Regular Plan - Growth Option","HDFC_MF","","","",0,0,0,0,0,0,0,0,"SOURCE_UNAVAILABLE"
"151375","HDFC NIFTY Smallcap 250 ETF - Growth Option - Regular Plan - Growth","HDFC_MF","","","",0,0,0,0,0,0,0,0,"SOURCE_UNAVAILABLE"
"151726","HDFC NIFTY Smallcap 250 Index Fund - Regular Plan - Growth Option","HDFC_MF","","","",0,0,0,0,0,0,0,0,"SOURCE_UNAVAILABLE"
"150658","HDFC NIFTY100 Low Volatility 30 ETF - Growth Option - Regular Plan - Growth","HDFC_MF","","","",0,0,0,0,0,0,0,0,"SOURCE_UNAVAILABLE"
"152714","HDFC NIFTY100 Low Volatility 30 Index Fund - Regular Plan - Growth Option","HDFC_MF","","","",0,0,0,0,0,0,0,0,"SOURCE_UNAVAILABLE"
"150620","HDFC NIFTY100 QUALITY 30 ETF - Growth Option - Regular Plan - Growth","HDFC_MF","","","",0,0,0,0,0,0,0,0,"SOURCE_UNAVAILABLE"
"150657","HDFC NIFTY200 MOMENTUM 30 ETF - Growth Option - Regular Plan - Growth","HDFC_MF","","","",0,0,0,0,0,0,0,0,"SOURCE_UNAVAILABLE"
"152429","HDFC NIFTY200 Momentum 30 Index Fund - Regular Plan - Growth Option","HDFC_MF","","","",0,0,0,0,0,0,0,0,"SOURCE_UNAVAILABLE"
"149106","HDFC NIFTY50 Equal Weight Index Fund - Regular Plan - Growth Option","HDFC_MF","","","",0,0,0,0,0,0,0,0,"SOURCE_UNAVAILABLE"
"150619","HDFC NIFTY50 VALUE 20 ETF - Growth Option - Regular Plan - Growth","HDFC_MF","","","",0,0,0,0,0,0,0,0,"SOURCE_UNAVAILABLE"
"152779","HDFC NIFTY500 Multicap 50:25:25 Index Fund - Regular Plan - Growth Option","HDFC_MF","","","",0,0,0,0,0,0,0,0,"SOURCE_UNAVAILABLE"
"101525","HDFC Nifty 50 Index Fund - Regular Plan - Growth Option","HDFC_MF","","","",0,0,0,0,0,0,0,0,"SOURCE_UNAVAILABLE"
"154428","HDFC Nifty Auto Index Fund - Regular Plan - Growth Option","HDFC_MF","","","",0,0,0,0,0,0,0,0,"SOURCE_UNAVAILABLE"
"151496","HDFC Nifty G-Sec Apr 2029 Index Fund - Regular Plan - Growth Option","HDFC_MF","","","",0,0,0,0,0,0,0,0,"SOURCE_UNAVAILABLE"
"150844","HDFC Nifty G-Sec Dec 2026 Index Fund - Regular Plan - Growth Option","HDFC_MF","","","",0,0,0,0,0,0,0,0,"SOURCE_UNAVAILABLE"
"150846","HDFC Nifty G-Sec July 2031 Index Fund - Regular Plan - Growth Option","HDFC_MF","","","",0,0,0,0,0,0,0,0,"SOURCE_UNAVAILABLE"
"151180","HDFC Nifty G-Sec Jun 2027 Index Fund - Regular Plan - Growth Option","HDFC_MF","","","",0,0,0,0,0,0,0,0,"SOURCE_UNAVAILABLE"
"151490","HDFC Nifty G-Sec Jun 2036 Index Fund - Regular Plan - Growth Option","HDFC_MF","","","",0,0,0,0,0,0,0,0,"SOURCE_UNAVAILABLE"
"151182","HDFC Nifty G-Sec Sep 2032 Index Fund - Regular Plan - Growth Option","HDFC_MF","","","",0,0,0,0,0,0,0,0,"SOURCE_UNAVAILABLE"
"154180","HDFC Nifty India Consumption Index Fund - Regular Plan - Growth Option","HDFC_MF","","","",0,0,0,0,0,0,0,0,"SOURCE_UNAVAILABLE"
"153096","HDFC Nifty India Digital Index Fund - Regular Plan - Growth Option","HDFC_MF","","","",0,0,0,0,0,0,0,0,"SOURCE_UNAVAILABLE"
"154506","HDFC Nifty Metal ETF FOF - Regular Plan - Growth Option","HDFC_MF","","","",0,0,0,0,0,0,0,0,"SOURCE_UNAVAILABLE"
"151455","HDFC Nifty SDL Oct 2026 Index Fund - Regular Plan - Growth Option","HDFC_MF","","","",0,0,0,0,0,0,0,0,"SOURCE_UNAVAILABLE"
"153404","HDFC Nifty Top 20 Equal Weight Index Fund - Regular Plan - Growth Option","HDFC_MF","","","",0,0,0,0,0,0,0,0,"SOURCE_UNAVAILABLE"
"153265","HDFC Nifty100 Quality 30 Index Fund - Regular Plan - Growth Option","HDFC_MF","","","",0,0,0,0,0,0,0,0,"SOURCE_UNAVAILABLE"
"101996","HDFC Overnight Fund - Regular Plan - Growth Option","HDFC_MF","","","",0,0,0,0,0,0,0,0,"SOURCE_UNAVAILABLE"
"152084","HDFC Pharma and Healthcare Fund - Regular Plan - Growth Option","HDFC_MF","","","",0,0,0,0,0,0,0,0,"SOURCE_UNAVAILABLE"
"136090","HDFC Retirement Fund - Equity Plan - Regular Plan - Growth Option","HDFC_MF","","","",0,0,0,0,0,0,0,0,"SOURCE_UNAVAILABLE"
"136466","HDFC Retirement Fund - Hybrid-Debt Plan - Regular Plan - Growth Option","HDFC_MF","","","",0,0,0,0,0,0,0,0,"SOURCE_UNAVAILABLE"
"136463","HDFC Retirement Fund - Hybrid-Equity Plan - Regular Plan - Growth Option","HDFC_MF","","","",0,0,0,0,0,0,0,0,"SOURCE_UNAVAILABLE"
"113047","HDFC Short Term Fund - Regular Plan - Growth Option","HDFC_MF","","","",0,0,0,0,0,0,0,0,"SOURCE_UNAVAILABLE"
"150556","HDFC Silver ETF - Growth Option - Regular Plan - Growth","HDFC_MF","","","",0,0,0,0,0,0,0,0,"SOURCE_UNAVAILABLE"
"150736","HDFC Silver ETF Fund of Fund - Regular Plan - Growth Option","HDFC_MF","","","",0,0,0,0,0,0,0,0,"SOURCE_UNAVAILABLE"
"130502","HDFC Small Cap Fund - Regular Plan - Growth Option","HDFC_MF","2026-09-30","HDFC_Small_Cap_Fund_Monthly_Portfolio_Sep_2026.xlsx","cf070b4bdaf56590c9a9548a86e054781a80a8228d9452452f34a255f80933d6",78,78,78,78,0,0,0,0,"VERIFIED_ACCURATE"
"152058","HDFC Technology Fund - Regular Plan - Growth Option","HDFC_MF","","","",0,0,0,0,0,0,0,0,"SOURCE_UNAVAILABLE"
"151900","HDFC Transportation and Logistics Fund - Regular Plan - Growth Option","HDFC_MF","","","",0,0,0,0,0,0,0,0,"SOURCE_UNAVAILABLE"
"145040","HDFC Ultra Short Term Fund - Regular Plan - Growth Option","HDFC_MF","","","",0,0,0,0,0,0,0,0,"SOURCE_UNAVAILABLE"
"102452","HDFC Ultra Short to Short Term Fund - Regular Plan - Growth Option","HDFC_MF","","","",0,0,0,0,0,0,0,0,"SOURCE_UNAVAILABLE"
"101764","HDFC Value Fund - Regular Plan - Growth Option","HDFC_MF","","","",0,0,0,0,0,0,0,0,"SOURCE_UNAVAILABLE"
"154258","Helios Arbitrage Fund - Regular Plan - Growth","HELIOS_MF","","","",0,0,0,0,0,0,0,0,"SOURCE_UNAVAILABLE"
"152512","Helios Balanced Advantage Fund - Regular Plan - Growth","HELIOS_MF","","","",0,0,0,0,0,0,0,0,"SOURCE_UNAVAILABLE"
"152682","Helios Financial Services Fund - Regular Plan - Growth","HELIOS_MF","","","",0,0,0,0,0,0,0,0,"SOURCE_UNAVAILABLE"
"152136","Helios Flexi Cap Fund - Regular Plan - Growth","HELIOS_MF","","","",0,0,0,0,0,0,0,0,"SOURCE_UNAVAILABLE"
"152943","Helios Large & Mid Cap Fund - Regular Plan - Growth","HELIOS_MF","","","",0,0,0,0,0,0,0,0,"SOURCE_UNAVAILABLE"
"153327","Helios Mid Cap Fund - Regular Plan - Growth","HELIOS_MF","","","",0,0,0,0,0,0,0,0,"SOURCE_UNAVAILABLE"
"152153","Helios Overnight Fund - Regular Plan - Growth","HELIOS_MF","","","",0,0,0,0,0,0,0,0,"SOURCE_UNAVAILABLE"
"153909","Helios Small Cap Fund - Regular Plan - Growth","HELIOS_MF","","","",0,0,0,0,0,0,0,0,"SOURCE_UNAVAILABLE"
"129065","HSBC Aggressive Hybrid Active FOF (erstwhile HSBC Managed Solutions India - Growth fund) - Regular Plan - Growth","HSBC_MF","","","",0,0,0,0,0,0,0,0,"SOURCE_UNAVAILABLE"
"151120","HSBC Aggressive Hybrid Fund - Regular Plan - Growth","HSBC_MF","","","",0,0,0,0,0,0,0,0,"SOURCE_UNAVAILABLE"
"151134","HSBC Arbitrage Fund - Regular Plan - Growth","HSBC_MF","","","",0,0,0,0,0,0,0,0,"SOURCE_UNAVAILABLE"
"151127","HSBC Balanced Advantage Fund - Regular Plan - Growth","HSBC_MF","","","",0,0,0,0,0,0,0,0,"SOURCE_UNAVAILABLE"
"151104","HSBC Banking and PSU Debt Fund - Regular Plan - Growth","HSBC_MF","","","",0,0,0,0,0,0,0,0,"SOURCE_UNAVAILABLE"
"115116","HSBC Brazil Fund - Regular Plan - Growth","HSBC_MF","","","",0,0,0,0,0,0,0,0,"SOURCE_UNAVAILABLE"
"151144","HSBC Business Cycles Fund - Regular Plan - Growth","HSBC_MF","","","",0,0,0,0,0,0,0,0,"SOURCE_UNAVAILABLE"
"149963","HSBC CRISIL IBX 50:50 Gilt Plus SDL Apr 2028 Index Fund - Regular Plan - Growth","HSBC_MF","","","",0,0,0,0,0,0,0,0,"SOURCE_UNAVAILABLE"
"151480","HSBC CRISIL IBX Gilt June 2027 Index Fund - Regular Plan - Growth","HSBC_MF","","","",0,0,0,0,0,0,0,0,"SOURCE_UNAVAILABLE"
"102262","HSBC Conservative Hybrid Fund - Regular Plan - Growth","HSBC_MF","","","",0,0,0,0,0,0,0,0,"SOURCE_UNAVAILABLE"
"152027","HSBC Consumption Fund - Regular Plan - Growth","HSBC_MF","","","",0,0,0,0,0,0,0,0,"SOURCE_UNAVAILABLE"
"150992","HSBC Corporate Bond Fund - Regular Plan - Growth","HSBC_MF","","","",0,0,0,0,0,0,0,0,"SOURCE_UNAVAILABLE"
"151043","HSBC Credit Risk Fund - Regular Plan - Growth","HSBC_MF","","","",0,0,0,0,0,0,0,0,"SOURCE_UNAVAILABLE"
"151084","HSBC Dynamic Term Fund - Regular Plan - Growth","HSBC_MF","","","",0,0,0,0,0,0,0,0,"SOURCE_UNAVAILABLE"
"151076","HSBC ELSS Tax saver Fund - Regular Plan - Growth","HSBC_MF","","","",0,0,0,0,0,0,0,0,"SOURCE_UNAVAILABLE"
"151058","HSBC Equity Savings Fund - Regular Plan - Growth","HSBC_MF","","","",0,0,0,0,0,0,0,0,"SOURCE_UNAVAILABLE"
"153267","HSBC Financial Services fund - Regular Plan - Growth","HSBC_MF","","","",0,0,0,0,0,0,0,0,"SOURCE_UNAVAILABLE"
"102252","HSBC Flexi Cap Fund - Regular Plan - Growth","HSBC_MF","","","",0,0,0,0,0,0,0,0,"SOURCE_UNAVAILABLE"
"148409","HSBC Focused Fund - Regular Plan - Growth","HSBC_MF","","","",0,0,0,0,0,0,0,0,"SOURCE_UNAVAILABLE"
"151013","HSBC Gilt Fund - Regular Plan - Growth","HSBC_MF","","","",0,0,0,0,0,0,0,0,"SOURCE_UNAVAILABLE"
"107988","HSBC Global Emerging Markets Fund - Regular Plan - Growth","HSBC_MF","","","",0,0,0,0,0,0,0,0,"SOURCE_UNAVAILABLE"
"154298","HSBC Gold ETF Fund of Fund - Regular Plan - Growth","HSBC_MF","","","",0,0,0,0,0,0,0,0,"SOURCE_UNAVAILABLE"
"129195","HSBC Income Plus Arbitrage Active FOF (erstwhile HSBC Managed Solution India - Conservative Plan) - Regular Plan - Growth","HSBC_MF","","","",0,0,0,0,0,0,0,0,"SOURCE_UNAVAILABLE"
"152830","HSBC India Export Opportunities Fund - Regular Plan - Growth","HSBC_MF","","","",0,0,0,0,0,0,0,0,"SOURCE_UNAVAILABLE"
"151037","HSBC Infrastructure Fund - Regular Plan - Growth","HSBC_MF","","","",0,0,0,0,0,0,0,0,"SOURCE_UNAVAILABLE"
"146771","HSBC Large & Mid Cap Fund - Regular Plan - Growth","HSBC_MF","","","",0,0,0,0,0,0,0,0,"SOURCE_UNAVAILABLE"
"101594","HSBC Large Cap Fund - Regular Plan - Growth","HSBC_MF","","","",0,0,0,0,0,0,0,0,"SOURCE_UNAVAILABLE"
"118907","HSBC Liquid Fund - Regular Plan - Growth","HSBC_MF","","","",0,0,0,0,0,0,0,0,"SOURCE_UNAVAILABLE"
"118902","HSBC Liquid Fund - Regular Plan - Growth","HSBC_MF","","","",0,0,0,0,0,0,0,0,"SOURCE_UNAVAILABLE"
"151149","HSBC Medium Term Fund - Regular Plan - Growth","HSBC_MF","","","",0,0,0,0,0,0,0,0,"SOURCE_UNAVAILABLE"
"101685","HSBC Medium to Long Term Fund - Regular Plan - Growth","HSBC_MF","","","",0,0,0,0,0,0,0,0,"SOURCE_UNAVAILABLE"
"151034","HSBC Midcap Fund - Regular Plan - Growth","HSBC_MF","","","",0,0,0,0,0,0,0,0,"SOURCE_UNAVAILABLE"
"151048","HSBC Money Market Fund - Regular Plan - Growth","HSBC_MF","","","",0,0,0,0,0,0,0,0,"SOURCE_UNAVAILABLE"
"129191","HSBC Multi Asset Active FOF (erstwhile HSBC Managed Solutions India - Moderate Fund) - Regular Plan - Growth","HSBC_MF","","","",0,0,0,0,0,0,0,0,"SOURCE_UNAVAILABLE"
"152378","HSBC Multi Asset Allocation Fund - Regular Plan - Growth","HSBC_MF","","","",0,0,0,0,0,0,0,0,"SOURCE_UNAVAILABLE"
"151289","HSBC Multi Cap Fund - Regular Plan - Growth","HSBC_MF","","","",0,0,0,0,0,0,0,0,"SOURCE_UNAVAILABLE"
"151292","HSBC Multi Cap Fund - Regular Plan - Growth","HSBC_MF","","","",0,0,0,0,0,0,0,0,"SOURCE_UNAVAILABLE"
"151158","HSBC NIFTY 50 Index Fund - Regular Plan - Growth","HSBC_MF","","","",0,0,0,0,0,0,0,0,"SOURCE_UNAVAILABLE"
"151162","HSBC NIFTY NEXT 50 Index Fund - Regular Plan - Growth","HSBC_MF","","","",0,0,0,0,0,0,0,0,"SOURCE_UNAVAILABLE"
"147290","HSBC Overnight Fund - Regular Plan - Growth","HSBC_MF","","","",0,0,0,0,0,0,0,0,"SOURCE_UNAVAILABLE"
"151114","HSBC Ultra Short to Short Term Fund - Regular Plan - Growth","HSBC_MF","","","",0,0,0,0,0,0,0,0,"SOURCE_UNAVAILABLE"
"151110","HSBC Value Fund - Regular Plan - Growth","HSBC_MF","","","",0,0,0,0,0,0,0,0,"SOURCE_UNAVAILABLE"
"152726","ICICI PRUDENTIAL ENERGY OPPORTUNITIES FUND - Regular Plan - Growth","ICICI_PRUDENTIA_MF","","","",0,0,0,0,0,0,0,0,"SOURCE_UNAVAILABLE"
"150308","ICICI PRUDENTIAL HOUSING OPPORTUNITIES FUND - Regular Plan - Growth","ICICI_PRUDENTIA_MF","","","",0,0,0,0,0,0,0,0,"SOURCE_UNAVAILABLE"
"150538","ICICI PRUDENTIAL PSU EQUITY FUND - Regular Plan - Growth","ICICI_PRUDENTIA_MF","","","",0,0,0,0,0,0,0,0,"SOURCE_UNAVAILABLE"
"150684","ICICI PRUDENTIAL TRANSPORTATION AND LOGISTICS FUND - Regular Plan - Growth","ICICI_PRUDENTIA_MF","","","",0,0,0,0,0,0,0,0,"SOURCE_UNAVAILABLE"
"131051","ICICI Prudential 10 year Constant Maturity Gilt Fund - Regular Plan - Growth","ICICI_PRUDENTIA_MF","","","",0,0,0,0,0,0,0,0,"SOURCE_UNAVAILABLE"
"153685","ICICI Prudential Active Momentum Fund - Regular Plan - Growth","ICICI_PRUDENTIA_MF","","","",0,0,0,0,0,0,0,0,"SOURCE_UNAVAILABLE"
"102135","ICICI Prudential Aggressive Hybrid Active FOF - Regular Plan - Growth","ICICI_PRUDENTIA_MF","","","",0,0,0,0,0,0,0,0,"SOURCE_UNAVAILABLE"
"100356","ICICI Prudential Aggressive Hybrid Fund - Regular Plan - Growth","ICICI_PRUDENTIA_MF","","","",0,0,0,0,0,0,0,0,"SOURCE_UNAVAILABLE"
"104683","ICICI Prudential Arbitrage Fund - Regular Plan - Growth","ICICI_PRUDENTIA_MF","","","",0,0,0,0,0,0,0,0,"SOURCE_UNAVAILABLE"
"149334","ICICI Prudential BSE 500 ETF FOF - Regular Plan - Growth","ICICI_PRUDENTIA_MF","","","",0,0,0,0,0,0,0,0,"SOURCE_UNAVAILABLE"
"153378","ICICI Prudential BSE Liquid Rate ETF - Growth - Regular Plan - Growth","ICICI_PRUDENTIA_MF","","","",0,0,0,0,0,0,0,0,"SOURCE_UNAVAILABLE"
"104685","ICICI Prudential Balanced Advantage Fund - Regular Plan - Growth","ICICI_PRUDENTIA_MF","","","",0,0,0,0,0,0,0,0,"SOURCE_UNAVAILABLE"
"154418","ICICI Prudential Balanced Hybrid Fund - Regular Plan - Growth","ICICI_PRUDENTIA_MF","","","",0,0,0,0,0,0,0,0,"SOURCE_UNAVAILABLE"
"109445","ICICI Prudential Banking & Financial Services Fund - Regular Plan - Growth","ICICI_PRUDENTIA_MF","","","",0,0,0,0,0,0,0,0,"SOURCE_UNAVAILABLE"
"112342","ICICI Prudential Banking and PSU Debt Fund - Regular Plan - Growth","ICICI_PRUDENTIA_MF","","","",0,0,0,0,0,0,0,0,"SOURCE_UNAVAILABLE"
"146950","ICICI Prudential Bharat Consumption Fund - Regular Plan - Growth","ICICI_PRUDENTIA_MF","","","",0,0,0,0,0,0,0,0,"SOURCE_UNAVAILABLE"
"148653","ICICI Prudential Business Cycle Fund - Regular Plan - Growth","ICICI_PRUDENTIA_MF","","","",0,0,0,0,0,0,0,0,"SOURCE_UNAVAILABLE"
"153409","ICICI Prudential CRISIL-IBX Financial Services 3-6 Months Debt Index Fund - Regular Plan - Growth","ICICI_PRUDENTIA_MF","","","",0,0,0,0,0,0,0,0,"SOURCE_UNAVAILABLE"
"101127","ICICI Prudential Children's Fund - Regular Plan - Growth","ICICI_PRUDENTIA_MF","","","",0,0,0,0,0,0,0,0,"SOURCE_UNAVAILABLE"
"147661","ICICI Prudential Commodities Fund - Regular Plan - Growth","ICICI_PRUDENTIA_MF","","","",0,0,0,0,0,0,0,0,"SOURCE_UNAVAILABLE"
"153865","ICICI Prudential Conglomerate Fund - Regular Plan - Growth","ICICI_PRUDENTIA_MF","","","",0,0,0,0,0,0,0,0,"SOURCE_UNAVAILABLE"
"102330","ICICI Prudential Conservative Hybrid Fund - Regular Plan - Growth","ICICI_PRUDENTIA_MF","","","",0,0,0,0,0,0,0,0,"SOURCE_UNAVAILABLE"
"111987","ICICI Prudential Corporate Bond Fund - Regular Plan - Growth","ICICI_PRUDENTIA_MF","","","",0,0,0,0,0,0,0,0,"SOURCE_UNAVAILABLE"
"114239","ICICI Prudential Credit Risk Fund - Regular Plan - Growth","ICICI_PRUDENTIA_MF","","","",0,0,0,0,0,0,0,0,"SOURCE_UNAVAILABLE"
"102141","ICICI Prudential Diversified Debt Strategy Active FOF - Regular Plan - Growth","ICICI_PRUDENTIA_MF","","","",0,0,0,0,0,0,0,0,"SOURCE_UNAVAILABLE"
"154265","ICICI Prudential Diversified Equity All Cap Active FOF - Regular Plan - Growth","ICICI_PRUDENTIA_MF","","","",0,0,0,0,0,0,0,0,"SOURCE_UNAVAILABLE"
"148033","ICICI Prudential Diversified Equity All Cap Omni FOF - Regular Plan - Growth","ICICI_PRUDENTIA_MF","","","",0,0,0,0,0,0,0,0,"SOURCE_UNAVAILABLE"
"102137","ICICI Prudential Dynamic Asset Allocation Active FOF - Regular Plan - Growth","ICICI_PRUDENTIA_MF","","","",0,0,0,0,0,0,0,0,"SOURCE_UNAVAILABLE"
"112096","ICICI Prudential Dynamic Term Fund - Regular Plan - Growth","ICICI_PRUDENTIA_MF","","","",0,0,0,0,0,0,0,0,"SOURCE_UNAVAILABLE"
"100354","ICICI Prudential ELSS - Tax Saver Fund - Regular Plan - Growth","ICICI_PRUDENTIA_MF","","","",0,0,0,0,0,0,0,0,"SOURCE_UNAVAILABLE"
"148517","ICICI Prudential ESG Exclusionary Strategy Fund - Regular Plan - Growth","ICICI_PRUDENTIA_MF","","","",0,0,0,0,0,0,0,0,"SOURCE_UNAVAILABLE"
"153069","ICICI Prudential Equity Minimum Variance Fund - Regular Plan - Growth","ICICI_PRUDENTIA_MF","","","",0,0,0,0,0,0,0,0,"SOURCE_UNAVAILABLE"
"103312","ICICI Prudential Exports & Services Fund - Regular Plan - Growth","ICICI_PRUDENTIA_MF","","","",0,0,0,0,0,0,0,0,"SOURCE_UNAVAILABLE"
"100352","ICICI Prudential FMCG Fund - Regular Plan - Growth","ICICI_PRUDENTIA_MF","","","",0,0,0,0,0,0,0,0,"SOURCE_UNAVAILABLE"
"148989","ICICI Prudential Flexi Cap fund - Regular Plan - Growth","ICICI_PRUDENTIA_MF","","","",0,0,0,0,0,0,0,0,"SOURCE_UNAVAILABLE"
"101802","ICICI Prudential Floating Interest Rates Fund - Regular Plan - Growth","ICICI_PRUDENTIA_MF","","","",0,0,0,0,0,0,0,0,"SOURCE_UNAVAILABLE"
"111957","ICICI Prudential Focused Fund - Regular Plan - Growth","ICICI_PRUDENTIA_MF","","","",0,0,0,0,0,0,0,0,"SOURCE_UNAVAILABLE"
"100369","ICICI Prudential Gilt Fund - Regular Plan - Growth","ICICI_PRUDENTIA_MF","","","",0,0,0,0,0,0,0,0,"SOURCE_UNAVAILABLE"
"147647","ICICI Prudential Global Advantage Fund (FOF) - Regular Plan - Growth","ICICI_PRUDENTIA_MF","","","",0,0,0,0,0,0,0,0,"SOURCE_UNAVAILABLE"
"123651","ICICI Prudential Global Stable Equity Fund (FOF) - Regular Plan - Growth","ICICI_PRUDENTIA_MF","","","",0,0,0,0,0,0,0,0,"SOURCE_UNAVAILABLE"
"115833","ICICI Prudential Gold ETF FOF - Regular Plan - Growth","ICICI_PRUDENTIA_MF","","","",0,0,0,0,0,0,0,0,"SOURCE_UNAVAILABLE"
"130004","ICICI Prudential Growth Fund - Series 1 - Regular Plan - Growth","ICICI_PRUDENTIA_MF","","","",0,0,0,0,0,0,0,0,"SOURCE_UNAVAILABLE"
"130003","ICICI Prudential Growth Fund - Series 1 - Regular Plan - Growth","ICICI_PRUDENTIA_MF","","","",0,0,0,0,0,0,0,0,"SOURCE_UNAVAILABLE"
"130593","ICICI Prudential Growth Fund - Series 2 - Regular Plan - Growth","ICICI_PRUDENTIA_MF","","","",0,0,0,0,0,0,0,0,"SOURCE_UNAVAILABLE"
"130594","ICICI Prudential Growth Fund - Series 2 - Regular Plan - Growth","ICICI_PRUDENTIA_MF","","","",0,0,0,0,0,0,0,0,"SOURCE_UNAVAILABLE"
"131318","ICICI Prudential Growth Fund - Series 3 - Regular Plan - Growth","ICICI_PRUDENTIA_MF","","","",0,0,0,0,0,0,0,0,"SOURCE_UNAVAILABLE"
"131317","ICICI Prudential Growth Fund - Series 3 - Regular Plan - Growth","ICICI_PRUDENTIA_MF","","","",0,0,0,0,0,0,0,0,"SOURCE_UNAVAILABLE"
"131546","ICICI Prudential Growth Fund - Series 4 - Regular Plan - Growth","ICICI_PRUDENTIA_MF","","","",0,0,0,0,0,0,0,0,"SOURCE_UNAVAILABLE"
"131545","ICICI Prudential Growth Fund - Series 4 - Regular Plan - Growth","ICICI_PRUDENTIA_MF","","","",0,0,0,0,0,0,0,0,"SOURCE_UNAVAILABLE"
"133129","ICICI Prudential Growth Fund - Series 5 - Regular Plan - Growth","ICICI_PRUDENTIA_MF","","","",0,0,0,0,0,0,0,0,"SOURCE_UNAVAILABLE"
"133128","ICICI Prudential Growth Fund - Series 5 - Regular Plan - Growth","ICICI_PRUDENTIA_MF","","","",0,0,0,0,0,0,0,0,"SOURCE_UNAVAILABLE"
"133275","ICICI Prudential Growth Fund - Series 6 - Regular Plan - Growth","ICICI_PRUDENTIA_MF","","","",0,0,0,0,0,0,0,0,"SOURCE_UNAVAILABLE"
"133274","ICICI Prudential Growth Fund - Series 6 - Regular Plan - Growth","ICICI_PRUDENTIA_MF","","","",0,0,0,0,0,0,0,0,"SOURCE_UNAVAILABLE"
"133425","ICICI Prudential Growth Fund - Series 7 - Regular Plan - Growth","ICICI_PRUDENTIA_MF","","","",0,0,0,0,0,0,0,0,"SOURCE_UNAVAILABLE"
"133426","ICICI Prudential Growth Fund - Series 7 - Regular Plan - Growth","ICICI_PRUDENTIA_MF","","","",0,0,0,0,0,0,0,0,"SOURCE_UNAVAILABLE"
"133468","ICICI Prudential Growth Fund - Series 8 - Regular Plan - Growth","ICICI_PRUDENTIA_MF","","","",0,0,0,0,0,0,0,0,"SOURCE_UNAVAILABLE"
"133467","ICICI Prudential Growth Fund - Series 8 - Regular Plan - Growth","ICICI_PRUDENTIA_MF","","","",0,0,0,0,0,0,0,0,"SOURCE_UNAVAILABLE"
"102139","ICICI Prudential Income plus Arbitrage Omni FOF - Regular Plan - Growth","ICICI_PRUDENTIA_MF","","","",0,0,0,0,0,0,0,0,"SOURCE_UNAVAILABLE"
"103149","ICICI Prudential Infrastructure Fund - Regular Plan - Growth","ICICI_PRUDENTIA_MF","","","",0,0,0,0,0,0,0,0,"SOURCE_UNAVAILABLE"
"151579","ICICI Prudential Innovation Fund - Regular Plan - Growth","ICICI_PRUDENTIA_MF","","","",0,0,0,0,0,0,0,0,"SOURCE_UNAVAILABLE"
"100349","ICICI Prudential Large & Mid Cap Fund - Regular Plan - Growth","ICICI_PRUDENTIA_MF","","","",0,0,0,0,0,0,0,0,"SOURCE_UNAVAILABLE"
"103340","ICICI Prudential Liquid Fund - - Regular Plan - Growth","ICICI_PRUDENTIA_MF","","","",0,0,0,0,0,0,0,0,"SOURCE_UNAVAILABLE"
"100365","ICICI Prudential Long Term Fund - Regular Plan - Growth","ICICI_PRUDENTIA_MF","","","",0,0,0,0,0,0,0,0,"SOURCE_UNAVAILABLE"
"147345","ICICI Prudential MNC Fund - Regular Plan - Growth","ICICI_PRUDENTIA_MF","","","",0,0,0,0,0,0,0,0,"SOURCE_UNAVAILABLE"
"102741","ICICI Prudential Medium Term Fund - Regular Plan - Growth","ICICI_PRUDENTIA_MF","","","",0,0,0,0,0,0,0,0,"SOURCE_UNAVAILABLE"
"109740","ICICI Prudential Medium to Long Term Fund - Regular Plan - Growth","ICICI_PRUDENTIA_MF","","","",0,0,0,0,0,0,0,0,"SOURCE_UNAVAILABLE"
"102528","ICICI Prudential Mid Cap Fund - Regular Plan - Growth","ICICI_PRUDENTIA_MF","","","",0,0,0,0,0,0,0,0,"SOURCE_UNAVAILABLE"
"103633","ICICI Prudential Money Market Fund - Cash Option - Regular Plan - Growth","ICICI_PRUDENTIA_MF","","","",0,0,0,0,0,0,0,0,"SOURCE_UNAVAILABLE"
"101144","ICICI Prudential Multi Asset Allocation Fund - Regular Plan - Growth","ICICI_PRUDENTIA_MF","","","",0,0,0,0,0,0,0,0,"SOURCE_UNAVAILABLE"
"101228","ICICI Prudential Multi Cap Fund - Regular Plan - Growth","ICICI_PRUDENTIA_MF","","","",0,0,0,0,0,0,0,0,"SOURCE_UNAVAILABLE"
"102133","ICICI Prudential Multi Sector Passive FOF - Regular Plan - Growth","ICICI_PRUDENTIA_MF","","","",0,0,0,0,0,0,0,0,"SOURCE_UNAVAILABLE"
"154450","ICICI Prudential Multi-Asset Active FOF - Regular Plan - Growth","ICICI_PRUDENTIA_MF","","","",0,0,0,0,0,0,0,0,"SOURCE_UNAVAILABLE"
"149218","ICICI Prudential NASDAQ 100 Index Fund - Regular Plan - Growth","ICICI_PRUDENTIA_MF","","","",0,0,0,0,0,0,0,0,"SOURCE_UNAVAILABLE"
"148821","ICICI Prudential Nifty 100 Low Volatility 30 ETF FOF - Regular Plan - Growth","ICICI_PRUDENTIA_MF","","","",0,0,0,0,0,0,0,0,"SOURCE_UNAVAILABLE"
"150454","ICICI Prudential Nifty 200 Momentum 30 Index Fund - Regular Plan - Growth","ICICI_PRUDENTIA_MF","","","",0,0,0,0,0,0,0,0,"SOURCE_UNAVAILABLE"
"153162","ICICI Prudential Nifty 500 Index Fund - Regular Plan - Growth","ICICI_PRUDENTIA_MF","","","",0,0,0,0,0,0,0,0,"SOURCE_UNAVAILABLE"
"149157","ICICI Prudential Nifty Alpha Low - Volatility 30 ETF FOF - Regular Plan - Growth","ICICI_PRUDENTIA_MF","","","",0,0,0,0,0,0,0,0,"SOURCE_UNAVAILABLE"
"150645","ICICI Prudential Nifty Auto Index Fund - Regular Plan - Growth","ICICI_PRUDENTIA_MF","","","",0,0,0,0,0,0,0,0,"SOURCE_UNAVAILABLE"
"149859","ICICI Prudential Nifty Bank Index Fund - Regular Plan - Growth","ICICI_PRUDENTIA_MF","","","",0,0,0,0,0,0,0,0,"SOURCE_UNAVAILABLE"
"153396","ICICI Prudential Nifty EV & New Age Automotive ETF FOF - Regular Plan - Growth","ICICI_PRUDENTIA_MF","","","",0,0,0,0,0,0,0,0,"SOURCE_UNAVAILABLE"
"150732","ICICI Prudential Nifty G-Sec Dec 2030 Index Fund - Regular Plan - Growth","ICICI_PRUDENTIA_MF","","","",0,0,0,0,0,0,0,0,"SOURCE_UNAVAILABLE"
"150466","ICICI Prudential Nifty IT Index Fund - Regular Plan - Growth","ICICI_PRUDENTIA_MF","","","",0,0,0,0,0,0,0,0,"SOURCE_UNAVAILABLE"
"152481","ICICI Prudential Nifty LargeMidcap 250 Index Fund - Regular Plan - Growth","ICICI_PRUDENTIA_MF","","","",0,0,0,0,0,0,0,0,"SOURCE_UNAVAILABLE"
"149390","ICICI Prudential Nifty Midcap 150 Index Fund - Regular Plan - Growth","ICICI_PRUDENTIA_MF","","","",0,0,0,0,0,0,0,0,"SOURCE_UNAVAILABLE"
"112957","ICICI Prudential Nifty Next 50 Index Fund - Regular Plan - Growth","ICICI_PRUDENTIA_MF","","","",0,0,0,0,0,0,0,0,"SOURCE_UNAVAILABLE"
"149208","ICICI Prudential Nifty PSU Bond Plus SDL Sep 2027 40:60 Index Fund - Regular Plan - Growth","ICICI_PRUDENTIA_MF","","","",0,0,0,0,0,0,0,0,"SOURCE_UNAVAILABLE"
"150929","ICICI Prudential Nifty Pharma Index Fund - Regular Plan - Growth","ICICI_PRUDENTIA_MF","","","",0,0,0,0,0,0,0,0,"SOURCE_UNAVAILABLE"
"153676","ICICI Prudential Nifty Private Bank Index Fund - Regular Plan - Growth","ICICI_PRUDENTIA_MF","","","",0,0,0,0,0,0,0,0,"SOURCE_UNAVAILABLE"
"150728","ICICI Prudential Nifty SDL Dec 2028 Index Fund - Regular Plan - Growth","ICICI_PRUDENTIA_MF","","","",0,0,0,0,0,0,0,0,"SOURCE_UNAVAILABLE"
"151208","ICICI Prudential Nifty SDL Sep 2026 Index Fund - Regular Plan - Growth","ICICI_PRUDENTIA_MF","","","",0,0,0,0,0,0,0,0,"SOURCE_UNAVAILABLE"
"149998","ICICI Prudential Nifty SDL Sep 2027 Index Fund - Regular Plan - Growth","ICICI_PRUDENTIA_MF","","","",0,0,0,0,0,0,0,0,"SOURCE_UNAVAILABLE"
"149281","ICICI Prudential Nifty Smallcap 250 Index Fund - Regular Plan - Growth","ICICI_PRUDENTIA_MF","","","",0,0,0,0,0,0,0,0,"SOURCE_UNAVAILABLE"
"153613","ICICI Prudential Nifty Top 15 Equal Weight Index Fund - Regular Plan - Growth","ICICI_PRUDENTIA_MF","","","",0,0,0,0,0,0,0,0,"SOURCE_UNAVAILABLE"
"153544","ICICI Prudential Nifty200 Quality 30 Index Fund - Regular Plan - Growth","ICICI_PRUDENTIA_MF","","","",0,0,0,0,0,0,0,0,"SOURCE_UNAVAILABLE"
"152934","ICICI Prudential Nifty200 Value 30 Index Fund - Regular Plan - Growth","ICICI_PRUDENTIA_MF","","","",0,0,0,0,0,0,0,0,"SOURCE_UNAVAILABLE"
"150637","ICICI Prudential Nifty50 Equal Weight Index Fund- - Regular Plan - Growth","ICICI_PRUDENTIA_MF","","","",0,0,0,0,0,0,0,0,"SOURCE_UNAVAILABLE"
"152366","ICICI Prudential Nifty50 Value 20 Index Fund - Regular Plan - Growth","ICICI_PRUDENTIA_MF","","","",0,0,0,0,0,0,0,0,"SOURCE_UNAVAILABLE"
"145535","ICICI Prudential Overnight Fund - Regular Plan - Growth","ICICI_PRUDENTIA_MF","","","",0,0,0,0,0,0,0,0,"SOURCE_UNAVAILABLE"
"149439","ICICI Prudential Passive Multi-Asset Fund of Funds - Regular Plan - Growth","ICICI_PRUDENTIA_MF","","","",0,0,0,0,0,0,0,0,"SOURCE_UNAVAILABLE"
"148598","ICICI Prudential QUANT FUND - Regular Plan - Growth","ICICI_PRUDENTIA_MF","","","",0,0,0,0,0,0,0,0,"SOURCE_UNAVAILABLE"
"153459","ICICI Prudential Quality Fund - Regular Plan - Growth","ICICI_PRUDENTIA_MF","","","",0,0,0,0,0,0,0,0,"SOURCE_UNAVAILABLE"
"146722","ICICI Prudential Retirement Fund Hybrid Aggressive Plan - Regular Plan - Growth","ICICI_PRUDENTIA_MF","","","",0,0,0,0,0,0,0,0,"SOURCE_UNAVAILABLE"
"146717","ICICI Prudential Retirement Fund Hybrid Conservative Plan - Regular Plan - Growth","ICICI_PRUDENTIA_MF","","","",0,0,0,0,0,0,0,0,"SOURCE_UNAVAILABLE"
"146726","ICICI Prudential Retirement Fund Pure Debt Plan - Regular Plan - Growth","ICICI_PRUDENTIA_MF","","","",0,0,0,0,0,0,0,0,"SOURCE_UNAVAILABLE"
"146346","ICICI Prudential Retirement Fund Pure Equity Plan - Regular Plan - Growth","ICICI_PRUDENTIA_MF","","","",0,0,0,0,0,0,0,0,"SOURCE_UNAVAILABLE"
"153181","ICICI Prudential Rural Opportunities Fund - Regular Plan - Growth","ICICI_PRUDENTIA_MF","","","",0,0,0,0,0,0,0,0,"SOURCE_UNAVAILABLE"
"101758","ICICI Prudential Short Term Fund - Regular Plan - Growth","ICICI_PRUDENTIA_MF","","","",0,0,0,0,0,0,0,0,"SOURCE_UNAVAILABLE"
"149777","ICICI Prudential Silver ETF FOF - Regular Plan - Growth","ICICI_PRUDENTIA_MF","","","",0,0,0,0,0,0,0,0,"SOURCE_UNAVAILABLE"
"106823","ICICI Prudential Small Cap Fund - Regular Plan - Growth","ICICI_PRUDENTIA_MF","","","",0,0,0,0,0,0,0,0,"SOURCE_UNAVAILABLE"
"149456","ICICI Prudential Strategic Metal and Energy Equity Fund of Fund - Regular Plan - Growth","ICICI_PRUDENTIA_MF","","","",0,0,0,0,0,0,0,0,"SOURCE_UNAVAILABLE"
"100363","ICICI Prudential Technology Fund - Regular Plan - Growth","ICICI_PRUDENTIA_MF","","","",0,0,0,0,0,0,0,0,"SOURCE_UNAVAILABLE"
"117620","ICICI Prudential US Bluechip Equity Fund - Regular Plan - Growth","ICICI_PRUDENTIA_MF","","","",0,0,0,0,0,0,0,0,"SOURCE_UNAVAILABLE"
"115092","ICICI Prudential Ultra Short term Fund - Regular Plan - Growth","ICICI_PRUDENTIA_MF","","","",0,0,0,0,0,0,0,0,"SOURCE_UNAVAILABLE"
"101619","ICICI Prudential Ultra Short to Short Term Fund - Regular Plan - Growth","ICICI_PRUDENTIA_MF","","","",0,0,0,0,0,0,0,0,"SOURCE_UNAVAILABLE"
"102594","ICICI Prudential Value Fund (erstwhile Value Discovery Fund) - Regular Plan - Growth","ICICI_PRUDENTIA_MF","","","",0,0,0,0,0,0,0,0,"SOURCE_UNAVAILABLE"
"108466","ICICI Prudential Large Cap Fund - Regular Plan - Growth","ICICI_PRU_MF","2026-09-30","ICICI_Pru_Bluechip_Fund_Monthly_Portfolio_Sep_2026.xlsx","bca47963b0caeef71953ed8d6d3922e842eac958f2ac5758ed9781a9814846cb",64,64,64,64,0,0,0,0,"VERIFIED_ACCURATE"
"149960","Invesco India - Invesco EQQQ Nasdaq-100 ETF Fund of Fund - Regular Plan - Growth","INVESCO_MF","","","",0,0,0,0,0,0,0,0,"SOURCE_UNAVAILABLE"
"148613","Invesco India - Invesco Global Consumer Trends Fund of Fund - Regular Plan - Growth","INVESCO_MF","","","",0,0,0,0,0,0,0,0,"SOURCE_UNAVAILABLE"
"129187","Invesco India - Invesco Global Equity Income Fund of Fund - Regular Plan - Growth","INVESCO_MF","","","",0,0,0,0,0,0,0,0,"SOURCE_UNAVAILABLE"
"126351","Invesco India - Invesco Pan European Equity Fund of Fund - Regular Plan - Growth","INVESCO_MF","","","",0,0,0,0,0,0,0,0,"SOURCE_UNAVAILABLE"
"143536","Invesco India Aggressive Hybrid Fund - Regular Plan - Growth","INVESCO_MF","","","",0,0,0,0,0,0,0,0,"SOURCE_UNAVAILABLE"
"105603","Invesco India Arbitrage Fund - Regular Plan - Growth","INVESCO_MF","","","",0,0,0,0,0,0,0,0,"SOURCE_UNAVAILABLE"
"154537","Invesco India BSE Sensex ETF - Regular Plan - Growth","INVESCO_MF","","","",0,0,0,0,0,0,0,0,"SOURCE_UNAVAILABLE"
"154342","Invesco India BSE Sensex Index Fund - Regular Plan - Growth","INVESCO_MF","","","",0,0,0,0,0,0,0,0,"SOURCE_UNAVAILABLE"
"106317","Invesco India Balanced Advantage Fund - Regular Plan - Growth","INVESCO_MF","","","",0,0,0,0,0,0,0,0,"SOURCE_UNAVAILABLE"
"118232","Invesco India Banking and PSU Debt Fund - Regular Plan - Growth","INVESCO_MF","","","",0,0,0,0,0,0,0,0,"SOURCE_UNAVAILABLE"
"153288","Invesco India Business Cycle Fund - Regular Plan - Growth","INVESCO_MF","","","",0,0,0,0,0,0,0,0,"SOURCE_UNAVAILABLE"
"153902","Invesco India Consumption Fund - Regular Plan - Growth","INVESCO_MF","","","",0,0,0,0,0,0,0,0,"SOURCE_UNAVAILABLE"
"105460","Invesco India Contra Fund - Regular Plan - Growth","INVESCO_MF","","","",0,0,0,0,0,0,0,0,"SOURCE_UNAVAILABLE"
"106177","Invesco India Corporate Bond Fund - Regular Plan - Growth","INVESCO_MF","","","",0,0,0,0,0,0,0,0,"SOURCE_UNAVAILABLE"
"130721","Invesco India Credit Risk Fund - Regular Plan - Growth","INVESCO_MF","","","",0,0,0,0,0,0,0,0,"SOURCE_UNAVAILABLE"
"104636","Invesco India ELSS Tax Saver Fund - Regular Plan - Growth","INVESCO_MF","","","",0,0,0,0,0,0,0,0,"SOURCE_UNAVAILABLE"
"148753","Invesco India ESG Integration Strategy Fund - Regular Plan - Growth","INVESCO_MF","","","",0,0,0,0,0,0,0,0,"SOURCE_UNAVAILABLE"
"146456","Invesco India Equity Savings Fund - Regular Plan - Growth","INVESCO_MF","","","",0,0,0,0,0,0,0,0,"SOURCE_UNAVAILABLE"
"108378","Invesco India Financial Services Fund - Regular Plan - Growth","INVESCO_MF","","","",0,0,0,0,0,0,0,0,"SOURCE_UNAVAILABLE"
"149766","Invesco India Flexi Cap Fund - Regular Plan - Growth","INVESCO_MF","","","",0,0,0,0,0,0,0,0,"SOURCE_UNAVAILABLE"
"148483","Invesco India Focused Fund - Regular Plan - Growth","INVESCO_MF","","","",0,0,0,0,0,0,0,0,"SOURCE_UNAVAILABLE"
"107477","Invesco India Gilt Fund - Regular Plan - Growth","INVESCO_MF","","","",0,0,0,0,0,0,0,0,"SOURCE_UNAVAILABLE"
"116077","Invesco India Gold ETF Fund of Fund - Regular Plan - Growth","INVESCO_MF","","","",0,0,0,0,0,0,0,0,"SOURCE_UNAVAILABLE"
"112368","Invesco India Gold Exchange Traded Fund - Regular Plan - Growth","INVESCO_MF","","","",0,0,0,0,0,0,0,0,"SOURCE_UNAVAILABLE"
"153695","Invesco India Income Plus Arbitrage Active Fund of Fund - Regular Plan - Growth","INVESCO_MF","","","",0,0,0,0,0,0,0,0,"SOURCE_UNAVAILABLE"
"106654","Invesco India Infrastructure Fund - Regular Plan - Growth","INVESCO_MF","","","",0,0,0,0,0,0,0,0,"SOURCE_UNAVAILABLE"
"106144","Invesco India Large & Mid Cap Fund - Regular Plan - Growth","INVESCO_MF","","","",0,0,0,0,0,0,0,0,"SOURCE_UNAVAILABLE"
"112098","Invesco India Large Cap Fund - Regular Plan - Growth","INVESCO_MF","","","",0,0,0,0,0,0,0,0,"SOURCE_UNAVAILABLE"
"104488","Invesco India Liquid Fund - Regular Plan - Growth","INVESCO_MF","","","",0,0,0,0,0,0,0,0,"SOURCE_UNAVAILABLE"
"104486","Invesco India Liquid Fund - Regular Plan - Growth","INVESCO_MF","","","",0,0,0,0,0,0,0,0,"SOURCE_UNAVAILABLE"
"152758","Invesco India Manufacturing Fund - Regular Plan - Growth","INVESCO_MF","","","",0,0,0,0,0,0,0,0,"SOURCE_UNAVAILABLE"
"149012","Invesco India Medium Term Fund - Regular Plan - Growth","INVESCO_MF","","","",0,0,0,0,0,0,0,0,"SOURCE_UNAVAILABLE"
"105503","Invesco India Mid Cap Fund - Regular Plan - Growth","INVESCO_MF","","","",0,0,0,0,0,0,0,0,"SOURCE_UNAVAILABLE"
"112120","Invesco India Money Market Fund - Regular Plan - Growth","INVESCO_MF","","","",0,0,0,0,0,0,0,0,"SOURCE_UNAVAILABLE"
"112123","Invesco India Money Market Fund - Regular Plan - Growth","INVESCO_MF","","","",0,0,0,0,0,0,0,0,"SOURCE_UNAVAILABLE"
"153046","Invesco India Multi Asset Allocation Fund - Regular Plan - Growth","INVESCO_MF","","","",0,0,0,0,0,0,0,0,"SOURCE_UNAVAILABLE"
"107353","Invesco India Multi Cap Fund - Regular Plan - Growth","INVESCO_MF","","","",0,0,0,0,0,0,0,0,"SOURCE_UNAVAILABLE"
"115284","Invesco India Nifty 50 Exchange Traded Fund - Regular Plan - Growth","INVESCO_MF","","","",0,0,0,0,0,0,0,0,"SOURCE_UNAVAILABLE"
"154536","Invesco India Nifty Bank ETF - Regular Plan - Growth","INVESCO_MF","","","",0,0,0,0,0,0,0,0,"SOURCE_UNAVAILABLE"
"154344","Invesco India Nifty Bank Index Fund - Regular Plan - Growth","INVESCO_MF","","","",0,0,0,0,0,0,0,0,"SOURCE_UNAVAILABLE"
"151590","Invesco India Nifty G-sec Jul 2027 Index Fund - Regular Plan - Growth","INVESCO_MF","","","",0,0,0,0,0,0,0,0,"SOURCE_UNAVAILABLE"
"151594","Invesco India Nifty G-sec Sep 2032 Index Fund - Regular Plan - Growth","INVESCO_MF","","","",0,0,0,0,0,0,0,0,"SOURCE_UNAVAILABLE"
"147878","Invesco India Overnight Fund - Regular Plan - Growth","INVESCO_MF","","","",0,0,0,0,0,0,0,0,"SOURCE_UNAVAILABLE"
"112171","Invesco India PSU Equity Fund - Regular Plan - Growth","INVESCO_MF","","","",0,0,0,0,0,0,0,0,"SOURCE_UNAVAILABLE"
"154545","Invesco India Pharma and Healthcare Fund - Regular Plan - Growth","INVESCO_MF","","","",0,0,0,0,0,0,0,0,"SOURCE_UNAVAILABLE"
"105189","Invesco India Short Term Fund - Regular Plan - Growth","INVESCO_MF","","","",0,0,0,0,0,0,0,0,"SOURCE_UNAVAILABLE"
"105185","Invesco India Short Term Fund - Regular Plan - Growth","INVESCO_MF","","","",0,0,0,0,0,0,0,0,"SOURCE_UNAVAILABLE"
"145139","Invesco India Small Cap Fund - Regular Plan - Growth","INVESCO_MF","2026-09-30","Invesco_India_Smallcap_Fund_Monthly_Portfolio_Sep_2026.xlsx","2f0ebc0f7545ff7cc921bcca4ce5a03c9e1cef0b132a24985a264528257107bf",72,72,72,72,0,0,0,0,"VERIFIED_ACCURATE"
"152862","Invesco India Technology Fund - Regular Plan - Growth","INVESCO_MF","","","",0,0,0,0,0,0,0,0,"SOURCE_UNAVAILABLE"
"114359","Invesco India Ultra Short Term Fund - Regular Plan - Growth","INVESCO_MF","","","",0,0,0,0,0,0,0,0,"SOURCE_UNAVAILABLE"
"104726","Invesco India Ultra Short to Short Term Fund - Regular Plan - Growth","INVESCO_MF","","","",0,0,0,0,0,0,0,0,"SOURCE_UNAVAILABLE"
"104728","Invesco India Ultra Short to Short Term Fund - Regular Plan - Growth","INVESCO_MF","","","",0,0,0,0,0,0,0,0,"SOURCE_UNAVAILABLE"
"147618","ITI Arbitrage Fund - Regular Plan - Growth Option","ITI_MF","","","",0,0,0,0,0,0,0,0,"SOURCE_UNAVAILABLE"
"147787","ITI Balanced Advantage Fund - Regular Plan - Growth Option","ITI_MF","","","",0,0,0,0,0,0,0,0,"SOURCE_UNAVAILABLE"
"148535","ITI Banking & PSU Debt Fund - Regular Plan - Growth Option","ITI_MF","","","",0,0,0,0,0,0,0,0,"SOURCE_UNAVAILABLE"
"149324","ITI Banking and Financial Services Fund - Regular Plan - Growth Option","ITI_MF","","","",0,0,0,0,0,0,0,0,"SOURCE_UNAVAILABLE"
"153263","ITI Bharat Consumption Fund - Regular Plan - Growth Option","ITI_MF","","","",0,0,0,0,0,0,0,0,"SOURCE_UNAVAILABLE"
"154159","ITI Business Cycle Fund - Regular Plan - Growth Option","ITI_MF","","","",0,0,0,0,0,0,0,0,"SOURCE_UNAVAILABLE"
"149021","ITI Dynamic Term Fund - Regular Plan - Growth Option","ITI_MF","","","",0,0,0,0,0,0,0,0,"SOURCE_UNAVAILABLE"
"147544","ITI ELSS Tax Saver Fund - Regular Plan - Growth Option","ITI_MF","","","",0,0,0,0,0,0,0,0,"SOURCE_UNAVAILABLE"
"151377","ITI Flexi Cap Fund - Regular Plan - Growth Option","ITI_MF","","","",0,0,0,0,0,0,0,0,"SOURCE_UNAVAILABLE"
"151778","ITI Focused Fund - Regular Plan - Growth Option","ITI_MF","","","",0,0,0,0,0,0,0,0,"SOURCE_UNAVAILABLE"
"152824","ITI Large & Mid Cap Fund - Regular Plan - Growth Option","ITI_MF","","","",0,0,0,0,0,0,0,0,"SOURCE_UNAVAILABLE"
"148351","ITI Large Cap Fund - Regular Plan - Growth Option","ITI_MF","","","",0,0,0,0,0,0,0,0,"SOURCE_UNAVAILABLE"
"147153","ITI Liquid Fund - Regular Plan - Growth Option","ITI_MF","","","",0,0,0,0,0,0,0,0,"SOURCE_UNAVAILABLE"
"148732","ITI Mid Cap Fund - Regular Plan - Growth Option","ITI_MF","","","",0,0,0,0,0,0,0,0,"SOURCE_UNAVAILABLE"
"154500","ITI Multi Asset Allocation Fund - Regular Plan - Growth Option","ITI_MF","","","",0,0,0,0,0,0,0,0,"SOURCE_UNAVAILABLE"
"147184","ITI Multi Cap Fund - Regular Plan - Growth Option","ITI_MF","","","",0,0,0,0,0,0,0,0,"SOURCE_UNAVAILABLE"
"147714","ITI Overnight Fund - Regular Plan - Growth Option","ITI_MF","","","",0,0,0,0,0,0,0,0,"SOURCE_UNAVAILABLE"
"149270","ITI Pharma and Healthcare Fund - Regular Plan - Growth Option","ITI_MF","","","",0,0,0,0,0,0,0,0,"SOURCE_UNAVAILABLE"
"147920","ITI Small Cap Fund - Regular Plan - Growth Option","ITI_MF","","","",0,0,0,0,0,0,0,0,"SOURCE_UNAVAILABLE"
"148906","ITI Ultra Short Term Fund - Regular Plan - Growth Option","ITI_MF","","","",0,0,0,0,0,0,0,0,"SOURCE_UNAVAILABLE"
"148973","ITI Value Fund - Regular Plan - Growth Option","ITI_MF","","","",0,0,0,0,0,0,0,0,"SOURCE_UNAVAILABLE"
"154638","JioBlackRock Arbitrage Fund - Regular Plan - Growth Option","JIO_BLACKROCK_MF","","","",0,0,0,0,0,0,0,0,"SOURCE_UNAVAILABLE"
"154641","JioBlackRock Flexi Cap Fund - Regular Plan - Growth Option","JIO_BLACKROCK_MF","","","",0,0,0,0,0,0,0,0,"SOURCE_UNAVAILABLE"
"154632","JioBlackRock Large Cap Fund - Regular Plan - Growth Option","JIO_BLACKROCK_MF","","","",0,0,0,0,0,0,0,0,"SOURCE_UNAVAILABLE"
"154645","JioBlackRock Liquid Fund - Regular Plan - Growth Option","JIO_BLACKROCK_MF","","","",0,0,0,0,0,0,0,0,"SOURCE_UNAVAILABLE"
"154639","JioBlackRock Money Market Fund - Regular Plan - Growth Option","JIO_BLACKROCK_MF","","","",0,0,0,0,0,0,0,0,"SOURCE_UNAVAILABLE"
"154633","JioBlackRock Nifty 50 Index Fund - Regular Plan - Growth Option","JIO_BLACKROCK_MF","","","",0,0,0,0,0,0,0,0,"SOURCE_UNAVAILABLE"
"154642","JioBlackRock Nifty 8-13 yr G-Sec Index Fund - Regular Plan - Growth Option","JIO_BLACKROCK_MF","","","",0,0,0,0,0,0,0,0,"SOURCE_UNAVAILABLE"
"154643","JioBlackRock Nifty Midcap 150 Index Fund - Regular Plan - Growth Option","JIO_BLACKROCK_MF","","","",0,0,0,0,0,0,0,0,"SOURCE_UNAVAILABLE"
"154644","JioBlackRock Nifty Next 50 Index Fund - Regular Plan - Growth Option","JIO_BLACKROCK_MF","","","",0,0,0,0,0,0,0,0,"SOURCE_UNAVAILABLE"
"154634","JioBlackRock Nifty Smallcap 250 Index Fund - Regular Plan - Growth Option","JIO_BLACKROCK_MF","","","",0,0,0,0,0,0,0,0,"SOURCE_UNAVAILABLE"
"154640","JioBlackRock Overnight Fund - Regular Plan - Growth Option","JIO_BLACKROCK_MF","","","",0,0,0,0,0,0,0,0,"SOURCE_UNAVAILABLE"
"154637","JioBlackRock Sector Rotation Fund - Regular Plan - Growth Option","JIO_BLACKROCK_MF","","","",0,0,0,0,0,0,0,0,"SOURCE_UNAVAILABLE"
"154635","JioBlackRock Short Term Fund - Regular Plan - Growth Option","JIO_BLACKROCK_MF","","","",0,0,0,0,0,0,0,0,"SOURCE_UNAVAILABLE"
"154636","JioBlackRock Ultra Short to Short Term Fund - Regular Plan - Growth Option","JIO_BLACKROCK_MF","","","",0,0,0,0,0,0,0,0,"SOURCE_UNAVAILABLE"
"100221","JM Aggressive Hybrid Fund - Regular Plan - Growth Option","JM_FINANCIAL_MF","","","",0,0,0,0,0,0,0,0,"SOURCE_UNAVAILABLE"
"103780","JM Arbitrage Fund - Regular Plan - Growth Option","JM_FINANCIAL_MF","","","",0,0,0,0,0,0,0,0,"SOURCE_UNAVAILABLE"
"101806","JM Dynamic Term Fund - Regular Plan - Growth Option","JM_FINANCIAL_MF","","","",0,0,0,0,0,0,0,0,"SOURCE_UNAVAILABLE"
"107288","JM ELSS - Tax Saver Fund - Regular Plan - Growth Option","JM_FINANCIAL_MF","","","",0,0,0,0,0,0,0,0,"SOURCE_UNAVAILABLE"
"109522","JM Flexi Cap Fund - Regular Plan - Growth Option","JM_FINANCIAL_MF","","","",0,0,0,0,0,0,0,0,"SOURCE_UNAVAILABLE"
"107410","JM Focused Fund - Regular Plan - Growth Option","JM_FINANCIAL_MF","","","",0,0,0,0,0,0,0,0,"SOURCE_UNAVAILABLE"
"153627","JM Large & Mid Cap Fund - Regular Plan - Growth Option","JM_FINANCIAL_MF","","","",0,0,0,0,0,0,0,0,"SOURCE_UNAVAILABLE"
"100219","JM Large Cap Fund - Regular Plan - Growth Option","JM_FINANCIAL_MF","","","",0,0,0,0,0,0,0,0,"SOURCE_UNAVAILABLE"
"100234","JM Liquid Fund - Regular Plan - Growth Option","JM_FINANCIAL_MF","","","",0,0,0,0,0,0,0,0,"SOURCE_UNAVAILABLE"
"100223","JM Medium to Long Term Fund - Regular Plan - Growth Option","JM_FINANCIAL_MF","","","",0,0,0,0,0,0,0,0,"SOURCE_UNAVAILABLE"
"150812","JM Mid Cap Fund - Regular Plan - Growth Option","JM_FINANCIAL_MF","","","",0,0,0,0,0,0,0,0,"SOURCE_UNAVAILABLE"
"154424","JM Multi Asset Allocation Fund - Regular Plan - Growth Option","JM_FINANCIAL_MF","","","",0,0,0,0,0,0,0,0,"SOURCE_UNAVAILABLE"
"147836","JM Overnight Fund - Regular Plan - Growth Option","JM_FINANCIAL_MF","","","",0,0,0,0,0,0,0,0,"SOURCE_UNAVAILABLE"
"150542","JM Short Term Fund - Regular Plan - Growth Option","JM_FINANCIAL_MF","","","",0,0,0,0,0,0,0,0,"SOURCE_UNAVAILABLE"
"152612","JM Small Cap Fund - Regular Plan - Growth Option","JM_FINANCIAL_MF","","","",0,0,0,0,0,0,0,0,"SOURCE_UNAVAILABLE"
"143607","JM Ultra Short to Short Term Fund - Regular Plan - Growth Option","JM_FINANCIAL_MF","","","",0,0,0,0,0,0,0,0,"SOURCE_UNAVAILABLE"
"100254","JM Value Fund - Regular Plan - Growth Option","JM_FINANCIAL_MF","","","",0,0,0,0,0,0,0,0,"SOURCE_UNAVAILABLE"
"153659","KOTAK NIFTY 200 QUALITY 30 INDEX FUND - Regular Plan - GROWTH","KOTAK_MAHINDRA_MF","","","",0,0,0,0,0,0,0,0,"SOURCE_UNAVAILABLE"
"153756","Kotak Active Momentum Fund - Regular Plan - Growth","KOTAK_MAHINDRA_MF","","","",0,0,0,0,0,0,0,0,"SOURCE_UNAVAILABLE"
"133036","Kotak Aggressive Hybrid Fund - Regular Plan - Growth","KOTAK_MAHINDRA_MF","","","",0,0,0,0,0,0,0,0,"SOURCE_UNAVAILABLE"
"105968","Kotak Arbitrage Fund - Regular Plan - Growth","KOTAK_MAHINDRA_MF","","","",0,0,0,0,0,0,0,0,"SOURCE_UNAVAILABLE"
"152038","Kotak BSE Housing Index Fund - Regular Plan - Growth Option","KOTAK_MAHINDRA_MF","","","",0,0,0,0,0,0,0,0,"SOURCE_UNAVAILABLE"
"153284","Kotak BSE Sensex Index Fund - Regular Plan - Growth","KOTAK_MAHINDRA_MF","","","",0,0,0,0,0,0,0,0,"SOURCE_UNAVAILABLE"
"144333","Kotak Balanced Advantage Fund - Regular Plan - Growth Option","KOTAK_MAHINDRA_MF","","","",0,0,0,0,0,0,0,0,"SOURCE_UNAVAILABLE"
"151381","Kotak Banking and Financial Services Fund - Regular Plan - Growth","KOTAK_MAHINDRA_MF","","","",0,0,0,0,0,0,0,0,"SOURCE_UNAVAILABLE"
"123690","Kotak Banking and PSU Debt Fund - Regular Plan - Growth","KOTAK_MAHINDRA_MF","","","",0,0,0,0,0,0,0,0,"SOURCE_UNAVAILABLE"
"150626","Kotak Business Cycle Fund - Regular Plan - Growth","KOTAK_MAHINDRA_MF","","","",0,0,0,0,0,0,0,0,"SOURCE_UNAVAILABLE"
"153311","Kotak CRISIL- IBX AAA Bond Financial Services Index - Dec 2026 Fund - Regular Plan - Growth","KOTAK_MAHINDRA_MF","","","",0,0,0,0,0,0,0,0,"SOURCE_UNAVAILABLE"
"152866","Kotak CRISIL-IBX AAA Financial Services Index-Sep 2027 Fund - Regular Plan - GROWTH","KOTAK_MAHINDRA_MF","","","",0,0,0,0,0,0,0,0,"SOURCE_UNAVAILABLE"
"153375","Kotak CRISIL-IBX Financial Services 3-6 Months Debt Index Fund - Regular Plan - Growth","KOTAK_MAHINDRA_MF","","","",0,0,0,0,0,0,0,0,"SOURCE_UNAVAILABLE"
"153877","Kotak CRISIL-IBX Financial Services 9 to 12 Months Debt Index Fund - Regular Plan - Growth","KOTAK_MAHINDRA_MF","","","",0,0,0,0,0,0,0,0,"SOURCE_UNAVAILABLE"
"114859","Kotak Conservative Hybrid Fund - Regular Plan - Growth","KOTAK_MAHINDRA_MF","","","",0,0,0,0,0,0,0,0,"SOURCE_UNAVAILABLE"
"152170","Kotak Consumption Fund - Regular Plan - Growth Option","KOTAK_MAHINDRA_MF","","","",0,0,0,0,0,0,0,0,"SOURCE_UNAVAILABLE"
"103040","Kotak Contra Fund - Regular Plan - Growth","KOTAK_MAHINDRA_MF","","","",0,0,0,0,0,0,0,0,"SOURCE_UNAVAILABLE"
"133782","Kotak Corporate Bond Fund - Regular Plan - Growth Option","KOTAK_MAHINDRA_MF","","","",0,0,0,0,0,0,0,0,"SOURCE_UNAVAILABLE"
"117716","Kotak Credit Risk Fund - Regular Plan - Growth","KOTAK_MAHINDRA_MF","","","",0,0,0,0,0,0,0,0,"SOURCE_UNAVAILABLE"
"154576","Kotak Diversified Equity All Cap Omni FOF - Regular Plan - Growth","KOTAK_MAHINDRA_MF","","","",0,0,0,0,0,0,0,0,"SOURCE_UNAVAILABLE"
"108511","Kotak Dynamic Term Fund - Regular Plan - Growth","KOTAK_MAHINDRA_MF","","","",0,0,0,0,0,0,0,0,"SOURCE_UNAVAILABLE"
"103339","Kotak ELSS Tax Saver Fund - Regular Plan - Growth","KOTAK_MAHINDRA_MF","","","",0,0,0,0,0,0,0,0,"SOURCE_UNAVAILABLE"
"148602","Kotak ESG Exclusionary Strategy Fund - Regular Plan - Growth Option","KOTAK_MAHINDRA_MF","","","",0,0,0,0,0,0,0,0,"SOURCE_UNAVAILABLE"
"153449","Kotak Energy Opportunities Fund - Regular Plan - Growth","KOTAK_MAHINDRA_MF","","","",0,0,0,0,0,0,0,0,"SOURCE_UNAVAILABLE"
"131372","Kotak Equity Savings Fund - Regular Plan - Growth","KOTAK_MAHINDRA_MF","","","",0,0,0,0,0,0,0,0,"SOURCE_UNAVAILABLE"
"151285","Kotak FMP Series 304 - Regular Plan - Growth Option","KOTAK_MAHINDRA_MF","","","",0,0,0,0,0,0,0,0,"SOURCE_UNAVAILABLE"
"112090","Kotak Flexi Cap Fund - Regular Plan - Growth","KOTAK_MAHINDRA_MF","","","",0,0,0,0,0,0,0,0,"SOURCE_UNAVAILABLE"
"147266","Kotak Floating Interest Rates Fund - Regular Plan - GROWTH OPTION","KOTAK_MAHINDRA_MF","","","",0,0,0,0,0,0,0,0,"SOURCE_UNAVAILABLE"
"147477","Kotak Focused Fund - Regular Plan - Growth Option","KOTAK_MAHINDRA_MF","","","",0,0,0,0,0,0,0,0,"SOURCE_UNAVAILABLE"
"100265","Kotak Gilt Fund - Regular Plan - Growth","KOTAK_MAHINDRA_MF","","","",0,0,0,0,0,0,0,0,"SOURCE_UNAVAILABLE"
"100281","Kotak Gilt Fund - Regular Plan - Investment Provident Fund and Trust-Growth","KOTAK_MAHINDRA_MF","","","",0,0,0,0,0,0,0,0,"SOURCE_UNAVAILABLE"
"106441","Kotak Global Emerging Market Overseas Equity Active FOF - Regular Plan - Growth","KOTAK_MAHINDRA_MF","","","",0,0,0,0,0,0,0,0,"SOURCE_UNAVAILABLE"
"149056","Kotak Global Innovation Overseas Equity Active FOF - Regular Plan - Growth","KOTAK_MAHINDRA_MF","","","",0,0,0,0,0,0,0,0,"SOURCE_UNAVAILABLE"
"114758","Kotak Gold Fund - Regular Plan - Growth","KOTAK_MAHINDRA_MF","","","",0,0,0,0,0,0,0,0,"SOURCE_UNAVAILABLE"
"153922","Kotak Gold Silver Passive FOF - Regular Plan - Growth","KOTAK_MAHINDRA_MF","","","",0,0,0,0,0,0,0,0,"SOURCE_UNAVAILABLE"
"152216","Kotak Healthcare Fund - Regular Plan - Growth Option","KOTAK_MAHINDRA_MF","","","",0,0,0,0,0,0,0,0,"SOURCE_UNAVAILABLE"
"150820","Kotak Income Plus Arbitrage Omni FOF - Regular Plan - Growth","KOTAK_MAHINDRA_MF","","","",0,0,0,0,0,0,0,0,"SOURCE_UNAVAILABLE"
"134565","Kotak India Growth Fund - Series I - Regular Plan - Growth","KOTAK_MAHINDRA_MF","","","",0,0,0,0,0,0,0,0,"SOURCE_UNAVAILABLE"
"134567","Kotak India Growth Fund - Series I - Regular Plan - Growth","KOTAK_MAHINDRA_MF","","","",0,0,0,0,0,0,0,0,"SOURCE_UNAVAILABLE"
"134566","Kotak India Growth Fund - Series I - Regular Plan - Growth","KOTAK_MAHINDRA_MF","","","",0,0,0,0,0,0,0,0,"SOURCE_UNAVAILABLE"
"134568","Kotak India Growth Fund - Series I - Regular Plan - Growth","KOTAK_MAHINDRA_MF","","","",0,0,0,0,0,0,0,0,"SOURCE_UNAVAILABLE"
"142417","Kotak India Growth Fund Series 4 - Regular Plan - Growth","KOTAK_MAHINDRA_MF","","","",0,0,0,0,0,0,0,0,"SOURCE_UNAVAILABLE"
"142418","Kotak India Growth Fund Series 4 - Regular Plan - Growth","KOTAK_MAHINDRA_MF","","","",0,0,0,0,0,0,0,0,"SOURCE_UNAVAILABLE"
"142415","Kotak India Growth Fund Series 4 - Regular Plan - Growth","KOTAK_MAHINDRA_MF","","","",0,0,0,0,0,0,0,0,"SOURCE_UNAVAILABLE"
"142416","Kotak India Growth Fund Series 4 - Regular Plan - Growth","KOTAK_MAHINDRA_MF","","","",0,0,0,0,0,0,0,0,"SOURCE_UNAVAILABLE"
"143244","Kotak India Growth Fund Series 5 - Regular Plan - Growth","KOTAK_MAHINDRA_MF","","","",0,0,0,0,0,0,0,0,"SOURCE_UNAVAILABLE"
"143246","Kotak India Growth Fund Series 5 - Regular Plan - Growth","KOTAK_MAHINDRA_MF","","","",0,0,0,0,0,0,0,0,"SOURCE_UNAVAILABLE"
"143243","Kotak India Growth Fund Series 5 - Regular Plan - Growth","KOTAK_MAHINDRA_MF","","","",0,0,0,0,0,0,0,0,"SOURCE_UNAVAILABLE"
"143245","Kotak India Growth Fund Series 5 - Regular Plan - Growth","KOTAK_MAHINDRA_MF","","","",0,0,0,0,0,0,0,0,"SOURCE_UNAVAILABLE"
"144674","Kotak India Growth Fund Series 7 - Regular Plan - Growth","KOTAK_MAHINDRA_MF","","","",0,0,0,0,0,0,0,0,"SOURCE_UNAVAILABLE"
"144676","Kotak India Growth Fund Series 7 - Regular Plan - Growth","KOTAK_MAHINDRA_MF","","","",0,0,0,0,0,0,0,0,"SOURCE_UNAVAILABLE"
"144673","Kotak India Growth Fund Series 7 - Regular Plan - Growth","KOTAK_MAHINDRA_MF","","","",0,0,0,0,0,0,0,0,"SOURCE_UNAVAILABLE"
"144675","Kotak India Growth Fund Series 7 - Regular Plan - Growth","KOTAK_MAHINDRA_MF","","","",0,0,0,0,0,0,0,0,"SOURCE_UNAVAILABLE"
"133796","Kotak Infrastructure and Economic Reform Fund - Regular Plan - Growth Option","KOTAK_MAHINDRA_MF","","","",0,0,0,0,0,0,0,0,"SOURCE_UNAVAILABLE"
"148645","Kotak International REIT Overseas Equity Active FOF - Regular Plan - Growth","KOTAK_MAHINDRA_MF","","","",0,0,0,0,0,0,0,0,"SOURCE_UNAVAILABLE"
"103234","Kotak Large & Mid Cap Fund - Regular Plan - Growth","KOTAK_MAHINDRA_MF","","","",0,0,0,0,0,0,0,0,"SOURCE_UNAVAILABLE"
"114458","Kotak Large Cap Fund - Regular Plan - Growth","KOTAK_MAHINDRA_MF","","","",0,0,0,0,0,0,0,0,"SOURCE_UNAVAILABLE"
"100835","Kotak Liquid Fund - Regular Plan - Growth","KOTAK_MAHINDRA_MF","","","",0,0,0,0,0,0,0,0,"SOURCE_UNAVAILABLE"
"152489","Kotak Long Term Fund - Regular Plan - Growth","KOTAK_MAHINDRA_MF","","","",0,0,0,0,0,0,0,0,"SOURCE_UNAVAILABLE"
"152913","Kotak MNC Fund - Regular Plan - Growth","KOTAK_MAHINDRA_MF","","","",0,0,0,0,0,0,0,0,"SOURCE_UNAVAILABLE"
"149840","Kotak Manufacture in India Fund - Regular Plan - Growth","KOTAK_MAHINDRA_MF","","","",0,0,0,0,0,0,0,0,"SOURCE_UNAVAILABLE"
"128009","Kotak Medium Term Fund - Regular Plan - Growth","KOTAK_MAHINDRA_MF","","","",0,0,0,0,0,0,0,0,"SOURCE_UNAVAILABLE"
"100299","Kotak Medium to Long Term Fund - Regular Plan - Growth","KOTAK_MAHINDRA_MF","","","",0,0,0,0,0,0,0,0,"SOURCE_UNAVAILABLE"
"104908","Kotak Mid Cap Fund - Regular Plan - Growth","KOTAK_MAHINDRA_MF","","","",0,0,0,0,0,0,0,0,"SOURCE_UNAVAILABLE"
"101893","Kotak Money Market Fund - Regular Plan - (Growth)","KOTAK_MAHINDRA_MF","","","",0,0,0,0,0,0,0,0,"SOURCE_UNAVAILABLE"
"154319","Kotak Multi Asset Active FOF - Regular Plan - Growth","KOTAK_MAHINDRA_MF","","","",0,0,0,0,0,0,0,0,"SOURCE_UNAVAILABLE"
"152065","Kotak Multi Asset Allocation Fund - Regular Plan - Growth Option","KOTAK_MAHINDRA_MF","","","",0,0,0,0,0,0,0,0,"SOURCE_UNAVAILABLE"
"102574","Kotak Multi Asset Omni FOF - Regular Plan - Growth","KOTAK_MAHINDRA_MF","","","",0,0,0,0,0,0,0,0,"SOURCE_UNAVAILABLE"
"149182","Kotak Multi Cap Fund - Regular Plan - Growth","KOTAK_MAHINDRA_MF","","","",0,0,0,0,0,0,0,0,"SOURCE_UNAVAILABLE"
"154276","Kotak Multi Factor Passive FOF - Regular Plan - Growth","KOTAK_MAHINDRA_MF","","","",0,0,0,0,0,0,0,0,"SOURCE_UNAVAILABLE"
"152664","Kotak NIFTY 100 Low Volatility 30 Index Fund - Regular Plan - Growth","KOTAK_MAHINDRA_MF","","","",0,0,0,0,0,0,0,0,"SOURCE_UNAVAILABLE"
"153145","Kotak Nifty 100 Equal Weight Index Fund - Regular Plan - Growth","KOTAK_MAHINDRA_MF","","","",0,0,0,0,0,0,0,0,"SOURCE_UNAVAILABLE"
"151783","Kotak Nifty 200 Momentum 30 Index Fund - Regular Plan - Growth","KOTAK_MAHINDRA_MF","","","",0,0,0,0,0,0,0,0,"SOURCE_UNAVAILABLE"
"153148","Kotak Nifty 50 Equal Weight Index Fund - Regular Plan - Growth","KOTAK_MAHINDRA_MF","","","",0,0,0,0,0,0,0,0,"SOURCE_UNAVAILABLE"
"148974","Kotak Nifty 50 Index Fund - Regular Plan - Growth","KOTAK_MAHINDRA_MF","","","",0,0,0,0,0,0,0,0,"SOURCE_UNAVAILABLE"
"153683","Kotak Nifty AAA Bond Financial Services Mar 2028 Index Fund - Regular Plan - Growth","KOTAK_MAHINDRA_MF","","","",0,0,0,0,0,0,0,0,"SOURCE_UNAVAILABLE"
"153784","Kotak Nifty Alpha 50 Index Fund - Regular Plan - Growth","KOTAK_MAHINDRA_MF","","","",0,0,0,0,0,0,0,0,"SOURCE_UNAVAILABLE"
"154389","Kotak Nifty Alpha Low Volatility 30 Index Fund - Regular Plan - Growth","KOTAK_MAHINDRA_MF","","","",0,0,0,0,0,0,0,0,"SOURCE_UNAVAILABLE"
"154570","Kotak Nifty Bank Index Fund - Regular Plan - Growth","KOTAK_MAHINDRA_MF","","","",0,0,0,0,0,0,0,0,"SOURCE_UNAVAILABLE"
"153351","Kotak Nifty Commodities Index Fund - Regular Plan - Growth","KOTAK_MAHINDRA_MF","","","",0,0,0,0,0,0,0,0,"SOURCE_UNAVAILABLE"
"151909","Kotak Nifty Financial Services Ex-Bank Index Fund - Regular Plan - Growth","KOTAK_MAHINDRA_MF","","","",0,0,0,0,0,0,0,0,"SOURCE_UNAVAILABLE"
"152100","Kotak Nifty G-Sec July 2033 Index Fund - Regular Plan - Growth","KOTAK_MAHINDRA_MF","","","",0,0,0,0,0,0,0,0,"SOURCE_UNAVAILABLE"
"152872","Kotak Nifty India Tourism Index Fund - Regular Plan - Growth","KOTAK_MAHINDRA_MF","","","",0,0,0,0,0,0,0,0,"SOURCE_UNAVAILABLE"
"153399","Kotak Nifty Midcap 150 Index Fund - Regular Plan - GROWTH","KOTAK_MAHINDRA_MF","","","",0,0,0,0,0,0,0,0,"SOURCE_UNAVAILABLE"
"152918","Kotak Nifty Midcap 150 Momentum 50 Index Fund - Regular Plan - Growth","KOTAK_MAHINDRA_MF","","","",0,0,0,0,0,0,0,0,"SOURCE_UNAVAILABLE"
"152765","Kotak Nifty Midcap 50 Index Fund - Regular Plan - GROWTH","KOTAK_MAHINDRA_MF","","","",0,0,0,0,0,0,0,0,"SOURCE_UNAVAILABLE"
"148743","Kotak Nifty Next 50 Index Fund - Regular Plan - Growth","KOTAK_MAHINDRA_MF","","","",0,0,0,0,0,0,0,0,"SOURCE_UNAVAILABLE"
"149852","Kotak Nifty SDL Apr 2027 Top 12 Equal Weight Index Fund - Regular Plan - Growth","KOTAK_MAHINDRA_MF","","","",0,0,0,0,0,0,0,0,"SOURCE_UNAVAILABLE"
"149862","Kotak Nifty SDL Apr 2032 Top 12 Equal Weight Index Fund - Regular Plan - Growth","KOTAK_MAHINDRA_MF","","","",0,0,0,0,0,0,0,0,"SOURCE_UNAVAILABLE"
"151216","Kotak Nifty SDL Jul 2026 Index Fund - Regular Plan - Growth","KOTAK_MAHINDRA_MF","","","",0,0,0,0,0,0,0,0,"SOURCE_UNAVAILABLE"
"151417","Kotak Nifty SDL Jul 2033 Index Fund - Regular Plan - Growth","KOTAK_MAHINDRA_MF","","","",0,0,0,0,0,0,0,0,"SOURCE_UNAVAILABLE"
"150723","Kotak Nifty SDL Plus AAA PSU Bond Jul 2028 60 - 40 Index Fund - Regular Plan - Growth","KOTAK_MAHINDRA_MF","","","",0,0,0,0,0,0,0,0,"SOURCE_UNAVAILABLE"
"153221","Kotak Nifty SmallCap 250 Index Fund - Regular Plan - Growth","KOTAK_MAHINDRA_MF","","","",0,0,0,0,0,0,0,0,"SOURCE_UNAVAILABLE"
"151647","Kotak Nifty Smallcap 50 Index Fund - Regular Plan - Growth","KOTAK_MAHINDRA_MF","","","",0,0,0,0,0,0,0,0,"SOURCE_UNAVAILABLE"
"153463","Kotak Nifty Top 10 Equal Weight Index Fund - Regular Plan - Growth","KOTAK_MAHINDRA_MF","","","",0,0,0,0,0,0,0,0,"SOURCE_UNAVAILABLE"
"154148","Kotak Nifty200 Value 30 Index Fund - Regular Plan - Growth","KOTAK_MAHINDRA_MF","","","",0,0,0,0,0,0,0,0,"SOURCE_UNAVAILABLE"
"154030","Kotak Nifty500 Momentum 50 Index Fund - Regular Plan - Growth","KOTAK_MAHINDRA_MF","","","",0,0,0,0,0,0,0,0,"SOURCE_UNAVAILABLE"
"146142","Kotak Overnight Fund - Regular Plan - Growth","KOTAK_MAHINDRA_MF","","","",0,0,0,0,0,0,0,0,"SOURCE_UNAVAILABLE"
"147724","Kotak Pioneer Fund - Regular Plan - Growth","KOTAK_MAHINDRA_MF","","","",0,0,0,0,0,0,0,0,"SOURCE_UNAVAILABLE"
"154286","Kotak Quality Overseas Equity Active FOF - Regular Plan - Growth","KOTAK_MAHINDRA_MF","","","",0,0,0,0,0,0,0,0,"SOURCE_UNAVAILABLE"
"151878","Kotak Quant Fund - Regular Plan - Growth","KOTAK_MAHINDRA_MF","","","",0,0,0,0,0,0,0,0,"SOURCE_UNAVAILABLE"
"153969","Kotak Rural Opportunities Fund - Regular Plan - Growth","KOTAK_MAHINDRA_MF","","","",0,0,0,0,0,0,0,0,"SOURCE_UNAVAILABLE"
"154151","Kotak Services Fund - Regular Plan - Growth","KOTAK_MAHINDRA_MF","","","",0,0,0,0,0,0,0,0,"SOURCE_UNAVAILABLE"
"101373","Kotak Short Term Fund - Regular Plan - (Growth)","KOTAK_MAHINDRA_MF","","","",0,0,0,0,0,0,0,0,"SOURCE_UNAVAILABLE"
"151602","Kotak Silver ETF Fund of Fund - Regular Plan - Growth","KOTAK_MAHINDRA_MF","","","",0,0,0,0,0,0,0,0,"SOURCE_UNAVAILABLE"
"102875","Kotak Small Cap Fund - Regular Plan - Growth","KOTAK_MAHINDRA_MF","","","",0,0,0,0,0,0,0,0,"SOURCE_UNAVAILABLE"
"152703","Kotak Special Opportunities Fund - Regular Plan - Growth","KOTAK_MAHINDRA_MF","","","",0,0,0,0,0,0,0,0,"SOURCE_UNAVAILABLE"
"152460","Kotak Technology Fund - Regular Plan - Growth","KOTAK_MAHINDRA_MF","","","",0,0,0,0,0,0,0,0,"SOURCE_UNAVAILABLE"
"153116","Kotak Transportation & Logistics Fund - Regular Plan - Growth","KOTAK_MAHINDRA_MF","","","",0,0,0,0,0,0,0,0,"SOURCE_UNAVAILABLE"
"148661","Kotak US Specific Equity Passive FOF - Regular Plan - Growth","KOTAK_MAHINDRA_MF","","","",0,0,0,0,0,0,0,0,"SOURCE_UNAVAILABLE"
"102591","Kotak Ultra Short Term Fund - Regular Plan - Growth","KOTAK_MAHINDRA_MF","","","",0,0,0,0,0,0,0,0,"SOURCE_UNAVAILABLE"
"133805","Kotak Ultra Short to Short Term Fund - Regular Plan - Growth Option","KOTAK_MAHINDRA_MF","","","",0,0,0,0,0,0,0,0,"SOURCE_UNAVAILABLE"
"152752","kotak BSE PSU Index Fund - Regular Plan - Growth","KOTAK_MAHINDRA_MF","","","",0,0,0,0,0,0,0,0,"SOURCE_UNAVAILABLE"
"154737","LAKSHYA OVERNIGHT FUND - Regular Plan - GROWTH","LAKSHYA_MF","","","",0,0,0,0,0,0,0,0,"SOURCE_UNAVAILABLE"
"100323","LIC MF Aggressive Hybrid Fund - Regular Plan - Growth","LIC_MF","","","",0,0,0,0,0,0,0,0,"SOURCE_UNAVAILABLE"
"145890","LIC MF Arbitrage Fund - Regular Plan - Growth","LIC_MF","","","",0,0,0,0,0,0,0,0,"SOURCE_UNAVAILABLE"
"101199","LIC MF BSE Sensex Index Fund - Regular Plan - Growth","LIC_MF","","","",0,0,0,0,0,0,0,0,"SOURCE_UNAVAILABLE"
"149259","LIC MF Balanced Advantage Fund - Regular Plan - Growth","LIC_MF","","","",0,0,0,0,0,0,0,0,"SOURCE_UNAVAILABLE"
"105823","LIC MF Banking & PSU Debt Fund - Regular Plan - Growth","LIC_MF","","","",0,0,0,0,0,0,0,0,"SOURCE_UNAVAILABLE"
"134016","LIC MF Banking and Financial Services Fund - Regular Plan - Growth","LIC_MF","","","",0,0,0,0,0,0,0,0,"SOURCE_UNAVAILABLE"
"101271","LIC MF Children's Fund - Regular Plan - Growth","LIC_MF","","","",0,0,0,0,0,0,0,0,"SOURCE_UNAVAILABLE"
"101869","LIC MF Conservative Hybrid Fund - Regular Plan - Growth","LIC_MF","","","",0,0,0,0,0,0,0,0,"SOURCE_UNAVAILABLE"
"153950","LIC MF Consumption Fund - Regular Plan - Growth","LIC_MF","","","",0,0,0,0,0,0,0,0,"SOURCE_UNAVAILABLE"
"100865","LIC MF ELSS Tax Saver Fund - Regular Plan - Growth","LIC_MF","","","",0,0,0,0,0,0,0,0,"SOURCE_UNAVAILABLE"
"151950","LIC MF Equity Savings Fund - Regular Plan - Growth","LIC_MF","","","",0,0,0,0,0,0,0,0,"SOURCE_UNAVAILABLE"
"100313","LIC MF Flexi Cap Fund - Regular Plan - Growth","LIC_MF","","","",0,0,0,0,0,0,0,0,"SOURCE_UNAVAILABLE"
"152009","LIC MF Focused Fund - Regular Plan - Growth","LIC_MF","","","",0,0,0,0,0,0,0,0,"SOURCE_UNAVAILABLE"
"100317","LIC MF Gilt Fund - Regular Plan - Growth","LIC_MF","","","",0,0,0,0,0,0,0,0,"SOURCE_UNAVAILABLE"
"100319","LIC MF Gilt Fund - Regular Plan - Growth","LIC_MF","","","",0,0,0,0,0,0,0,0,"SOURCE_UNAVAILABLE"
"151973","LIC MF Gold ETF Fund of Fund - Regular Plan - Growth","LIC_MF","","","",0,0,0,0,0,0,0,0,"SOURCE_UNAVAILABLE"
"152025","LIC MF Healthcare Fund - Regular Plan - Growth","LIC_MF","","","",0,0,0,0,0,0,0,0,"SOURCE_UNAVAILABLE"
"107763","LIC MF Infrastructure Fund - Regular Plan - Growth","LIC_MF","","","",0,0,0,0,0,0,0,0,"SOURCE_UNAVAILABLE"
"133711","LIC MF Large & Mid Cap Fund - Regular Plan - Growth","LIC_MF","","","",0,0,0,0,0,0,0,0,"SOURCE_UNAVAILABLE"
"106871","LIC MF Large Cap Fund - Regular Plan - Growth","LIC_MF","","","",0,0,0,0,0,0,0,0,"SOURCE_UNAVAILABLE"
"101185","LIC MF Liquid Fund - Regular Plan - Growth","LIC_MF","","","",0,0,0,0,0,0,0,0,"SOURCE_UNAVAILABLE"
"152922","LIC MF Manufacturing Fund - Regular Plan - Growth","LIC_MF","","","",0,0,0,0,0,0,0,0,"SOURCE_UNAVAILABLE"
"100315","LIC MF Medium to Long Term Fund - Regular Plan - Growth","LIC_MF","","","",0,0,0,0,0,0,0,0,"SOURCE_UNAVAILABLE"
"152001","LIC MF Mid Cap Fund - Regular Plan - Growth","LIC_MF","","","",0,0,0,0,0,0,0,0,"SOURCE_UNAVAILABLE"
"150393","LIC MF Money Market Fund - Regular Plan - Growth","LIC_MF","","","",0,0,0,0,0,0,0,0,"SOURCE_UNAVAILABLE"
"153248","LIC MF Multi Asset Allocation Fund - Regular Plan - Growth","LIC_MF","","","",0,0,0,0,0,0,0,0,"SOURCE_UNAVAILABLE"
"150661","LIC MF Multi Cap Fund - Regular Plan - Growth","LIC_MF","","","",0,0,0,0,0,0,0,0,"SOURCE_UNAVAILABLE"
"101201","LIC MF Nifty 50 Index Fund - Regular Plan - Growth","LIC_MF","","","",0,0,0,0,0,0,0,0,"SOURCE_UNAVAILABLE"
"151935","LIC MF Nifty Next 50 Index Fund - Regular Plan - Growth","LIC_MF","","","",0,0,0,0,0,0,0,0,"SOURCE_UNAVAILABLE"
"147519","LIC MF Overnight Fund - Regular Plan - Growth","LIC_MF","","","",0,0,0,0,0,0,0,0,"SOURCE_UNAVAILABLE"
"145952","LIC MF Short Term Fund - Regular Plan - Growth","LIC_MF","","","",0,0,0,0,0,0,0,0,"SOURCE_UNAVAILABLE"
"152003","LIC MF Small Cap Fund - Regular Plan - Growth","LIC_MF","","","",0,0,0,0,0,0,0,0,"SOURCE_UNAVAILABLE"
"154247","LIC MF Technology Fund - Regular Plan - Growth","LIC_MF","","","",0,0,0,0,0,0,0,0,"SOURCE_UNAVAILABLE"
"147770","LIC MF Ultra Short Term Fund - Regular Plan - Growth","LIC_MF","","","",0,0,0,0,0,0,0,0,"SOURCE_UNAVAILABLE"
"101830","LIC MF Ultra Short to Short Term fund - Regular Plan - Growth","LIC_MF","","","",0,0,0,0,0,0,0,0,"SOURCE_UNAVAILABLE"
"152016","LIC MF Value Fund - Regular Plan - Growth","LIC_MF","","","",0,0,0,0,0,0,0,0,"SOURCE_UNAVAILABLE"
"147447","Mahindra Manulife Aggressive Hybrid Fund - Regular Plan - Growth","MAHINDRA_MANULI_MF","","","",0,0,0,0,0,0,0,0,"SOURCE_UNAVAILABLE"
"148467","Mahindra Manulife Arbitrage Fund - Regular Plan - Growth","MAHINDRA_MANULI_MF","","","",0,0,0,0,0,0,0,0,"SOURCE_UNAVAILABLE"
"149228","Mahindra Manulife Asia Pacific REITs FOF - Regular Plan - Growth","MAHINDRA_MANULI_MF","","","",0,0,0,0,0,0,0,0,"SOURCE_UNAVAILABLE"
"149404","Mahindra Manulife Balanced Advantage Fund - Regular Plan - Growth","MAHINDRA_MANULI_MF","","","",0,0,0,0,0,0,0,0,"SOURCE_UNAVAILABLE"
"152046","Mahindra Manulife Business Cycle Fund - Regular Plan - Growth","MAHINDRA_MANULI_MF","","","",0,0,0,0,0,0,0,0,"SOURCE_UNAVAILABLE"
"145355","Mahindra Manulife Consumption Fund - Regular Plan - Growth","MAHINDRA_MANULI_MF","","","",0,0,0,0,0,0,0,0,"SOURCE_UNAVAILABLE"
"144401","Mahindra Manulife Dynamic Term Fund - Regular Plan - Growth","MAHINDRA_MANULI_MF","","","",0,0,0,0,0,0,0,0,"SOURCE_UNAVAILABLE"
"139783","Mahindra Manulife ELSS Tax Saver Fund - Regular Plan - Growth","MAHINDRA_MANULI_MF","","","",0,0,0,0,0,0,0,0,"SOURCE_UNAVAILABLE"
"140447","Mahindra Manulife Equity Savings Fund - Regular Plan - Growth","MAHINDRA_MANULI_MF","","","",0,0,0,0,0,0,0,0,"SOURCE_UNAVAILABLE"
"149101","Mahindra Manulife Flexi Cap Fund - Regular Plan - Growth","MAHINDRA_MANULI_MF","","","",0,0,0,0,0,0,0,0,"SOURCE_UNAVAILABLE"
"148571","Mahindra Manulife Focused Fund - Regular Plan - Growth","MAHINDRA_MANULI_MF","","","",0,0,0,0,0,0,0,0,"SOURCE_UNAVAILABLE"
"154006","Mahindra Manulife Income Plus Arbitrage Active FOF - Regular Plan - Growth","MAHINDRA_MANULI_MF","","","",0,0,0,0,0,0,0,0,"SOURCE_UNAVAILABLE"
"154120","Mahindra Manulife Innovation Opportunities Fund - Regular Plan - Growth","MAHINDRA_MANULI_MF","","","",0,0,0,0,0,0,0,0,"SOURCE_UNAVAILABLE"
"147843","Mahindra Manulife Large & Mid Cap Fund - Regular Plan - Growth","MAHINDRA_MANULI_MF","","","",0,0,0,0,0,0,0,0,"SOURCE_UNAVAILABLE"
"146551","Mahindra Manulife Large Cap Fund - Regular Plan - Growth","MAHINDRA_MANULI_MF","","","",0,0,0,0,0,0,0,0,"SOURCE_UNAVAILABLE"
"139537","Mahindra Manulife Liquid Fund - Regular Plan - Growth","MAHINDRA_MANULI_MF","","","",0,0,0,0,0,0,0,0,"SOURCE_UNAVAILABLE"
"152671","Mahindra Manulife Manufacturing Fund - Regular Plan - Growth","MAHINDRA_MANULI_MF","","","",0,0,0,0,0,0,0,0,"SOURCE_UNAVAILABLE"
"142109","Mahindra Manulife Mid Cap Fund - Regular Plan - Growth","MAHINDRA_MANULI_MF","","","",0,0,0,0,0,0,0,0,"SOURCE_UNAVAILABLE"
"152441","Mahindra Manulife Multi Asset Allocation Fund - Regular Plan - Growth","MAHINDRA_MANULI_MF","","","",0,0,0,0,0,0,0,0,"SOURCE_UNAVAILABLE"
"141224","Mahindra Manulife Multi Cap Fund - Regular Plan - Growth","MAHINDRA_MANULI_MF","","","",0,0,0,0,0,0,0,0,"SOURCE_UNAVAILABLE"
"147565","Mahindra Manulife Overnight Fund - Regular Plan - Growth","MAHINDRA_MANULI_MF","","","",0,0,0,0,0,0,0,0,"SOURCE_UNAVAILABLE"
"148727","Mahindra Manulife Short Term Fund - Regular Plan - Growth","MAHINDRA_MANULI_MF","","","",0,0,0,0,0,0,0,0,"SOURCE_UNAVAILABLE"
"150912","Mahindra Manulife Small Cap Fund - Regular Plan - Growth","MAHINDRA_MANULI_MF","","","",0,0,0,0,0,0,0,0,"SOURCE_UNAVAILABLE"
"147734","Mahindra Manulife Ultra Short Term Fund - Regular Plan - Growth","MAHINDRA_MANULI_MF","","","",0,0,0,0,0,0,0,0,"SOURCE_UNAVAILABLE"
"140620","Mahindra Manulife Ultra Short to Short Term Fund - Regular Plan - Growth","MAHINDRA_MANULI_MF","","","",0,0,0,0,0,0,0,0,"SOURCE_UNAVAILABLE"
"153304","Mahindra Manulife Value Fund - Regular Plan - Growth","MAHINDRA_MANULI_MF","","","",0,0,0,0,0,0,0,0,"SOURCE_UNAVAILABLE"
"153675","MahindraManulife Banking & Financial Services Fund - Regular Plan - Growth","MAHINDRA_MANULI_MF","","","",0,0,0,0,0,0,0,0,"SOURCE_UNAVAILABLE"
"134815","Mirae Asset Aggressive Hybrid Fund - Regular Plan - Growth","MIRAE_ASSET_MF","","","",0,0,0,0,0,0,0,0,"SOURCE_UNAVAILABLE"
"148400","Mirae Asset Arbitrage Fund - Regular Plan - Growth","MIRAE_ASSET_MF","","","",0,0,0,0,0,0,0,0,"SOURCE_UNAVAILABLE"
"153382","Mirae Asset BSE 200 Equal Weight ETF Fund of Fund - Regular Plan - Growth","MIRAE_ASSET_MF","","","",0,0,0,0,0,0,0,0,"SOURCE_UNAVAILABLE"
"154189","Mirae Asset BSE India Defence ETF FOF - Regular Plan - Growth","MIRAE_ASSET_MF","","","",0,0,0,0,0,0,0,0,"SOURCE_UNAVAILABLE"
"154473","Mirae Asset BSE Midcap 150 Momentum 30 ETF FOF - Regular Plan - Growth","MIRAE_ASSET_MF","","","",0,0,0,0,0,0,0,0,"SOURCE_UNAVAILABLE"
"153387","Mirae Asset BSE Select IPO ETF Fund of Fund - Regular Plan - Growth","MIRAE_ASSET_MF","","","",0,0,0,0,0,0,0,0,"SOURCE_UNAVAILABLE"
"150473","Mirae Asset Balanced Advantage Fund - Regular Plan - Growth","MIRAE_ASSET_MF","","","",0,0,0,0,0,0,0,0,"SOURCE_UNAVAILABLE"
"148621","Mirae Asset Banking and Financial Services Fund - Regular Plan - Growth","MIRAE_ASSET_MF","","","",0,0,0,0,0,0,0,0,"SOURCE_UNAVAILABLE"
"148416","Mirae Asset Banking and PSU Debt Fund - Regular Plan - Growth","MIRAE_ASSET_MF","","","",0,0,0,0,0,0,0,0,"SOURCE_UNAVAILABLE"
"150790","Mirae Asset CRISIL IBX Gilt Index - April 2033 Index Fund - Regular Plan - Growth","MIRAE_ASSET_MF","","","",0,0,0,0,0,0,0,0,"SOURCE_UNAVAILABLE"
"153636","Mirae Asset CRISIL-IBX Financial Services 9-12 Months Debt Index Fund - Regular Plan - Growth","MIRAE_ASSET_MF","","","",0,0,0,0,0,0,0,0,"SOURCE_UNAVAILABLE"
"148757","Mirae Asset Corporate Bond Fund - Regular Plan - Growth","MIRAE_ASSET_MF","","","",0,0,0,0,0,0,0,0,"SOURCE_UNAVAILABLE"
"148502","Mirae Asset Diversified Equity Allocator Passive FOF - Regular Plan - Growth","MIRAE_ASSET_MF","","","",0,0,0,0,0,0,0,0,"SOURCE_UNAVAILABLE"
"140771","Mirae Asset Dynamic Term Fund - Regular Plan - Growth","MIRAE_ASSET_MF","","","",0,0,0,0,0,0,0,0,"SOURCE_UNAVAILABLE"
"135784","Mirae Asset ELSS Tax Saver Fund - Regular Plan - Growth","MIRAE_ASSET_MF","","","",0,0,0,0,0,0,0,0,"SOURCE_UNAVAILABLE"
"145695","Mirae Asset Equity Savings Fund - Regular Plan - Growth","MIRAE_ASSET_MF","","","",0,0,0,0,0,0,0,0,"SOURCE_UNAVAILABLE"
"151414","Mirae Asset Flexi Cap Fund - Regular Plan - Growth","MIRAE_ASSET_MF","","","",0,0,0,0,0,0,0,0,"SOURCE_UNAVAILABLE"
"147203","Mirae Asset Focused Fund - Regular Plan - Growth","MIRAE_ASSET_MF","","","",0,0,0,0,0,0,0,0,"SOURCE_UNAVAILABLE"
"150594","Mirae Asset Global Electric & Autonomous Vehicles Equity Passive FOF - Regular Plan - Growth","MIRAE_ASSET_MF","","","",0,0,0,0,0,0,0,0,"SOURCE_UNAVAILABLE"
"150596","Mirae Asset Global X Artificial Intelligence & Technology ETF Fund of Fund - Regular Plan - Growth","MIRAE_ASSET_MF","","","",0,0,0,0,0,0,0,0,"SOURCE_UNAVAILABLE"
"153009","Mirae Asset Gold ETF Fund of Fund - Regular Plan - Growth","MIRAE_ASSET_MF","","","",0,0,0,0,0,0,0,0,"SOURCE_UNAVAILABLE"
"153814","Mirae Asset Gold Silver Passive FoF - Regular Plan - Growth","MIRAE_ASSET_MF","","","",0,0,0,0,0,0,0,0,"SOURCE_UNAVAILABLE"
"114931","Mirae Asset Great Consumer Fund - Regular Plan - Growth","MIRAE_ASSET_MF","","","",0,0,0,0,0,0,0,0,"SOURCE_UNAVAILABLE"
"149380","Mirae Asset Hang Seng TECH ETF Fund of Fund - Regular Plan - Growth","MIRAE_ASSET_MF","","","",0,0,0,0,0,0,0,0,"SOURCE_UNAVAILABLE"
"143785","Mirae Asset Healthcare Fund - Regular Plan - Growth","MIRAE_ASSET_MF","","","",0,0,0,0,0,0,0,0,"SOURCE_UNAVAILABLE"
"153640","Mirae Asset Income plus Arbitrage Active FOF - Regular Plan - Growth","MIRAE_ASSET_MF","","","",0,0,0,0,0,0,0,0,"SOURCE_UNAVAILABLE"
"153985","Mirae Asset Infrastructure Fund - Regular Plan - Growth","MIRAE_ASSET_MF","","","",0,0,0,0,0,0,0,0,"SOURCE_UNAVAILABLE"
"112932","Mirae Asset Large & Midcap Fund - Regular Plan - Growth","MIRAE_ASSET_MF","","","",0,0,0,0,0,0,0,0,"SOURCE_UNAVAILABLE"
"107578","Mirae Asset Large Cap Fund - Regular Plan - Growth","MIRAE_ASSET_MF","","","",0,0,0,0,0,0,0,0,"SOURCE_UNAVAILABLE"
"111646","Mirae Asset Liquid Fund - Regular Plan - Growth","MIRAE_ASSET_MF","","","",0,0,0,0,0,0,0,0,"SOURCE_UNAVAILABLE"
"153107","Mirae Asset Long Term Fund - Regular Plan - Growth","MIRAE_ASSET_MF","","","",0,0,0,0,0,0,0,0,"SOURCE_UNAVAILABLE"
"147479","Mirae Asset Midcap Fund - Regular Plan - Growth","MIRAE_ASSET_MF","","","",0,0,0,0,0,0,0,0,"SOURCE_UNAVAILABLE"
"149115","Mirae Asset Money Market Fund - Regular Plan - Growth","MIRAE_ASSET_MF","","","",0,0,0,0,0,0,0,0,"SOURCE_UNAVAILABLE"
"152347","Mirae Asset Multi Asset Allocation Fund - Regular Plan - Growth","MIRAE_ASSET_MF","","","",0,0,0,0,0,0,0,0,"SOURCE_UNAVAILABLE"
"153818","Mirae Asset Multi Factor Passive FOF - Regular Plan - Growth","MIRAE_ASSET_MF","","","",0,0,0,0,0,0,0,0,"SOURCE_UNAVAILABLE"
"151812","Mirae Asset Multicap Fund - Regular Plan - Growth","MIRAE_ASSET_MF","","","",0,0,0,0,0,0,0,0,"SOURCE_UNAVAILABLE"
"148929","Mirae Asset NYSE FANG + ETF Fund of Fund - Regular Plan - Growth","MIRAE_ASSET_MF","","","",0,0,0,0,0,0,0,0,"SOURCE_UNAVAILABLE"
"148576","Mirae Asset Nifty 100 ESG Sector Leaders Fund of Fund - Regular Plan - Growth","MIRAE_ASSET_MF","","","",0,0,0,0,0,0,0,0,"SOURCE_UNAVAILABLE"
"153045","Mirae Asset Nifty 1D Rate Liquid ETF - Regular Plan - Growth","MIRAE_ASSET_MF","","","",0,0,0,0,0,0,0,0,"SOURCE_UNAVAILABLE"
"152974","Mirae Asset Nifty 50 Index Fund - Regular Plan - Growth","MIRAE_ASSET_MF","","","",0,0,0,0,0,0,0,0,"SOURCE_UNAVAILABLE"
"149788","Mirae Asset Nifty India Manufacturing ETF Fund of Fund - Regular Plan - Growth","MIRAE_ASSET_MF","","","",0,0,0,0,0,0,0,0,"SOURCE_UNAVAILABLE"
"153194","Mirae Asset Nifty India New Age Consumption ETF Fund of Fund - Regular Plan - Growth","MIRAE_ASSET_MF","","","",0,0,0,0,0,0,0,0,"SOURCE_UNAVAILABLE"
"152978","Mirae Asset Nifty LargeMidcap 250 Index Fund - Regular Plan - Growth","MIRAE_ASSET_MF","","","",0,0,0,0,0,0,0,0,"SOURCE_UNAVAILABLE"
"154218","Mirae Asset Nifty Metal ETF FOF - Regular Plan - Growth","MIRAE_ASSET_MF","","","",0,0,0,0,0,0,0,0,"SOURCE_UNAVAILABLE"
"152647","Mirae Asset Nifty MidSmallcap400 Momentum Quality 100 ETF Fund of Fund - Regular Plan - Growth","MIRAE_ASSET_MF","","","",0,0,0,0,0,0,0,0,"SOURCE_UNAVAILABLE"
"150360","Mirae Asset Nifty SDL Jun 2027 Index Fund - Regular Plan - Growth","MIRAE_ASSET_MF","","","",0,0,0,0,0,0,0,0,"SOURCE_UNAVAILABLE"
"151694","Mirae Asset Nifty SDL June 2028 Index Fund - Regular Plan - Growth","MIRAE_ASSET_MF","","","",0,0,0,0,0,0,0,0,"SOURCE_UNAVAILABLE"
"152457","Mirae Asset Nifty Smallcap 250 Momentum Quality 100 ETF Fund of Fund - Regular Plan - Growth","MIRAE_ASSET_MF","","","",0,0,0,0,0,0,0,0,"SOURCE_UNAVAILABLE"
"152970","Mirae Asset Nifty Total Market Index Fund - Regular Plan - Growth","MIRAE_ASSET_MF","","","",0,0,0,0,0,0,0,0,"SOURCE_UNAVAILABLE"
"152720","Mirae Asset Nifty200 Alpha 30 ETF Fund of Fund - Regular Plan - Growth","MIRAE_ASSET_MF","","","",0,0,0,0,0,0,0,0,"SOURCE_UNAVAILABLE"
"154495","Mirae Asset Nifty200 Momentum 30 Plus 8-13yr G-Sec 75:25 Index Fund - Regular Plan - Growth","MIRAE_ASSET_MF","","","",0,0,0,0,0,0,0,0,"SOURCE_UNAVAILABLE"
"147739","Mirae Asset Overnight Fund - Regular Plan - Growth","MIRAE_ASSET_MF","","","",0,0,0,0,0,0,0,0,"SOURCE_UNAVAILABLE"
"149171","Mirae Asset S&P 500 Top 50 ETF Fund of Fund - Regular Plan - Growth","MIRAE_ASSET_MF","","","",0,0,0,0,0,0,0,0,"SOURCE_UNAVAILABLE"
"142642","Mirae Asset Short Term Fund - Regular Plan - Growth","MIRAE_ASSET_MF","","","",0,0,0,0,0,0,0,0,"SOURCE_UNAVAILABLE"
"154281","Mirae Asset Silver ETF FOF - Regular Plan - Growth","MIRAE_ASSET_MF","","","",0,0,0,0,0,0,0,0,"SOURCE_UNAVAILABLE"
"153198","Mirae Asset Small Cap Fund - Regular Plan - Growth","MIRAE_ASSET_MF","","","",0,0,0,0,0,0,0,0,"SOURCE_UNAVAILABLE"
"107705","Mirae Asset Ultra Short to Short Term Fund - Regular Plan - Growth","MIRAE_ASSET_MF","","","",0,0,0,0,0,0,0,0,"SOURCE_UNAVAILABLE"
"148530","Mirae Asset Ultra Short-Term Fund - Regular Plan - Growth","MIRAE_ASSET_MF","","","",0,0,0,0,0,0,0,0,"SOURCE_UNAVAILABLE"
"154711","Monarch Overnight Fund - Regular Plan - Growth","MONARCH_MF","","","",0,0,0,0,0,0,0,0,"SOURCE_UNAVAILABLE"
"149241","Motilal Oswal 5 Year G-Sec Fund of Fund - Regular Plan - Growth","MOTILAL_OSWAL_MF","","","",0,0,0,0,0,0,0,0,"SOURCE_UNAVAILABLE"
"153365","Motilal Oswal Active Momentum Fund - Regular Plan - Growth","MOTILAL_OSWAL_MF","","","",0,0,0,0,0,0,0,0,"SOURCE_UNAVAILABLE"
"153188","Motilal Oswal Arbitrage Fund - Regular Plan - Growth","MOTILAL_OSWAL_MF","","","",0,0,0,0,0,0,0,0,"SOURCE_UNAVAILABLE"
"148749","Motilal Oswal Asset Allocation Fund of Fund- Conservative - Regular Plan - Growth","MOTILAL_OSWAL_MF","","","",0,0,0,0,0,0,0,0,"SOURCE_UNAVAILABLE"
"153597","Motilal Oswal BSE 1000 Index Fund - Regular Plan - Growth","MOTILAL_OSWAL_MF","","","",0,0,0,0,0,0,0,0,"SOURCE_UNAVAILABLE"
"139870","Motilal Oswal Balanced Advantage Fund - Regular Plan - Growth","MOTILAL_OSWAL_MF","","","",0,0,0,0,0,0,0,0,"SOURCE_UNAVAILABLE"
"153916","Motilal Oswal Consumption Fund - Regular Plan - Growth","MOTILAL_OSWAL_MF","","","",0,0,0,0,0,0,0,0,"SOURCE_UNAVAILABLE"
"154338","Motilal Oswal Contra Fund - Regular Plan - Growth","MOTILAL_OSWAL_MF","","","",0,0,0,0,0,0,0,0,"SOURCE_UNAVAILABLE"
"152091","Motilal Oswal Developed Market Ex US ETFs Overseas Equity Passive FOF - Regular Plan - Growth","MOTILAL_OSWAL_MF","","","",0,0,0,0,0,0,0,0,"SOURCE_UNAVAILABLE"
"152967","Motilal Oswal Digital India Fund - Regular Plan - Growth","MOTILAL_OSWAL_MF","","","",0,0,0,0,0,0,0,0,"SOURCE_UNAVAILABLE"
"152966","Motilal Oswal Digital India Fund - Regular Plan - Growth","MOTILAL_OSWAL_MF","","","",0,0,0,0,0,0,0,0,"SOURCE_UNAVAILABLE"
"154113","Motilal Oswal Diversified Equity Flexicap Passive Fund of Funds - Regular Plan - Growth","MOTILAL_OSWAL_MF","","","",0,0,0,0,0,0,0,0,"SOURCE_UNAVAILABLE"
"133385","Motilal Oswal ELSS Tax Saver Fund - Regular Plan - Growth","MOTILAL_OSWAL_MF","","","",0,0,0,0,0,0,0,0,"SOURCE_UNAVAILABLE"
"154137","Motilal Oswal Financial Services Fund - Regular Plan - Growth","MOTILAL_OSWAL_MF","","","",0,0,0,0,0,0,0,0,"SOURCE_UNAVAILABLE"
"129048","Motilal Oswal Flexi Cap Fund - Regular Plan - Growth","MOTILAL_OSWAL_MF","","","",0,0,0,0,0,0,0,0,"SOURCE_UNAVAILABLE"
"122387","Motilal Oswal Focused Fund - Regular Plan - Growth","MOTILAL_OSWAL_MF","","","",0,0,0,0,0,0,0,0,"SOURCE_UNAVAILABLE"
"150641","Motilal Oswal Gold and Silver Passive Fund of Funds - Regular Plan - Growth","MOTILAL_OSWAL_MF","","","",0,0,0,0,0,0,0,0,"SOURCE_UNAVAILABLE"
"153482","Motilal Oswal Infrastructure Fund - Regular Plan - Growth","MOTILAL_OSWAL_MF","","","",0,0,0,0,0,0,0,0,"SOURCE_UNAVAILABLE"
"153256","Motilal Oswal Innovation Opportunities Fund - Regular Plan - Growth","MOTILAL_OSWAL_MF","","","",0,0,0,0,0,0,0,0,"SOURCE_UNAVAILABLE"
"147701","Motilal Oswal Large and Midcap Fund - Regular Plan - Growth","MOTILAL_OSWAL_MF","","","",0,0,0,0,0,0,0,0,"SOURCE_UNAVAILABLE"
"147795","Motilal Oswal Nifty 50 Index Fund - Regular Plan - Growth","MOTILAL_OSWAL_MF","","","",0,0,0,0,0,0,0,0,"SOURCE_UNAVAILABLE"
"147626","Motilal Oswal Nifty 500 Index Fund - Regular Plan - Growth","MOTILAL_OSWAL_MF","","","",0,0,0,0,0,0,0,0,"SOURCE_UNAVAILABLE"
"152876","Motilal Oswal Nifty 500 Momentum 50 Index Fund - Regular Plan - Growth","MOTILAL_OSWAL_MF","","","",0,0,0,0,0,0,0,0,"SOURCE_UNAVAILABLE"
"147619","Motilal Oswal Nifty Bank Index Fund - Regular Plan - Growth","MOTILAL_OSWAL_MF","","","",0,0,0,0,0,0,0,0,"SOURCE_UNAVAILABLE"
"153137","Motilal Oswal Nifty Capital Market Index Fund - Regular Plan - Growth","MOTILAL_OSWAL_MF","","","",0,0,0,0,0,0,0,0,"SOURCE_UNAVAILABLE"
"152711","Motilal Oswal Nifty India Defence Index Fund - Regular Plan - Growth","MOTILAL_OSWAL_MF","","","",0,0,0,0,0,0,0,0,"SOURCE_UNAVAILABLE"
"151815","Motilal Oswal Nifty Microcap 250 Index Fund - Regular Plan - Growth","MOTILAL_OSWAL_MF","","","",0,0,0,0,0,0,0,0,"SOURCE_UNAVAILABLE"
"153026","Motilal Oswal Nifty MidSmall Financial Services Index Fund - Regular Plan - Growth","MOTILAL_OSWAL_MF","","","",0,0,0,0,0,0,0,0,"SOURCE_UNAVAILABLE"
"153022","Motilal Oswal Nifty MidSmall Healthcare Index Fund - Regular Plan - Growth","MOTILAL_OSWAL_MF","","","",0,0,0,0,0,0,0,0,"SOURCE_UNAVAILABLE"
"153028","Motilal Oswal Nifty MidSmall IT and Telecom Index Fund - Regular Plan - Growth","MOTILAL_OSWAL_MF","","","",0,0,0,0,0,0,0,0,"SOURCE_UNAVAILABLE"
"153024","Motilal Oswal Nifty MidSmall India Consumption Index Fund - Regular Plan - Growth","MOTILAL_OSWAL_MF","","","",0,0,0,0,0,0,0,0,"SOURCE_UNAVAILABLE"
"147621","Motilal Oswal Nifty Midcap 150 Index Fund - Regular Plan - Growth","MOTILAL_OSWAL_MF","","","",0,0,0,0,0,0,0,0,"SOURCE_UNAVAILABLE"
"147797","Motilal Oswal Nifty Next 50 Index Fund - Regular Plan - Growth","MOTILAL_OSWAL_MF","","","",0,0,0,0,0,0,0,0,"SOURCE_UNAVAILABLE"
"147624","Motilal Oswal Nifty Smallcap 250 Index Fund - Regular Plan - GROWTH","MOTILAL_OSWAL_MF","","","",0,0,0,0,0,0,0,0,"SOURCE_UNAVAILABLE"
"154667","Motilal Oswal Quality Fund - Regular Plan - GROWTH","MOTILAL_OSWAL_MF","","","",0,0,0,0,0,0,0,0,"SOURCE_UNAVAILABLE"
"152692","Motilal Oswal Quant Fund - Regular Plan - GROWTH","MOTILAL_OSWAL_MF","","","",0,0,0,0,0,0,0,0,"SOURCE_UNAVAILABLE"
"148382","Motilal Oswal S&P 500 Index Fund - Regular Plan - GROWTH","MOTILAL_OSWAL_MF","","","",0,0,0,0,0,0,0,0,"SOURCE_UNAVAILABLE"
"153561","Motilal Oswal Services Fund - Regular Plan - GROWTH","MOTILAL_OSWAL_MF","","","",0,0,0,0,0,0,0,0,"SOURCE_UNAVAILABLE"
"152232","Motilal Oswal Small Cap Fund - Regular Plan - Growth","MOTILAL_OSWAL_MF","","","",0,0,0,0,0,0,0,0,"SOURCE_UNAVAILABLE"
"153751","Motilal Oswal Special Opportunities Fund - Regular Plan - Growth","MOTILAL_OSWAL_MF","","","",0,0,0,0,0,0,0,0,"SOURCE_UNAVAILABLE"
"124233","Motilal Oswal Ultra Short Term Fund - Regular Plan - Growth","MOTILAL_OSWAL_MF","","","",0,0,0,0,0,0,0,0,"SOURCE_UNAVAILABLE"
"152061","NAVI BSE SENSEX INDEX FUND - Regular Plan - GROWTH","NAVI_MF","","","",0,0,0,0,0,0,0,0,"SOURCE_UNAVAILABLE"
"151472","NAVI ELSS TAX SAVER NIFTY50 INDEX FUND - Regular Plan - GROWTH","NAVI_MF","","","",0,0,0,0,0,0,0,0,"SOURCE_UNAVAILABLE"
"143162","Navi Aggressive Hybrid Fund - Regular Plan - Growth","NAVI_MF","","","",0,0,0,0,0,0,0,0,"SOURCE_UNAVAILABLE"
"143787","Navi Flexi Cap Fund - Regular Plan - Growth","NAVI_MF","","","",0,0,0,0,0,0,0,0,"SOURCE_UNAVAILABLE"
"135678","Navi Large & Midcap Fund - Regular Plan - Growth","NAVI_MF","","","",0,0,0,0,0,0,0,0,"SOURCE_UNAVAILABLE"
"112636","Navi Liquid Fund - Regular Plan - Growth Option","NAVI_MF","","","",0,0,0,0,0,0,0,0,"SOURCE_UNAVAILABLE"
"149040","Navi Nifty 50 Index Fund - Regular Plan - Growth","NAVI_MF","","","",0,0,0,0,0,0,0,0,"SOURCE_UNAVAILABLE"
"152750","Navi Nifty 500 Multicap 50:25:25 Index Fund - Regular Plan - Growth","NAVI_MF","","","",0,0,0,0,0,0,0,0,"SOURCE_UNAVAILABLE"
"149805","Navi Nifty Bank Index Fund - Regular Plan - Growth","NAVI_MF","","","",0,0,0,0,0,0,0,0,"SOURCE_UNAVAILABLE"
"150516","Navi Nifty India Manufacturing Index Fund - Regular Plan - Growth","NAVI_MF","","","",0,0,0,0,0,0,0,0,"SOURCE_UNAVAILABLE"
"154026","Navi Nifty Midsmallcap 400 Index Fund - Regular Plan - Growth","NAVI_MF","","","",0,0,0,0,0,0,0,0,"SOURCE_UNAVAILABLE"
"149448","Navi Nifty Next 50 Index Fund - Regular Plan - Growth","NAVI_MF","","","",0,0,0,0,0,0,0,0,"SOURCE_UNAVAILABLE"
"154703","Navi Nifty Reits & Realty Index fund - Regular Plan - Growth","NAVI_MF","","","",0,0,0,0,0,0,0,0,"SOURCE_UNAVAILABLE"
"153363","Navi Nifty Smallcap250 Momentum Quality 100 Index Fund - Regular Plan - Growth","NAVI_MF","","","",0,0,0,0,0,0,0,0,"SOURCE_UNAVAILABLE"
"152536","Navi NiftyIT Index Fund - Regular Plan - Growth","NAVI_MF","","","",0,0,0,0,0,0,0,0,"SOURCE_UNAVAILABLE"
"153276","Nippon India Active Momentum Fund - Regular Plan - Growth Option","NIPPON_INDIA_MF","","","",0,0,0,0,0,0,0,0,"SOURCE_UNAVAILABLE"
"147685","Nippon India Aggressive Hybrid Fund (Existing Number of Segregated Portfolios - 2) - Regular Plan - Growth Option","NIPPON_INDIA_MF","","","",0,0,0,0,0,0,0,0,"SOURCE_UNAVAILABLE"
"112936","Nippon India Aggressive Hybrid Fund (Existing Number of Segregated Portfolios - 2) - Regular Plan - Growth Option","NIPPON_INDIA_MF","","","",0,0,0,0,0,0,0,0,"SOURCE_UNAVAILABLE"
"113345","Nippon India Arbitrage Fund - Regular Plan - Growth Option","NIPPON_INDIA_MF","","","",0,0,0,0,0,0,0,0,"SOURCE_UNAVAILABLE"
"153566","Nippon India BSE Sensex Next 30 Index Fund - Regular Plan - Growth Option","NIPPON_INDIA_MF","","","",0,0,0,0,0,0,0,0,"SOURCE_UNAVAILABLE"
"102846","Nippon India Balanced Advantage Fund - Regular Plan - Growth Option","NIPPON_INDIA_MF","","","",0,0,0,0,0,0,0,0,"SOURCE_UNAVAILABLE"
"101862","Nippon India Banking & Financial Services Fund - Regular Plan - Growth Option","NIPPON_INDIA_MF","","","",0,0,0,0,0,0,0,0,"SOURCE_UNAVAILABLE"
"134545","Nippon India Banking and PSU Debt Fund - Regular Plan - Growth Option","NIPPON_INDIA_MF","","","",0,0,0,0,0,0,0,0,"SOURCE_UNAVAILABLE"
"152994","Nippon India CRISIL - IBX AAA Financial Services - Dec 2026 Index Fund - Regular Plan - Growth Option","NIPPON_INDIA_MF","","","",0,0,0,0,0,0,0,0,"SOURCE_UNAVAILABLE"
"152998","Nippon India CRISIL - IBX AAA Financial Services - Jan 2028 Index Fund - Regular Plan - Growth Option","NIPPON_INDIA_MF","","","",0,0,0,0,0,0,0,0,"SOURCE_UNAVAILABLE"
"154274","Nippon India CRISIL-IBX Financial Services 3-6 Months Debt Index Fund - Regular Plan - Growth Option","NIPPON_INDIA_MF","","","",0,0,0,0,0,0,0,0,"SOURCE_UNAVAILABLE"
"154255","Nippon India CRISIL-IBX Financial Services 9-12 Months Debt Index Fund - Regular Plan - Growth Option","NIPPON_INDIA_MF","","","",0,0,0,0,0,0,0,0,"SOURCE_UNAVAILABLE"
"102172","Nippon India Conservative Hybrid Fund (Existing number of Segregated Portfolios - 1) - Regular Plan - Growth Option","NIPPON_INDIA_MF","","","",0,0,0,0,0,0,0,0,"SOURCE_UNAVAILABLE"
"148141","Nippon India Conservative Hybrid Fund (Existing number of Segregated Portfolios - 1) - Regular Plan - Growth Option","NIPPON_INDIA_MF","","","",0,0,0,0,0,0,0,0,"SOURCE_UNAVAILABLE"
"102751","Nippon India Consumption Fund - Regular Plan - Growth Option","NIPPON_INDIA_MF","","","",0,0,0,0,0,0,0,0,"SOURCE_UNAVAILABLE"
"100856","Nippon India Corporate Bond Fund - Regular Plan - Growth Option","NIPPON_INDIA_MF","","","",0,0,0,0,0,0,0,0,"SOURCE_UNAVAILABLE"
"148094","Nippon India Credit Risk Fund (Existing Number of Segregated Portfolios - 1) - Regular Plan - Growth Option","NIPPON_INDIA_MF","","","",0,0,0,0,0,0,0,0,"SOURCE_UNAVAILABLE"
"112938","Nippon India Credit Risk Fund (Existing Number of Segregated Portfolios - 1) - Regular Plan - Growth option","NIPPON_INDIA_MF","","","",0,0,0,0,0,0,0,0,"SOURCE_UNAVAILABLE"
"148641","Nippon India Diversified Equity Flexicap Passive FoF - Regular Plan - Growth Option","NIPPON_INDIA_MF","","","",0,0,0,0,0,0,0,0,"SOURCE_UNAVAILABLE"
"139335","Nippon India Dual Advantage Fixed Tenure Fund IX- Plan D - Regular Plan - Growth Option","NIPPON_INDIA_MF","","","",0,0,0,0,0,0,0,0,"SOURCE_UNAVAILABLE"
"139569","Nippon India Dual Advantage Fixed Tenure Fund IX- Plan E - Regular Plan - Growth Option","NIPPON_INDIA_MF","","","",0,0,0,0,0,0,0,0,"SOURCE_UNAVAILABLE"
"139598","Nippon India Dual Advantage Fixed Tenure Fund IX- Plan F - Regular Plan - Growth Option","NIPPON_INDIA_MF","","","",0,0,0,0,0,0,0,0,"SOURCE_UNAVAILABLE"
"140056","Nippon India Dual Advantage Fixed Tenure Fund X- Plan A - Regular Plan - Growth Option","NIPPON_INDIA_MF","","","",0,0,0,0,0,0,0,0,"SOURCE_UNAVAILABLE"
"140148","Nippon India Dual Advantage Fixed Tenure Fund X- Plan B - Regular Plan - Growth Option","NIPPON_INDIA_MF","","","",0,0,0,0,0,0,0,0,"SOURCE_UNAVAILABLE"
"140407","Nippon India Dual Advantage Fixed Tenure Fund X- Plan C - Regular Plan - Growth Option","NIPPON_INDIA_MF","","","",0,0,0,0,0,0,0,0,"SOURCE_UNAVAILABLE"
"140429","Nippon India Dual Advantage Fixed Tenure Fund X- Plan D - Regular Plan - Growth Option","NIPPON_INDIA_MF","","","",0,0,0,0,0,0,0,0,"SOURCE_UNAVAILABLE"
"140440","Nippon India Dual Advantage Fixed Tenure Fund X- Plan E - Regular Plan - Growth Option","NIPPON_INDIA_MF","","","",0,0,0,0,0,0,0,0,"SOURCE_UNAVAILABLE"
"140516","Nippon India Dual Advantage Fixed Tenure Fund X- Plan F - Regular Plan - Growth Option","NIPPON_INDIA_MF","","","",0,0,0,0,0,0,0,0,"SOURCE_UNAVAILABLE"
"141155","Nippon India Dual Advantage Fixed Tenure Fund XI- Plan A - Regular Plan - Growth Option","NIPPON_INDIA_MF","","","",0,0,0,0,0,0,0,0,"SOURCE_UNAVAILABLE"
"141416","Nippon India Dual Advantage Fixed Tenure Fund- XI- Plan B - Regular Plan - Growth Option","NIPPON_INDIA_MF","","","",0,0,0,0,0,0,0,0,"SOURCE_UNAVAILABLE"
"141584","Nippon India Dual Advantege Fixed Tenure Fund XI- Plan C - Regular Plan - Growth Option","NIPPON_INDIA_MF","","","",0,0,0,0,0,0,0,0,"SOURCE_UNAVAILABLE"
"141692","Nippon India Dual Advantege Fixed Tenure Fund XI- Plan D - Regular Plan - Growth Option","NIPPON_INDIA_MF","","","",0,0,0,0,0,0,0,0,"SOURCE_UNAVAILABLE"
"141799","Nippon India Dual Advantege Fixed Tenure Fund XI- Plan E - Regular Plan - Growth Option","NIPPON_INDIA_MF","","","",0,0,0,0,0,0,0,0,"SOURCE_UNAVAILABLE"
"142103","Nippon India Dual Advantege Fixed Tenure Fund XII- Plan A - Regular Plan - Growth Option","NIPPON_INDIA_MF","","","",0,0,0,0,0,0,0,0,"SOURCE_UNAVAILABLE"
"102849","Nippon India Dynamic Term Fund - Regular Plan - Growth Option","NIPPON_INDIA_MF","","","",0,0,0,0,0,0,0,0,"SOURCE_UNAVAILABLE"
"103196","Nippon India ELSS Tax Saver Fund - Regular Plan - Growth Option","NIPPON_INDIA_MF","","","",0,0,0,0,0,0,0,0,"SOURCE_UNAVAILABLE"
"134593","Nippon India Equity Savings Fund (Existing number of Segregated Portfolios - 2) - Regular Plan - Growth Option","NIPPON_INDIA_MF","","","",0,0,0,0,0,0,0,0,"SOURCE_UNAVAILABLE"
"147700","Nippon India Equity Savings Fund (Existing number of Segregated Portfolios - 2) - Regular Plan - Growth Option","NIPPON_INDIA_MF","","","",0,0,0,0,0,0,0,0,"SOURCE_UNAVAILABLE"
"146673","Nippon India Fixed Horizon Fund - XLI - Series 1 - Regular Plan - Growth Option","NIPPON_INDIA_MF","","","",0,0,0,0,0,0,0,0,"SOURCE_UNAVAILABLE"
"147351","Nippon India Fixed Horizon Fund - XLI - Series 10 - Regular Plan - Growth Option","NIPPON_INDIA_MF","","","",0,0,0,0,0,0,0,0,"SOURCE_UNAVAILABLE"
"147357","Nippon India Fixed Horizon Fund - XLI - Series 11 - Regular Plan - Growth Option","NIPPON_INDIA_MF","","","",0,0,0,0,0,0,0,0,"SOURCE_UNAVAILABLE"
"147462","Nippon India Fixed Horizon Fund - XLI - Series 12 - Regular Plan - Growth Option","NIPPON_INDIA_MF","","","",0,0,0,0,0,0,0,0,"SOURCE_UNAVAILABLE"
"147097","Nippon India Fixed Maturity Plan - XLI - Series 8 - Regular Plan - Growth Option","NIPPON_INDIA_MF","","","",0,0,0,0,0,0,0,0,"SOURCE_UNAVAILABLE"
"149915","Nippon India Fixed Maturity Plan - XLIII - Series 5 - Regular Plan - Growth Option","NIPPON_INDIA_MF","","","",0,0,0,0,0,0,0,0,"SOURCE_UNAVAILABLE"
"150629","Nippon India Fixed Maturity Plan - XLIV - Series 1 - Regular Plan - Growth Option","NIPPON_INDIA_MF","","","",0,0,0,0,0,0,0,0,"SOURCE_UNAVAILABLE"
"151710","Nippon India Fixed Maturity Plan - XLV - Series 5 - Regular Plan - Growth Option","NIPPON_INDIA_MF","","","",0,0,0,0,0,0,0,0,"SOURCE_UNAVAILABLE"
"149089","Nippon India Flexi Cap Fund - Regular Plan - Growth Option","NIPPON_INDIA_MF","","","",0,0,0,0,0,0,0,0,"SOURCE_UNAVAILABLE"
"102673","Nippon India Floating Interest Rates Fund - Regular Plan - Growth Option","NIPPON_INDIA_MF","","","",0,0,0,0,0,0,0,0,"SOURCE_UNAVAILABLE"
"104637","Nippon India Focused Fund - Regular Plan - Growth Option","NIPPON_INDIA_MF","","","",0,0,0,0,0,0,0,0,"SOURCE_UNAVAILABLE"
"109720","Nippon India Gilt Fund - Regular Plan - Growth Option","NIPPON_INDIA_MF","","","",0,0,0,0,0,0,0,0,"SOURCE_UNAVAILABLE"
"114616","Nippon India Gold Savings Fund - Regular Plan - Growth Option","NIPPON_INDIA_MF","","","",0,0,0,0,0,0,0,0,"SOURCE_UNAVAILABLE"
"100377","Nippon India Growth Mid Cap Fund - Regular Plan - Growth Option","NIPPON_INDIA_MF","","","",0,0,0,0,0,0,0,0,"SOURCE_UNAVAILABLE"
"153601","Nippon India Income Plus Arbitrage Active Fund of Fund - Regular Plan - Growth Option","NIPPON_INDIA_MF","","","",0,0,0,0,0,0,0,0,"SOURCE_UNAVAILABLE"
"154649","Nippon India Income Plus Arbitrage Omni Fund of Fund - Regular Plan - Growth Option","NIPPON_INDIA_MF","","","",0,0,0,0,0,0,0,0,"SOURCE_UNAVAILABLE"
"113269","Nippon India Index Fund - BSE Sensex Plan - Regular Plan - Growth Option","NIPPON_INDIA_MF","","","",0,0,0,0,0,0,0,0,"SOURCE_UNAVAILABLE"
"113296","Nippon India Index Fund - Nifty 50 Plan - Regular Plan - Growth Option","NIPPON_INDIA_MF","","","",0,0,0,0,0,0,0,0,"SOURCE_UNAVAILABLE"
"152034","Nippon India Innovation Fund - Regular Plan - Growth Option","NIPPON_INDIA_MF","","","",0,0,0,0,0,0,0,0,"SOURCE_UNAVAILABLE"
"105689","Nippon India Interval Fund-Quarterly Interval Fund Serie-II - Regular Plan - Growth Option","NIPPON_INDIA_MF","","","",0,0,0,0,0,0,0,0,"SOURCE_UNAVAILABLE"
"130863","Nippon India Japan Equity Fund - Regular Plan - Growth Option","NIPPON_INDIA_MF","","","",0,0,0,0,0,0,0,0,"SOURCE_UNAVAILABLE"
"106235","Nippon India Large Cap Fund - Regular Plan - Growth Option","NIPPON_INDIA_MF","","","",0,0,0,0,0,0,0,0,"SOURCE_UNAVAILABLE"
"100851","Nippon India Liquid Fund - Regular Plan - Growth Option","NIPPON_INDIA_MF","","","",0,0,0,0,0,0,0,0,"SOURCE_UNAVAILABLE"
"100837","Nippon India Liquid Fund - Regular Plan - Retail Plan - Growth Option","NIPPON_INDIA_MF","","","",0,0,0,0,0,0,0,0,"SOURCE_UNAVAILABLE"
"153691","Nippon India MNC Fund - Regular Plan - Growth Option","NIPPON_INDIA_MF","","","",0,0,0,0,0,0,0,0,"SOURCE_UNAVAILABLE"
"148083","Nippon India Medium Term Fund (Existing Number of Segregated Portfolios - 1) - Regular Plan - Growth Option","NIPPON_INDIA_MF","","","",0,0,0,0,0,0,0,0,"SOURCE_UNAVAILABLE"
"130037","Nippon India Medium Term Fund (Existing Number of Segregated Portfolios - 1) - Regular Plan - Growth Option","NIPPON_INDIA_MF","","","",0,0,0,0,0,0,0,0,"SOURCE_UNAVAILABLE"
"100387","Nippon India Medium to Long Term Fund - Regular Plan - Growth Option","NIPPON_INDIA_MF","","","",0,0,0,0,0,0,0,0,"SOURCE_UNAVAILABLE"
"103048","Nippon India Money Market Fund - Regular Plan - Growth Option","NIPPON_INDIA_MF","","","",0,0,0,0,0,0,0,0,"SOURCE_UNAVAILABLE"
"148663","Nippon India Multi - Asset Omni FoF - Regular Plan - Growth Option","NIPPON_INDIA_MF","","","",0,0,0,0,0,0,0,0,"SOURCE_UNAVAILABLE"
"148459","Nippon India Multi Asset Allocation Fund - Regular Plan - Growth Option","NIPPON_INDIA_MF","","","",0,0,0,0,0,0,0,0,"SOURCE_UNAVAILABLE"
"101161","Nippon India Multi Cap Fund - Regular Plan - Growth Option","NIPPON_INDIA_MF","","","",0,0,0,0,0,0,0,0,"SOURCE_UNAVAILABLE"
"148719","Nippon India Nifty 50 Value 20 Index Fund - Regular Plan - Growth Option","NIPPON_INDIA_MF","","","",0,0,0,0,0,0,0,0,"SOURCE_UNAVAILABLE"
"152840","Nippon India Nifty 500 Equal Weight Index Fund - Regular Plan - Growth Option","NIPPON_INDIA_MF","","","",0,0,0,0,0,0,0,0,"SOURCE_UNAVAILABLE"
"153475","Nippon India Nifty 500 Low Volatility 50 Index Fund - Regular Plan - Growth Option","NIPPON_INDIA_MF","","","",0,0,0,0,0,0,0,0,"SOURCE_UNAVAILABLE"
"152883","Nippon India Nifty 500 Momentum 50 Index Fund - Regular Plan - Growth Option","NIPPON_INDIA_MF","","","",0,0,0,0,0,0,0,0,"SOURCE_UNAVAILABLE"
"153472","Nippon India Nifty 500 Quality 50 Index Fund - Regular Plan - Growth Option","NIPPON_INDIA_MF","","","",0,0,0,0,0,0,0,0,"SOURCE_UNAVAILABLE"
"150011","Nippon India Nifty AAA CPSE Bond Plus SDL - Apr 2027 Maturity 60:40 Index Fund - Regular Plan - Growth Option","NIPPON_INDIA_MF","","","",0,0,0,0,0,0,0,0,"SOURCE_UNAVAILABLE"
"150752","Nippon India Nifty AAA PSU Bond Plus SDL - Sep 2026 Maturity 50:50 Index Fund - Regular Plan - Growth Option","NIPPON_INDIA_MF","","","",0,0,0,0,0,0,0,0,"SOURCE_UNAVAILABLE"
"150490","Nippon India Nifty Alpha Low Volatility 30 Index Fund - Regular Plan - Growth Option","NIPPON_INDIA_MF","","","",0,0,0,0,0,0,0,0,"SOURCE_UNAVAILABLE"
"153066","Nippon India Nifty Auto Index Fund - Regular Plan - Growth Option","NIPPON_INDIA_MF","","","",0,0,0,0,0,0,0,0,"SOURCE_UNAVAILABLE"
"152387","Nippon India Nifty Bank Index Fund - Regular Plan - Growth Option","NIPPON_INDIA_MF","","","",0,0,0,0,0,0,0,0,"SOURCE_UNAVAILABLE"
"150923","Nippon India Nifty G-Sec Jun 2036 Maturity Index Fund - Regular Plan - Growth Option","NIPPON_INDIA_MF","","","",0,0,0,0,0,0,0,0,"SOURCE_UNAVAILABLE"
"151439","Nippon India Nifty G-Sec Oct 2028 Maturity Index Fund - Regular Plan - Growth Option","NIPPON_INDIA_MF","","","",0,0,0,0,0,0,0,0,"SOURCE_UNAVAILABLE"
"150904","Nippon India Nifty G-Sec Sep 2027 Maturity Index Fund - Regular Plan - Growth Option","NIPPON_INDIA_MF","","","",0,0,0,0,0,0,0,0,"SOURCE_UNAVAILABLE"
"152391","Nippon India Nifty IT Index Fund - Regular Plan - Growth Option","NIPPON_INDIA_MF","","","",0,0,0,0,0,0,0,0,"SOURCE_UNAVAILABLE"
"153809","Nippon India Nifty India Manufacturing Index Fund - Regular Plan - Growth Option","NIPPON_INDIA_MF","","","",0,0,0,0,0,0,0,0,"SOURCE_UNAVAILABLE"
"148723","Nippon India Nifty Midcap 150 Index Fund - Regular Plan - Growth Option","NIPPON_INDIA_MF","","","",0,0,0,0,0,0,0,0,"SOURCE_UNAVAILABLE"
"146514","Nippon India Nifty Next 50 Junior BeES FoF - Regular Plan - Growth Option","NIPPON_INDIA_MF","","","",0,0,0,0,0,0,0,0,"SOURCE_UNAVAILABLE"
"153061","Nippon India Nifty Realty Index Fund - Regular Plan - Growth Option","NIPPON_INDIA_MF","","","",0,0,0,0,0,0,0,0,"SOURCE_UNAVAILABLE"
"150825","Nippon India Nifty SDL Plus G-Sec - Jun 2028 Maturity 70:30 Index Fund - Regular Plan - Growth Option","NIPPON_INDIA_MF","","","",0,0,0,0,0,0,0,0,"SOURCE_UNAVAILABLE"
"151392","Nippon India Nifty SDL Plus G-Sec - Jun 2029 Maturity 70:30 Index Fund - Regular Plan - Growth Option","NIPPON_INDIA_MF","","","",0,0,0,0,0,0,0,0,"SOURCE_UNAVAILABLE"
"148518","Nippon India Nifty Smallcap 250 Index Fund - Regular Plan - Growth Option","NIPPON_INDIA_MF","","","",0,0,0,0,0,0,0,0,"SOURCE_UNAVAILABLE"
"143702","Nippon India Nivesh Lakshya Long Term Fund - Regular Plan - Growth Option","NIPPON_INDIA_MF","","","",0,0,0,0,0,0,0,0,"SOURCE_UNAVAILABLE"
"145811","Nippon India Overnight Fund - Regular Plan - Growth Option","NIPPON_INDIA_MF","","","",0,0,0,0,0,0,0,0,"SOURCE_UNAVAILABLE"
"102431","Nippon India Pharma Fund - Regular Plan - Growth Option","NIPPON_INDIA_MF","","","",0,0,0,0,0,0,0,0,"SOURCE_UNAVAILABLE"
"101262","Nippon India Power & Infra Fund - Regular Plan - Growth Option","NIPPON_INDIA_MF","","","",0,0,0,0,0,0,0,0,"SOURCE_UNAVAILABLE"
"108249","Nippon India Quant Fund - Regular Plan - Growth Option","NIPPON_INDIA_MF","","","",0,0,0,0,0,0,0,0,"SOURCE_UNAVAILABLE"
"133572","Nippon India Retirement Fund- Income Generation Scheme - Regular Plan - Growth Option","NIPPON_INDIA_MF","","","",0,0,0,0,0,0,0,0,"SOURCE_UNAVAILABLE"
"133565","Nippon India Retirement Fund- Wealth Creation Scheme - Regular Plan - Growth Option","NIPPON_INDIA_MF","","","",0,0,0,0,0,0,0,0,"SOURCE_UNAVAILABLE"
"101665","Nippon India Short Term Fund - Regular Plan - Growth Option","NIPPON_INDIA_MF","","","",0,0,0,0,0,0,0,0,"SOURCE_UNAVAILABLE"
"149759","Nippon India Silver ETF FOF - Regular Plan - Growth Option","NIPPON_INDIA_MF","","","",0,0,0,0,0,0,0,0,"SOURCE_UNAVAILABLE"
"149328","Nippon India Taiwan Equity Fund - Regular Plan - Growth Option","NIPPON_INDIA_MF","","","",0,0,0,0,0,0,0,0,"SOURCE_UNAVAILABLE"
"134922","Nippon India US Equity Opportunities Fund - Regular Plan - Growth Option","NIPPON_INDIA_MF","","","",0,0,0,0,0,0,0,0,"SOURCE_UNAVAILABLE"
"143493","Nippon India Ultra Short Term Fund - Regular Plan - Growth Option","NIPPON_INDIA_MF","","","",0,0,0,0,0,0,0,0,"SOURCE_UNAVAILABLE"
"111753","Nippon India Ultra Short to Short Term Fund - Regular Plan - Growth Option","NIPPON_INDIA_MF","","","",0,0,0,0,0,0,0,0,"SOURCE_UNAVAILABLE"
"111748","Nippon India Ultra Short to Short Term Fund - Regular Plan - Retail Plan - Growth Option","NIPPON_INDIA_MF","","","",0,0,0,0,0,0,0,0,"SOURCE_UNAVAILABLE"
"103085","Nippon India Value Fund - Regular Plan - Growth Option","NIPPON_INDIA_MF","","","",0,0,0,0,0,0,0,0,"SOURCE_UNAVAILABLE"
"100380","Nippon India Vision Large & Mid Cap Fund - Regular Plan - GROWTH Option","NIPPON_INDIA_MF","","","",0,0,0,0,0,0,0,0,"SOURCE_UNAVAILABLE"
"124678","Reliance Interval Fund - II - Series 1 - Regular Plan - Growth Plan","NIPPON_INDIA_MF","","","",0,0,0,0,0,0,0,0,"SOURCE_UNAVAILABLE"
"124748","Reliance Interval Fund - II - Series 2 - Regular Plan - Growth Option","NIPPON_INDIA_MF","","","",0,0,0,0,0,0,0,0,"SOURCE_UNAVAILABLE"
"124752","Reliance Interval Fund - II - Series 3 - Regular Plan - Growth Option","NIPPON_INDIA_MF","","","",0,0,0,0,0,0,0,0,"SOURCE_UNAVAILABLE"
"124874","Reliance Interval Fund - II - Series 4 - Regular Plan - Growth Option","NIPPON_INDIA_MF","","","",0,0,0,0,0,0,0,0,"SOURCE_UNAVAILABLE"
"121699","Reliance Yearly Interval Fund - Series 5 - Regular Plan - Growth Option","NIPPON_INDIA_MF","","","",0,0,0,0,0,0,0,0,"SOURCE_UNAVAILABLE"
"122652","Reliance Yearly Interval Fund - Series 8 - Regular Plan - Growth Option","NIPPON_INDIA_MF","","","",0,0,0,0,0,0,0,0,"SOURCE_UNAVAILABLE"
"122729","Reliance Yearly Interval Fund - Series 9 - Regular Plan - Growth Option","NIPPON_INDIA_MF","","","",0,0,0,0,0,0,0,0,"SOURCE_UNAVAILABLE"
"113177","Nippon India Small Cap Fund - Regular Plan - Growth Option","NIPPON_MF","","","",0,0,0,0,0,0,0,0,"SOURCE_UNAVAILABLE"
"150366","NJ Arbitrage Fund - Regular Plan - Growth Option","NJ_MF","","","",0,0,0,0,0,0,0,0,"SOURCE_UNAVAILABLE"
"149266","NJ Balanced Advantage Fund - Regular Plan - Growth Option","NJ_MF","","","",0,0,0,0,0,0,0,0,"SOURCE_UNAVAILABLE"
"151609","NJ ELSS Tax Saver Fund - Regular Plan - Growth Option","NJ_MF","","","",0,0,0,0,0,0,0,0,"SOURCE_UNAVAILABLE"
"151920","NJ Flexi Cap Fund - Regular Plan - Growth Option","NJ_MF","","","",0,0,0,0,0,0,0,0,"SOURCE_UNAVAILABLE"
"154452","NJ Momentum Fund - Regular Plan - Growth Option","NJ_MF","","","",0,0,0,0,0,0,0,0,"SOURCE_UNAVAILABLE"
"150368","NJ Overnight Fund - Regular Plan - Growth Option","NJ_MF","","","",0,0,0,0,0,0,0,0,"SOURCE_UNAVAILABLE"
"154458","NJ Value Fund - Regular Plan - Growth Option","NJ_MF","","","",0,0,0,0,0,0,0,0,"SOURCE_UNAVAILABLE"
"153977","Old Bridge Arbitrage Fund - Regular Plan - Regular Growth","OLD_BRIDGE_MF","","","",0,0,0,0,0,0,0,0,"SOURCE_UNAVAILABLE"
"154226","Old Bridge Flexi Cap Fund - Regular Plan - Regular Growth","OLD_BRIDGE_MF","","","",0,0,0,0,0,0,0,0,"SOURCE_UNAVAILABLE"
"152361","Old Bridge Focused Fund - Regular Plan - Regular Growth","OLD_BRIDGE_MF","","","",0,0,0,0,0,0,0,0,"SOURCE_UNAVAILABLE"
"138382","PGIM India Aggressive Hybrid Equity Fund - Regular Plan - Regular Growth","PGIM_INDIA_MF","","","",0,0,0,0,0,0,0,0,"SOURCE_UNAVAILABLE"
"148657","PGIM India Balanced Advantage Fund - Regular Plan - Regular Growth","PGIM_INDIA_MF","","","",0,0,0,0,0,0,0,0,"SOURCE_UNAVAILABLE"
"151404","PGIM India CRISIL IBX Gilt Index - Apr 2028 Fund - Regular Plan - Regular Growth","PGIM_INDIA_MF","","","",0,0,0,0,0,0,0,0,"SOURCE_UNAVAILABLE"
"138318","PGIM India Corporate Bond Fund - Regular Plan - Regular Growth","PGIM_INDIA_MF","","","",0,0,0,0,0,0,0,0,"SOURCE_UNAVAILABLE"
"116485","PGIM India Dynamic Term Fund - Regular Plan - Regular Growth","PGIM_INDIA_MF","","","",0,0,0,0,0,0,0,0,"SOURCE_UNAVAILABLE"
"135598","PGIM India ELSS Tax Saver Fund - Regular Plan - Regular Growth","PGIM_INDIA_MF","","","",0,0,0,0,0,0,0,0,"SOURCE_UNAVAILABLE"
"138453","PGIM India Emerging Markets Equity Fund of Fund - Regular Plan - Regular Growth","PGIM_INDIA_MF","","","",0,0,0,0,0,0,0,0,"SOURCE_UNAVAILABLE"
"138372","PGIM India Equity Savings Fund - Regular Plan - Regular Growth","PGIM_INDIA_MF","","","",0,0,0,0,0,0,0,0,"SOURCE_UNAVAILABLE"
"133836","PGIM India Flexi Cap Fund - Regular Plan - Regular Growth","PGIM_INDIA_MF","","","",0,0,0,0,0,0,0,0,"SOURCE_UNAVAILABLE"
"138470","PGIM India Gilt Fund - Regular Plan - Regular Growth","PGIM_INDIA_MF","","","",0,0,0,0,0,0,0,0,"SOURCE_UNAVAILABLE"
"138523","PGIM India Global Equity Opportunities Fund of Fund - Regular Plan - Regular Growth","PGIM_INDIA_MF","","","",0,0,0,0,0,0,0,0,"SOURCE_UNAVAILABLE"
"149299","PGIM India Global Select Real Estate Securities Fund of Fund - Regular Plan - Regular Growth","PGIM_INDIA_MF","","","",0,0,0,0,0,0,0,0,"SOURCE_UNAVAILABLE"
"153040","PGIM India Healthcare Fund - Regular Plan - Regular Growth","PGIM_INDIA_MF","","","",0,0,0,0,0,0,0,0,"SOURCE_UNAVAILABLE"
"138308","PGIM India Large Cap Fund - Regular Plan - Regular Growth","PGIM_INDIA_MF","","","",0,0,0,0,0,0,0,0,"SOURCE_UNAVAILABLE"
"152383","PGIM India Large and Midcap Fund - Regular Plan - Regular Growth","PGIM_INDIA_MF","","","",0,0,0,0,0,0,0,0,"SOURCE_UNAVAILABLE"
"138288","PGIM India Liquid Fund - Regular Plan - Regular Growth","PGIM_INDIA_MF","","","",0,0,0,0,0,0,0,0,"SOURCE_UNAVAILABLE"
"125305","PGIM India Midcap Fund - Regular Plan - Regular Growth","PGIM_INDIA_MF","","","",0,0,0,0,0,0,0,0,"SOURCE_UNAVAILABLE"
"148159","PGIM India Money Market Fund - Regular Plan - Regular Growth","PGIM_INDIA_MF","","","",0,0,0,0,0,0,0,0,"SOURCE_UNAVAILABLE"
"153988","PGIM India Multi Asset Allocation Fund - Regular Plan - Regular Growth","PGIM_INDIA_MF","","","",0,0,0,0,0,0,0,0,"SOURCE_UNAVAILABLE"
"152816","PGIM India Multi Cap Fund - Regular Plan - Regular Growth","PGIM_INDIA_MF","","","",0,0,0,0,0,0,0,0,"SOURCE_UNAVAILABLE"
"147600","PGIM India Overnight Fund - Regular Plan - Regular Growth","PGIM_INDIA_MF","","","",0,0,0,0,0,0,0,0,"SOURCE_UNAVAILABLE"
"152538","PGIM India Retirement Fund - Regular Plan - Regular Growth","PGIM_INDIA_MF","","","",0,0,0,0,0,0,0,0,"SOURCE_UNAVAILABLE"
"149020","PGIM India Small Cap Fund - Regular Plan - Regular Growth","PGIM_INDIA_MF","","","",0,0,0,0,0,0,0,0,"SOURCE_UNAVAILABLE"
"138343","PGIM India Ultra Short Term Fund - Regular Plan - Regular Growth","PGIM_INDIA_MF","","","",0,0,0,0,0,0,0,0,"SOURCE_UNAVAILABLE"
"152110","Parag Parikh Arbitrage Fund - Regular Plan - Growth","PPFAS_MF","","","",0,0,0,0,0,0,0,0,"SOURCE_UNAVAILABLE"
"148959","Parag Parikh Conservative Hybrid Fund - Regular Plan - Growth","PPFAS_MF","","","",0,0,0,0,0,0,0,0,"SOURCE_UNAVAILABLE"
"152464","Parag Parikh Dynamic Asset Allocation Fund - Regular Plan - Growth","PPFAS_MF","","","",0,0,0,0,0,0,0,0,"SOURCE_UNAVAILABLE"
"147482","Parag Parikh ELSS Tax Saver Fund - Regular Plan - Growth","PPFAS_MF","","","",0,0,0,0,0,0,0,0,"SOURCE_UNAVAILABLE"
"122640","Parag Parikh Flexi Cap Fund - Regular Plan - Growth","PPFAS_MF","2026-09-30","PPFAS_Flexi_Cap_Fund_Monthly_Portfolio_Sep_2026.xlsx","88dbd3380e3a0231fae3ccb4dab667024a1c4a9a2e0c6114654d677e7542dfe4",150,150,150,150,0,0,0,0,"VERIFIED_ACCURATE"
"154154","Parag Parikh Large Cap Fund - Regular Plan - Growth","PPFAS_MF","","","",0,0,0,0,0,0,0,0,"SOURCE_UNAVAILABLE"
"143260","Parag Parikh Liquid Fund - Regular Plan - Growth","PPFAS_MF","","","",0,0,0,0,0,0,0,0,"SOURCE_UNAVAILABLE"
"147371","QUANTUM ESG BEST IN CLASS STRATEGY FUND - Regular Plan - Growth Option","QUANTUM_MF","","","",0,0,0,0,0,0,0,0,"SOURCE_UNAVAILABLE"
"152108","QUANTUM SMALL CAP FUND - Regular Plan - Growth Option","QUANTUM_MF","","","",0,0,0,0,0,0,0,0,"SOURCE_UNAVAILABLE"
"141063","Quantum Diversified Equity All Cap Active FOF - Regular Plan - Growth Option","QUANTUM_MF","","","",0,0,0,0,0,0,0,0,"SOURCE_UNAVAILABLE"
"141061","Quantum Dynamic Term Fund - Regular Plan - Growth Option","QUANTUM_MF","","","",0,0,0,0,0,0,0,0,"SOURCE_UNAVAILABLE"
"141070","Quantum ELSS Tax Saver Fund - Regular Plan - Growth Option","QUANTUM_MF","","","",0,0,0,0,0,0,0,0,"SOURCE_UNAVAILABLE"
"153095","Quantum Ethical Fund - Regular Plan - Growth Option","QUANTUM_MF","","","",0,0,0,0,0,0,0,0,"SOURCE_UNAVAILABLE"
"154516","Quantum Flexi Cap Fund - Regular Plan - Growth Option","QUANTUM_MF","","","",0,0,0,0,0,0,0,0,"SOURCE_UNAVAILABLE"
"141064","Quantum Gold ETF FOF - Regular Plan - Growth Option","QUANTUM_MF","","","",0,0,0,0,0,0,0,0,"SOURCE_UNAVAILABLE"
"141066","Quantum Liquid Fund - Regular Plan - Growth Option","QUANTUM_MF","","","",0,0,0,0,0,0,0,0,"SOURCE_UNAVAILABLE"
"141072","Quantum Multi Asset Active FOF - Regular Plan - Growth Option","QUANTUM_MF","","","",0,0,0,0,0,0,0,0,"SOURCE_UNAVAILABLE"
"152475","Quantum Multi Asset Allocation Fund - Regular Plan - Growth Option","QUANTUM_MF","","","",0,0,0,0,0,0,0,0,"SOURCE_UNAVAILABLE"
"150389","Quantum Nifty 50 ETF FOF - Regular Plan - Growth Option","QUANTUM_MF","","","",0,0,0,0,0,0,0,0,"SOURCE_UNAVAILABLE"
"141068","Quantum Value Fund - Regular Plan - Growth Option","QUANTUM_MF","","","",0,0,0,0,0,0,0,0,"SOURCE_UNAVAILABLE"
"101070","Quant Aggressive Hybrid Fund - Regular Plan - Growth Option","QUANT_MF","","","",0,0,0,0,0,0,0,0,"SOURCE_UNAVAILABLE"
"100175","Quant ELSS Tax Saver Fund - Regular Plan - Growth Option","QUANT_MF","","","",0,0,0,0,0,0,0,0,"SOURCE_UNAVAILABLE"
"109830","Quant Flexi Cap Fund - Regular Plan - Growth Option","QUANT_MF","","","",0,0,0,0,0,0,0,0,"SOURCE_UNAVAILABLE"
"109275","Quant Focused Fund - Regular Plan - Growth Option","QUANT_MF","","","",0,0,0,0,0,0,0,0,"SOURCE_UNAVAILABLE"
"106170","Quant Infrastructure Fund - Regular Plan - Growth Option","QUANT_MF","","","",0,0,0,0,0,0,0,0,"SOURCE_UNAVAILABLE"
"104513","Quant Large & Mid Cap Fund - Regular Plan - Growth Option","QUANT_MF","","","",0,0,0,0,0,0,0,0,"SOURCE_UNAVAILABLE"
"103225","Quant Liquid Fund - Regular Plan - Growth Option","QUANT_MF","","","",0,0,0,0,0,0,0,0,"SOURCE_UNAVAILABLE"
"101065","Quant Mid Cap Fund - Regular Plan - Growth Option","QUANT_MF","","","",0,0,0,0,0,0,0,0,"SOURCE_UNAVAILABLE"
"101072","Quant Multi Asset Allocation Fund - Regular Plan - Growth Option","QUANT_MF","","","",0,0,0,0,0,0,0,0,"SOURCE_UNAVAILABLE"
"100631","Quant Multi Cap Fund - Regular Plan - Growth Option","QUANT_MF","","","",0,0,0,0,0,0,0,0,"SOURCE_UNAVAILABLE"
"100177","Quant Small Cap Fund - Regular Plan - Growth Option","QUANT_MF","","","",0,0,0,0,0,0,0,0,"SOURCE_UNAVAILABLE"
"149337","Quant Value Fund - Regular Plan - Growth Option","QUANT_MF","","","",0,0,0,0,0,0,0,0,"SOURCE_UNAVAILABLE"
"153428","quant Arbitrage Fund - Regular Plan - Growth Option","QUANT_MF","","","",0,0,0,0,0,0,0,0,"SOURCE_UNAVAILABLE"
"151788","quant BFSI Fund - Regular Plan - Growth Option","QUANT_MF","","","",0,0,0,0,0,0,0,0,"SOURCE_UNAVAILABLE"
"151758","quant Business Cycle Fund - Regular Plan - Growth Option","QUANT_MF","","","",0,0,0,0,0,0,0,0,"SOURCE_UNAVAILABLE"
"152256","quant Commodities Fund - Regular Plan - Growth Option","QUANT_MF","","","",0,0,0,0,0,0,0,0,"SOURCE_UNAVAILABLE"
"152338","quant Consumption Fund - Regular Plan - Growth Option","QUANT_MF","","","",0,0,0,0,0,0,0,0,"SOURCE_UNAVAILABLE"
"151714","quant Dynamic Asset Allocation Fund - Regular Plan - Growth Option","QUANT_MF","","","",0,0,0,0,0,0,0,0,"SOURCE_UNAVAILABLE"
"148560","quant ESG Integration Strategy Fund - Regular Plan - Growth Option","QUANT_MF","","","",0,0,0,0,0,0,0,0,"SOURCE_UNAVAILABLE"
"153707","quant Equity Savings Fund - Regular Plan - Growth Option","QUANT_MF","","","",0,0,0,0,0,0,0,0,"SOURCE_UNAVAILABLE"
"151230","quant Gilt Fund - Regular Plan - Growth Option","QUANT_MF","","","",0,0,0,0,0,0,0,0,"SOURCE_UNAVAILABLE"
"151855","quant Healthcare Fund - Regular Plan - Growth Option","QUANT_MF","","","",0,0,0,0,0,0,0,0,"SOURCE_UNAVAILABLE"
"154657","quant Income Plus Arbitrage Active FOF - Regular Plan - Growth Option","QUANT_MF","","","",0,0,0,0,0,0,0,0,"SOURCE_UNAVAILABLE"
"150441","quant Large Cap Fund - Regular Plan - Growth Option","QUANT_MF","","","",0,0,0,0,0,0,0,0,"SOURCE_UNAVAILABLE"
"151913","quant Manufacturing Fund - Regular Plan - Growth Option","QUANT_MF","","","",0,0,0,0,0,0,0,0,"SOURCE_UNAVAILABLE"
"152190","quant Momentum Fund - Regular Plan - Growth Option","QUANT_MF","","","",0,0,0,0,0,0,0,0,"SOURCE_UNAVAILABLE"
"151195","quant Overnight Fund - Regular Plan - Growth Option","QUANT_MF","","","",0,0,0,0,0,0,0,0,"SOURCE_UNAVAILABLE"
"152413","quant PSU Fund - Regular Plan - Growth Option","QUANT_MF","","","",0,0,0,0,0,0,0,0,"SOURCE_UNAVAILABLE"
"148923","quant Quantamental Fund - Regular Plan - Growth Option","QUANT_MF","","","",0,0,0,0,0,0,0,0,"SOURCE_UNAVAILABLE"
"152070","quant Teck Fund - Regular Plan - Growth Option","QUANT_MF","","","",0,0,0,0,0,0,0,0,"SOURCE_UNAVAILABLE"
"151752","Samco Active Momentum Fund - Regular Plan - Growth","SAMCO_MF","","","",0,0,0,0,0,0,0,0,"SOURCE_UNAVAILABLE"
"153091","Samco Arbitrage Fund - Regular Plan - Growth","SAMCO_MF","","","",0,0,0,0,0,0,0,0,"SOURCE_UNAVAILABLE"
"152187","Samco Dynamic Asset Allocation Fund - Regular Plan - Growth","SAMCO_MF","","","",0,0,0,0,0,0,0,0,"SOURCE_UNAVAILABLE"
"150839","Samco ELSS Tax Saver Fund - Regular Plan - Growth","SAMCO_MF","","","",0,0,0,0,0,0,0,0,"SOURCE_UNAVAILABLE"
"149449","Samco Flexi Cap Fund - Regular Plan - Growth","SAMCO_MF","","","",0,0,0,0,0,0,0,0,"SOURCE_UNAVAILABLE"
"153533","Samco Large & Mid Cap Fund - Regular Plan - Growth","SAMCO_MF","","","",0,0,0,0,0,0,0,0,"SOURCE_UNAVAILABLE"
"153238","Samco Large Cap Fund - Regular Plan - Growth","SAMCO_MF","","","",0,0,0,0,0,0,0,0,"SOURCE_UNAVAILABLE"
"154115","Samco Mid Cap Fund - Regular Plan - Growth","SAMCO_MF","","","",0,0,0,0,0,0,0,0,"SOURCE_UNAVAILABLE"
"153093","Samco Multi Asset Allocation Fund - Regular Plan - Growth","SAMCO_MF","","","",0,0,0,0,0,0,0,0,"SOURCE_UNAVAILABLE"
"152848","Samco Multi Cap Fund - Regular Plan - Growth","SAMCO_MF","","","",0,0,0,0,0,0,0,0,"SOURCE_UNAVAILABLE"
"150632","Samco Overnight Fund - Regular Plan - Growth","SAMCO_MF","","","",0,0,0,0,0,0,0,0,"SOURCE_UNAVAILABLE"
"153869","Samco Small Cap Fund - Regular Plan - Growth","SAMCO_MF","","","",0,0,0,0,0,0,0,0,"SOURCE_UNAVAILABLE"
"152587","Samco Special Opportunities Fund - Regular Plan - Growth","SAMCO_MF","","","",0,0,0,0,0,0,0,0,"SOURCE_UNAVAILABLE"
"101002","SBI 10 YEAR CONSTANT MATURITY GILT FUND - Regular Plan - Growth","SBI_MF","","","",0,0,0,0,0,0,0,0,"SOURCE_UNAVAILABLE"
"102885","SBI AGGRESSIVE HYBRID FUND - Regular Plan - Growth","SBI_MF","","","",0,0,0,0,0,0,0,0,"SOURCE_UNAVAILABLE"
"104457","SBI Arbitrage Fund - Regular Plan - Growth","SBI_MF","","","",0,0,0,0,0,0,0,0,"SOURCE_UNAVAILABLE"
"152658","SBI Automotive Opportunities Fund - Regular Plan - Growth","SBI_MF","","","",0,0,0,0,0,0,0,0,"SOURCE_UNAVAILABLE"
"133858","SBI BANKING & FINANCIAL SERVICES FUND - Regular Plan - Growth","SBI_MF","","","",0,0,0,0,0,0,0,0,"SOURCE_UNAVAILABLE"
"125498","SBI BANKING & PSU DEBT FUND - Regular Plan - Growth","SBI_MF","","","",0,0,0,0,0,0,0,0,"SOURCE_UNAVAILABLE"
"153434","SBI BSE PSU BANK INDEX FUND - Regular Plan - Growth","SBI_MF","","","",0,0,0,0,0,0,0,0,"SOURCE_UNAVAILABLE"
"151765","SBI BSE Sensex Index Fund - Regular Plan - Growth","SBI_MF","","","",0,0,0,0,0,0,0,0,"SOURCE_UNAVAILABLE"
"149132","SBI Balanced Advantage Fund - Regular Plan - Growth","SBI_MF","","","",0,0,0,0,0,0,0,0,"SOURCE_UNAVAILABLE"
"154615","SBI Balanced Hybrid Fund - Regular Plan - Growth","SBI_MF","","","",0,0,0,0,0,0,0,0,"SOURCE_UNAVAILABLE"
"101169","SBI CHILDREN'S FUND - SAVINGS PLAN - Regular Plan - Growth","SBI_MF","","","",0,0,0,0,0,0,0,0,"SOURCE_UNAVAILABLE"
"103145","SBI COMMA FUND - Regular Plan - Growth","SBI_MF","","","",0,0,0,0,0,0,0,0,"SOURCE_UNAVAILABLE"
"100968","SBI CONSERVATIVE HYBRID FUND - Regular Plan - Growth","SBI_MF","","","",0,0,0,0,0,0,0,0,"SOURCE_UNAVAILABLE"
"120576","SBI CONSUMPTION OPPORTUNITIES FUND - Regular Plan - Growth","SBI_MF","","","",0,0,0,0,0,0,0,0,"SOURCE_UNAVAILABLE"
"102414","SBI CONTRA FUND - Regular Plan - Growth","SBI_MF","","","",0,0,0,0,0,0,0,0,"SOURCE_UNAVAILABLE"
"149472","SBI CPSE Bond Plus SDL Sep 2026 50:50 Index Fund - Regular Plan - Growth","SBI_MF","","","",0,0,0,0,0,0,0,0,"SOURCE_UNAVAILABLE"
"102505","SBI CREDIT RISK FUND - Regular Plan - Growth","SBI_MF","","","",0,0,0,0,0,0,0,0,"SOURCE_UNAVAILABLE"
"150707","SBI CRISIL IBX Gilt Index - April 2029 Fund - Regular Plan - Growth","SBI_MF","","","",0,0,0,0,0,0,0,0,"SOURCE_UNAVAILABLE"
"150683","SBI CRISIL IBX Gilt Index - June 2036 Fund - Regular Plan - Growth","SBI_MF","","","",0,0,0,0,0,0,0,0,"SOURCE_UNAVAILABLE"
"150712","SBI CRISIL IBX SDL Index - September 2027 Fund - Regular Plan - Growth","SBI_MF","","","",0,0,0,0,0,0,0,0,"SOURCE_UNAVAILABLE"
"154363","SBI CRISIL-IBX 10:90 Gilt + SDL Index - Dec 2029 Index Fund - Regular Plan - Growth","SBI_MF","","","",0,0,0,0,0,0,0,0,"SOURCE_UNAVAILABLE"
"154329","SBI CRISIL-IBX Financial Services 3-6 Months Debt Index Fund - Regular Plan - Growth","SBI_MF","","","",0,0,0,0,0,0,0,0,"SOURCE_UNAVAILABLE"
"154328","SBI CRISIL-IBX Financial Services 9-12 Months Debt Index Fund - Regular Plan - Growth","SBI_MF","","","",0,0,0,0,0,0,0,0,"SOURCE_UNAVAILABLE"
"148489","SBI Children's Fund - Investment Plan - Regular Plan - Growth","SBI_MF","","","",0,0,0,0,0,0,0,0,"SOURCE_UNAVAILABLE"
"146207","SBI Corporate Bond Fund - Regular Plan - Growth","SBI_MF","","","",0,0,0,0,0,0,0,0,"SOURCE_UNAVAILABLE"
"154468","SBI Crisil - IBX SDL Index - June 2034 Index Fund - Regular Plan - Growth","SBI_MF","","","",0,0,0,0,0,0,0,0,"SOURCE_UNAVAILABLE"
"102205","SBI DYNAMIC TERM FUND - Regular Plan - Growth","SBI_MF","","","",0,0,0,0,0,0,0,0,"SOURCE_UNAVAILABLE"
"153831","SBI Dynamic Asset Allocation Active FoF - Regular Plan - Growth","SBI_MF","","","",0,0,0,0,0,0,0,0,"SOURCE_UNAVAILABLE"
"105628","SBI ELSS Tax Saver Fund - Regular Plan - Growth","SBI_MF","","","",0,0,0,0,0,0,0,0,"SOURCE_UNAVAILABLE"
"134644","SBI EQUITY SAVINGS FUND - Regular Plan - Growth","SBI_MF","","","",0,0,0,0,0,0,0,0,"SOURCE_UNAVAILABLE"
"104523","SBI ESG Exclusionary Strategy Fund - Regular Plan - Growth","SBI_MF","","","",0,0,0,0,0,0,0,0,"SOURCE_UNAVAILABLE"
"152418","SBI Energy Opportunities Fund - Regular Plan - Growth","SBI_MF","","","",0,0,0,0,0,0,0,0,"SOURCE_UNAVAILABLE"
"146644","SBI Equity Minimum Variance Fund - Regular Plan - Growth","SBI_MF","","","",0,0,0,0,0,0,0,0,"SOURCE_UNAVAILABLE"
"103215","SBI FLEXICAP FUND - Regular Plan - Growth","SBI_MF","","","",0,0,0,0,0,0,0,0,"SOURCE_UNAVAILABLE"
"102756","SBI FOCUSED FUND - Regular Plan - Growth","SBI_MF","","","",0,0,0,0,0,0,0,0,"SOURCE_UNAVAILABLE"
"146976","SBI Fixed Maturity Plan (FMP) - Series 1 (3668 Days) - Regular Plan - Growth","SBI_MF","","","",0,0,0,0,0,0,0,0,"SOURCE_UNAVAILABLE"
"148389","SBI Fixed Maturity Plan (FMP) - Series 34 (3682 Days) - Regular Plan - Growth","SBI_MF","","","",0,0,0,0,0,0,0,0,"SOURCE_UNAVAILABLE"
"149145","SBI Fixed Maturity Plan (FMP) - Series 49 (1823 Days) - Regular Plan - Growth","SBI_MF","","","",0,0,0,0,0,0,0,0,"SOURCE_UNAVAILABLE"
"149172","SBI Fixed Maturity Plan (FMP) - Series 50 (1843 Days) - Regular Plan - Growth","SBI_MF","","","",0,0,0,0,0,0,0,0,"SOURCE_UNAVAILABLE"
"149197","SBI Fixed Maturity Plan (FMP) - Series 51 (1846 Days) - Regular Plan - Growth","SBI_MF","","","",0,0,0,0,0,0,0,0,"SOURCE_UNAVAILABLE"
"149235","SBI Fixed Maturity Plan (FMP) - Series 52 (1848 Days) - Regular Plan - Growth","SBI_MF","","","",0,0,0,0,0,0,0,0,"SOURCE_UNAVAILABLE"
"149278","SBI Fixed Maturity Plan (FMP) - Series 53 (1839 Days) - Regular Plan - Growth","SBI_MF","","","",0,0,0,0,0,0,0,0,"SOURCE_UNAVAILABLE"
"149308","SBI Fixed Maturity Plan (FMP) - Series 54 (1842 Days) - Regular Plan - Growth","SBI_MF","","","",0,0,0,0,0,0,0,0,"SOURCE_UNAVAILABLE"
"149347","SBI Fixed Maturity Plan (FMP) - Series 55 (1849 Days) - Regular Plan - Growth","SBI_MF","","","",0,0,0,0,0,0,0,0,"SOURCE_UNAVAILABLE"
"149432","SBI Fixed Maturity Plan (FMP) - Series 57 (1835 Days) - Regular Plan - Growth","SBI_MF","","","",0,0,0,0,0,0,0,0,"SOURCE_UNAVAILABLE"
"149459","SBI Fixed Maturity Plan (FMP) - Series 58 (1842 Days) - Regular Plan - Growth","SBI_MF","","","",0,0,0,0,0,0,0,0,"SOURCE_UNAVAILABLE"
"147247","SBI Fixed Maturity Plan (FMP) - Series 6 (3668 Days) - Regular Plan - Growth","SBI_MF","","","",0,0,0,0,0,0,0,0,"SOURCE_UNAVAILABLE"
"149876","SBI Fixed Maturity Plan (FMP) - Series 60 (1878 Days) - Regular Plan - Growth","SBI_MF","","","",0,0,0,0,0,0,0,0,"SOURCE_UNAVAILABLE"
"149994","SBI Fixed Maturity Plan (FMP) - Series 61 (1927 Days) - Regular Plan - Growth","SBI_MF","","","",0,0,0,0,0,0,0,0,"SOURCE_UNAVAILABLE"
"148543","SBI Floating Interest Rates Fund - Regular Plan - Growth","SBI_MF","","","",0,0,0,0,0,0,0,0,"SOURCE_UNAVAILABLE"
"101001","SBI GILT FUND - Regular Plan - Growth","SBI_MF","","","",0,0,0,0,0,0,0,0,"SOURCE_UNAVAILABLE"
"101932","SBI GILT FUND - Regular Plan - Growth","SBI_MF","","","",0,0,0,0,0,0,0,0,"SOURCE_UNAVAILABLE"
"101934","SBI GILT FUND - Regular Plan - Growth","SBI_MF","","","",0,0,0,0,0,0,0,0,"SOURCE_UNAVAILABLE"
"115676","SBI GOLD FUND - Regular Plan - Growth","SBI_MF","","","",0,0,0,0,0,0,0,0,"SOURCE_UNAVAILABLE"
"111954","SBI Gold ETF - Regular Plan - Growth","SBI_MF","","","",0,0,0,0,0,0,0,0,"SOURCE_UNAVAILABLE"
"102823","SBI HEALTHCARE OPPORTUNITIES FUND - Regular Plan - Growth","SBI_MF","","","",0,0,0,0,0,0,0,0,"SOURCE_UNAVAILABLE"
"106096","SBI INFRASTRUCTURE FUND - Regular Plan - Growth","SBI_MF","","","",0,0,0,0,0,0,0,0,"SOURCE_UNAVAILABLE"
"153500","SBI Income Plus Arbitrage Active FOF - Regular Plan - Growth","SBI_MF","","","",0,0,0,0,0,0,0,0,"SOURCE_UNAVAILABLE"
"152774","SBI Innovative Opportunities Fund - Regular Plan - Growth","SBI_MF","","","",0,0,0,0,0,0,0,0,"SOURCE_UNAVAILABLE"
"103024","SBI LARGE & MIDCAP FUND - Regular Plan - Growth","SBI_MF","","","",0,0,0,0,0,0,0,0,"SOURCE_UNAVAILABLE"
"105280","SBI LIQUID FUND - Regular Plan - Growth","SBI_MF","","","",0,0,0,0,0,0,0,0,"SOURCE_UNAVAILABLE"
"105274","SBI LIQUID FUND - Regular Plan - Growth","SBI_MF","","","",0,0,0,0,0,0,0,0,"SOURCE_UNAVAILABLE"
"103504","SBI Large Cap Fund - Regular Plan - Growth","SBI_MF","","","",0,0,0,0,0,0,0,0,"SOURCE_UNAVAILABLE"
"140488","SBI Long Term Advantage Fund - Series IV - Regular Plan - Growth","SBI_MF","","","",0,0,0,0,0,0,0,0,"SOURCE_UNAVAILABLE"
"142139","SBI Long Term Advantage Fund - Series V - Regular Plan - Growth","SBI_MF","","","",0,0,0,0,0,0,0,0,"SOURCE_UNAVAILABLE"
"143176","SBI Long Term Advantage Fund - Series VI - Regular Plan - Growth","SBI_MF","","","",0,0,0,0,0,0,0,0,"SOURCE_UNAVAILABLE"
"151212","SBI Long Term Fund - Regular Plan - Growth","SBI_MF","","","",0,0,0,0,0,0,0,0,"SOURCE_UNAVAILABLE"
"102053","SBI MEDIUM TERM FUND - Regular Plan - Growth","SBI_MF","","","",0,0,0,0,0,0,0,0,"SOURCE_UNAVAILABLE"
"100639","SBI MEDIUM TO LONG TERM FUND - Regular Plan - Growth","SBI_MF","","","",0,0,0,0,0,0,0,0,"SOURCE_UNAVAILABLE"
"102941","SBI MIDCAP FUND - Regular Plan - Growth","SBI_MF","","","",0,0,0,0,0,0,0,0,"SOURCE_UNAVAILABLE"
"103034","SBI MNC FUND - Regular Plan - Growth","SBI_MF","","","",0,0,0,0,0,0,0,0,"SOURCE_UNAVAILABLE"
"103408","SBI MULTI ASSET ALLOCATION FUND - Regular Plan - Growth","SBI_MF","","","",0,0,0,0,0,0,0,0,"SOURCE_UNAVAILABLE"
"102503","SBI Money Market Fund - Regular Plan - Growth","SBI_MF","","","",0,0,0,0,0,0,0,0,"SOURCE_UNAVAILABLE"
"149886","SBI MultiCap Fund - Regular Plan - Growth","SBI_MF","","","",0,0,0,0,0,0,0,0,"SOURCE_UNAVAILABLE"
"153796","SBI NIFTY 1D Rate Liquid ETF - Growth - Regular Plan - Growth","SBI_MF","","","",0,0,0,0,0,0,0,0,"SOURCE_UNAVAILABLE"
"102272","SBI NIFTY INDEX FUND - Regular Plan - Growth","SBI_MF","","","",0,0,0,0,0,0,0,0,"SOURCE_UNAVAILABLE"
"152906","SBI Nifty 500 Index Fund - Regular Plan - Growth","SBI_MF","","","",0,0,0,0,0,0,0,0,"SOURCE_UNAVAILABLE"
"153253","SBI Nifty Bank Index Fund - Regular Plan - Growth","SBI_MF","","","",0,0,0,0,0,0,0,0,"SOURCE_UNAVAILABLE"
"154362","SBI Nifty G-sec Jul 2031 Index Fund - Regular Plan - Growth","SBI_MF","","","",0,0,0,0,0,0,0,0,"SOURCE_UNAVAILABLE"
"153323","SBI Nifty IT Index Fund - Regular Plan - Growth","SBI_MF","","","",0,0,0,0,0,0,0,0,"SOURCE_UNAVAILABLE"
"153012","SBI Nifty India Consumption Index Fund - Regular Plan - Growth","SBI_MF","","","",0,0,0,0,0,0,0,0,"SOURCE_UNAVAILABLE"
"150672","SBI Nifty Midcap 150 Index Fund - Regular Plan - Growth","SBI_MF","","","",0,0,0,0,0,0,0,0,"SOURCE_UNAVAILABLE"
"154523","SBI Nifty Midcap 150 Momentum 50 ETF FOF - Regular Plan - Growth","SBI_MF","","","",0,0,0,0,0,0,0,0,"SOURCE_UNAVAILABLE"
"148943","SBI Nifty Next 50 Index Fund - Regular Plan - Growth","SBI_MF","","","",0,0,0,0,0,0,0,0,"SOURCE_UNAVAILABLE"
"150676","SBI Nifty Smallcap 250 Index Fund - Regular Plan - Growth","SBI_MF","","","",0,0,0,0,0,0,0,0,"SOURCE_UNAVAILABLE"
"153716","SBI Nifty100 Low Volatility 30 Index Fund - Regular Plan - Growth","SBI_MF","","","",0,0,0,0,0,0,0,0,"SOURCE_UNAVAILABLE"
"153663","SBI Nifty200 Momentum 30 Index Fund - Regular Plan - Growth","SBI_MF","","","",0,0,0,0,0,0,0,0,"SOURCE_UNAVAILABLE"
"153554","SBI Nifty200 Quality 30 Index Fund - Regular Plan - Growth","SBI_MF","","","",0,0,0,0,0,0,0,0,"SOURCE_UNAVAILABLE"
"152372","SBI Nifty50 Equal Weight Index Fund - Regular Plan - Growth","SBI_MF","","","",0,0,0,0,0,0,0,0,"SOURCE_UNAVAILABLE"
"101206","SBI OVERNIGHT FUND - Regular Plan - Growth","SBI_MF","","","",0,0,0,0,0,0,0,0,"SOURCE_UNAVAILABLE"
"113099","SBI PSU FUND - Regular Plan - Growth","SBI_MF","","","",0,0,0,0,0,0,0,0,"SOURCE_UNAVAILABLE"
"154175","SBI Quality Fund - Regular Plan - Growth","SBI_MF","","","",0,0,0,0,0,0,0,0,"SOURCE_UNAVAILABLE"
"153153","SBI Quant Fund - Regular Plan - Growth","SBI_MF","","","",0,0,0,0,0,0,0,0,"SOURCE_UNAVAILABLE"
"148695","SBI Retirement Benefit Fund - Aggressive Hybrid Plan - Regular Plan - Growth","SBI_MF","","","",0,0,0,0,0,0,0,0,"SOURCE_UNAVAILABLE"
"148698","SBI Retirement Benefit Fund - Aggressive Plan - Regular Plan - Growth","SBI_MF","","","",0,0,0,0,0,0,0,0,"SOURCE_UNAVAILABLE"
"148692","SBI Retirement Benefit Fund - Conservative Hybrid Plan - Regular Plan - Growth","SBI_MF","","","",0,0,0,0,0,0,0,0,"SOURCE_UNAVAILABLE"
"148696","SBI Retirement Benefit Fund - Conservative Plan - Regular Plan - Growth","SBI_MF","","","",0,0,0,0,0,0,0,0,"SOURCE_UNAVAILABLE"
"106227","SBI SHORT TERM FUND - Regular Plan - Growth","SBI_MF","","","",0,0,0,0,0,0,0,0,"SOURCE_UNAVAILABLE"
"106231","SBI SHORT TERM FUND - Regular Plan - Growth","SBI_MF","","","",0,0,0,0,0,0,0,0,"SOURCE_UNAVAILABLE"
"125494","SBI SMALL CAP FUND - Regular Plan - Growth","SBI_MF","","","",0,0,0,0,0,0,0,0,"SOURCE_UNAVAILABLE"
"152725","SBI Silver ETF - Regular Plan - Growth","SBI_MF","","","",0,0,0,0,0,0,0,0,"SOURCE_UNAVAILABLE"
"152733","SBI Silver ETF Fund of Fund - Regular Plan - Growth","SBI_MF","","","",0,0,0,0,0,0,0,0,"SOURCE_UNAVAILABLE"
"120577","SBI TECHNOLOGY OPPORTUNITIES FUND - Regular Plan - Growth","SBI_MF","","","",0,0,0,0,0,0,0,0,"SOURCE_UNAVAILABLE"
"100641","SBI ULTRA SHORT TERM FUND - Regular Plan - Growth","SBI_MF","","","",0,0,0,0,0,0,0,0,"SOURCE_UNAVAILABLE"
"148762","SBI US Specific Equity Active FoF - Regular Plan - Growth","SBI_MF","","","",0,0,0,0,0,0,0,0,"SOURCE_UNAVAILABLE"
"106217","SBI Ultra Short to Short Term Fund - Regular Plan - Growth","SBI_MF","","","",0,0,0,0,0,0,0,0,"SOURCE_UNAVAILABLE"
"106212","SBI Ultra Short to Short Term Fund - Regular Plan - Growth","SBI_MF","","","",0,0,0,0,0,0,0,0,"SOURCE_UNAVAILABLE"
"125713","Shriram Aggressive Hybrid Fund - Regular Plan - Growth","SHRIRAM_MF","","","",0,0,0,0,0,0,0,0,"SOURCE_UNAVAILABLE"
"147405","Shriram Balanced Advantage Fund - Regular Plan - Growth","SHRIRAM_MF","","","",0,0,0,0,0,0,0,0,"SOURCE_UNAVAILABLE"
"145820","Shriram ELSS Tax Saver Fund - Regular Plan - Growth","SHRIRAM_MF","","","",0,0,0,0,0,0,0,0,"SOURCE_UNAVAILABLE"
"144902","Shriram Flexi Cap Fund - Regular Plan - Growth","SHRIRAM_MF","","","",0,0,0,0,0,0,0,0,"SOURCE_UNAVAILABLE"
"153036","Shriram Liquid Fund - Regular Plan - Growth","SHRIRAM_MF","","","",0,0,0,0,0,0,0,0,"SOURCE_UNAVAILABLE"
"154143","Shriram Money Market Fund - Regular Plan - Growth","SHRIRAM_MF","","","",0,0,0,0,0,0,0,0,"SOURCE_UNAVAILABLE"
"152052","Shriram Multi Asset Allocation Fund - Regular Plan - Growth","SHRIRAM_MF","","","",0,0,0,0,0,0,0,0,"SOURCE_UNAVAILABLE"
"153077","Shriram Multi Sector Rotation Fund - Regular Plan - Growth","SHRIRAM_MF","","","",0,0,0,0,0,0,0,0,"SOURCE_UNAVAILABLE"
"154399","Shriram Overnight Fund - Regular Plan - Growth","SHRIRAM_MF","","","",0,0,0,0,0,0,0,0,"SOURCE_UNAVAILABLE"
"149599","Sundaram Aggressive Hybrid Fund (Formerly Known as Principal Hybrid Equity Fund) - Regular Plan - GROWTH","SUNDARAM_MF","","","",0,0,0,0,0,0,0,0,"SOURCE_UNAVAILABLE"
"149552","Sundaram Arbitrage Fund(Formerly Known as Prinicpal Arbitrage Fund) - Regular Plan - GROWTH","SUNDARAM_MF","","","",0,0,0,0,0,0,0,0,"SOURCE_UNAVAILABLE"
"134356","Sundaram Banking and PSU Debt Fund (Formerly Known as Sundaram Banking and PSU Fund) - Regular Plan - GROWTH","SUNDARAM_MF","","","",0,0,0,0,0,0,0,0,"SOURCE_UNAVAILABLE"
"100784","Sundaram Banking and PSU Debt Fund (Formerly Known as Sundaram Banking and PSU Fund) - Regular Plan - GROWTH","SUNDARAM_MF","","","",0,0,0,0,0,0,0,0,"SOURCE_UNAVAILABLE"
"100781","Sundaram Banking and PSU Debt Fund (Formerly Known as Sundaram Banking and PSU Fund) - Retail Regular Plan - Growth","SUNDARAM_MF","","","",0,0,0,0,0,0,0,0,"SOURCE_UNAVAILABLE"
"152678","Sundaram Business Cycle Fund - Regular Plan - GROWTH","SUNDARAM_MF","","","",0,0,0,0,0,0,0,0,"SOURCE_UNAVAILABLE"
"112868","Sundaram Conservative Hybrid Fund (Formerly Known as Sundaram Debt Oriented Hybrid Fund) - Regular Plan - GROWTH","SUNDARAM_MF","","","",0,0,0,0,0,0,0,0,"SOURCE_UNAVAILABLE"
"102142","Sundaram Consumption Fund (Formerly Known as Sundaram Rural and Consumption Fund) - Regular Plan - GROWTH","SUNDARAM_MF","","","",0,0,0,0,0,0,0,0,"SOURCE_UNAVAILABLE"
"100789","Sundaram Corporate Bond Fund - Regular Plan - GROWTH","SUNDARAM_MF","","","",0,0,0,0,0,0,0,0,"SOURCE_UNAVAILABLE"
"149715","Sundaram Dynamic Asset Allocation Fund (Formerly Known as Sundaram Balanced Advantage Fund) - Regular Plan - GROWTH","SUNDARAM_MF","","","",0,0,0,0,0,0,0,0,"SOURCE_UNAVAILABLE"
"149569","Sundaram ELSS Tax Saver Fund - Regular Plan - GROWTH","SUNDARAM_MF","","","",0,0,0,0,0,0,0,0,"SOURCE_UNAVAILABLE"
"149674","Sundaram Equity Savings Fund (Formerly Known as Principal Equity Savings Fund) - Regular Plan - GROWTH","SUNDARAM_MF","","","",0,0,0,0,0,0,0,0,"SOURCE_UNAVAILABLE"
"109059","Sundaram Financial Services Opportunities Fund - Regular Plan - GROWTH","SUNDARAM_MF","","","",0,0,0,0,0,0,0,0,"SOURCE_UNAVAILABLE"
"150568","Sundaram Flexicap Fund - Regular Plan - GROWTH","SUNDARAM_MF","","","",0,0,0,0,0,0,0,0,"SOURCE_UNAVAILABLE"
"149532","Sundaram Focused Fund (Formerly Known as Principal Focused Multicap Fund) - Regular Plan - GROWTH","SUNDARAM_MF","","","",0,0,0,0,0,0,0,0,"SOURCE_UNAVAILABLE"
"106370","Sundaram Global Brand Theme-Equity Active FOF - Regular Plan - GROWTH","SUNDARAM_MF","","","",0,0,0,0,0,0,0,0,"SOURCE_UNAVAILABLE"
"154127","Sundaram Income Plus Arbitrage Active FoF - Regular Plan - GROWTH","SUNDARAM_MF","","","",0,0,0,0,0,0,0,0,"SOURCE_UNAVAILABLE"
"129213","Sundaram Infrastructure Advantage Fund (Erstwhile Sundaram Capex Opportunities) - Regular Plan - GROWTH","SUNDARAM_MF","","","",0,0,0,0,0,0,0,0,"SOURCE_UNAVAILABLE"
"148504","Sundaram Large Cap Fund ( Formerly Know as Sundaram Blue Chip Fund) - Regular Plan - GROWTH","SUNDARAM_MF","","","",0,0,0,0,0,0,0,0,"SOURCE_UNAVAILABLE"
"105001","Sundaram Large and Midcap Fund - Regular Plan - GROWTH","SUNDARAM_MF","","","",0,0,0,0,0,0,0,0,"SOURCE_UNAVAILABLE"
"149661","Sundaram Liquid Fund (Formerly Known as Principal Cash Management Fund) - Regular Plan - GROWTH","SUNDARAM_MF","","","",0,0,0,0,0,0,0,0,"SOURCE_UNAVAILABLE"
"100603","Sundaram Medium Term Fund (Formerly Known as Sundaram Medium Duration Fund) - Regular Plan - GROWTH","SUNDARAM_MF","","","",0,0,0,0,0,0,0,0,"SOURCE_UNAVAILABLE"
"101539","Sundaram Mid Cap Fund - Regular Plan - GROWTH","SUNDARAM_MF","","","",0,0,0,0,0,0,0,0,"SOURCE_UNAVAILABLE"
"145042","Sundaram Money Market Fund - Regular Plan - GROWTH","SUNDARAM_MF","","","",0,0,0,0,0,0,0,0,"SOURCE_UNAVAILABLE"
"152311","Sundaram Multi Asset Allocation Fund - Regular Plan - GROWTH","SUNDARAM_MF","","","",0,0,0,0,0,0,0,0,"SOURCE_UNAVAILABLE"
"149667","Sundaram Multi Cap Fund (Formerly Known as Principal Multi Cap Growth Fund) - Regular Plan - GROWTH","SUNDARAM_MF","","","",0,0,0,0,0,0,0,0,"SOURCE_UNAVAILABLE"
"153667","Sundaram Multi-Factor Fund - Regular Plan - GROWTH","SUNDARAM_MF","","","",0,0,0,0,0,0,0,0,"SOURCE_UNAVAILABLE"
"149481","Sundaram Nifty 100 Equal Weight Fund (Formerly Known as Principal Nifty 100 Equal Weight Fund) - Regular Plan - GROWTH","SUNDARAM_MF","","","",0,0,0,0,0,0,0,0,"SOURCE_UNAVAILABLE"
"146959","Sundaram Overnight Fund - Regular Plan - GROWTH","SUNDARAM_MF","","","",0,0,0,0,0,0,0,0,"SOURCE_UNAVAILABLE"
"144838","Sundaram Services Fund - Regular Plan - GROWTH","SUNDARAM_MF","","","",0,0,0,0,0,0,0,0,"SOURCE_UNAVAILABLE"
"149585","Sundaram Short Term Fund (Formerly Known as Sundaram Short Duration Fund) - Regular Plan - GROWTH","SUNDARAM_MF","","","",0,0,0,0,0,0,0,0,"SOURCE_UNAVAILABLE"
"100795","Sundaram Small Cap Fund - Regular Plan - GROWTH","SUNDARAM_MF","","","",0,0,0,0,0,0,0,0,"SOURCE_UNAVAILABLE"
"149535","Sundaram Ultra Short Term Fund (Formerly Known as Sundaram Ultra Short Duration Fund) - Regular Plan - GROWTH","SUNDARAM_MF","","","",0,0,0,0,0,0,0,0,"SOURCE_UNAVAILABLE"
"149519","Sundaram Ultra Short to Short Term Fund (Formerly Known as Sundaram Low Duration Fund) - Regular Plan - GROWTH","SUNDARAM_MF","","","",0,0,0,0,0,0,0,0,"SOURCE_UNAVAILABLE"
"101853","Sundaram Value Fund - Regular Plan - GROWTH","SUNDARAM_MF","","","",0,0,0,0,0,0,0,0,"SOURCE_UNAVAILABLE"
"150694","TATA CRISIL-IBX GILT INDEX - APRIL 2026 INDEX FUND - Regular Plan - GROWTH OPTION","TATA_MF","","","",0,0,0,0,0,0,0,0,"SOURCE_UNAVAILABLE"
"150537","TATA HOUSING OPPORTUNITIES FUND - Regular Plan - Growth Option","TATA_MF","","","",0,0,0,0,0,0,0,0,"SOURCE_UNAVAILABLE"
"151235","TATA MULTICAP FUND - Regular Plan - Growth Option","TATA_MF","","","",0,0,0,0,0,0,0,0,"SOURCE_UNAVAILABLE"
"100414","Tata Aggressive Hybrid Fund - Regular Plan - Growth Option","TATA_MF","","","",0,0,0,0,0,0,0,0,"SOURCE_UNAVAILABLE"
"145723","Tata Arbitrage Fund - Regular Plan - Growth Option","TATA_MF","","","",0,0,0,0,0,0,0,0,"SOURCE_UNAVAILABLE"
"154064","Tata BSE Multicap Consumption 50:30:20 Index Fund - Regular Plan - Growth Option","TATA_MF","","","",0,0,0,0,0,0,0,0,"SOURCE_UNAVAILABLE"
"153425","Tata BSE Quality Index Fund - Regular Plan - Growth Option","TATA_MF","","","",0,0,0,0,0,0,0,0,"SOURCE_UNAVAILABLE"
"153134","Tata BSE Select Business Groups Index Fund - Regular Plan - Growth Option","TATA_MF","","","",0,0,0,0,0,0,0,0,"SOURCE_UNAVAILABLE"
"146007","Tata Balanced Advantage Fund - Regular Plan - Growth Option","TATA_MF","","","",0,0,0,0,0,0,0,0,"SOURCE_UNAVAILABLE"
"135794","Tata Banking & Financial Services Fund - Regular Plan - Growth Option","TATA_MF","","","",0,0,0,0,0,0,0,0,"SOURCE_UNAVAILABLE"
"149068","Tata Business Cycle Fund - Regular Plan - Growth Option","TATA_MF","","","",0,0,0,0,0,0,0,0,"SOURCE_UNAVAILABLE"
"101491","Tata Childrens Fund - Regular Plan - Growth Option","TATA_MF","","","",0,0,0,0,0,0,0,0,"SOURCE_UNAVAILABLE"
"149351","Tata Corporate Bond Fund - Regular Plan - Growth Option","TATA_MF","","","",0,0,0,0,0,0,0,0,"SOURCE_UNAVAILABLE"
"135797","Tata Digital India Fund - Regular Plan - Growth Option","TATA_MF","","","",0,0,0,0,0,0,0,0,"SOURCE_UNAVAILABLE"
"101909","Tata Dynamic Bond Fund - Regular Plan - Growth Option","TATA_MF","","","",0,0,0,0,0,0,0,0,"SOURCE_UNAVAILABLE"
"132757","Tata ELSS - Tax Saver Fund - Regular Plan - Growth Option","TATA_MF","","","",0,0,0,0,0,0,0,0,"SOURCE_UNAVAILABLE"
"101906","Tata Equity Savings Fund - Regular Plan - Growth Option","TATA_MF","","","",0,0,0,0,0,0,0,0,"SOURCE_UNAVAILABLE"
"100415","Tata Ethical Fund - Regular Plan - Growth Option","TATA_MF","","","",0,0,0,0,0,0,0,0,"SOURCE_UNAVAILABLE"
"144548","Tata Flexi Cap Fund - Regular Plan - Growth Option","TATA_MF","","","",0,0,0,0,0,0,0,0,"SOURCE_UNAVAILABLE"
"149003","Tata Floating Interest Rates Fund - Regular Plan - Growth Option","TATA_MF","","","",0,0,0,0,0,0,0,0,"SOURCE_UNAVAILABLE"
"147760","Tata Focused Fund - Regular Plan - Growth Option","TATA_MF","","","",0,0,0,0,0,0,0,0,"SOURCE_UNAVAILABLE"
"101042","Tata Gilt Fund - Regular Plan - Growth Option","TATA_MF","","","",0,0,0,0,0,0,0,0,"SOURCE_UNAVAILABLE"
"152290","Tata Gold ETF Fund of Fund - Regular Plan - Growth Option","TATA_MF","","","",0,0,0,0,0,0,0,0,"SOURCE_UNAVAILABLE"
"100418","Tata Income Fund - Regular Plan - Growth Option","TATA_MF","","","",0,0,0,0,0,0,0,0,"SOURCE_UNAVAILABLE"
"153511","Tata Income Plus Arbitrage Active FOF - Regular Plan - Growth Option","TATA_MF","","","",0,0,0,0,0,0,0,0,"SOURCE_UNAVAILABLE"
"135804","Tata India Consumer Fund - Regular Plan - Growth Option","TATA_MF","","","",0,0,0,0,0,0,0,0,"SOURCE_UNAVAILABLE"
"153059","Tata India Innovation Fund - Regular Plan - Growth Option","TATA_MF","","","",0,0,0,0,0,0,0,0,"SOURCE_UNAVAILABLE"
"135812","Tata India Pharma & Healthcare Fund - Regular Plan - Growth Option","TATA_MF","","","",0,0,0,0,0,0,0,0,"SOURCE_UNAVAILABLE"
"101766","Tata Infrastructure Fund - Regular Plan - Growth Option","TATA_MF","","","",0,0,0,0,0,0,0,0,"SOURCE_UNAVAILABLE"
"101824","Tata Large & Mid Cap Fund - Regular Plan - Growth Option","TATA_MF","","","",0,0,0,0,0,0,0,0,"SOURCE_UNAVAILABLE"
"100475","Tata Large Cap Fund - Regular Plan - Growth Option","TATA_MF","","","",0,0,0,0,0,0,0,0,"SOURCE_UNAVAILABLE"
"102672","Tata Liquid Fund - Regular Plan - Growth Option","TATA_MF","","","",0,0,0,0,0,0,0,0,"SOURCE_UNAVAILABLE"
"102328","Tata Mid Cap Fund - Regular Plan - Growth Option","TATA_MF","","","",0,0,0,0,0,0,0,0,"SOURCE_UNAVAILABLE"
"101847","Tata Money Market Fund - Regular Plan - Growth Option","TATA_MF","","","",0,0,0,0,0,0,0,0,"SOURCE_UNAVAILABLE"
"148050","Tata Multi Asset Allocation Fund - Regular Plan - Growth Option","TATA_MF","","","",0,0,0,0,0,0,0,0,"SOURCE_UNAVAILABLE"
"154405","Tata Multi Sector Passive FOF - Regular Plan - Growth Option","TATA_MF","","","",0,0,0,0,0,0,0,0,"SOURCE_UNAVAILABLE"
"152560","Tata Nifty Auto Index Fund - Regular Plan - Growth Option","TATA_MF","","","",0,0,0,0,0,0,0,0,"SOURCE_UNAVAILABLE"
"152954","Tata Nifty Capital Markets Index Fund - Regular Plan - Growth Option","TATA_MF","","","",0,0,0,0,0,0,0,0,"SOURCE_UNAVAILABLE"
"152574","Tata Nifty Financial Services Index Fund - Regular Plan - Growth Option","TATA_MF","","","",0,0,0,0,0,0,0,0,"SOURCE_UNAVAILABLE"
"151306","Tata Nifty G-Sec Dec 2026 Index Fund - Regular Plan - Growth Option","TATA_MF","","","",0,0,0,0,0,0,0,0,"SOURCE_UNAVAILABLE"
"151275","Tata Nifty G-Sec Dec 2029 Index Fund - Regular Plan - Growth Option","TATA_MF","","","",0,0,0,0,0,0,0,0,"SOURCE_UNAVAILABLE"
"150345","Tata Nifty India Digital ETF Fund of Fund - Regular Plan - Growth Option","TATA_MF","","","",0,0,0,0,0,0,0,0,"SOURCE_UNAVAILABLE"
"152746","Tata Nifty India Tourism Index Fund - Regular Plan - Growth Option","TATA_MF","","","",0,0,0,0,0,0,0,0,"SOURCE_UNAVAILABLE"
"152567","Tata Nifty MidSmall Healthcare Index Fund - Regular Plan - Growth Option","TATA_MF","","","",0,0,0,0,0,0,0,0,"SOURCE_UNAVAILABLE"
"153580","Tata Nifty Midcap 150 Index Fund - Regular Plan - Growth Option","TATA_MF","","","",0,0,0,0,0,0,0,0,"SOURCE_UNAVAILABLE"
"150741","Tata Nifty Midcap 150 Momentum 50 Index Fund - Regular Plan - Growth Option","TATA_MF","","","",0,0,0,0,0,0,0,0,"SOURCE_UNAVAILABLE"
"153855","Tata Nifty Next 50 Index Fund - Regular Plan - Growth Option","TATA_MF","","","",0,0,0,0,0,0,0,0,"SOURCE_UNAVAILABLE"
"152573","Tata Nifty Realty Index Fund - Regular Plan - Growth Option","TATA_MF","","","",0,0,0,0,0,0,0,0,"SOURCE_UNAVAILABLE"
"150330","Tata Nifty SDL Plus AAA PSU Bond Dec 2027 60 40 Index Fund - Regular Plan - Growth Option","TATA_MF","","","",0,0,0,0,0,0,0,0,"SOURCE_UNAVAILABLE"
"152834","Tata Nifty200 Alpha 30 Index Fund - Regular Plan - Growth Option","TATA_MF","","","",0,0,0,0,0,0,0,0,"SOURCE_UNAVAILABLE"
"152590","Tata Nifty500 Multicap India Manufacturing 50:30:20 Index Fund - Regular Plan - Growth Option","TATA_MF","","","",0,0,0,0,0,0,0,0,"SOURCE_UNAVAILABLE"
"152596","Tata Nifty500 Multicap Infrastructure 50:30:20 Index Fund - Regular Plan - Growth Option","TATA_MF","","","",0,0,0,0,0,0,0,0,"SOURCE_UNAVAILABLE"
"146977","Tata Overnight Fund - Regular Plan - Growth Option","TATA_MF","","","",0,0,0,0,0,0,0,0,"SOURCE_UNAVAILABLE"
"135815","Tata Resources & Energy Fund - Regular Plan - Growth Option","TATA_MF","","","",0,0,0,0,0,0,0,0,"SOURCE_UNAVAILABLE"
"115944","Tata Retirement Savings Fund-Conservative Plan - Regular Plan - Growth Option","TATA_MF","","","",0,0,0,0,0,0,0,0,"SOURCE_UNAVAILABLE"
"115943","Tata Retirement Savings Fund-Moderate Plan - Regular Plan - Growth Option","TATA_MF","","","",0,0,0,0,0,0,0,0,"SOURCE_UNAVAILABLE"
"115942","Tata Retirement Savings Fund-Progressive Plan - Regular Plan - Growth Option","TATA_MF","","","",0,0,0,0,0,0,0,0,"SOURCE_UNAVAILABLE"
"101548","Tata Short Term Fund - Regular Plan - Growth Option","TATA_MF","","","",0,0,0,0,0,0,0,0,"SOURCE_UNAVAILABLE"
"152297","Tata Silver ETF Fund of Fund - Regular Plan - Growth Option","TATA_MF","","","",0,0,0,0,0,0,0,0,"SOURCE_UNAVAILABLE"
"145208","Tata Small Cap Fund - Regular Plan - Growth Option","TATA_MF","","","",0,0,0,0,0,0,0,0,"SOURCE_UNAVAILABLE"
"146070","Tata Ultra Short Term Fund - Regular Plan - Growth Option","TATA_MF","","","",0,0,0,0,0,0,0,0,"SOURCE_UNAVAILABLE"
"103159","Tata Ultra Short to Short Term Fund - Regular Plan - Growth Option","TATA_MF","","","",0,0,0,0,0,0,0,0,"SOURCE_UNAVAILABLE"
"101672","Tata Value Fund - Regular Plan - Growth Option","TATA_MF","","","",0,0,0,0,0,0,0,0,"SOURCE_UNAVAILABLE"
"117312","Taurus Banking & Financial Services Fund - Regular Plan - Growth","TAURUS_MF","","","",0,0,0,0,0,0,0,0,"SOURCE_UNAVAILABLE"
"100480","Taurus ELSS Tax Saver Fund - Regular Plan - Growth","TAURUS_MF","","","",0,0,0,0,0,0,0,0,"SOURCE_UNAVAILABLE"
"111787","Taurus Ethical Fund - Regular Plan - Growth","TAURUS_MF","","","",0,0,0,0,0,0,0,0,"SOURCE_UNAVAILABLE"
"100476","Taurus Flexi Cap Fund - Regular Plan - Growth","TAURUS_MF","","","",0,0,0,0,0,0,0,0,"SOURCE_UNAVAILABLE"
"105417","Taurus Infrastructure Fund - Regular Plan - Growth","TAURUS_MF","","","",0,0,0,0,0,0,0,0,"SOURCE_UNAVAILABLE"
"101209","Taurus Large Cap Fund - Regular Plan - Growth","TAURUS_MF","","","",0,0,0,0,0,0,0,0,"SOURCE_UNAVAILABLE"
"100477","Taurus Mid Cap Fund - Regular Plan - Growth","TAURUS_MF","","","",0,0,0,0,0,0,0,0,"SOURCE_UNAVAILABLE"
"112948","Taurus Nifty 50 Index Fund - Regular Plan - Growth","TAURUS_MF","","","",0,0,0,0,0,0,0,0,"SOURCE_UNAVAILABLE"
"153897","THE WEALTH COMPANY ETHICAL FUND - Regular Plan - Growth","THE_WEALTH_MF","","","",0,0,0,0,0,0,0,0,"SOURCE_UNAVAILABLE"
"153892","The Wealth Company Arbitrage Fund - Regular Plan - Growth","THE_WEALTH_MF","","","",0,0,0,0,0,0,0,0,"SOURCE_UNAVAILABLE"
"154183","The Wealth Company Balanced Advantage Fund - Regular Plan - Growth","THE_WEALTH_MF","","","",0,0,0,0,0,0,0,0,"SOURCE_UNAVAILABLE"
"153870","The Wealth Company Flexi Cap Fund - Regular Plan - Growth","THE_WEALTH_MF","","","",0,0,0,0,0,0,0,0,"SOURCE_UNAVAILABLE"
"154092","The Wealth Company Gold ETF - Regular Plan - Growth","THE_WEALTH_MF","","","",0,0,0,0,0,0,0,0,"SOURCE_UNAVAILABLE"
"154133","The Wealth Company Gold ETF FOF - Regular Plan - Growth","THE_WEALTH_MF","","","",0,0,0,0,0,0,0,0,"SOURCE_UNAVAILABLE"
"154382","The Wealth Company Large & Mid Cap Fund - Regular Plan - Growth","THE_WEALTH_MF","","","",0,0,0,0,0,0,0,0,"SOURCE_UNAVAILABLE"
"153888","The Wealth Company Liquid Fund - Regular Plan - Growth","THE_WEALTH_MF","","","",0,0,0,0,0,0,0,0,"SOURCE_UNAVAILABLE"
"154479","The Wealth Company Mid Cap Fund - Regular Plan - Growth","THE_WEALTH_MF","","","",0,0,0,0,0,0,0,0,"SOURCE_UNAVAILABLE"
"154002","The Wealth Company Multi Asset Allocation Fund - Regular Plan - Growth","THE_WEALTH_MF","","","",0,0,0,0,0,0,0,0,"SOURCE_UNAVAILABLE"
"154664","The Wealth Company Multi Cap Fund - Regular Plan - Growth","THE_WEALTH_MF","","","",0,0,0,0,0,0,0,0,"SOURCE_UNAVAILABLE"
"154268","The Wealth Company Small Cap Fund - Regular Plan - Growth","THE_WEALTH_MF","","","",0,0,0,0,0,0,0,0,"SOURCE_UNAVAILABLE"
"153805","TRUSTMF ARBITRAGE FUND - Regular Plan - Growth","TRUST_MF","","","",0,0,0,0,0,0,0,0,"SOURCE_UNAVAILABLE"
"151322","TRUSTMF CORPORATE BOND FUND - Regular Plan - Growth","TRUST_MF","","","",0,0,0,0,0,0,0,0,"SOURCE_UNAVAILABLE"
"152582","TRUSTMF Flexi Cap Fund - Regular Plan - Growth","TRUST_MF","","","",0,0,0,0,0,0,0,0,"SOURCE_UNAVAILABLE"
"154434","TRUSTMF LARGE & MIDCAP FUND - Regular Plan - Growth","TRUST_MF","","","",0,0,0,0,0,0,0,0,"SOURCE_UNAVAILABLE"
"148833","TRUSTMF Liquid Fund - Regular Plan - Growth","TRUST_MF","","","",0,0,0,0,0,0,0,0,"SOURCE_UNAVAILABLE"
"154211","TRUSTMF MID CAP FUND - Regular Plan - Growth","TRUST_MF","","","",0,0,0,0,0,0,0,0,"SOURCE_UNAVAILABLE"
"153645","TRUSTMF MULTI CAP FUND - Regular Plan - Growth","TRUST_MF","","","",0,0,0,0,0,0,0,0,"SOURCE_UNAVAILABLE"
"150511","TRUSTMF Money Market Fund - Regular Plan - Growth","TRUST_MF","","","",0,0,0,0,0,0,0,0,"SOURCE_UNAVAILABLE"
"149795","TRUSTMF Overnight Fund - Regular Plan - Growth","TRUST_MF","","","",0,0,0,0,0,0,0,0,"SOURCE_UNAVAILABLE"
"152940","TRUSTMF SMALL CAP FUND - Regular Plan - Growth","TRUST_MF","","","",0,0,0,0,0,0,0,0,"SOURCE_UNAVAILABLE"
"149073","TRUSTMF Short Term Fund - Regular Plan - Growth","TRUST_MF","","","",0,0,0,0,0,0,0,0,"SOURCE_UNAVAILABLE"
"153377","UNIFI DYNAMIC ASSET ALLOCATION FUND - Regular Plan - GROWTH","UNIFI_MF","","","",0,0,0,0,0,0,0,0,"SOURCE_UNAVAILABLE"
"153542","UNIFI FLEXI CAP FUND - Regular Plan - GROWTH","UNIFI_MF","","","",0,0,0,0,0,0,0,0,"SOURCE_UNAVAILABLE"
"153571","UNIFI LIQUID FUND - Regular Plan - GROWTH","UNIFI_MF","","","",0,0,0,0,0,0,0,0,"SOURCE_UNAVAILABLE"
"153111","Union Active Momentum Fund - Regular Plan - Growth Option","UNION_MF","","","",0,0,0,0,0,0,0,0,"SOURCE_UNAVAILABLE"
"148591","Union Aggressive Hybrid Fund - Regular Plan - Growth Option","UNION_MF","","","",0,0,0,0,0,0,0,0,"SOURCE_UNAVAILABLE"
"146294","Union Arbitrage Fund - Regular Plan - Growth Option","UNION_MF","","","",0,0,0,0,0,0,0,0,"SOURCE_UNAVAILABLE"
"142035","Union Balanced Advantage Fund - Regular Plan - Growth Option","UNION_MF","","","",0,0,0,0,0,0,0,0,"SOURCE_UNAVAILABLE"
"152411","Union Business Cycle Fund - Regular Plan - Growth Option","UNION_MF","","","",0,0,0,0,0,0,0,0,"SOURCE_UNAVAILABLE"
"152217","Union Children's Fund - Regular Plan - Growth Option","UNION_MF","","","",0,0,0,0,0,0,0,0,"SOURCE_UNAVAILABLE"
"154022","Union Consumption Fund - Regular Plan - Growth Option","UNION_MF","","","",0,0,0,0,0,0,0,0,"SOURCE_UNAVAILABLE"
"143239","Union Corporate Bond Fund - Regular Plan - Growth Option","UNION_MF","","","",0,0,0,0,0,0,0,0,"SOURCE_UNAVAILABLE"
"153822","Union Diversified Equity All Cap Active FOF - Regular Plan - Growth Option","UNION_MF","","","",0,0,0,0,0,0,0,0,"SOURCE_UNAVAILABLE"
"116555","Union Dynamic Term Fund - Regular Plan - Growth Option","UNION_MF","","","",0,0,0,0,0,0,0,0,"SOURCE_UNAVAILABLE"
"116051","Union ELSS Tax Saver Fund (Formerly Union Tax Saver (ELSS) Fund - Regular Plan - Growth Option","UNION_MF","","","",0,0,0,0,0,0,0,0,"SOURCE_UNAVAILABLE"
"144310","Union Equity Savings Fund - Regular Plan - Growth Option","UNION_MF","","","",0,0,0,0,0,0,0,0,"SOURCE_UNAVAILABLE"
"115270","Union Flexi Cap Fund - Regular Plan - Growth Option","UNION_MF","","","",0,0,0,0,0,0,0,0,"SOURCE_UNAVAILABLE"
"147490","Union Focused Fund - Regular Plan - Growth Option","UNION_MF","","","",0,0,0,0,0,0,0,0,"SOURCE_UNAVAILABLE"
"150405","Union Gilt Fund - Regular Plan - Growth Option","UNION_MF","","","",0,0,0,0,0,0,0,0,"SOURCE_UNAVAILABLE"
"153338","Union Gold ETF Fund of Fund - Regular Plan - Growth Option","UNION_MF","","","",0,0,0,0,0,0,0,0,"SOURCE_UNAVAILABLE"
"153573","Union Income Plus Arbitrage Active FOF - Regular Plan - Growth Option","UNION_MF","","","",0,0,0,0,0,0,0,0,"SOURCE_UNAVAILABLE"
"151903","Union Innovation & Opportunities Fund - Regular Plan - Growth Option","UNION_MF","","","",0,0,0,0,0,0,0,0,"SOURCE_UNAVAILABLE"
"147748","Union Large & Midcap Fund - Regular Plan - Growth Option","UNION_MF","","","",0,0,0,0,0,0,0,0,"SOURCE_UNAVAILABLE"
"141247","Union Largecap Fund - Regular Plan - Growth Option","UNION_MF","","","",0,0,0,0,0,0,0,0,"SOURCE_UNAVAILABLE"
"115398","Union Liquid Fund - Regular Plan - Growth Option","UNION_MF","","","",0,0,0,0,0,0,0,0,"SOURCE_UNAVAILABLE"
"148071","Union Midcap Fund - Regular Plan - Growth Option","UNION_MF","","","",0,0,0,0,0,0,0,0,"SOURCE_UNAVAILABLE"
"149116","Union Money Market Fund - Regular Plan - Growth Option","UNION_MF","","","",0,0,0,0,0,0,0,0,"SOURCE_UNAVAILABLE"
"152786","Union Multi Asset Allocation Fund - Regular Plan - Growth Option","UNION_MF","","","",0,0,0,0,0,0,0,0,"SOURCE_UNAVAILABLE"
"150855","Union Multicap Fund - Regular Plan - Growth Option","UNION_MF","","","",0,0,0,0,0,0,0,0,"SOURCE_UNAVAILABLE"
"146997","Union Overnight Fund - Regular Plan - Growth Option","UNION_MF","","","",0,0,0,0,0,0,0,0,"SOURCE_UNAVAILABLE"
"150552","Union Retirement Fund - Regular Plan - Growth Option","UNION_MF","","","",0,0,0,0,0,0,0,0,"SOURCE_UNAVAILABLE"
"153240","Union Short Term Fund - Regular Plan - Growth Option","UNION_MF","","","",0,0,0,0,0,0,0,0,"SOURCE_UNAVAILABLE"
"129647","Union Small Cap Fund - Regular Plan - Growth Option","UNION_MF","","","",0,0,0,0,0,0,0,0,"SOURCE_UNAVAILABLE"
"153652","Union Ultra Short to Short Term Fund - Regular Plan - Growth Option","UNION_MF","","","",0,0,0,0,0,0,0,0,"SOURCE_UNAVAILABLE"
"145471","Union Value Fund - Regular Plan - Growth Option","UNION_MF","","","",0,0,0,0,0,0,0,0,"SOURCE_UNAVAILABLE"
"104075","UTI - Arbitrage Fund - Regular Plan - Growth","UTI_MF","","","",0,0,0,0,0,0,0,0,"SOURCE_UNAVAILABLE"
"102401","UTI - Banking and Financial Services Fund - Regular Plan - Growth","UTI_MF","","","",0,0,0,0,0,0,0,0,"SOURCE_UNAVAILABLE"
"144345","UTI - Corporate Bond Fund - Regular Plan - Growth","UTI_MF","","","",0,0,0,0,0,0,0,0,"SOURCE_UNAVAILABLE"
"117981","UTI - Credit Risk Fund. - Regular Plan - Growth","UTI_MF","","","",0,0,0,0,0,0,0,0,"SOURCE_UNAVAILABLE"
"144484","UTI - Equity Savings Fund - Regular Plan - Growth","UTI_MF","","","",0,0,0,0,0,0,0,0,"SOURCE_UNAVAILABLE"
"100669","UTI - Flexi Cap Fund. - Regular Plan - Growth","UTI_MF","","","",0,0,0,0,0,0,0,0,"SOURCE_UNAVAILABLE"
"102512","UTI - Gilt Fund - Regular Plan - Discontinued PF Plan Growth","UTI_MF","","","",0,0,0,0,0,0,0,0,"SOURCE_UNAVAILABLE"
"102510","UTI - Gilt Fund - Regular Plan - Growth","UTI_MF","","","",0,0,0,0,0,0,0,0,"SOURCE_UNAVAILABLE"
"100807","UTI - Healthcare Fund - Regular Plan - Growth","UTI_MF","","","",0,0,0,0,0,0,0,0,"SOURCE_UNAVAILABLE"
"106425","UTI - India Consumer Fund - Regular Plan - Growth","UTI_MF","","","",0,0,0,0,0,0,0,0,"SOURCE_UNAVAILABLE"
"102395","UTI - Infrastructure Fund - Regular Plan - Growth","UTI_MF","","","",0,0,0,0,0,0,0,0,"SOURCE_UNAVAILABLE"
"100651","UTI - Large Cap Fund - Regular Plan - Growth","UTI_MF","","","",0,0,0,0,0,0,0,0,"SOURCE_UNAVAILABLE"
"102009","UTI - Liquid Fund - Regular Plan - Discontinued Growth","UTI_MF","","","",0,0,0,0,0,0,0,0,"SOURCE_UNAVAILABLE"
"102012","UTI - Liquid Fund - Regular Plan - Growth","UTI_MF","","","",0,0,0,0,0,0,0,0,"SOURCE_UNAVAILABLE"
"100740","UTI - MNC Fund - Regular Plan - Growth","UTI_MF","","","",0,0,0,0,0,0,0,0,"SOURCE_UNAVAILABLE"
"102394","UTI - Mid Cap Fund - Regular Plan - Growth","UTI_MF","","","",0,0,0,0,0,0,0,0,"SOURCE_UNAVAILABLE"
"100723","UTI - Money Market Fund - Regular Plan - Discontinued Growth","UTI_MF","","","",0,0,0,0,0,0,0,0,"SOURCE_UNAVAILABLE"
"112077","UTI - Money Market Fund - Regular Plan - Growth","UTI_MF","","","",0,0,0,0,0,0,0,0,"SOURCE_UNAVAILABLE"
"143340","UTI - Nifty Next 50 Index Fund - Regular Plan - Growth","UTI_MF","","","",0,0,0,0,0,0,0,0,"SOURCE_UNAVAILABLE"
"100814","UTI - Overnight Fund - Regular Plan - Growth","UTI_MF","","","",0,0,0,0,0,0,0,0,"SOURCE_UNAVAILABLE"
"102398","UTI - Transportation and Logistics Fund - Regular Plan - Growth","UTI_MF","","","",0,0,0,0,0,0,0,0,"SOURCE_UNAVAILABLE"
"150409","UTI 10 year Constant Maturity Gilt Fund - Regular Plan - Growth","UTI_MF","","","",0,0,0,0,0,0,0,0,"SOURCE_UNAVAILABLE"
"100684","UTI Aggressive Hybrid Fund - Regular Plan - Growth","UTI_MF","","","",0,0,0,0,0,0,0,0,"SOURCE_UNAVAILABLE"
"106183","UTI Annual Interval Fund - I - Regular Plan - Growth","UTI_MF","","","",0,0,0,0,0,0,0,0,"SOURCE_UNAVAILABLE"
"151763","UTI BSE Housing Index Fund - Regular Plan - Growth","UTI_MF","","","",0,0,0,0,0,0,0,0,"SOURCE_UNAVAILABLE"
"154698","UTI BSE India Sector Leaders Exchange Traded Fund - Regular Plan - Growth","UTI_MF","","","",0,0,0,0,0,0,0,0,"SOURCE_UNAVAILABLE"
"154700","UTI BSE India Sector Leaders Index Fund - Regular Plan - Growth","UTI_MF","","","",0,0,0,0,0,0,0,0,"SOURCE_UNAVAILABLE"
"149880","UTI BSE Low Volatility Index Fund - Regular Plan - Growth","UTI_MF","","","",0,0,0,0,0,0,0,0,"SOURCE_UNAVAILABLE"
"149802","UTI BSE Sensex Index Fund - Regular Plan - Growth","UTI_MF","","","",0,0,0,0,0,0,0,0,"SOURCE_UNAVAILABLE"
"151882","UTI Balanced Advantage Fund - Regular Plan - Growth","UTI_MF","","","",0,0,0,0,0,0,0,0,"SOURCE_UNAVAILABLE"
"126939","UTI Banking & PSU Debt Fund - Regular Plan - Growth","UTI_MF","","","",0,0,0,0,0,0,0,0,"SOURCE_UNAVAILABLE"
"151184","UTI CRISIL SDL Maturity April 2033 Index Fund - Regular Plan - Growth","UTI_MF","","","",0,0,0,0,0,0,0,0,"SOURCE_UNAVAILABLE"
"151238","UTI CRISIL SDL Maturity June 2027 Index Fund - Regular Plan - Growth","UTI_MF","","","",0,0,0,0,0,0,0,0,"SOURCE_UNAVAILABLE"
"102267","UTI Children's Equity Fund - Regular Plan - Growth","UTI_MF","","","",0,0,0,0,0,0,0,0,"SOURCE_UNAVAILABLE"
"100678","UTI Children's Hybrid Fund - Regular Plan - Growth","UTI_MF","","","",0,0,0,0,0,0,0,0,"SOURCE_UNAVAILABLE"
"102535","UTI Conservative Hybrid Fund - Regular Plan - Growth","UTI_MF","","","",0,0,0,0,0,0,0,0,"SOURCE_UNAVAILABLE"
"113077","UTI Dynamic Term Fund - Regular Plan - Growth","UTI_MF","","","",0,0,0,0,0,0,0,0,"SOURCE_UNAVAILABLE"
"100821","UTI ELSS Tax Saver Fund - Regular Plan - Growth","UTI_MF","","","",0,0,0,0,0,0,0,0,"SOURCE_UNAVAILABLE"
"151483","UTI Fixed Term Income Fund Series XXXVI - I (1574 Days) - Regular Plan - Growth","UTI_MF","","","",0,0,0,0,0,0,0,0,"SOURCE_UNAVAILABLE"
"145287","UTI Floating Interest Rates Fund - Regular Plan - Growth","UTI_MF","","","",0,0,0,0,0,0,0,0,"SOURCE_UNAVAILABLE"
"149090","UTI Focused Fund (30 stocks) - Regular Plan - Growth","UTI_MF","","","",0,0,0,0,0,0,0,0,"SOURCE_UNAVAILABLE"
"150715","UTI Gold ETF Fund of Fund - Regular Plan - Growth","UTI_MF","","","",0,0,0,0,0,0,0,0,"SOURCE_UNAVAILABLE"
"153441","UTI Income Plus Arbitrage Active Fund of Fund - Regular Plan - Growth","UTI_MF","","","",0,0,0,0,0,0,0,0,"SOURCE_UNAVAILABLE"
"152086","UTI Innovation Fund - Regular Plan - Growth","UTI_MF","","","",0,0,0,0,0,0,0,0,"SOURCE_UNAVAILABLE"
"100664","UTI Large & Mid Cap Fund - Regular Plan - Growth","UTI_MF","","","",0,0,0,0,0,0,0,0,"SOURCE_UNAVAILABLE"
"151527","UTI Long Term Fund - Regular Plan - Growth","UTI_MF","","","",0,0,0,0,0,0,0,0,"SOURCE_UNAVAILABLE"
"134499","UTI Medium Term Fund - Regular Plan - Growth","UTI_MF","","","",0,0,0,0,0,0,0,0,"SOURCE_UNAVAILABLE"
"100741","UTI Medium to Long Term Fund - Regular Plan - Growth","UTI_MF","","","",0,0,0,0,0,0,0,0,"SOURCE_UNAVAILABLE"
"111599","UTI Multi Asset Allocation Fund - Regular Plan - Growth","UTI_MF","","","",0,0,0,0,0,0,0,0,"SOURCE_UNAVAILABLE"
"153516","UTI Multi Cap Fund - Regular Plan - Growth","UTI_MF","","","",0,0,0,0,0,0,0,0,"SOURCE_UNAVAILABLE"
"151488","UTI NIFTY SDL Plus AAA PSU Bond Apr 2028- 75:25 Index Fund - Regular Plan - Growth","UTI_MF","","","",0,0,0,0,0,0,0,0,"SOURCE_UNAVAILABLE"
"148704","UTI Nifty 200 Momentum 30 Index Fund - Regular Plan - Growth","UTI_MF","","","",0,0,0,0,0,0,0,0,"SOURCE_UNAVAILABLE"
"152858","UTI Nifty 200 Quality 30 Index Fund - Regular Plan - Growth","UTI_MF","","","",0,0,0,0,0,0,0,0,"SOURCE_UNAVAILABLE"
"100822","UTI Nifty 50 Index Fund - Regular Plan - Growth","UTI_MF","2026-09-30","UTI_Nifty_50_Index_Fund_Monthly_Portfolio_Sep_2026.xlsx","af99bb137138cc21cb98e7d82161a7b983cff26ba3e8dc8b0e48d366ece118fe",50,50,50,50,0,0,0,0,"VERIFIED_ACCURATE"
"151738","UTI Nifty 500 Value 50 Index Fund - Regular Plan - Growth","UTI_MF","","","",0,0,0,0,0,0,0,0,"SOURCE_UNAVAILABLE"
"153087","UTI Nifty Alpha Low-Volatility 30 Index Fund - Regular Plan - Growth","UTI_MF","","","",0,0,0,0,0,0,0,0,"SOURCE_UNAVAILABLE"
"153271","UTI Nifty India Manufacturing Index Fund - Regular Plan - Growth","UTI_MF","","","",0,0,0,0,0,0,0,0,"SOURCE_UNAVAILABLE"
"153088","UTI Nifty Midcap 150 Index Fund - Regular Plan - Growth","UTI_MF","","","",0,0,0,0,0,0,0,0,"SOURCE_UNAVAILABLE"
"150312","UTI Nifty Midcap 150 Quality 50 Index Fund - Regular Plan - Growth","UTI_MF","","","",0,0,0,0,0,0,0,0,"SOURCE_UNAVAILABLE"
"153273","UTI Nifty Midsmallcap 400 Momentum Quality 100 Index Fund - Regular Plan - Growth","UTI_MF","","","",0,0,0,0,0,0,0,0,"SOURCE_UNAVAILABLE"
"152865","UTI Nifty Private Bank Index Fund - Regular Plan - Growth","UTI_MF","","","",0,0,0,0,0,0,0,0,"SOURCE_UNAVAILABLE"
"151761","UTI Nifty50 Equal Weight Index Fund - Regular Plan - Growth","UTI_MF","","","",0,0,0,0,0,0,0,0,"SOURCE_UNAVAILABLE"
"154198","UTI Nifty500 Shariah Index Fund - Regular Plan - Growth","UTI_MF","","","",0,0,0,0,0,0,0,0,"SOURCE_UNAVAILABLE"
"153205","UTI Quant Fund - Regular Plan - Growth","UTI_MF","","","",0,0,0,0,0,0,0,0,"SOURCE_UNAVAILABLE"
"100682","UTI Retirement Fund - Regular Plan - Growth","UTI_MF","","","",0,0,0,0,0,0,0,0,"SOURCE_UNAVAILABLE"
"106384","UTI Short Term Fund - Regular Plan - Discontinued Growth Sub  Option","UTI_MF","","","",0,0,0,0,0,0,0,0,"SOURCE_UNAVAILABLE"
"106624","UTI Short Term Fund - Regular Plan - Growth","UTI_MF","","","",0,0,0,0,0,0,0,0,"SOURCE_UNAVAILABLE"
"151732","UTI Silver ETF Fund of Fund - Regular Plan - Growth","UTI_MF","","","",0,0,0,0,0,0,0,0,"SOURCE_UNAVAILABLE"
"148617","UTI Small Cap Fund - Regular Plan - Growth","UTI_MF","","","",0,0,0,0,0,0,0,0,"SOURCE_UNAVAILABLE"
"102532","UTI Ultra Short Term Fund - Regular Plan - Growth","UTI_MF","","","",0,0,0,0,0,0,0,0,"SOURCE_UNAVAILABLE"
"102540","UTI Ultra Short to Short Term Fund - Regular Plan - Discontinued Growth","UTI_MF","","","",0,0,0,0,0,0,0,0,"SOURCE_UNAVAILABLE"
"102544","UTI Ultra Short to Short Term Fund - Regular Plan - Growth","UTI_MF","","","",0,0,0,0,0,0,0,0,"SOURCE_UNAVAILABLE"
"103098","UTI Value Fund - Regular Plan - Growth","UTI_MF","","","",0,0,0,0,0,0,0,0,"SOURCE_UNAVAILABLE"
"154393","WhiteOak Capital Aggressive Hybrid Fund - Regular Plan - Growth Option","WHITEOAK_CAPITA_MF","","","",0,0,0,0,0,0,0,0,"SOURCE_UNAVAILABLE"
"152850","WhiteOak Capital Arbitrage Fund - Regular Plan - Growth Option","WHITEOAK_CAPITA_MF","","","",0,0,0,0,0,0,0,0,"SOURCE_UNAVAILABLE"
"151268","WhiteOak Capital Balanced Advantage Fund - Regular Plan - Growth Option","WHITEOAK_CAPITA_MF","","","",0,0,0,0,0,0,0,0,"SOURCE_UNAVAILABLE"
"152133","WhiteOak Capital Balanced Hybrid Fund - Regular Plan - Growth Option","WHITEOAK_CAPITA_MF","","","",0,0,0,0,0,0,0,0,"SOURCE_UNAVAILABLE"
"152322","WhiteOak Capital Banking & Financial Services Fund - Regular Plan - Growth Option","WHITEOAK_CAPITA_MF","","","",0,0,0,0,0,0,0,0,"SOURCE_UNAVAILABLE"
"154162","WhiteOak Capital Consumption Opportunities Fund - Regular Plan - Growth Option","WHITEOAK_CAPITA_MF","","","",0,0,0,0,0,0,0,0,"SOURCE_UNAVAILABLE"
"152914","WhiteOak Capital Digital Bharat Fund - Regular Plan - Growth Option","WHITEOAK_CAPITA_MF","","","",0,0,0,0,0,0,0,0,"SOURCE_UNAVAILABLE"
"150589","WhiteOak Capital ELSS Tax Saver Fund - Regular Plan - Growth Option","WHITEOAK_CAPITA_MF","","","",0,0,0,0,0,0,0,0,"SOURCE_UNAVAILABLE"
"152963","WhiteOak Capital ESG Best-In-Class Strategy Fund - Regular Plan - Growth Option","WHITEOAK_CAPITA_MF","","","",0,0,0,0,0,0,0,0,"SOURCE_UNAVAILABLE"
"153356","WhiteOak Capital Equity Savings Fund - Regular Plan - Growth Option","WHITEOAK_CAPITA_MF","","","",0,0,0,0,0,0,0,0,"SOURCE_UNAVAILABLE"
"150347","WhiteOak Capital Flexi Cap Fund - Regular Plan - Growth Option","WHITEOAK_CAPITA_MF","","","",0,0,0,0,0,0,0,0,"SOURCE_UNAVAILABLE"
"152225","WhiteOak Capital Large & Mid Cap Fund - Regular Plan - Growth Option","WHITEOAK_CAPITA_MF","","","",0,0,0,0,0,0,0,0,"SOURCE_UNAVAILABLE"
"150799","WhiteOak Capital Large Cap Fund - Regular Plan - Growth Option","WHITEOAK_CAPITA_MF","","","",0,0,0,0,0,0,0,0,"SOURCE_UNAVAILABLE"
"145968","WhiteOak Capital Liquid Fund - Regular Plan - Growth Option","WHITEOAK_CAPITA_MF","","","",0,0,0,0,0,0,0,0,"SOURCE_UNAVAILABLE"
"150583","WhiteOak Capital Mid Cap Fund - Regular Plan - Growth Option","WHITEOAK_CAPITA_MF","","","",0,0,0,0,0,0,0,0,"SOURCE_UNAVAILABLE"
"151746","WhiteOak Capital Multi Asset Allocation Fund - Regular Plan - Growth Option","WHITEOAK_CAPITA_MF","","","",0,0,0,0,0,0,0,0,"SOURCE_UNAVAILABLE"
"152072","WhiteOak Capital Multi Cap Fund - Regular Plan - Growth Option","WHITEOAK_CAPITA_MF","","","",0,0,0,0,0,0,0,0,"SOURCE_UNAVAILABLE"
"152348","WhiteOak Capital Pharma and Healthcare Fund - Regular Plan - Growth Option","WHITEOAK_CAPITA_MF","","","",0,0,0,0,0,0,0,0,"SOURCE_UNAVAILABLE"
"153190","WhiteOak Capital Quality Equity Fund - Regular Plan - Growth Option","WHITEOAK_CAPITA_MF","","","",0,0,0,0,0,0,0,0,"SOURCE_UNAVAILABLE"
"152643","WhiteOak Capital Special Opportunities Fund - Regular Plan - Growth Option","WHITEOAK_CAPITA_MF","","","",0,0,0,0,0,0,0,0,"SOURCE_UNAVAILABLE"
"147307","WhiteOak Capital Ultra Short Term Fund - Regular Plan - Growth Option","WHITEOAK_CAPITA_MF","","","",0,0,0,0,0,0,0,0,"SOURCE_UNAVAILABLE"